,Unnamed: 0.1,Unnamed: 0,x,y,z,subject,gesture_name
0,0,0,0.04,0.02,1.0,1,Lift
1,1,1,0.04,0.02,1.0,1,Lift
2,2,2,0.04,0.02,1.0,1,Lift
3,3,3,0.04,0.02,1.0,1,Lift
4,4,4,0.04,0.02,1.0,1,Lift
5,5,5,0.04,0.02,1.0,1,Lift
6,6,6,0.04,0.02,1.0,1,Lift
7,7,7,0.04,0.02,1.0,1,Lift
8,8,8,0.04,0.02,1.0,1,Lift
9,9,9,0.04,0.02,1.0,1,Lift
10,10,10,0.04,0.02,1.0,1,Lift
11,11,11,0.04,0.02,1.0,1,Lift
12,12,12,0.04,0.02,1.0,1,Lift
13,13,13,0.04,0.02,1.0,1,Lift
14,14,14,0.04,0.02,1.0,1,Lift
15,15,15,0.04,0.02,1.0,1,Lift
16,16,16,0.04,0.02,1.0,1,Lift
17,17,17,0.04,0.02,1.0,1,Lift
18,18,18,0.04,0.02,1.0,1,Lift
19,19,19,0.04,0.02,1.0,1,Lift
20,20,20,0.04,0.02,1.0,1,Lift
21,21,21,0.04,0.02,1.0,1,Lift
22,22,22,0.04,0.02,1.0,1,Lift
23,23,23,0.04,0.02,1.0,1,Lift
24,24,24,0.04,0.02,1.0,1,Lift
25,25,25,0.04,0.02,1.0,1,Lift
26,26,26,0.04,0.02,1.0,1,Lift
27,27,27,0.04,0.02,1.0,1,Lift
28,28,28,0.04,0.02,1.0,1,Lift
29,29,29,0.04,0.02,1.0,1,Lift
30,30,30,0.04,0.02,1.0,1,Lift
31,31,31,0.04,0.02,1.0,1,Lift
32,32,32,0.04,0.02,1.0,1,Lift
33,33,33,0.04,0.02,1.0,1,Lift
34,34,34,0.04,0.02,1.0,1,Lift
35,35,35,0.04,0.02,1.0,1,Lift
36,36,36,0.04,0.02,1.0,1,Lift
37,37,37,0.04,0.02,1.0,1,Lift
38,38,38,0.04,0.02,1.0,1,Lift
39,39,39,0.04,0.02,1.0,1,Lift
40,40,40,0.04,0.02,1.0,1,Lift
41,41,41,0.04,0.02,1.0,1,Lift
42,42,42,0.04,0.02,1.0,1,Lift
43,43,43,0.07,0.05,1.0,1,Lift
44,44,44,0.05,0.02,1.0,1,Lift
45,45,45,0.06,0.0,1.0,1,Lift
46,46,46,0.03,0.05,1.02,1,Lift
47,47,47,0.08,0.08,1.01,1,Lift
48,48,48,0.06,0.12,1.0,1,Lift
49,49,49,0.07,0.05,1.12,1,Lift
50,50,50,0.11,0.07,0.99,1,Lift
51,51,51,0.14,0.11,0.95,1,Lift
52,52,52,0.15,0.06,0.98,1,Lift
53,53,53,0.12,0.09,0.95,1,Lift
54,54,54,0.11,0.06,0.91,1,Lift
55,55,55,0.1,0.1,1.11,1,Lift
56,56,56,0.14,0.08,1.02,1,Lift
57,57,57,0.13,0.1,0.97,1,Lift
58,58,58,0.1,0.07,1.02,1,Lift
59,59,59,0.1,0.06,1.04,1,Lift
60,60,60,0.07,0.1,0.94,1,Lift
61,61,61,0.04,0.11,1.05,1,Lift
62,62,62,0.02,0.08,0.99,1,Lift
63,63,63,0.01,0.1,1.06,1,Lift
64,64,64,0.02,0.08,1.04,1,Lift
65,65,65,0.0,0.04,1.05,1,Lift
66,66,66,0.08,-0.01,1.0,1,Lift
67,67,67,0.03,0.0,1.0,1,Lift
68,68,68,0.02,0.04,1.02,1,Lift
69,69,69,0.04,0.02,1.0,1,Lift
70,70,70,0.04,0.02,1.0,1,Lift
71,71,71,0.04,0.02,1.0,1,Lift
72,72,72,0.04,0.02,1.0,1,Lift
73,73,73,0.04,0.02,1.0,1,Lift
74,74,74,0.04,0.02,1.0,1,Lift
75,75,75,0.04,0.02,1.0,1,Lift
76,76,76,0.04,0.02,1.0,1,Lift
77,77,77,0.04,0.02,1.0,1,Lift
78,78,78,0.04,0.02,1.0,1,Lift
79,79,79,0.04,0.02,1.0,1,Lift
80,80,80,0.04,0.02,1.0,1,Lift
81,81,81,0.04,0.03,1.0,1,Lift
82,82,82,0.04,0.02,1.0,1,Lift
83,83,83,0.04,0.02,1.0,1,Lift
84,84,84,0.04,0.02,1.0,1,Lift
85,85,85,0.04,0.02,1.0,1,Lift
86,86,86,0.04,0.02,1.0,1,Lift
87,87,87,0.04,0.02,1.0,1,Lift
88,88,88,0.04,0.02,1.0,1,Lift
89,89,89,0.04,0.02,1.0,1,Lift
90,90,90,0.04,0.02,1.0,1,Lift
91,91,91,0.04,0.02,1.0,1,Lift
92,92,92,0.04,0.02,1.0,1,Lift
93,93,93,0.04,0.03,1.0,1,Lift
94,94,94,0.04,0.02,1.0,1,Lift
95,95,95,0.04,0.02,1.0,1,Lift
96,96,96,0.04,0.02,1.0,1,Lift
97,97,97,0.04,0.02,1.0,1,Lift
98,98,98,0.04,0.02,1.0,1,Lift
99,99,99,0.04,0.02,1.0,1,Lift
100,100,100,0.04,0.02,1.0,1,Lift
101,101,101,0.04,0.03,1.0,1,Lift
102,102,102,0.03,0.03,1.0,1,Lift
103,103,103,0.04,0.02,1.0,1,Lift
104,104,104,0.04,0.02,1.0,1,Lift
105,105,105,0.04,0.02,1.0,1,Lift
106,106,106,0.04,0.02,1.0,1,Lift
107,107,107,0.03,0.02,1.0,1,Lift
108,108,108,0.04,0.03,1.03,1,Lift
109,109,109,-0.04,0.01,1.1,1,Lift
110,110,110,0.0,0.02,1.05,1,Lift
111,111,111,0.02,0.18,0.93,1,Lift
112,112,112,0.1,0.01,0.98,1,Lift
113,113,113,0.11,0.04,0.97,1,Lift
114,114,114,0.12,0.13,0.88,1,Lift
115,115,115,0.1,0.09,0.99,1,Lift
116,116,116,0.11,0.03,0.94,1,Lift
117,117,117,0.09,0.04,0.98,1,Lift
118,118,118,0.08,0.06,0.94,1,Lift
119,119,119,0.06,0.11,1.0,1,Lift
120,120,120,0.05,0.07,0.96,1,Lift
121,121,121,0.03,0.14,0.97,1,Lift
122,122,122,0.01,0.11,0.95,1,Lift
123,123,123,0.01,0.07,1.06,1,Lift
124,124,124,0.03,0.09,1.03,1,Lift
125,125,125,0.05,0.01,1.02,1,Lift
126,126,126,0.05,0.02,1.0,1,Lift
127,127,127,0.04,0.03,1.0,1,Lift
128,128,128,0.04,0.03,1.0,1,Lift
129,129,129,0.04,0.03,1.0,1,Lift
130,130,130,0.04,0.03,1.0,1,Lift
131,131,131,0.04,0.03,1.0,1,Lift
132,132,132,0.04,0.03,1.0,1,Lift
133,133,133,0.04,0.03,1.0,1,Lift
134,134,134,0.04,0.03,1.0,1,Lift
135,135,135,0.04,0.03,1.0,1,Lift
136,136,136,0.04,0.03,1.0,1,Lift
137,137,137,0.03,0.03,1.0,1,Lift
138,138,138,0.04,0.03,1.0,1,Lift
139,139,139,0.04,0.03,1.0,1,Lift
140,140,140,0.04,0.03,1.0,1,Lift
141,141,141,0.04,0.03,1.0,1,Lift
142,142,142,0.04,0.03,1.0,1,Lift
143,143,143,0.03,0.03,1.0,1,Lift
144,144,144,0.04,0.03,1.0,1,Lift
145,145,145,0.04,0.03,1.0,1,Lift
146,146,146,0.04,0.03,1.0,1,Lift
147,147,147,0.04,0.03,1.0,1,Lift
148,148,148,0.04,0.03,1.0,1,Lift
149,149,149,0.04,0.03,1.0,1,Lift
150,150,150,0.04,0.03,1.0,1,Lift
151,151,151,0.04,0.03,1.0,1,Lift
152,152,152,0.04,0.03,1.0,1,Lift
153,153,153,0.04,0.03,1.0,1,Lift
154,154,154,0.04,0.03,1.0,1,Lift
155,155,155,0.04,0.03,1.0,1,Lift
156,156,156,0.04,0.03,1.0,1,Lift
157,157,157,0.04,0.02,1.0,1,Lift
158,158,158,0.04,0.03,1.0,1,Lift
159,159,159,0.04,0.03,1.0,1,Lift
160,160,160,0.04,0.03,1.0,1,Lift
161,161,161,0.04,0.03,1.0,1,Lift
162,162,162,0.04,0.03,1.0,1,Lift
163,163,163,0.04,0.03,1.0,1,Lift
164,164,164,0.04,-0.02,1.0,1,Lift
165,165,165,0.04,0.02,1.0,1,Lift
166,166,166,0.06,0.02,1.06,1,Lift
167,167,167,0.03,0.0,0.95,1,Lift
168,168,168,0.04,0.08,0.94,1,Lift
169,169,169,0.03,0.07,1.01,1,Lift
170,170,170,0.07,0.16,1.01,1,Lift
171,171,171,0.12,0.15,1.01,1,Lift
172,172,172,0.14,0.12,0.84,1,Lift
173,173,173,0.14,0.13,0.98,1,Lift
174,174,174,0.12,0.15,0.98,1,Lift
175,175,175,0.11,0.09,0.96,1,Lift
176,176,176,0.09,0.07,0.94,1,Lift
177,177,177,0.06,0.11,1.06,1,Lift
178,178,178,0.04,0.07,1.01,1,Lift
179,179,179,0.02,0.08,1.0,1,Lift
180,180,180,0.02,0.05,1.0,1,Lift
181,181,181,0.0,0.07,0.99,1,Lift
182,182,182,0.02,0.03,1.02,1,Lift
183,183,183,0.05,0.03,0.98,1,Lift
184,184,184,0.07,-0.02,1.0,1,Lift
185,185,185,0.06,0.08,1.0,1,Lift
186,186,186,0.04,0.03,1.0,1,Lift
187,187,187,0.03,0.03,1.0,1,Lift
188,188,188,0.04,0.03,1.0,1,Lift
189,189,189,0.04,0.03,1.0,1,Lift
190,190,190,0.04,0.03,1.01,1,Lift
191,191,191,0.04,0.03,1.0,1,Lift
192,192,192,0.04,0.03,1.0,1,Lift
193,193,193,0.04,0.03,1.0,1,Lift
194,194,194,0.04,0.03,1.0,1,Lift
195,195,195,0.04,0.03,1.0,1,Lift
196,196,196,0.04,0.03,1.0,1,Lift
197,197,197,0.04,0.03,1.0,1,Lift
198,198,198,0.04,0.03,1.0,1,Lift
199,199,199,0.04,0.02,1.0,1,Lift
200,200,200,0.04,0.03,1.0,1,Lift
201,201,201,0.04,0.02,1.0,1,Lift
202,202,202,0.04,0.02,1.0,1,Lift
203,203,203,0.04,0.02,1.0,1,Lift
204,204,204,0.04,0.03,1.0,1,Lift
205,205,205,0.04,0.03,1.0,1,Lift
206,206,206,0.04,0.03,1.0,1,Lift
207,207,207,0.04,0.03,1.0,1,Lift
208,208,208,0.04,0.03,1.0,1,Lift
209,209,209,0.04,0.03,1.0,1,Lift
210,210,210,0.04,0.03,1.0,1,Lift
211,211,211,0.04,0.03,1.0,1,Lift
212,212,212,0.03,0.03,1.0,1,Lift
213,213,213,0.03,0.03,1.0,1,Lift
214,214,214,0.04,0.03,1.0,1,Lift
215,215,215,0.04,0.03,1.0,1,Lift
216,216,216,0.04,0.03,1.0,1,Lift
217,217,217,0.04,0.03,1.0,1,Lift
218,218,218,0.04,0.03,1.0,1,Lift
219,219,219,0.04,0.03,1.0,1,Lift
220,220,220,0.04,0.03,1.0,1,Lift
221,221,221,0.04,0.04,1.0,1,Lift
222,222,222,0.04,0.03,1.0,1,Lift
223,223,223,0.04,0.03,1.0,1,Lift
224,224,224,0.04,0.02,1.0,1,Lift
225,225,225,0.02,0.0,1.0,1,Lift
226,226,226,0.03,0.06,1.0,1,Lift
227,227,227,0.01,0.03,1.08,1,Lift
228,228,228,-0.01,0.02,0.86,1,Lift
229,229,229,-0.0,0.05,1.0,1,Lift
230,230,230,0.01,-0.03,1.0,1,Lift
231,231,231,0.05,0.07,1.01,1,Lift
232,232,232,0.08,0.09,0.98,1,Lift
233,233,233,0.07,0.06,0.96,1,Lift
234,234,234,0.09,0.08,0.96,1,Lift
235,235,235,0.08,0.06,1.0,1,Lift
236,236,236,0.1,0.06,1.01,1,Lift
237,237,237,0.11,0.06,1.01,1,Lift
238,238,238,0.08,0.08,0.94,1,Lift
239,239,239,0.07,0.04,0.99,1,Lift
240,240,240,0.07,0.07,0.95,1,Lift
241,241,241,0.07,0.15,1.07,1,Lift
242,242,242,0.03,0.18,1.09,1,Lift
243,243,243,0.02,0.1,1.0,1,Lift
244,244,244,0.02,0.09,1.01,1,Lift
245,245,245,0.02,0.06,1.02,1,Lift
246,246,246,0.05,0.01,0.99,1,Lift
247,247,247,0.05,0.01,1.0,1,Lift
248,248,248,0.04,0.03,1.0,1,Lift
249,249,249,0.04,0.03,1.0,1,Lift
250,250,250,0.04,0.03,1.0,1,Lift
251,251,251,0.04,0.03,1.0,1,Lift
252,252,252,0.04,0.03,1.0,1,Lift
253,253,253,0.04,0.03,1.0,1,Lift
254,254,254,0.04,0.02,1.0,1,Lift
255,255,255,0.04,0.03,1.0,1,Lift
256,256,256,0.03,0.03,1.0,1,Lift
257,257,257,0.03,0.03,1.0,1,Lift
258,258,258,0.04,0.03,1.0,1,Lift
259,259,259,0.04,0.03,1.0,1,Lift
260,260,260,0.04,0.03,1.0,1,Lift
261,261,261,0.04,0.02,1.0,1,Lift
262,262,262,0.04,0.03,1.0,1,Lift
263,263,263,0.04,0.03,1.0,1,Lift
264,264,264,0.04,0.03,1.0,1,Lift
265,265,265,0.04,0.03,1.0,1,Lift
266,266,266,0.04,0.03,1.0,1,Lift
267,267,267,0.04,0.03,1.0,1,Lift
268,268,268,0.04,0.03,1.0,1,Lift
269,269,269,0.04,0.03,1.0,1,Lift
270,270,270,0.04,0.02,1.0,1,Lift
271,271,271,0.04,0.03,1.0,1,Lift
272,272,272,0.04,0.03,1.0,1,Lift
273,273,273,0.04,0.03,1.0,1,Lift
274,274,274,0.04,0.03,1.0,1,Lift
275,275,275,0.04,0.03,1.0,1,Lift
276,276,276,0.04,0.03,1.0,1,Lift
277,277,277,0.04,0.03,1.0,1,Lift
278,278,278,0.04,0.03,1.0,1,Lift
279,279,279,0.04,0.03,1.0,1,Lift
280,280,280,0.04,0.03,1.0,1,Lift
281,281,281,0.04,0.03,1.0,1,Lift
282,282,282,0.04,0.03,1.0,1,Lift
283,283,283,0.04,0.03,1.0,1,Lift
284,284,284,0.04,0.03,1.0,1,Lift
285,285,285,0.04,0.03,1.0,1,Lift
286,286,286,0.04,0.03,1.0,1,Lift
287,287,287,0.04,0.03,1.0,1,Lift
288,288,288,0.03,0.05,1.0,1,Lift
289,289,289,0.02,0.02,1.0,1,Lift
290,290,290,-0.01,0.07,1.03,1,Lift
291,291,291,-0.03,-0.05,1.03,1,Lift
292,292,292,-0.06,0.02,1.06,1,Lift
293,293,293,-0.01,0.01,1.06,1,Lift
294,294,294,0.03,0.0,1.03,1,Lift
295,295,295,0.07,0.09,0.93,1,Lift
296,296,296,0.09,0.11,0.99,1,Lift
297,297,297,0.07,0.1,0.95,1,Lift
298,298,298,0.09,0.02,0.96,1,Lift
299,299,299,0.07,0.1,1.04,1,Lift
300,300,300,0.04,0.12,0.98,1,Lift
301,301,301,0.05,0.04,1.03,1,Lift
302,302,302,0.04,0.04,0.99,1,Lift
303,303,303,0.01,0.05,0.99,1,Lift
304,304,304,0.0,0.09,0.94,1,Lift
305,305,305,0.07,0.0,0.99,1,Lift
306,306,306,0.05,0.03,1.0,1,Lift
307,307,307,-0.02,0.05,0.95,1,Lift
308,308,308,0.04,0.03,1.0,1,Lift
309,309,309,0.04,0.03,1.0,1,Lift
310,310,310,0.04,0.03,1.0,1,Lift
311,311,311,0.04,0.02,1.0,1,Lift
312,312,312,0.04,0.03,1.0,1,Lift
313,313,313,0.04,0.02,1.0,1,Lift
314,314,314,0.03,0.03,1.01,1,Lift
315,315,315,0.04,0.03,1.0,1,Lift
316,316,316,0.04,0.03,1.0,1,Lift
317,317,317,0.04,0.03,1.0,1,Lift
318,318,318,0.03,0.03,1.0,1,Lift
319,319,319,0.04,0.03,1.0,1,Lift
320,320,320,0.04,0.02,1.0,1,Lift
321,321,321,0.04,0.03,1.0,1,Lift
322,322,322,0.04,0.03,1.0,1,Lift
323,323,323,0.04,0.03,1.0,1,Lift
324,324,324,0.04,0.03,1.0,1,Lift
325,325,325,0.03,0.03,1.0,1,Lift
326,326,326,0.04,0.03,1.0,1,Lift
327,327,327,0.04,0.03,1.0,1,Lift
328,328,328,0.04,0.03,1.0,1,Lift
329,329,329,0.04,0.03,1.0,1,Lift
330,330,330,0.03,0.03,1.0,1,Lift
331,331,331,0.04,0.03,1.0,1,Lift
332,332,332,0.04,0.03,1.0,1,Lift
333,333,333,0.04,0.03,1.0,1,Lift
334,334,334,0.04,0.03,1.0,1,Lift
335,335,335,0.04,0.03,1.0,1,Lift
336,336,336,0.04,0.03,1.0,1,Lift
337,337,337,0.04,0.03,1.0,1,Lift
338,338,338,0.04,0.03,1.0,1,Lift
339,339,339,0.04,0.03,1.0,1,Lift
340,340,340,0.04,0.03,1.0,1,Lift
341,341,341,0.04,0.03,1.0,1,Lift
342,342,342,0.04,0.03,1.0,1,Lift
343,343,343,0.04,0.03,1.0,1,Lift
344,344,344,0.04,0.03,1.0,1,Lift
345,345,345,0.04,0.03,1.0,1,Lift
346,346,346,0.04,0.03,1.0,1,Lift
347,347,347,0.04,0.02,1.0,1,Lift
348,348,348,0.04,0.03,1.0,1,Lift
349,349,349,0.04,0.02,1.01,1,Lift
350,350,350,-0.01,0.05,1.03,1,Lift
351,351,351,0.02,0.01,0.99,1,Lift
352,352,352,-0.02,0.04,1.16,1,Lift
353,353,353,0.07,0.16,0.99,1,Lift
354,354,354,0.09,0.09,0.95,1,Lift
355,355,355,0.14,0.11,0.89,1,Lift
356,356,356,0.11,0.13,0.98,1,Lift
357,357,357,0.12,0.14,0.95,1,Lift
358,358,358,0.14,0.15,0.96,1,Lift
359,359,359,0.1,0.13,1.01,1,Lift
360,360,360,0.08,0.11,1.05,1,Lift
361,361,361,0.04,0.05,1.04,1,Lift
362,362,362,0.02,0.09,1.05,1,Lift
363,363,363,0.0,0.05,1.0,1,Lift
364,364,364,0.01,0.09,1.0,1,Lift
365,365,365,0.04,0.06,1.05,1,Lift
366,366,366,0.04,0.02,0.99,1,Lift
367,367,367,0.07,0.09,1.0,1,Lift
368,368,368,0.04,0.02,1.0,1,Lift
369,369,369,0.04,0.03,1.0,1,Lift
370,370,370,0.04,0.03,1.0,1,Lift
371,371,371,0.04,0.03,1.0,1,Lift
372,372,372,0.04,0.03,1.0,1,Lift
373,373,373,0.04,0.03,1.0,1,Lift
374,374,374,0.04,0.03,1.0,1,Lift
375,375,375,0.04,0.03,1.01,1,Lift
376,376,376,0.04,0.03,1.0,1,Lift
377,377,377,0.04,0.03,1.0,1,Lift
378,378,378,0.04,0.03,1.0,1,Lift
379,379,379,0.04,0.03,1.0,1,Lift
380,380,380,0.04,0.03,1.0,1,Lift
381,381,381,0.04,0.03,1.0,1,Lift
382,382,382,0.04,0.03,1.0,1,Lift
383,383,383,0.04,0.03,1.0,1,Lift
384,384,384,0.04,0.03,1.0,1,Lift
385,385,385,0.04,0.03,1.0,1,Lift
386,386,386,0.04,0.03,1.0,1,Lift
387,387,387,0.04,0.03,1.0,1,Lift
388,388,388,0.04,0.03,1.0,1,Lift
389,389,389,0.04,0.03,1.0,1,Lift
390,390,390,0.04,0.03,1.0,1,Lift
391,391,391,0.04,0.04,1.0,1,Lift
392,392,392,0.04,0.03,1.0,1,Lift
393,393,393,0.04,0.03,1.0,1,Lift
394,394,394,0.04,0.03,1.0,1,Lift
395,395,395,0.04,0.03,1.0,1,Lift
396,396,396,0.04,0.03,1.0,1,Lift
397,397,397,0.04,0.03,1.0,1,Lift
398,398,398,0.04,0.03,1.0,1,Lift
399,399,399,0.04,0.03,1.0,1,Lift
400,400,400,0.04,0.03,1.0,1,Lift
401,401,401,0.04,0.03,1.0,1,Lift
402,402,402,0.04,0.03,1.0,1,Lift
403,403,403,0.03,0.03,1.0,1,Lift
404,404,404,0.04,0.03,1.0,1,Lift
405,405,405,0.03,0.03,1.0,1,Lift
406,406,406,0.04,0.02,1.0,1,Lift
407,407,407,0.04,0.03,1.0,1,Lift
408,408,408,0.04,0.03,1.0,1,Lift
409,409,409,0.04,0.03,1.0,1,Lift
410,410,410,0.04,0.03,1.0,1,Lift
411,411,0,0.04,0.03,1.0,2,Lift
412,412,1,0.04,0.03,1.0,2,Lift
413,413,2,0.04,0.02,1.0,2,Lift
414,414,3,0.04,0.02,1.0,2,Lift
415,415,4,0.04,0.03,1.0,2,Lift
416,416,5,0.04,0.02,1.0,2,Lift
417,417,6,0.04,0.03,1.0,2,Lift
418,418,7,0.04,0.03,1.0,2,Lift
419,419,8,0.04,0.03,1.0,2,Lift
420,420,9,0.04,0.03,1.0,2,Lift
421,421,10,0.04,0.02,1.0,2,Lift
422,422,11,0.04,0.02,1.0,2,Lift
423,423,12,0.04,0.03,1.0,2,Lift
424,424,13,0.04,0.02,1.0,2,Lift
425,425,14,0.04,0.03,1.0,2,Lift
426,426,15,0.04,0.03,1.0,2,Lift
427,427,16,0.04,0.02,1.0,2,Lift
428,428,17,0.04,0.02,1.0,2,Lift
429,429,18,0.04,0.03,1.0,2,Lift
430,430,19,0.04,0.02,1.0,2,Lift
431,431,20,0.04,0.03,1.0,2,Lift
432,432,21,0.04,0.03,1.0,2,Lift
433,433,22,0.04,0.02,1.0,2,Lift
434,434,23,0.04,0.03,1.0,2,Lift
435,435,24,0.04,0.03,1.0,2,Lift
436,436,25,0.04,0.02,1.0,2,Lift
437,437,26,0.04,0.03,1.0,2,Lift
438,438,27,0.04,0.02,1.01,2,Lift
439,439,28,0.04,0.06,1.0,2,Lift
440,440,29,0.01,0.14,1.01,2,Lift
441,441,30,0.08,0.08,1.03,2,Lift
442,442,31,-0.05,-0.08,1.26,2,Lift
443,443,32,0.04,0.05,1.0,2,Lift
444,444,33,0.02,0.06,1.0,2,Lift
445,445,34,0.06,-0.0,0.92,2,Lift
446,446,35,0.07,-0.02,0.95,2,Lift
447,447,36,0.09,0.05,0.99,2,Lift
448,448,37,0.06,0.05,0.8,2,Lift
449,449,38,0.05,0.04,0.94,2,Lift
450,450,39,0.01,0.03,1.02,2,Lift
451,451,40,-0.01,0.05,1.12,2,Lift
452,452,41,-0.02,0.08,1.01,2,Lift
453,453,42,0.04,-0.0,0.98,2,Lift
454,454,43,0.01,0.04,1.0,2,Lift
455,455,44,0.02,0.04,1.01,2,Lift
456,456,45,0.06,0.08,1.0,2,Lift
457,457,46,0.03,0.03,1.0,2,Lift
458,458,47,0.04,0.02,1.0,2,Lift
459,459,48,0.04,0.02,1.0,2,Lift
460,460,49,0.04,0.02,1.0,2,Lift
461,461,50,0.04,0.03,1.0,2,Lift
462,462,51,0.04,0.03,1.0,2,Lift
463,463,52,0.04,0.02,1.0,2,Lift
464,464,53,0.04,0.03,1.0,2,Lift
465,465,54,0.04,0.03,1.0,2,Lift
466,466,55,0.04,0.02,1.0,2,Lift
467,467,56,0.04,0.02,1.0,2,Lift
468,468,57,0.04,0.02,1.0,2,Lift
469,469,58,0.04,0.03,1.0,2,Lift
470,470,59,0.04,0.02,1.0,2,Lift
471,471,60,0.04,0.03,1.0,2,Lift
472,472,61,0.04,0.02,1.0,2,Lift
473,473,62,0.04,0.03,1.0,2,Lift
474,474,63,0.04,0.02,1.0,2,Lift
475,475,64,0.04,0.02,1.0,2,Lift
476,476,65,0.04,0.03,1.0,2,Lift
477,477,66,0.04,0.03,1.0,2,Lift
478,478,67,0.04,0.03,1.0,2,Lift
479,479,68,0.04,0.03,1.0,2,Lift
480,480,69,0.04,0.03,1.0,2,Lift
481,481,70,0.04,0.03,1.0,2,Lift
482,482,71,0.04,0.03,1.0,2,Lift
483,483,72,0.04,0.03,1.0,2,Lift
484,484,73,0.04,0.03,1.0,2,Lift
485,485,74,0.04,0.03,1.0,2,Lift
486,486,75,0.04,0.03,1.0,2,Lift
487,487,76,0.04,0.02,1.0,2,Lift
488,488,77,0.03,0.02,1.0,2,Lift
489,489,78,-0.01,0.04,1.01,2,Lift
490,490,79,0.0,-0.05,1.14,2,Lift
491,491,80,0.01,0.04,0.91,2,Lift
492,492,81,0.06,0.0,0.97,2,Lift
493,493,82,0.1,0.05,0.96,2,Lift
494,494,83,0.09,0.01,0.95,2,Lift
495,495,84,0.1,0.03,1.0,2,Lift
496,496,85,0.09,0.03,1.05,2,Lift
497,497,86,0.08,0.03,0.98,2,Lift
498,498,87,0.09,0.01,1.01,2,Lift
499,499,88,0.07,0.03,0.96,2,Lift
500,500,89,0.06,0.02,0.92,2,Lift
501,501,90,0.03,0.01,1.05,2,Lift
502,502,91,0.02,0.01,0.97,2,Lift
503,503,92,0.02,0.03,1.09,2,Lift
504,504,93,0.0,0.0,0.96,2,Lift
505,505,94,0.0,0.05,0.97,2,Lift
506,506,95,0.0,0.01,1.05,2,Lift
507,507,96,0.03,0.03,1.0,2,Lift
508,508,97,0.04,0.03,1.0,2,Lift
509,509,98,0.04,0.04,1.0,2,Lift
510,510,99,0.04,0.02,1.01,2,Lift
511,511,100,0.04,0.02,1.0,2,Lift
512,512,101,0.04,0.03,1.0,2,Lift
513,513,102,0.04,0.02,1.0,2,Lift
514,514,103,0.04,0.02,1.0,2,Lift
515,515,104,0.04,0.02,1.0,2,Lift
516,516,105,0.04,0.03,1.0,2,Lift
517,517,106,0.04,0.03,1.0,2,Lift
518,518,107,0.04,0.02,1.0,2,Lift
519,519,108,0.04,0.02,1.0,2,Lift
520,520,109,0.04,0.03,1.0,2,Lift
521,521,110,0.04,0.02,1.0,2,Lift
522,522,111,0.04,0.03,1.0,2,Lift
523,523,112,0.04,0.02,1.0,2,Lift
524,524,113,0.04,0.02,1.0,2,Lift
525,525,114,0.04,0.02,1.0,2,Lift
526,526,115,0.04,0.02,1.0,2,Lift
527,527,116,0.04,0.03,1.0,2,Lift
528,528,117,0.04,0.03,1.0,2,Lift
529,529,118,0.04,0.03,1.0,2,Lift
530,530,119,0.04,0.02,1.0,2,Lift
531,531,120,0.04,0.03,1.0,2,Lift
532,532,121,0.04,0.03,1.0,2,Lift
533,533,122,0.03,0.02,1.01,2,Lift
534,534,123,0.04,0.03,1.0,2,Lift
535,535,124,0.04,0.02,1.0,2,Lift
536,536,125,0.04,0.02,1.0,2,Lift
537,537,126,0.04,0.03,1.0,2,Lift
538,538,127,0.03,0.03,1.0,2,Lift
539,539,128,0.02,0.03,1.0,2,Lift
540,540,129,-0.01,0.02,1.12,2,Lift
541,541,130,0.02,0.0,1.03,2,Lift
542,542,131,0.02,0.04,0.9,2,Lift
543,543,132,0.03,0.0,1.03,2,Lift
544,544,133,0.08,0.02,0.97,2,Lift
545,545,134,0.06,0.02,1.03,2,Lift
546,546,135,0.06,-0.02,1.04,2,Lift
547,547,136,0.07,0.0,0.98,2,Lift
548,548,137,0.05,0.03,0.97,2,Lift
549,549,138,0.07,0.0,1.02,2,Lift
550,550,139,0.05,0.03,0.93,2,Lift
551,551,140,0.04,0.05,1.01,2,Lift
552,552,141,0.0,0.05,0.94,2,Lift
553,553,142,0.0,0.06,1.1,2,Lift
554,554,143,0.0,0.02,1.0,2,Lift
555,555,144,0.01,0.04,1.02,2,Lift
556,556,145,0.05,0.05,0.98,2,Lift
557,557,146,0.02,0.02,1.0,2,Lift
558,558,147,0.04,0.04,1.0,2,Lift
559,559,148,0.05,0.04,0.98,2,Lift
560,560,149,0.04,0.02,1.0,2,Lift
561,561,150,0.03,0.03,1.0,2,Lift
562,562,151,0.04,0.02,1.0,2,Lift
563,563,152,0.04,0.03,1.0,2,Lift
564,564,153,0.04,0.02,1.0,2,Lift
565,565,154,0.04,0.03,1.0,2,Lift
566,566,155,0.04,0.03,1.0,2,Lift
567,567,156,0.04,0.02,1.0,2,Lift
568,568,157,0.04,0.03,1.0,2,Lift
569,569,158,0.04,0.02,1.0,2,Lift
570,570,159,0.04,0.03,1.0,2,Lift
571,571,160,0.04,0.03,1.0,2,Lift
572,572,161,0.04,0.03,1.0,2,Lift
573,573,162,0.04,0.02,1.0,2,Lift
574,574,163,0.04,0.03,1.0,2,Lift
575,575,164,0.04,0.03,1.0,2,Lift
576,576,165,0.04,0.02,1.0,2,Lift
577,577,166,0.04,0.02,1.0,2,Lift
578,578,167,0.04,0.02,1.0,2,Lift
579,579,168,0.04,0.02,1.0,2,Lift
580,580,169,0.04,0.02,1.0,2,Lift
581,581,170,0.04,0.03,1.0,2,Lift
582,582,171,0.04,0.02,1.0,2,Lift
583,583,172,0.04,0.03,1.0,2,Lift
584,584,173,0.04,0.03,1.0,2,Lift
585,585,174,0.02,0.04,1.0,2,Lift
586,586,175,0.04,0.02,1.0,2,Lift
587,587,176,0.03,0.04,1.01,2,Lift
588,588,177,-0.03,0.04,1.16,2,Lift
589,589,178,-0.0,0.03,1.04,2,Lift
590,590,179,0.01,0.04,0.98,2,Lift
591,591,180,0.06,0.03,1.05,2,Lift
592,592,181,0.05,0.04,1.02,2,Lift
593,593,182,0.06,0.04,0.98,2,Lift
594,594,183,0.09,0.03,0.96,2,Lift
595,595,184,0.07,0.04,0.99,2,Lift
596,596,185,0.08,0.02,1.0,2,Lift
597,597,186,0.07,0.05,0.89,2,Lift
598,598,187,0.04,0.05,1.06,2,Lift
599,599,188,0.03,0.05,1.12,2,Lift
600,600,189,0.01,0.03,1.03,2,Lift
601,601,190,0.01,0.03,1.1,2,Lift
602,602,191,0.0,0.05,1.0,2,Lift
603,603,192,-0.02,0.02,0.98,2,Lift
604,604,193,0.05,0.02,1.0,2,Lift
605,605,194,-0.02,0.09,0.98,2,Lift
606,606,195,0.04,0.03,1.0,2,Lift
607,607,196,0.04,0.03,1.0,2,Lift
608,608,197,0.04,0.02,1.0,2,Lift
609,609,198,0.04,0.03,1.0,2,Lift
610,610,199,0.04,0.03,1.0,2,Lift
611,611,200,0.04,0.02,1.0,2,Lift
612,612,201,0.04,0.03,1.0,2,Lift
613,613,202,0.04,0.02,1.0,2,Lift
614,614,203,0.04,0.02,1.0,2,Lift
615,615,204,0.04,0.03,1.0,2,Lift
616,616,205,0.04,0.03,1.0,2,Lift
617,617,206,0.04,0.03,1.0,2,Lift
618,618,207,0.04,0.02,1.0,2,Lift
619,619,208,0.04,0.02,1.0,2,Lift
620,620,209,0.04,0.03,1.0,2,Lift
621,621,210,0.04,0.02,1.0,2,Lift
622,622,211,0.04,0.03,1.0,2,Lift
623,623,212,0.04,0.02,1.0,2,Lift
624,624,213,0.04,0.03,1.0,2,Lift
625,625,214,0.04,0.03,1.0,2,Lift
626,626,215,0.04,0.02,1.0,2,Lift
627,627,216,0.04,0.02,1.0,2,Lift
628,628,217,0.04,0.03,1.0,2,Lift
629,629,218,0.03,0.05,1.0,2,Lift
630,630,219,0.04,0.03,1.04,2,Lift
631,631,220,0.0,-0.01,0.96,2,Lift
632,632,221,0.03,0.05,1.02,2,Lift
633,633,222,0.05,0.04,1.06,2,Lift
634,634,223,0.09,0.04,0.93,2,Lift
635,635,224,0.07,0.04,0.88,2,Lift
636,636,225,0.05,0.02,0.9,2,Lift
637,637,226,0.04,0.02,1.0,2,Lift
638,638,227,-0.0,0.0,1.07,2,Lift
639,639,228,0.0,0.0,0.96,2,Lift
640,640,229,0.02,0.05,1.02,2,Lift
641,641,230,-0.02,-0.01,1.02,2,Lift
642,642,231,0.04,0.03,1.0,2,Lift
643,643,232,0.03,0.02,1.0,2,Lift
644,644,233,0.04,0.03,1.0,2,Lift
645,645,234,0.04,0.03,1.0,2,Lift
646,646,235,0.04,0.02,1.0,2,Lift
647,647,236,0.04,0.02,1.0,2,Lift
648,648,237,0.04,0.02,1.0,2,Lift
649,649,238,0.04,0.02,1.0,2,Lift
650,650,239,0.04,0.03,1.0,2,Lift
651,651,240,0.04,0.03,1.0,2,Lift
652,652,241,0.04,0.03,1.0,2,Lift
653,653,242,0.04,0.03,1.0,2,Lift
654,654,243,0.04,0.02,1.0,2,Lift
655,655,244,0.04,0.04,1.0,2,Lift
656,656,245,0.04,0.03,1.0,2,Lift
657,657,246,0.04,0.03,1.0,2,Lift
658,658,247,0.04,0.02,1.0,2,Lift
659,659,248,0.04,0.02,1.0,2,Lift
660,660,249,0.04,0.03,1.0,2,Lift
661,661,250,0.04,0.02,1.0,2,Lift
662,662,251,0.04,0.03,1.0,2,Lift
663,663,252,0.04,0.03,1.0,2,Lift
664,664,253,0.04,0.03,1.0,2,Lift
665,665,254,0.04,0.02,1.0,2,Lift
666,666,255,0.04,0.03,1.0,2,Lift
667,667,256,0.04,0.02,1.0,2,Lift
668,668,257,0.01,0.04,1.0,2,Lift
669,669,258,-0.02,0.06,1.06,2,Lift
670,670,259,0.01,0.04,1.02,2,Lift
671,671,260,0.05,0.05,1.0,2,Lift
672,672,261,0.09,0.0,0.94,2,Lift
673,673,262,0.12,0.04,0.96,2,Lift
674,674,263,0.09,0.04,0.81,2,Lift
675,675,264,0.09,0.04,0.96,2,Lift
676,676,265,0.04,0.03,1.06,2,Lift
677,677,266,0.0,0.0,1.08,2,Lift
678,678,267,0.0,0.01,1.0,2,Lift
679,679,268,-0.02,0.0,1.0,2,Lift
680,680,269,-0.0,0.07,1.0,2,Lift
681,681,270,0.04,0.02,1.0,2,Lift
682,682,271,0.04,0.03,1.0,2,Lift
683,683,272,0.04,0.02,1.0,2,Lift
684,684,273,0.04,0.03,1.0,2,Lift
685,685,274,0.04,0.02,1.0,2,Lift
686,686,275,0.04,0.03,1.0,2,Lift
687,687,276,0.04,0.03,1.0,2,Lift
688,688,277,0.04,0.03,1.0,2,Lift
689,689,278,0.04,0.03,1.0,2,Lift
690,690,279,0.04,0.02,1.0,2,Lift
691,691,280,0.04,0.03,1.0,2,Lift
692,692,281,0.04,0.03,1.0,2,Lift
693,693,282,0.04,0.03,1.0,2,Lift
694,694,283,0.04,0.03,1.01,2,Lift
695,695,284,0.04,0.02,1.0,2,Lift
696,696,285,0.04,0.03,1.0,2,Lift
697,697,286,0.04,0.02,1.0,2,Lift
698,698,287,0.04,0.02,1.0,2,Lift
699,699,288,0.04,0.03,1.0,2,Lift
700,700,289,0.04,0.03,1.0,2,Lift
701,701,290,0.04,0.03,1.0,2,Lift
702,702,291,0.04,0.03,1.0,2,Lift
703,703,292,0.04,0.03,1.0,2,Lift
704,704,293,0.04,0.03,1.01,2,Lift
705,705,294,0.01,0.02,1.01,2,Lift
706,706,295,-0.02,0.05,0.95,2,Lift
707,707,296,0.01,0.06,1.0,2,Lift
708,708,297,0.03,0.03,1.01,2,Lift
709,709,298,0.08,0.01,1.0,2,Lift
710,710,299,0.09,0.04,1.0,2,Lift
711,711,300,0.08,0.01,0.95,2,Lift
712,712,301,0.09,0.02,0.97,2,Lift
713,713,302,0.09,0.01,0.99,2,Lift
714,714,303,0.06,0.0,0.91,2,Lift
715,715,304,0.03,0.05,1.07,2,Lift
716,716,305,0.02,0.0,1.01,2,Lift
717,717,306,0.05,0.05,1.05,2,Lift
718,718,307,0.05,0.02,0.99,2,Lift
719,719,308,0.04,0.03,1.0,2,Lift
720,720,309,0.04,0.02,1.0,2,Lift
721,721,310,0.04,0.03,1.0,2,Lift
722,722,311,0.04,0.03,1.0,2,Lift
723,723,312,0.04,0.03,1.0,2,Lift
724,724,313,0.04,0.02,1.0,2,Lift
725,725,314,0.04,0.03,1.0,2,Lift
726,726,315,0.04,0.02,1.0,2,Lift
727,727,316,0.04,0.03,1.0,2,Lift
728,728,317,0.04,0.03,1.0,2,Lift
729,729,318,0.04,0.03,1.0,2,Lift
730,730,319,0.04,0.03,1.0,2,Lift
731,731,320,0.04,0.02,1.0,2,Lift
732,732,321,0.04,0.02,1.0,2,Lift
733,733,322,0.04,0.02,1.0,2,Lift
734,734,323,0.04,0.02,1.0,2,Lift
735,735,324,0.04,0.03,1.0,2,Lift
736,736,325,0.04,0.03,1.0,2,Lift
737,737,326,0.04,0.03,1.0,2,Lift
738,738,0,0.04,0.02,1.0,3,Lift
739,739,1,0.04,0.03,1.0,3,Lift
740,740,2,0.04,0.02,1.0,3,Lift
741,741,3,0.04,0.02,1.0,3,Lift
742,742,4,0.04,0.03,1.0,3,Lift
743,743,5,0.04,0.02,1.0,3,Lift
744,744,6,0.04,0.02,1.0,3,Lift
745,745,7,0.04,0.02,1.0,3,Lift
746,746,8,0.04,0.02,1.0,3,Lift
747,747,9,0.04,0.03,1.0,3,Lift
748,748,10,0.04,0.02,1.0,3,Lift
749,749,11,0.04,0.02,1.0,3,Lift
750,750,12,0.04,0.03,1.0,3,Lift
751,751,13,0.04,0.02,1.0,3,Lift
752,752,14,0.04,0.02,1.0,3,Lift
753,753,15,0.04,0.02,1.0,3,Lift
754,754,16,0.04,0.02,1.0,3,Lift
755,755,17,0.04,0.03,1.0,3,Lift
756,756,18,0.04,0.02,1.0,3,Lift
757,757,19,0.04,0.02,1.0,3,Lift
758,758,20,0.04,0.03,1.0,3,Lift
759,759,21,0.04,0.02,1.0,3,Lift
760,760,22,0.04,0.02,1.0,3,Lift
761,761,23,0.04,0.02,1.0,3,Lift
762,762,24,0.04,0.03,1.0,3,Lift
763,763,25,0.04,0.03,1.0,3,Lift
764,764,26,0.04,0.03,1.0,3,Lift
765,765,27,0.04,0.02,1.0,3,Lift
766,766,28,0.04,0.02,1.0,3,Lift
767,767,29,0.0,0.07,1.0,3,Lift
768,768,30,0.03,0.03,1.0,3,Lift
769,769,31,0.03,0.04,1.0,3,Lift
770,770,32,0.02,0.05,1.0,3,Lift
771,771,33,0.0,0.05,1.03,3,Lift
772,772,34,0.02,0.03,1.13,3,Lift
773,773,35,0.0,-0.02,1.04,3,Lift
774,774,36,0.09,0.07,0.82,3,Lift
775,775,37,0.1,0.0,0.89,3,Lift
776,776,38,0.08,-0.03,0.9,3,Lift
777,777,39,0.03,0.06,1.21,3,Lift
778,778,40,0.04,0.08,0.99,3,Lift
779,779,41,-0.02,0.0,1.04,3,Lift
780,780,42,0.03,0.04,1.0,3,Lift
781,781,43,0.04,0.02,1.0,3,Lift
782,782,44,0.04,0.0,0.99,3,Lift
783,783,45,0.04,0.03,1.0,3,Lift
784,784,46,0.04,0.03,1.0,3,Lift
785,785,47,0.04,0.02,1.0,3,Lift
786,786,48,0.04,0.02,1.0,3,Lift
787,787,49,0.04,0.02,1.0,3,Lift
788,788,50,0.04,0.03,1.0,3,Lift
789,789,51,0.04,0.03,1.0,3,Lift
790,790,52,0.04,0.02,1.0,3,Lift
791,791,53,0.04,0.02,1.0,3,Lift
792,792,54,0.04,0.03,1.0,3,Lift
793,793,55,0.04,0.03,1.0,3,Lift
794,794,56,0.04,0.03,1.0,3,Lift
795,795,57,0.04,0.03,1.0,3,Lift
796,796,58,0.04,0.02,1.0,3,Lift
797,797,59,0.04,0.02,1.0,3,Lift
798,798,60,0.04,0.02,1.0,3,Lift
799,799,61,0.04,0.02,1.0,3,Lift
800,800,62,0.04,0.03,1.0,3,Lift
801,801,63,0.04,0.03,1.0,3,Lift
802,802,64,0.04,0.03,1.0,3,Lift
803,803,65,0.04,0.02,1.0,3,Lift
804,804,66,0.04,0.03,1.0,3,Lift
805,805,67,0.04,0.03,1.0,3,Lift
806,806,68,0.04,0.02,1.0,3,Lift
807,807,69,0.04,0.02,1.0,3,Lift
808,808,70,0.03,0.03,1.0,3,Lift
809,809,71,0.03,0.03,1.0,3,Lift
810,810,72,0.03,0.06,1.0,3,Lift
811,811,73,-0.02,0.06,1.17,3,Lift
812,812,74,0.07,0.0,1.03,3,Lift
813,813,75,0.08,0.02,0.88,3,Lift
814,814,76,0.07,0.0,0.81,3,Lift
815,815,77,0.0,-0.04,1.02,3,Lift
816,816,78,0.0,0.03,1.03,3,Lift
817,817,79,-0.04,0.02,0.99,3,Lift
818,818,80,0.04,0.02,1.06,3,Lift
819,819,81,0.04,0.04,1.0,3,Lift
820,820,82,0.03,0.03,1.0,3,Lift
821,821,83,0.04,0.03,1.0,3,Lift
822,822,84,0.04,0.03,1.0,3,Lift
823,823,85,0.04,0.02,1.0,3,Lift
824,824,86,0.04,0.02,1.0,3,Lift
825,825,87,0.04,0.03,1.0,3,Lift
826,826,88,0.03,0.03,1.0,3,Lift
827,827,89,0.04,0.02,1.0,3,Lift
828,828,90,0.04,0.02,1.0,3,Lift
829,829,91,0.04,0.02,1.0,3,Lift
830,830,92,0.04,0.03,1.0,3,Lift
831,831,93,0.04,0.02,1.0,3,Lift
832,832,94,0.04,0.02,1.0,3,Lift
833,833,95,0.04,0.02,1.0,3,Lift
834,834,96,0.04,0.02,1.0,3,Lift
835,835,97,0.04,0.03,1.0,3,Lift
836,836,98,0.04,0.02,1.0,3,Lift
837,837,99,0.04,0.03,1.0,3,Lift
838,838,100,0.04,0.02,1.0,3,Lift
839,839,101,0.04,0.02,1.0,3,Lift
840,840,102,0.04,0.03,1.0,3,Lift
841,841,103,0.04,0.02,1.0,3,Lift
842,842,104,0.04,0.03,1.0,3,Lift
843,843,105,0.04,0.02,1.0,3,Lift
844,844,106,0.04,0.02,1.0,3,Lift
845,845,107,0.04,0.02,1.0,3,Lift
846,846,108,0.04,0.02,1.0,3,Lift
847,847,109,0.04,0.03,1.0,3,Lift
848,848,110,0.04,0.03,1.0,3,Lift
849,849,111,0.04,0.03,1.0,3,Lift
850,850,112,0.04,0.03,1.01,3,Lift
851,851,113,0.0,0.0,1.25,3,Lift
852,852,114,0.05,0.01,0.99,3,Lift
853,853,115,0.12,0.01,0.88,3,Lift
854,854,116,0.09,0.02,0.89,3,Lift
855,855,117,0.09,-0.0,1.01,3,Lift
856,856,118,0.04,0.02,1.01,3,Lift
857,857,119,0.0,0.07,0.97,3,Lift
858,858,120,-0.04,0.01,1.08,3,Lift
859,859,121,0.01,0.05,0.99,3,Lift
860,860,122,0.04,0.01,1.02,3,Lift
861,861,123,0.04,0.02,1.0,3,Lift
862,862,124,0.04,0.03,1.0,3,Lift
863,863,125,0.04,0.03,1.0,3,Lift
864,864,126,0.04,0.02,1.0,3,Lift
865,865,127,0.04,0.03,1.0,3,Lift
866,866,128,0.04,0.03,1.0,3,Lift
867,867,129,0.04,0.03,1.0,3,Lift
868,868,130,0.04,0.02,1.0,3,Lift
869,869,131,0.04,0.03,1.0,3,Lift
870,870,132,0.04,0.03,1.0,3,Lift
871,871,133,0.04,0.03,1.0,3,Lift
872,872,134,0.04,0.02,1.0,3,Lift
873,873,135,0.04,0.03,1.0,3,Lift
874,874,136,0.04,0.02,1.0,3,Lift
875,875,137,0.04,0.03,1.0,3,Lift
876,876,138,0.04,0.02,1.0,3,Lift
877,877,139,0.04,0.03,1.0,3,Lift
878,878,140,0.04,0.02,1.0,3,Lift
879,879,141,0.04,0.03,1.0,3,Lift
880,880,142,0.04,0.02,1.0,3,Lift
881,881,143,0.04,0.03,1.01,3,Lift
882,882,144,0.04,0.03,1.0,3,Lift
883,883,145,0.04,0.03,1.0,3,Lift
884,884,146,0.04,0.02,1.0,3,Lift
885,885,147,0.04,0.02,1.0,3,Lift
886,886,148,0.04,0.02,1.0,3,Lift
887,887,149,0.04,0.03,1.0,3,Lift
888,888,150,0.04,0.02,1.0,3,Lift
889,889,151,0.04,0.02,1.0,3,Lift
890,890,152,0.04,0.03,1.0,3,Lift
891,891,153,0.04,0.02,1.01,3,Lift
892,892,154,-0.09,-0.01,1.16,3,Lift
893,893,155,0.01,0.02,1.06,3,Lift
894,894,156,0.11,0.05,0.9,3,Lift
895,895,157,0.1,-0.04,0.89,3,Lift
896,896,158,0.11,-0.02,0.97,3,Lift
897,897,159,0.03,0.04,0.97,3,Lift
898,898,160,0.02,0.0,1.13,3,Lift
899,899,161,0.0,0.02,0.99,3,Lift
900,900,162,-0.07,0.04,1.0,3,Lift
901,901,163,0.05,0.04,1.0,3,Lift
902,902,164,0.04,0.03,1.0,3,Lift
903,903,165,0.04,0.02,1.0,3,Lift
904,904,166,0.04,0.03,1.0,3,Lift
905,905,167,0.04,0.03,1.0,3,Lift
906,906,168,0.04,0.03,1.0,3,Lift
907,907,169,0.04,0.02,1.0,3,Lift
908,908,170,0.04,0.02,1.0,3,Lift
909,909,171,0.04,0.03,1.0,3,Lift
910,910,172,0.04,0.02,1.0,3,Lift
911,911,173,0.04,0.03,1.0,3,Lift
912,912,174,0.04,0.03,1.0,3,Lift
913,913,175,0.04,0.03,1.0,3,Lift
914,914,176,0.04,0.02,1.0,3,Lift
915,915,177,0.04,0.02,1.0,3,Lift
916,916,178,0.04,0.03,1.0,3,Lift
917,917,179,0.04,0.03,1.0,3,Lift
918,918,180,0.04,0.03,1.0,3,Lift
919,919,181,0.04,0.03,1.0,3,Lift
920,920,182,0.04,0.02,1.0,3,Lift
921,921,183,0.04,0.03,1.0,3,Lift
922,922,184,0.04,0.03,1.0,3,Lift
923,923,185,0.04,0.03,1.0,3,Lift
924,924,186,0.04,0.03,1.0,3,Lift
925,925,187,0.04,0.02,1.0,3,Lift
926,926,188,0.04,0.03,1.0,3,Lift
927,927,189,0.04,0.03,1.0,3,Lift
928,928,190,0.04,0.03,1.0,3,Lift
929,929,191,0.04,0.02,1.0,3,Lift
930,930,192,0.06,0.02,1.0,3,Lift
931,931,193,-0.07,-0.06,1.17,3,Lift
932,932,194,0.07,0.05,1.07,3,Lift
933,933,195,0.08,0.01,0.86,3,Lift
934,934,196,0.09,-0.05,0.94,3,Lift
935,935,197,0.07,0.01,1.02,3,Lift
936,936,198,0.02,0.04,1.0,3,Lift
937,937,199,0.0,0.01,1.03,3,Lift
938,938,200,0.03,0.02,1.03,3,Lift
939,939,201,0.04,0.04,1.01,3,Lift
940,940,202,0.04,0.03,1.0,3,Lift
941,941,203,0.04,0.02,1.0,3,Lift
942,942,204,0.04,0.02,1.0,3,Lift
943,943,205,0.04,0.02,1.0,3,Lift
944,944,206,0.04,0.03,1.0,3,Lift
945,945,207,0.04,0.03,1.0,3,Lift
946,946,208,0.04,0.02,1.0,3,Lift
947,947,209,0.04,0.03,1.0,3,Lift
948,948,210,0.04,0.03,1.0,3,Lift
949,949,211,0.04,0.03,1.0,3,Lift
950,950,212,0.04,0.02,1.0,3,Lift
951,951,213,0.04,0.03,1.0,3,Lift
952,952,214,0.04,0.03,1.0,3,Lift
953,953,215,0.04,0.03,1.0,3,Lift
954,954,216,0.04,0.03,1.0,3,Lift
955,955,217,0.04,0.02,1.0,3,Lift
956,956,218,0.04,0.03,1.0,3,Lift
957,957,219,0.04,0.02,1.0,3,Lift
958,958,220,0.04,0.03,1.0,3,Lift
959,959,221,0.04,0.02,1.0,3,Lift
960,960,222,0.04,0.03,1.0,3,Lift
961,961,223,0.04,0.02,1.0,3,Lift
962,962,224,0.04,0.02,1.0,3,Lift
963,963,225,0.04,0.03,1.0,3,Lift
964,964,226,0.04,0.03,1.0,3,Lift
965,965,227,0.04,0.02,1.0,3,Lift
966,966,228,0.05,0.02,1.0,3,Lift
967,967,229,0.04,0.03,1.0,3,Lift
968,968,230,0.03,0.03,1.0,3,Lift
969,969,231,0.08,0.0,1.05,3,Lift
970,970,232,0.02,0.07,1.02,3,Lift
971,971,233,0.09,0.06,0.86,3,Lift
972,972,234,0.11,-0.02,0.96,3,Lift
973,973,235,0.1,0.02,0.97,3,Lift
974,974,236,0.08,0.0,1.11,3,Lift
975,975,237,0.02,0.04,1.02,3,Lift
976,976,238,0.02,0.05,1.01,3,Lift
977,977,239,0.04,0.04,1.0,3,Lift
978,978,240,0.04,0.03,1.0,3,Lift
979,979,241,0.04,0.03,1.0,3,Lift
980,980,242,0.04,0.02,1.0,3,Lift
981,981,243,0.04,0.03,1.0,3,Lift
982,982,244,0.04,0.02,1.01,3,Lift
983,983,245,0.04,0.02,1.0,3,Lift
984,984,246,0.04,0.03,1.0,3,Lift
985,985,247,0.04,0.03,1.0,3,Lift
986,986,248,0.04,0.02,1.0,3,Lift
987,987,249,0.04,0.02,1.0,3,Lift
988,988,250,0.04,0.03,1.0,3,Lift
989,989,251,0.04,0.02,1.0,3,Lift
990,990,252,0.04,0.03,1.0,3,Lift
991,991,253,0.04,0.03,1.0,3,Lift
992,992,254,0.04,0.03,1.0,3,Lift
993,993,255,0.04,0.02,1.0,3,Lift
994,994,256,0.04,0.03,1.0,3,Lift
995,995,257,0.04,0.02,1.0,3,Lift
996,996,258,0.04,0.03,1.0,3,Lift
997,997,259,0.04,0.02,1.0,3,Lift
998,998,260,0.04,0.02,1.0,3,Lift
999,999,261,0.04,0.02,1.0,3,Lift
1000,1000,262,0.04,0.03,1.0,3,Lift
1001,1001,263,0.04,0.02,1.0,3,Lift
1002,1002,264,0.04,0.02,1.0,3,Lift
1003,1003,265,0.04,0.02,1.01,3,Lift
1004,1004,266,0.04,0.03,1.0,3,Lift
1005,1005,267,0.04,0.03,1.0,3,Lift
1006,1006,268,0.04,0.03,1.0,3,Lift
1007,1007,269,0.04,0.03,1.0,3,Lift
1008,1008,270,0.03,0.05,1.01,3,Lift
1009,1009,271,0.03,0.03,1.01,3,Lift
1010,1010,272,-0.03,0.17,1.11,3,Lift
1011,1011,273,0.06,0.0,1.02,3,Lift
1012,1012,274,0.1,0.01,0.86,3,Lift
1013,1013,275,0.07,-0.04,0.92,3,Lift
1014,1014,276,0.02,0.01,1.04,3,Lift
1015,1015,277,0.05,0.08,1.07,3,Lift
1016,1016,278,-0.01,0.02,1.06,3,Lift
1017,1017,279,0.0,0.02,0.95,3,Lift
1018,1018,280,0.02,0.04,1.01,3,Lift
1019,1019,281,0.04,0.02,1.0,3,Lift
1020,1020,282,0.05,0.04,1.0,3,Lift
1021,1021,283,0.04,0.02,1.0,3,Lift
1022,1022,284,0.04,0.02,1.0,3,Lift
1023,1023,285,0.04,0.02,1.0,3,Lift
1024,1024,286,0.04,0.03,1.0,3,Lift
1025,1025,287,0.04,0.02,1.0,3,Lift
1026,1026,288,0.04,0.03,1.0,3,Lift
1027,1027,289,0.04,0.02,1.0,3,Lift
1028,1028,290,0.04,0.03,1.0,3,Lift
1029,1029,291,0.04,0.02,1.0,3,Lift
1030,1030,292,0.04,0.03,1.0,3,Lift
1031,1031,293,0.04,0.03,1.0,3,Lift
1032,1032,294,0.04,0.03,1.0,3,Lift
1033,1033,295,0.04,0.03,1.0,3,Lift
1034,1034,296,0.04,0.03,1.0,3,Lift
1035,1035,297,0.04,0.02,1.0,3,Lift
1036,1036,298,0.04,0.03,1.0,3,Lift
1037,1037,299,0.04,0.03,1.0,3,Lift
1038,1038,300,0.04,0.03,1.0,3,Lift
1039,1039,301,0.04,0.03,1.0,3,Lift
1040,1040,302,0.04,0.03,1.0,3,Lift
1041,1041,303,0.04,0.03,1.0,3,Lift
1042,1042,304,0.04,0.02,1.0,3,Lift
1043,1043,305,0.04,0.02,1.0,3,Lift
1044,1044,306,0.04,0.03,1.0,3,Lift
1045,1045,307,0.04,0.03,1.0,3,Lift
1046,1046,308,0.04,0.03,1.0,3,Lift
1047,1047,309,0.04,0.03,1.0,3,Lift
1048,1048,310,0.04,0.02,1.0,3,Lift
1049,1049,311,0.04,0.03,1.0,3,Lift
1050,1050,312,0.04,0.02,1.0,3,Lift
1051,1051,313,0.04,0.03,1.0,3,Lift
1052,1052,314,0.04,0.02,1.0,3,Lift
1053,1053,315,0.04,0.03,1.0,3,Lift
1054,1054,316,0.04,0.02,1.0,3,Lift
1055,1055,317,0.04,0.02,1.01,3,Lift
1056,1056,318,0.03,0.04,1.0,3,Lift
1057,1057,319,0.01,0.01,1.04,3,Lift
1058,1058,320,0.01,-0.0,1.04,3,Lift
1059,1059,321,0.01,-0.03,0.97,3,Lift
1060,1060,322,0.12,0.03,0.9,3,Lift
1061,1061,323,0.11,0.01,1.0,3,Lift
1062,1062,324,0.11,0.02,0.99,3,Lift
1063,1063,325,0.07,-0.01,0.93,3,Lift
1064,1064,326,0.03,0.08,1.09,3,Lift
1065,1065,327,0.0,0.02,0.96,3,Lift
1066,1066,328,0.0,0.06,1.0,3,Lift
1067,1067,329,0.02,0.05,0.99,3,Lift
1068,1068,330,0.04,0.03,1.0,3,Lift
1069,1069,331,0.04,0.03,1.0,3,Lift
1070,1070,332,0.04,0.02,1.0,3,Lift
1071,1071,333,0.04,0.03,1.0,3,Lift
1072,1072,334,0.04,0.03,1.0,3,Lift
1073,1073,335,0.04,0.02,1.0,3,Lift
1074,1074,336,0.04,0.02,1.0,3,Lift
1075,1075,337,0.04,0.03,1.0,3,Lift
1076,1076,338,0.04,0.03,1.0,3,Lift
1077,1077,339,0.04,0.03,1.0,3,Lift
1078,1078,340,0.04,0.02,1.0,3,Lift
1079,1079,341,0.04,0.02,1.0,3,Lift
1080,1080,342,0.04,0.03,1.0,3,Lift
1081,1081,343,0.04,0.02,1.0,3,Lift
1082,1082,344,0.04,0.02,1.0,3,Lift
1083,1083,345,0.04,0.02,1.0,3,Lift
1084,1084,346,0.04,0.03,1.0,3,Lift
1085,1085,347,0.04,0.02,1.0,3,Lift
1086,1086,348,0.04,0.02,1.0,3,Lift
1087,1087,349,0.04,0.02,1.0,3,Lift
1088,1088,350,0.04,0.03,1.0,3,Lift
1089,1089,351,0.04,0.02,1.0,3,Lift
1090,1090,352,0.04,0.02,1.0,3,Lift
1091,1091,353,0.04,0.02,1.0,3,Lift
1092,1092,354,0.05,0.02,1.0,3,Lift
1093,1093,355,0.04,0.02,1.0,3,Lift
1094,1094,356,0.04,0.03,1.0,3,Lift
1095,1095,357,0.04,0.02,1.0,3,Lift
1096,1096,358,0.04,0.02,1.0,3,Lift
1097,1097,359,0.04,0.02,1.0,3,Lift
1098,1098,360,0.04,0.03,1.0,3,Lift
1099,1099,361,0.04,0.03,1.0,3,Lift
1100,1100,362,0.04,0.03,1.0,3,Lift
1101,1101,363,0.04,0.03,1.0,3,Lift
1102,1102,364,0.04,0.02,1.0,3,Lift
1103,1103,365,0.04,0.03,1.0,3,Lift
1104,1104,0,0.04,0.05,1.0,4,Lift
1105,1105,1,0.04,0.05,1.0,4,Lift
1106,1106,2,0.04,0.05,1.0,4,Lift
1107,1107,3,0.04,0.04,1.0,4,Lift
1108,1108,4,0.04,0.05,1.0,4,Lift
1109,1109,5,0.04,0.05,1.0,4,Lift
1110,1110,6,0.04,0.04,1.0,4,Lift
1111,1111,7,0.04,0.04,1.0,4,Lift
1112,1112,8,0.04,0.05,1.0,4,Lift
1113,1113,9,0.04,0.05,1.0,4,Lift
1114,1114,10,0.04,0.05,1.0,4,Lift
1115,1115,11,0.04,0.05,1.0,4,Lift
1116,1116,12,0.04,0.05,1.0,4,Lift
1117,1117,13,0.04,0.04,1.0,4,Lift
1118,1118,14,0.04,0.05,1.0,4,Lift
1119,1119,15,0.04,0.05,1.0,4,Lift
1120,1120,16,0.04,0.05,1.0,4,Lift
1121,1121,17,0.04,0.04,1.0,4,Lift
1122,1122,18,0.04,0.04,1.0,4,Lift
1123,1123,19,0.04,0.05,1.0,4,Lift
1124,1124,20,0.04,0.05,1.0,4,Lift
1125,1125,21,0.04,0.05,1.0,4,Lift
1126,1126,22,0.04,0.05,1.0,4,Lift
1127,1127,23,0.04,0.04,1.0,4,Lift
1128,1128,24,0.05,0.04,1.0,4,Lift
1129,1129,25,0.04,0.05,1.0,4,Lift
1130,1130,26,0.04,0.05,1.0,4,Lift
1131,1131,27,0.04,0.05,1.0,4,Lift
1132,1132,28,0.04,0.05,1.0,4,Lift
1133,1133,29,0.04,0.04,1.0,4,Lift
1134,1134,30,0.04,0.05,1.0,4,Lift
1135,1135,31,0.03,0.05,1.0,4,Lift
1136,1136,32,0.04,0.04,1.0,4,Lift
1137,1137,33,0.04,0.05,1.0,4,Lift
1138,1138,34,0.04,0.05,1.0,4,Lift
1139,1139,35,0.04,0.05,1.0,4,Lift
1140,1140,36,0.04,0.04,1.0,4,Lift
1141,1141,37,0.03,0.05,1.0,4,Lift
1142,1142,38,0.0,0.05,1.0,4,Lift
1143,1143,39,0.01,0.04,1.04,4,Lift
1144,1144,40,0.01,0.1,0.99,4,Lift
1145,1145,41,0.03,0.01,1.0,4,Lift
1146,1146,42,0.09,0.02,1.0,4,Lift
1147,1147,43,0.11,0.05,0.97,4,Lift
1148,1148,44,0.12,0.02,0.98,4,Lift
1149,1149,45,0.14,0.02,0.93,4,Lift
1150,1150,46,0.18,0.02,0.99,4,Lift
1151,1151,47,0.21,0.01,1.0,4,Lift
1152,1152,48,0.22,0.0,0.96,4,Lift
1153,1153,49,0.2,0.0,0.94,4,Lift
1154,1154,50,0.18,0.01,0.96,4,Lift
1155,1155,51,0.15,0.0,0.97,4,Lift
1156,1156,52,0.09,0.0,0.98,4,Lift
1157,1157,53,0.05,0.02,1.05,4,Lift
1158,1158,54,0.04,0.0,1.04,4,Lift
1159,1159,55,0.04,0.02,0.99,4,Lift
1160,1160,56,0.04,0.01,0.98,4,Lift
1161,1161,57,0.02,0.0,1.02,4,Lift
1162,1162,58,0.01,-0.02,1.05,4,Lift
1163,1163,59,0.02,0.07,1.02,4,Lift
1164,1164,60,0.03,0.05,1.02,4,Lift
1165,1165,61,0.04,0.05,1.0,4,Lift
1166,1166,62,0.04,0.05,1.0,4,Lift
1167,1167,63,0.03,0.05,1.0,4,Lift
1168,1168,64,0.04,0.05,1.0,4,Lift
1169,1169,65,0.04,0.04,1.0,4,Lift
1170,1170,66,0.04,0.05,1.0,4,Lift
1171,1171,67,0.04,0.05,1.0,4,Lift
1172,1172,68,0.04,0.05,1.0,4,Lift
1173,1173,69,0.04,0.05,1.0,4,Lift
1174,1174,70,0.04,0.05,1.0,4,Lift
1175,1175,71,0.04,0.05,1.0,4,Lift
1176,1176,72,0.04,0.05,1.0,4,Lift
1177,1177,73,0.04,0.05,1.0,4,Lift
1178,1178,74,0.04,0.05,1.0,4,Lift
1179,1179,75,0.04,0.05,1.0,4,Lift
1180,1180,76,0.04,0.04,1.0,4,Lift
1181,1181,77,0.04,0.05,1.0,4,Lift
1182,1182,78,0.04,0.05,1.0,4,Lift
1183,1183,79,0.04,0.05,1.0,4,Lift
1184,1184,80,0.04,0.05,1.0,4,Lift
1185,1185,81,0.04,0.04,1.0,4,Lift
1186,1186,82,0.04,0.05,1.0,4,Lift
1187,1187,83,0.04,0.04,1.0,4,Lift
1188,1188,84,0.04,0.05,1.0,4,Lift
1189,1189,85,0.04,0.04,1.0,4,Lift
1190,1190,86,0.04,0.05,1.0,4,Lift
1191,1191,87,0.04,0.05,1.0,4,Lift
1192,1192,88,0.04,0.05,1.0,4,Lift
1193,1193,89,0.04,0.04,1.0,4,Lift
1194,1194,90,0.04,0.04,1.0,4,Lift
1195,1195,91,0.04,0.05,1.0,4,Lift
1196,1196,92,0.04,0.05,1.0,4,Lift
1197,1197,93,0.04,0.04,1.0,4,Lift
1198,1198,94,0.04,0.05,1.0,4,Lift
1199,1199,95,0.04,0.05,1.0,4,Lift
1200,1200,96,0.03,0.05,1.0,4,Lift
1201,1201,97,0.01,0.04,1.02,4,Lift
1202,1202,98,-0.04,0.1,1.04,4,Lift
1203,1203,99,0.0,0.02,1.04,4,Lift
1204,1204,100,0.0,0.03,1.0,4,Lift
1205,1205,101,0.08,0.04,0.97,4,Lift
1206,1206,102,0.09,-0.03,1.02,4,Lift
1207,1207,103,0.09,0.07,1.0,4,Lift
1208,1208,104,0.13,0.07,1.02,4,Lift
1209,1209,105,0.12,0.07,0.96,4,Lift
1210,1210,106,0.13,0.02,0.91,4,Lift
1211,1211,107,0.13,0.04,0.96,4,Lift
1212,1212,108,0.1,0.02,0.99,4,Lift
1213,1213,109,0.07,0.07,0.94,4,Lift
1214,1214,110,0.04,0.16,1.01,4,Lift
1215,1215,111,0.02,0.1,1.0,4,Lift
1216,1216,112,-0.02,0.06,1.09,4,Lift
1217,1217,113,-0.02,0.01,1.05,4,Lift
1218,1218,114,0.02,0.04,0.99,4,Lift
1219,1219,115,0.04,0.05,1.0,4,Lift
1220,1220,116,0.04,0.05,1.0,4,Lift
1221,1221,117,0.04,0.04,1.0,4,Lift
1222,1222,118,0.04,0.04,1.0,4,Lift
1223,1223,119,0.04,0.05,1.0,4,Lift
1224,1224,120,0.04,0.04,1.0,4,Lift
1225,1225,121,0.04,0.05,1.0,4,Lift
1226,1226,122,0.04,0.04,1.0,4,Lift
1227,1227,123,0.04,0.05,1.0,4,Lift
1228,1228,124,0.04,0.05,1.0,4,Lift
1229,1229,125,0.04,0.05,1.0,4,Lift
1230,1230,126,0.04,0.05,1.0,4,Lift
1231,1231,127,0.04,0.05,1.0,4,Lift
1232,1232,128,0.04,0.05,1.0,4,Lift
1233,1233,129,0.03,0.05,1.0,4,Lift
1234,1234,130,0.04,0.05,1.0,4,Lift
1235,1235,131,0.04,0.04,1.0,4,Lift
1236,1236,132,0.04,0.05,1.0,4,Lift
1237,1237,133,0.04,0.05,1.0,4,Lift
1238,1238,134,0.04,0.05,1.0,4,Lift
1239,1239,135,0.04,0.05,1.0,4,Lift
1240,1240,136,0.04,0.05,1.0,4,Lift
1241,1241,137,0.04,0.04,1.0,4,Lift
1242,1242,138,0.04,0.05,1.0,4,Lift
1243,1243,139,0.04,0.04,1.0,4,Lift
1244,1244,140,0.04,0.05,1.0,4,Lift
1245,1245,141,0.04,0.04,1.0,4,Lift
1246,1246,142,0.04,0.05,1.0,4,Lift
1247,1247,143,0.04,0.05,1.0,4,Lift
1248,1248,144,0.04,0.05,1.0,4,Lift
1249,1249,145,0.04,0.05,1.0,4,Lift
1250,1250,146,0.04,0.04,1.0,4,Lift
1251,1251,147,0.04,0.04,1.0,4,Lift
1252,1252,148,0.04,0.05,1.0,4,Lift
1253,1253,149,0.04,0.05,1.0,4,Lift
1254,1254,150,0.04,0.05,1.0,4,Lift
1255,1255,151,-0.04,0.07,1.02,4,Lift
1256,1256,152,-0.0,-0.01,1.16,4,Lift
1257,1257,153,0.04,0.0,1.03,4,Lift
1258,1258,154,0.01,0.0,1.01,4,Lift
1259,1259,155,0.0,0.05,1.02,4,Lift
1260,1260,156,0.04,0.03,0.99,4,Lift
1261,1261,157,0.08,0.03,1.0,4,Lift
1262,1262,158,0.09,0.03,0.99,4,Lift
1263,1263,159,0.12,0.04,0.99,4,Lift
1264,1264,160,0.13,0.02,0.96,4,Lift
1265,1265,161,0.12,-0.0,0.98,4,Lift
1266,1266,162,0.11,0.02,0.93,4,Lift
1267,1267,163,0.1,0.02,0.89,4,Lift
1268,1268,164,0.08,0.02,1.06,4,Lift
1269,1269,165,0.06,0.0,1.01,4,Lift
1270,1270,166,0.07,0.02,0.94,4,Lift
1271,1271,167,0.04,0.03,1.08,4,Lift
1272,1272,168,0.01,0.02,1.06,4,Lift
1273,1273,169,0.03,0.04,0.98,4,Lift
1274,1274,170,0.03,0.05,1.0,4,Lift
1275,1275,171,0.03,0.05,1.0,4,Lift
1276,1276,172,0.04,0.05,1.0,4,Lift
1277,1277,173,0.04,0.05,1.0,4,Lift
1278,1278,174,0.03,0.04,1.0,4,Lift
1279,1279,175,0.04,0.05,1.0,4,Lift
1280,1280,176,0.04,0.05,1.0,4,Lift
1281,1281,177,0.04,0.05,1.0,4,Lift
1282,1282,178,0.04,0.05,1.0,4,Lift
1283,1283,179,0.04,0.05,1.0,4,Lift
1284,1284,180,0.04,0.04,1.0,4,Lift
1285,1285,181,0.04,0.05,1.0,4,Lift
1286,1286,182,0.04,0.05,1.0,4,Lift
1287,1287,183,0.04,0.04,1.0,4,Lift
1288,1288,184,0.04,0.05,1.0,4,Lift
1289,1289,185,0.04,0.04,1.0,4,Lift
1290,1290,186,0.04,0.05,1.0,4,Lift
1291,1291,187,0.04,0.04,1.0,4,Lift
1292,1292,188,0.04,0.05,1.0,4,Lift
1293,1293,189,0.04,0.05,1.0,4,Lift
1294,1294,190,0.04,0.05,1.0,4,Lift
1295,1295,191,0.04,0.05,1.0,4,Lift
1296,1296,192,0.04,0.04,1.0,4,Lift
1297,1297,193,0.04,0.05,1.0,4,Lift
1298,1298,194,0.04,0.05,1.0,4,Lift
1299,1299,195,0.04,0.05,1.0,4,Lift
1300,1300,196,0.04,0.04,1.0,4,Lift
1301,1301,197,0.04,0.05,1.0,4,Lift
1302,1302,198,0.04,0.04,1.0,4,Lift
1303,1303,199,0.04,0.04,1.0,4,Lift
1304,1304,200,0.04,0.04,1.0,4,Lift
1305,1305,201,0.04,0.05,1.0,4,Lift
1306,1306,202,0.04,0.04,1.0,4,Lift
1307,1307,203,0.04,0.05,1.0,4,Lift
1308,1308,204,0.04,0.05,1.0,4,Lift
1309,1309,205,0.04,0.05,1.0,4,Lift
1310,1310,206,0.04,0.04,1.0,4,Lift
1311,1311,207,0.04,0.05,1.0,4,Lift
1312,1312,208,0.01,0.03,1.0,4,Lift
1313,1313,209,-0.02,0.0,1.12,4,Lift
1314,1314,210,-0.02,0.02,1.02,4,Lift
1315,1315,211,-0.01,0.02,1.05,4,Lift
1316,1316,212,0.01,0.03,0.94,4,Lift
1317,1317,213,0.01,0.05,1.02,4,Lift
1318,1318,214,0.05,0.03,0.97,4,Lift
1319,1319,215,0.08,0.0,0.98,4,Lift
1320,1320,216,0.09,0.04,0.99,4,Lift
1321,1321,217,0.09,0.07,0.94,4,Lift
1322,1322,218,0.11,0.03,0.96,4,Lift
1323,1323,219,0.06,0.0,1.0,4,Lift
1324,1324,220,0.05,0.02,1.0,4,Lift
1325,1325,221,0.06,0.03,1.0,4,Lift
1326,1326,222,0.05,0.05,1.02,4,Lift
1327,1327,223,0.04,-0.01,1.06,4,Lift
1328,1328,224,0.0,0.02,1.04,4,Lift
1329,1329,225,0.04,0.05,1.03,4,Lift
1330,1330,226,0.02,0.0,1.08,4,Lift
1331,1331,227,0.04,0.04,1.01,4,Lift
1332,1332,228,0.04,0.05,1.0,4,Lift
1333,1333,229,0.04,0.05,1.0,4,Lift
1334,1334,230,0.04,0.04,1.0,4,Lift
1335,1335,231,0.04,0.05,1.0,4,Lift
1336,1336,232,0.04,0.05,1.0,4,Lift
1337,1337,233,0.04,0.05,1.0,4,Lift
1338,1338,234,0.04,0.05,1.0,4,Lift
1339,1339,235,0.04,0.05,1.0,4,Lift
1340,1340,236,0.04,0.04,1.0,4,Lift
1341,1341,237,0.04,0.05,1.0,4,Lift
1342,1342,238,0.04,0.05,1.0,4,Lift
1343,1343,239,0.04,0.05,1.0,4,Lift
1344,1344,240,0.04,0.05,1.0,4,Lift
1345,1345,241,0.04,0.05,1.0,4,Lift
1346,1346,242,0.04,0.05,1.0,4,Lift
1347,1347,243,0.04,0.05,1.0,4,Lift
1348,1348,244,0.04,0.05,1.0,4,Lift
1349,1349,245,0.04,0.05,1.0,4,Lift
1350,1350,246,0.04,0.05,1.0,4,Lift
1351,1351,247,0.04,0.05,1.0,4,Lift
1352,1352,248,0.04,0.05,1.0,4,Lift
1353,1353,249,0.04,0.05,1.0,4,Lift
1354,1354,250,0.04,0.04,1.0,4,Lift
1355,1355,251,0.04,0.05,1.0,4,Lift
1356,1356,252,0.04,0.05,1.0,4,Lift
1357,1357,253,0.04,0.05,1.0,4,Lift
1358,1358,254,0.04,0.05,1.0,4,Lift
1359,1359,255,0.04,0.05,1.0,4,Lift
1360,1360,256,0.04,0.04,1.0,4,Lift
1361,1361,257,0.04,0.04,1.0,4,Lift
1362,1362,258,0.04,0.04,1.0,4,Lift
1363,1363,259,0.04,0.05,1.0,4,Lift
1364,1364,260,0.04,0.05,1.0,4,Lift
1365,1365,261,0.04,0.05,1.0,4,Lift
1366,1366,262,0.04,0.04,1.0,4,Lift
1367,1367,263,0.06,0.07,1.0,4,Lift
1368,1368,264,0.01,0.05,1.0,4,Lift
1369,1369,265,0.02,0.03,1.05,4,Lift
1370,1370,266,0.01,0.08,0.93,4,Lift
1371,1371,267,-0.02,0.0,1.01,4,Lift
1372,1372,268,-0.02,0.02,1.0,4,Lift
1373,1373,269,0.03,0.07,1.03,4,Lift
1374,1374,270,0.05,0.03,0.97,4,Lift
1375,1375,271,0.13,0.06,0.91,4,Lift
1376,1376,272,0.14,0.05,0.95,4,Lift
1377,1377,273,0.12,0.09,0.91,4,Lift
1378,1378,274,0.11,0.01,0.99,4,Lift
1379,1379,275,0.07,0.06,0.99,4,Lift
1380,1380,276,0.07,0.02,1.02,4,Lift
1381,1381,277,0.04,0.05,1.03,4,Lift
1382,1382,278,0.04,0.0,0.99,4,Lift
1383,1383,279,0.05,0.05,1.09,4,Lift
1384,1384,280,0.03,0.02,0.96,4,Lift
1385,1385,281,-0.02,0.06,0.95,4,Lift
1386,1386,282,0.04,0.05,1.01,4,Lift
1387,1387,283,0.04,0.05,1.0,4,Lift
1388,1388,284,0.04,0.05,1.0,4,Lift
1389,1389,285,0.04,0.05,1.0,4,Lift
1390,1390,286,0.04,0.05,1.0,4,Lift
1391,1391,287,0.04,0.05,1.0,4,Lift
1392,1392,288,0.04,0.05,1.0,4,Lift
1393,1393,289,0.04,0.05,1.0,4,Lift
1394,1394,290,0.04,0.05,1.0,4,Lift
1395,1395,291,0.04,0.05,1.0,4,Lift
1396,1396,292,0.04,0.04,1.0,4,Lift
1397,1397,293,0.04,0.05,1.0,4,Lift
1398,1398,294,0.04,0.05,1.0,4,Lift
1399,1399,295,0.04,0.05,1.0,4,Lift
1400,1400,296,0.04,0.05,1.0,4,Lift
1401,1401,297,0.04,0.04,1.0,4,Lift
1402,1402,298,0.04,0.04,1.0,4,Lift
1403,1403,299,0.04,0.05,1.0,4,Lift
1404,1404,300,0.04,0.04,1.0,4,Lift
1405,1405,301,0.04,0.04,1.0,4,Lift
1406,1406,302,0.04,0.05,1.0,4,Lift
1407,1407,303,0.04,0.04,1.0,4,Lift
1408,1408,304,0.04,0.05,1.0,4,Lift
1409,1409,305,0.04,0.04,1.0,4,Lift
1410,1410,306,0.04,0.05,1.0,4,Lift
1411,1411,307,0.04,0.05,1.0,4,Lift
1412,1412,308,0.04,0.05,1.0,4,Lift
1413,1413,309,0.04,0.05,1.0,4,Lift
1414,1414,310,0.04,0.05,1.0,4,Lift
1415,1415,311,0.04,0.05,1.0,4,Lift
1416,1416,312,0.04,0.04,1.0,4,Lift
1417,1417,313,0.04,0.04,1.0,4,Lift
1418,1418,314,0.02,0.02,1.01,4,Lift
1419,1419,315,-0.04,0.09,1.16,4,Lift
1420,1420,316,-0.02,0.09,0.99,4,Lift
1421,1421,317,-0.04,0.0,1.01,4,Lift
1422,1422,318,0.0,0.03,0.99,4,Lift
1423,1423,319,0.02,0.08,0.98,4,Lift
1424,1424,320,0.07,0.03,0.96,4,Lift
1425,1425,321,0.06,0.03,0.94,4,Lift
1426,1426,322,0.08,0.07,0.9,4,Lift
1427,1427,323,0.07,0.07,0.92,4,Lift
1428,1428,324,0.09,0.09,1.0,4,Lift
1429,1429,325,0.06,0.05,1.0,4,Lift
1430,1430,326,0.05,0.12,1.02,4,Lift
1431,1431,327,0.03,0.01,1.0,4,Lift
1432,1432,328,0.03,0.04,0.98,4,Lift
1433,1433,329,0.05,0.09,1.09,4,Lift
1434,1434,330,0.02,0.05,0.99,4,Lift
1435,1435,331,0.05,0.05,1.0,4,Lift
1436,1436,332,0.03,0.05,1.0,4,Lift
1437,1437,333,0.04,0.04,1.0,4,Lift
1438,1438,334,0.04,0.05,1.0,4,Lift
1439,1439,335,0.04,0.05,1.0,4,Lift
1440,1440,336,0.04,0.04,1.0,4,Lift
1441,1441,337,0.04,0.04,1.0,4,Lift
1442,1442,338,0.03,0.05,1.0,4,Lift
1443,1443,339,0.04,0.05,1.0,4,Lift
1444,1444,340,0.04,0.05,1.0,4,Lift
1445,1445,341,0.03,0.05,1.0,4,Lift
1446,1446,342,0.04,0.04,1.0,4,Lift
1447,1447,343,0.04,0.05,1.01,4,Lift
1448,1448,344,0.04,0.04,1.0,4,Lift
1449,1449,345,0.04,0.05,1.0,4,Lift
1450,1450,346,0.04,0.05,1.0,4,Lift
1451,1451,347,0.04,0.05,1.0,4,Lift
1452,1452,348,0.04,0.05,1.0,4,Lift
1453,1453,349,0.04,0.05,1.0,4,Lift
1454,1454,350,0.04,0.05,1.0,4,Lift
1455,1455,351,0.04,0.05,1.0,4,Lift
1456,1456,352,0.04,0.04,1.0,4,Lift
1457,1457,353,0.04,0.05,1.0,4,Lift
1458,1458,354,0.04,0.05,1.0,4,Lift
1459,1459,355,0.04,0.05,1.0,4,Lift
1460,1460,356,0.04,0.04,1.0,4,Lift
1461,1461,357,0.04,0.04,1.0,4,Lift
1462,1462,358,0.04,0.04,1.0,4,Lift
1463,1463,359,0.04,0.05,1.0,4,Lift
1464,1464,360,0.04,0.05,1.0,4,Lift
1465,1465,361,0.04,0.05,1.0,4,Lift
1466,1466,362,0.04,0.04,1.0,4,Lift
1467,1467,363,0.04,0.04,1.0,4,Lift
1468,1468,364,0.04,0.05,1.0,4,Lift
1469,1469,365,0.04,0.05,1.0,4,Lift
1470,1470,366,-0.05,0.05,1.0,4,Lift
1471,1471,367,-0.03,0.04,1.03,4,Lift
1472,1472,368,-0.01,0.04,1.0,4,Lift
1473,1473,369,-0.02,0.07,0.95,4,Lift
1474,1474,370,-0.03,0.01,1.01,4,Lift
1475,1475,371,0.02,0.0,0.99,4,Lift
1476,1476,372,0.06,0.03,1.04,4,Lift
1477,1477,373,0.06,-0.0,0.96,4,Lift
1478,1478,374,0.1,-0.02,0.93,4,Lift
1479,1479,375,0.08,0.03,0.89,4,Lift
1480,1480,376,0.05,0.09,1.01,4,Lift
1481,1481,377,0.04,0.02,0.96,4,Lift
1482,1482,378,0.02,0.0,1.01,4,Lift
1483,1483,379,-0.0,0.06,1.1,4,Lift
1484,1484,380,0.0,0.06,1.04,4,Lift
1485,1485,381,0.02,-0.03,1.05,4,Lift
1486,1486,382,0.04,0.05,1.01,4,Lift
1487,1487,383,0.04,0.04,1.01,4,Lift
1488,1488,384,0.02,0.05,1.0,4,Lift
1489,1489,385,0.04,0.05,1.0,4,Lift
1490,1490,386,0.04,0.04,1.0,4,Lift
1491,1491,387,0.04,0.04,1.0,4,Lift
1492,1492,388,0.04,0.05,1.0,4,Lift
1493,1493,389,0.04,0.05,1.0,4,Lift
1494,1494,390,0.04,0.04,1.0,4,Lift
1495,1495,391,0.04,0.05,1.0,4,Lift
1496,1496,392,0.04,0.05,1.0,4,Lift
1497,1497,393,0.04,0.05,1.0,4,Lift
1498,1498,394,0.04,0.05,1.0,4,Lift
1499,1499,395,0.04,0.05,1.0,4,Lift
1500,1500,396,0.04,0.05,1.0,4,Lift
1501,1501,397,0.04,0.05,1.0,4,Lift
1502,1502,398,0.04,0.05,1.0,4,Lift
1503,1503,399,0.04,0.05,1.0,4,Lift
1504,1504,400,0.04,0.04,1.0,4,Lift
1505,1505,401,0.04,0.05,1.0,4,Lift
1506,1506,402,0.04,0.05,1.0,4,Lift
1507,1507,403,0.04,0.04,1.0,4,Lift
1508,1508,404,0.04,0.04,1.0,4,Lift
1509,1509,405,0.04,0.04,1.0,4,Lift
1510,1510,406,0.03,0.05,1.0,4,Lift
1511,1511,407,0.04,0.05,1.0,4,Lift
1512,1512,408,0.04,0.05,1.0,4,Lift
1513,1513,409,0.04,0.05,1.0,4,Lift
1514,1514,410,0.04,0.05,1.0,4,Lift
1515,1515,411,0.04,0.05,1.0,4,Lift
1516,1516,412,0.04,0.04,1.0,4,Lift
1517,1517,413,0.06,0.02,1.0,4,Lift
1518,1518,414,0.0,0.07,1.05,4,Lift
1519,1519,415,-0.01,0.04,1.0,4,Lift
1520,1520,416,0.0,-0.0,1.0,4,Lift
1521,1521,417,-0.02,0.02,0.96,4,Lift
1522,1522,418,-0.02,-0.0,0.93,4,Lift
1523,1523,419,0.0,-0.05,1.02,4,Lift
1524,1524,420,0.02,0.02,1.01,4,Lift
1525,1525,421,0.06,0.04,0.96,4,Lift
1526,1526,422,0.09,0.0,1.0,4,Lift
1527,1527,423,0.1,0.0,0.85,4,Lift
1528,1528,424,0.12,0.0,0.96,4,Lift
1529,1529,425,0.06,0.05,1.01,4,Lift
1530,1530,426,0.03,-0.02,1.0,4,Lift
1531,1531,427,0.04,0.05,1.03,4,Lift
1532,1532,428,0.0,0.0,1.03,4,Lift
1533,1533,429,0.04,0.0,1.01,4,Lift
1534,1534,430,0.03,0.04,1.01,4,Lift
1535,1535,431,0.04,0.04,1.0,4,Lift
1536,1536,432,0.04,0.04,1.0,4,Lift
1537,1537,433,0.04,0.05,1.0,4,Lift
1538,1538,434,0.04,0.04,1.0,4,Lift
1539,1539,435,0.04,0.05,1.0,4,Lift
1540,1540,436,0.04,0.05,1.0,4,Lift
1541,1541,437,0.04,0.05,1.0,4,Lift
1542,1542,438,0.04,0.05,1.0,4,Lift
1543,1543,439,0.04,0.05,1.0,4,Lift
1544,1544,440,0.04,0.05,1.0,4,Lift
1545,1545,441,0.04,0.05,1.0,4,Lift
1546,1546,442,0.04,0.04,1.0,4,Lift
1547,1547,443,0.04,0.05,1.0,4,Lift
1548,1548,444,0.04,0.04,1.0,4,Lift
1549,1549,445,0.04,0.04,1.0,4,Lift
1550,1550,446,0.04,0.04,1.0,4,Lift
1551,1551,447,0.04,0.05,1.0,4,Lift
1552,1552,448,0.04,0.04,1.0,4,Lift
1553,1553,449,0.04,0.05,1.0,4,Lift
1554,1554,450,0.04,0.04,1.0,4,Lift
1555,1555,451,0.04,0.05,1.0,4,Lift
1556,1556,452,0.04,0.05,1.0,4,Lift
1557,1557,453,0.04,0.05,1.0,4,Lift
1558,1558,454,0.04,0.04,1.0,4,Lift
1559,1559,455,0.04,0.05,1.0,4,Lift
1560,1560,456,0.04,0.04,1.0,4,Lift
1561,1561,457,0.04,0.04,1.0,4,Lift
1562,1562,458,0.04,0.0,,4,Lift
1563,1563,0,0.04,0.05,1.0,5,Lift
1564,1564,1,0.04,0.05,1.0,5,Lift
1565,1565,2,0.04,0.04,1.0,5,Lift
1566,1566,3,0.04,0.05,1.0,5,Lift
1567,1567,4,0.04,0.05,1.0,5,Lift
1568,1568,5,0.04,0.05,1.0,5,Lift
1569,1569,6,0.04,0.05,1.0,5,Lift
1570,1570,7,0.04,0.05,1.0,5,Lift
1571,1571,8,0.04,0.05,1.0,5,Lift
1572,1572,9,0.04,0.05,1.0,5,Lift
1573,1573,10,0.04,0.04,1.0,5,Lift
1574,1574,11,0.04,0.05,1.0,5,Lift
1575,1575,12,0.04,0.05,1.0,5,Lift
1576,1576,13,0.04,0.05,1.0,5,Lift
1577,1577,14,0.04,0.05,1.0,5,Lift
1578,1578,15,0.04,0.04,1.0,5,Lift
1579,1579,16,0.04,0.05,1.0,5,Lift
1580,1580,17,0.04,0.05,1.0,5,Lift
1581,1581,18,0.04,0.05,1.0,5,Lift
1582,1582,19,0.04,0.04,1.0,5,Lift
1583,1583,20,0.04,0.04,1.0,5,Lift
1584,1584,21,0.04,0.05,1.0,5,Lift
1585,1585,22,0.04,0.05,1.0,5,Lift
1586,1586,23,0.04,0.05,1.0,5,Lift
1587,1587,24,0.04,0.04,1.0,5,Lift
1588,1588,25,0.04,0.04,1.0,5,Lift
1589,1589,26,0.04,0.04,1.0,5,Lift
1590,1590,27,0.04,0.04,1.0,5,Lift
1591,1591,28,0.04,0.05,1.0,5,Lift
1592,1592,29,0.04,0.04,1.0,5,Lift
1593,1593,30,0.04,0.05,1.0,5,Lift
1594,1594,31,0.04,0.05,1.0,5,Lift
1595,1595,32,0.04,0.05,1.0,5,Lift
1596,1596,33,0.04,0.05,1.0,5,Lift
1597,1597,34,0.04,0.04,1.0,5,Lift
1598,1598,35,0.04,0.05,1.0,5,Lift
1599,1599,36,0.04,0.05,1.0,5,Lift
1600,1600,37,0.04,0.05,1.0,5,Lift
1601,1601,38,0.04,0.05,1.0,5,Lift
1602,1602,39,0.04,0.04,1.0,5,Lift
1603,1603,40,0.04,0.05,1.0,5,Lift
1604,1604,41,0.04,0.05,1.0,5,Lift
1605,1605,42,0.04,0.05,1.0,5,Lift
1606,1606,43,0.04,0.05,1.0,5,Lift
1607,1607,44,0.02,0.0,1.01,5,Lift
1608,1608,45,-0.03,0.04,1.25,5,Lift
1609,1609,46,0.06,0.06,1.11,5,Lift
1610,1610,47,0.06,0.12,0.89,5,Lift
1611,1611,48,0.06,0.06,0.97,5,Lift
1612,1612,49,0.1,0.03,0.96,5,Lift
1613,1613,50,0.11,0.07,0.98,5,Lift
1614,1614,51,0.07,0.05,0.99,5,Lift
1615,1615,52,0.06,0.05,0.93,5,Lift
1616,1616,53,0.01,0.09,1.09,5,Lift
1617,1617,54,-0.0,0.08,1.05,5,Lift
1618,1618,55,0.01,0.03,1.01,5,Lift
1619,1619,56,-0.02,0.05,1.02,5,Lift
1620,1620,57,0.01,0.05,1.0,5,Lift
1621,1621,58,0.03,0.05,1.0,5,Lift
1622,1622,59,0.04,0.04,1.0,5,Lift
1623,1623,60,0.04,0.05,1.0,5,Lift
1624,1624,61,0.04,0.04,1.0,5,Lift
1625,1625,62,0.04,0.05,1.0,5,Lift
1626,1626,63,0.04,0.05,1.0,5,Lift
1627,1627,64,0.04,0.05,1.0,5,Lift
1628,1628,65,0.04,0.04,1.0,5,Lift
1629,1629,66,0.04,0.05,1.0,5,Lift
1630,1630,67,0.04,0.05,1.0,5,Lift
1631,1631,68,0.04,0.04,1.0,5,Lift
1632,1632,69,0.04,0.05,1.0,5,Lift
1633,1633,70,0.04,0.04,1.0,5,Lift
1634,1634,71,0.04,0.05,1.0,5,Lift
1635,1635,72,0.04,0.04,1.0,5,Lift
1636,1636,73,0.04,0.05,1.0,5,Lift
1637,1637,74,0.04,0.04,1.0,5,Lift
1638,1638,75,0.04,0.05,1.0,5,Lift
1639,1639,76,0.04,0.05,1.0,5,Lift
1640,1640,77,0.04,0.05,1.0,5,Lift
1641,1641,78,0.04,0.04,1.0,5,Lift
1642,1642,79,0.04,0.04,1.0,5,Lift
1643,1643,80,0.04,0.05,1.0,5,Lift
1644,1644,81,0.04,0.05,1.0,5,Lift
1645,1645,82,0.04,0.04,1.0,5,Lift
1646,1646,83,0.04,0.05,1.0,5,Lift
1647,1647,84,0.04,0.04,1.0,5,Lift
1648,1648,85,0.04,0.05,1.0,5,Lift
1649,1649,86,0.04,0.05,1.0,5,Lift
1650,1650,87,0.04,0.05,1.0,5,Lift
1651,1651,88,0.04,0.05,1.0,5,Lift
1652,1652,89,0.04,0.05,1.0,5,Lift
1653,1653,90,0.04,0.05,1.0,5,Lift
1654,1654,91,0.04,0.04,1.0,5,Lift
1655,1655,92,0.04,0.04,1.01,5,Lift
1656,1656,93,0.04,0.05,1.0,5,Lift
1657,1657,94,0.04,0.05,1.0,5,Lift
1658,1658,95,0.04,0.05,1.0,5,Lift
1659,1659,96,0.04,0.05,1.0,5,Lift
1660,1660,97,0.04,0.05,1.0,5,Lift
1661,1661,98,0.04,0.04,1.0,5,Lift
1662,1662,99,0.04,0.04,1.01,5,Lift
1663,1663,100,0.0,0.05,0.99,5,Lift
1664,1664,101,0.04,0.05,1.15,5,Lift
1665,1665,102,0.01,0.06,1.07,5,Lift
1666,1666,103,0.05,0.03,0.93,5,Lift
1667,1667,104,0.11,0.07,1.0,5,Lift
1668,1668,105,0.13,0.05,0.91,5,Lift
1669,1669,106,0.16,0.06,0.98,5,Lift
1670,1670,107,0.17,0.03,0.94,5,Lift
1671,1671,108,0.12,0.12,0.97,5,Lift
1672,1672,109,0.05,0.13,0.98,5,Lift
1673,1673,110,0.0,0.01,1.07,5,Lift
1674,1674,111,0.0,0.05,0.99,5,Lift
1675,1675,112,0.0,0.09,0.96,5,Lift
1676,1676,113,0.02,0.05,1.09,5,Lift
1677,1677,114,0.02,0.07,0.94,5,Lift
1678,1678,115,0.04,0.03,1.0,5,Lift
1679,1679,116,0.04,0.04,1.0,5,Lift
1680,1680,117,0.04,0.04,1.0,5,Lift
1681,1681,118,0.04,0.04,1.0,5,Lift
1682,1682,119,0.04,0.05,1.0,5,Lift
1683,1683,120,0.04,0.04,1.0,5,Lift
1684,1684,121,0.04,0.05,1.0,5,Lift
1685,1685,122,0.04,0.04,1.0,5,Lift
1686,1686,123,0.04,0.04,1.0,5,Lift
1687,1687,124,0.03,0.05,1.0,5,Lift
1688,1688,125,0.03,0.05,1.0,5,Lift
1689,1689,126,0.04,0.05,1.0,5,Lift
1690,1690,127,0.04,0.05,1.0,5,Lift
1691,1691,128,0.04,0.05,1.0,5,Lift
1692,1692,129,0.04,0.05,1.0,5,Lift
1693,1693,130,0.04,0.04,1.0,5,Lift
1694,1694,131,0.04,0.04,1.0,5,Lift
1695,1695,132,0.04,0.05,1.0,5,Lift
1696,1696,133,0.04,0.05,1.0,5,Lift
1697,1697,134,0.04,0.05,1.0,5,Lift
1698,1698,135,0.04,0.05,1.0,5,Lift
1699,1699,136,0.04,0.05,1.0,5,Lift
1700,1700,137,0.04,0.05,1.0,5,Lift
1701,1701,138,0.04,0.05,1.0,5,Lift
1702,1702,139,0.04,0.05,1.0,5,Lift
1703,1703,140,0.04,0.04,1.0,5,Lift
1704,1704,141,0.04,0.04,1.0,5,Lift
1705,1705,142,0.04,0.04,1.0,5,Lift
1706,1706,143,0.04,0.04,1.0,5,Lift
1707,1707,144,0.04,0.04,1.0,5,Lift
1708,1708,145,0.04,0.04,1.0,5,Lift
1709,1709,146,0.04,0.04,1.0,5,Lift
1710,1710,147,0.04,0.05,1.0,5,Lift
1711,1711,148,0.04,0.05,1.0,5,Lift
1712,1712,149,0.04,0.05,1.0,5,Lift
1713,1713,150,0.04,0.05,1.0,5,Lift
1714,1714,151,0.04,0.05,1.0,5,Lift
1715,1715,152,0.04,0.04,1.0,5,Lift
1716,1716,153,0.07,0.01,1.01,5,Lift
1717,1717,154,0.02,0.06,1.04,5,Lift
1718,1718,155,0.04,0.05,1.02,5,Lift
1719,1719,156,0.03,0.11,1.07,5,Lift
1720,1720,157,0.11,0.07,0.88,5,Lift
1721,1721,158,0.14,0.05,0.99,5,Lift
1722,1722,159,0.18,0.07,0.88,5,Lift
1723,1723,160,0.15,0.07,0.97,5,Lift
1724,1724,161,0.08,0.06,0.98,5,Lift
1725,1725,162,0.09,0.07,1.09,5,Lift
1726,1726,163,0.09,0.01,1.02,5,Lift
1727,1727,164,0.05,0.06,1.02,5,Lift
1728,1728,165,0.0,0.07,1.04,5,Lift
1729,1729,166,0.01,0.1,1.02,5,Lift
1730,1730,167,0.03,0.02,1.05,5,Lift
1731,1731,168,0.04,0.03,1.0,5,Lift
1732,1732,169,0.04,0.05,1.0,5,Lift
1733,1733,170,0.04,0.04,1.0,5,Lift
1734,1734,171,0.04,0.04,1.0,5,Lift
1735,1735,172,0.04,0.05,1.0,5,Lift
1736,1736,173,0.04,0.05,1.0,5,Lift
1737,1737,174,0.04,0.04,1.0,5,Lift
1738,1738,175,0.04,0.05,1.0,5,Lift
1739,1739,176,0.04,0.04,1.0,5,Lift
1740,1740,177,0.04,0.05,1.0,5,Lift
1741,1741,178,0.04,0.05,1.0,5,Lift
1742,1742,179,0.04,0.05,1.0,5,Lift
1743,1743,180,0.04,0.05,1.0,5,Lift
1744,1744,181,0.04,0.05,1.0,5,Lift
1745,1745,182,0.04,0.04,1.0,5,Lift
1746,1746,183,0.04,0.05,1.0,5,Lift
1747,1747,184,0.04,0.05,1.0,5,Lift
1748,1748,185,0.04,0.05,1.0,5,Lift
1749,1749,186,0.04,0.05,1.0,5,Lift
1750,1750,187,0.04,0.05,1.0,5,Lift
1751,1751,188,0.04,0.05,1.0,5,Lift
1752,1752,189,0.04,0.05,1.0,5,Lift
1753,1753,190,0.04,0.04,1.0,5,Lift
1754,1754,191,0.04,0.04,1.0,5,Lift
1755,1755,192,0.04,0.05,1.0,5,Lift
1756,1756,193,0.04,0.05,1.0,5,Lift
1757,1757,194,0.04,0.05,1.0,5,Lift
1758,1758,195,0.04,0.04,1.0,5,Lift
1759,1759,196,0.04,0.04,1.0,5,Lift
1760,1760,197,0.04,0.05,1.0,5,Lift
1761,1761,198,0.04,0.05,1.0,5,Lift
1762,1762,199,0.04,0.04,1.0,5,Lift
1763,1763,200,0.04,0.05,1.0,5,Lift
1764,1764,201,0.04,0.05,1.0,5,Lift
1765,1765,202,0.04,0.05,1.0,5,Lift
1766,1766,203,0.04,0.04,1.0,5,Lift
1767,1767,204,0.04,0.04,1.0,5,Lift
1768,1768,205,0.04,0.05,1.0,5,Lift
1769,1769,206,0.04,0.05,1.0,5,Lift
1770,1770,207,0.03,0.03,1.0,5,Lift
1771,1771,208,0.04,0.04,0.99,5,Lift
1772,1772,209,0.01,0.04,1.15,5,Lift
1773,1773,210,0.06,0.03,0.98,5,Lift
1774,1774,211,0.07,0.02,0.96,5,Lift
1775,1775,212,0.11,0.04,0.9,5,Lift
1776,1776,213,0.15,0.08,0.96,5,Lift
1777,1777,214,0.15,0.06,0.99,5,Lift
1778,1778,215,0.15,0.04,1.0,5,Lift
1779,1779,216,0.15,0.03,1.0,5,Lift
1780,1780,217,0.15,0.07,1.02,5,Lift
1781,1781,218,0.15,0.04,0.96,5,Lift
1782,1782,219,0.13,0.07,0.89,5,Lift
1783,1783,220,0.03,0.04,0.91,5,Lift
1784,1784,221,-0.02,0.02,1.03,5,Lift
1785,1785,222,0.0,0.05,1.03,5,Lift
1786,1786,223,0.07,0.03,0.98,5,Lift
1787,1787,224,0.02,0.07,1.0,5,Lift
1788,1788,225,0.04,0.04,1.0,5,Lift
1789,1789,226,0.04,0.04,1.0,5,Lift
1790,1790,227,0.04,0.05,1.0,5,Lift
1791,1791,228,0.04,0.04,1.0,5,Lift
1792,1792,229,0.04,0.04,1.0,5,Lift
1793,1793,230,0.04,0.05,1.0,5,Lift
1794,1794,231,0.04,0.05,1.0,5,Lift
1795,1795,232,0.04,0.05,1.0,5,Lift
1796,1796,233,0.04,0.05,1.0,5,Lift
1797,1797,234,0.04,0.04,1.0,5,Lift
1798,1798,235,0.04,0.04,1.0,5,Lift
1799,1799,236,0.04,0.04,1.0,5,Lift
1800,1800,237,0.04,0.05,1.0,5,Lift
1801,1801,238,0.04,0.04,1.0,5,Lift
1802,1802,239,0.04,0.05,1.0,5,Lift
1803,1803,240,0.04,0.05,1.0,5,Lift
1804,1804,241,0.04,0.04,1.0,5,Lift
1805,1805,242,0.04,0.04,1.0,5,Lift
1806,1806,243,0.04,0.04,1.0,5,Lift
1807,1807,244,0.04,0.05,1.0,5,Lift
1808,1808,245,0.04,0.05,1.0,5,Lift
1809,1809,246,0.04,0.05,1.0,5,Lift
1810,1810,247,0.04,0.05,1.0,5,Lift
1811,1811,248,0.04,0.05,1.0,5,Lift
1812,1812,249,0.04,0.05,1.0,5,Lift
1813,1813,250,0.04,0.05,1.0,5,Lift
1814,1814,251,0.04,0.05,1.0,5,Lift
1815,1815,252,0.04,0.05,1.0,5,Lift
1816,1816,253,0.04,0.05,1.0,5,Lift
1817,1817,254,0.04,0.05,1.0,5,Lift
1818,1818,255,0.04,0.05,1.0,5,Lift
1819,1819,256,0.04,0.05,1.0,5,Lift
1820,1820,257,0.04,0.05,1.0,5,Lift
1821,1821,258,0.04,0.04,1.0,5,Lift
1822,1822,259,0.04,0.05,1.0,5,Lift
1823,1823,260,0.04,0.05,1.0,5,Lift
1824,1824,261,0.04,0.05,1.0,5,Lift
1825,1825,262,0.04,0.05,1.0,5,Lift
1826,1826,263,0.04,0.05,1.0,5,Lift
1827,1827,264,0.04,0.05,1.0,5,Lift
1828,1828,265,0.03,0.04,1.0,5,Lift
1829,1829,266,0.03,0.05,1.0,5,Lift
1830,1830,267,-0.02,0.05,1.02,5,Lift
1831,1831,268,0.04,0.07,1.12,5,Lift
1832,1832,269,0.04,0.13,0.99,5,Lift
1833,1833,270,0.09,0.09,0.94,5,Lift
1834,1834,271,0.12,0.07,0.89,5,Lift
1835,1835,272,0.13,0.09,0.95,5,Lift
1836,1836,273,0.09,0.14,0.92,5,Lift
1837,1837,274,0.01,0.13,1.05,5,Lift
1838,1838,275,0.01,0.05,1.06,5,Lift
1839,1839,276,0.01,0.07,0.97,5,Lift
1840,1840,277,0.01,0.11,1.04,5,Lift
1841,1841,278,0.04,0.07,1.02,5,Lift
1842,1842,279,0.02,0.04,1.0,5,Lift
1843,1843,280,0.04,0.05,1.0,5,Lift
1844,1844,281,0.03,0.05,1.0,5,Lift
1845,1845,282,0.04,0.04,1.0,5,Lift
1846,1846,283,0.04,0.04,1.0,5,Lift
1847,1847,284,0.04,0.05,1.0,5,Lift
1848,1848,285,0.04,0.05,1.0,5,Lift
1849,1849,286,0.04,0.05,1.0,5,Lift
1850,1850,287,0.04,0.04,1.0,5,Lift
1851,1851,288,0.04,0.05,1.0,5,Lift
1852,1852,289,0.04,0.05,1.0,5,Lift
1853,1853,290,0.04,0.05,1.0,5,Lift
1854,1854,291,0.04,0.05,1.0,5,Lift
1855,1855,292,0.04,0.04,1.0,5,Lift
1856,1856,293,0.04,0.04,1.0,5,Lift
1857,1857,294,0.03,0.05,1.0,5,Lift
1858,1858,295,0.04,0.04,1.0,5,Lift
1859,1859,296,0.04,0.05,1.0,5,Lift
1860,1860,297,0.04,0.04,1.0,5,Lift
1861,1861,298,0.04,0.05,1.0,5,Lift
1862,1862,299,0.04,0.05,1.0,5,Lift
1863,1863,300,0.04,0.05,1.0,5,Lift
1864,1864,301,0.04,0.04,1.0,5,Lift
1865,1865,302,0.04,0.05,1.0,5,Lift
1866,1866,303,0.04,0.05,1.0,5,Lift
1867,1867,304,0.04,0.05,1.0,5,Lift
1868,1868,305,0.04,0.04,1.0,5,Lift
1869,1869,306,0.04,0.05,1.0,5,Lift
1870,1870,307,0.04,0.05,1.0,5,Lift
1871,1871,308,0.04,0.05,1.0,5,Lift
1872,1872,309,0.04,0.05,1.0,5,Lift
1873,1873,310,0.04,0.05,1.0,5,Lift
1874,1874,311,0.04,0.05,1.0,5,Lift
1875,1875,312,0.04,0.04,1.0,5,Lift
1876,1876,313,0.04,0.05,1.0,5,Lift
1877,1877,314,0.04,0.04,1.0,5,Lift
1878,1878,315,0.04,0.05,1.0,5,Lift
1879,1879,316,0.04,0.05,1.0,5,Lift
1880,1880,317,0.04,0.05,1.0,5,Lift
1881,1881,318,0.04,0.05,1.0,5,Lift
1882,1882,319,0.04,0.04,1.0,5,Lift
1883,1883,320,0.04,0.05,1.0,5,Lift
1884,1884,321,0.02,0.08,1.02,5,Lift
1885,1885,322,0.04,0.11,1.03,5,Lift
1886,1886,323,0.04,0.14,0.95,5,Lift
1887,1887,324,0.11,0.1,0.96,5,Lift
1888,1888,325,0.18,0.06,0.95,5,Lift
1889,1889,326,0.2,0.1,0.89,5,Lift
1890,1890,327,0.19,0.11,0.92,5,Lift
1891,1891,328,0.11,0.05,0.98,5,Lift
1892,1892,329,0.03,0.11,1.02,5,Lift
1893,1893,330,0.02,0.12,1.03,5,Lift
1894,1894,331,-0.01,0.1,1.01,5,Lift
1895,1895,332,-0.06,0.33,1.64,5,Lift
1896,1896,333,0.04,0.05,1.0,5,Lift
1897,1897,334,0.03,0.05,1.0,5,Lift
1898,1898,335,0.03,0.05,1.0,5,Lift
1899,1899,336,0.04,0.05,1.0,5,Lift
1900,1900,337,0.04,0.05,1.0,5,Lift
1901,1901,338,0.04,0.04,1.0,5,Lift
1902,1902,339,0.04,0.05,1.0,5,Lift
1903,1903,340,0.04,0.05,1.0,5,Lift
1904,1904,341,0.04,0.04,1.0,5,Lift
1905,1905,342,0.04,0.05,1.0,5,Lift
1906,1906,343,0.04,0.05,1.0,5,Lift
1907,1907,344,0.04,0.04,1.0,5,Lift
1908,1908,345,0.04,0.05,1.0,5,Lift
1909,1909,346,0.04,0.05,1.0,5,Lift
1910,1910,347,0.04,0.04,1.0,5,Lift
1911,1911,348,0.04,0.05,1.0,5,Lift
1912,1912,349,0.04,0.05,1.0,5,Lift
1913,1913,350,0.04,0.05,1.0,5,Lift
1914,1914,351,0.04,0.05,1.0,5,Lift
1915,1915,352,0.04,0.05,1.0,5,Lift
1916,1916,353,0.04,0.05,1.0,5,Lift
1917,1917,354,0.04,0.05,1.0,5,Lift
1918,1918,355,0.04,0.05,1.0,5,Lift
1919,1919,356,0.04,0.04,1.0,5,Lift
1920,1920,357,0.04,0.05,1.0,5,Lift
1921,1921,358,0.04,0.04,1.0,5,Lift
1922,1922,359,0.04,0.05,1.0,5,Lift
1923,1923,360,0.04,0.05,1.0,5,Lift
1924,1924,361,0.04,0.05,1.0,5,Lift
1925,1925,362,0.03,0.05,1.0,5,Lift
1926,1926,363,0.04,0.05,1.0,5,Lift
1927,1927,364,0.04,0.05,1.0,5,Lift
1928,1928,365,0.04,0.05,1.0,5,Lift
1929,1929,366,0.04,0.05,1.0,5,Lift
1930,1930,367,0.04,0.05,1.0,5,Lift
1931,1931,368,0.04,0.04,1.0,5,Lift
1932,1932,369,0.04,0.05,1.0,5,Lift
1933,1933,370,0.04,0.05,1.0,5,Lift
1934,1934,371,0.04,0.05,1.0,5,Lift
1935,1935,372,0.04,0.05,1.0,5,Lift
1936,1936,373,0.02,0.07,1.01,5,Lift
1937,1937,374,0.02,0.04,1.02,5,Lift
1938,1938,375,-0.02,0.04,1.15,5,Lift
1939,1939,376,0.03,0.02,1.05,5,Lift
1940,1940,377,0.1,0.08,0.96,5,Lift
1941,1941,378,0.14,0.05,0.89,5,Lift
1942,1942,379,0.14,0.09,0.93,5,Lift
1943,1943,380,0.13,0.09,0.93,5,Lift
1944,1944,381,0.06,0.08,0.98,5,Lift
1945,1945,382,0.0,0.09,1.11,5,Lift
1946,1946,383,-0.02,0.07,1.09,5,Lift
1947,1947,384,-0.04,0.07,1.03,5,Lift
1948,1948,385,-0.01,0.09,1.0,5,Lift
1949,1949,386,0.01,0.09,1.03,5,Lift
1950,1950,387,0.03,0.05,0.99,5,Lift
1951,1951,388,0.04,0.04,1.0,5,Lift
1952,1952,389,0.04,0.05,1.0,5,Lift
1953,1953,390,0.04,0.05,1.0,5,Lift
1954,1954,391,0.04,0.04,1.0,5,Lift
1955,1955,392,0.04,0.05,1.0,5,Lift
1956,1956,393,0.04,0.05,1.0,5,Lift
1957,1957,394,0.04,0.05,1.0,5,Lift
1958,1958,395,0.04,0.05,1.0,5,Lift
1959,1959,396,0.04,0.05,1.0,5,Lift
1960,1960,397,0.04,0.04,1.0,5,Lift
1961,1961,398,0.04,0.05,1.0,5,Lift
1962,1962,399,0.04,0.05,1.0,5,Lift
1963,1963,400,0.04,0.05,1.0,5,Lift
1964,1964,401,0.04,0.05,1.0,5,Lift
1965,1965,402,0.04,0.05,1.0,5,Lift
1966,1966,403,0.04,0.05,1.0,5,Lift
1967,1967,404,0.04,0.04,1.0,5,Lift
1968,1968,405,0.04,0.05,1.0,5,Lift
1969,1969,406,0.04,0.05,1.0,5,Lift
1970,1970,407,0.03,0.05,1.0,5,Lift
1971,1971,408,0.04,0.05,1.0,5,Lift
1972,1972,409,0.04,0.05,1.0,5,Lift
1973,1973,410,0.04,0.05,1.0,5,Lift
1974,1974,411,0.04,0.05,1.0,5,Lift
1975,1975,412,0.04,0.05,1.0,5,Lift
1976,1976,413,0.04,0.05,1.0,5,Lift
1977,1977,414,0.04,0.05,1.0,5,Lift
1978,1978,415,0.04,0.05,1.0,5,Lift
1979,1979,416,0.04,0.05,1.0,5,Lift
1980,1980,417,0.04,0.05,1.0,5,Lift
1981,1981,418,0.03,0.05,1.0,5,Lift
1982,1982,419,0.04,0.04,1.0,5,Lift
1983,1983,420,0.04,0.05,1.0,5,Lift
1984,1984,421,0.04,0.04,1.0,5,Lift
1985,1985,422,0.04,0.05,1.0,5,Lift
1986,1986,423,0.04,0.05,1.0,5,Lift
1987,1987,424,0.04,0.05,1.0,5,Lift
1988,1988,425,0.04,0.04,1.0,5,Lift
1989,1989,426,0.04,0.05,1.0,5,Lift
1990,1990,427,0.04,0.05,1.0,5,Lift
1991,1991,428,0.04,0.05,1.0,5,Lift
1992,1992,429,0.04,0.05,1.0,5,Lift
1993,1993,430,0.04,0.04,1.0,5,Lift
1994,1994,431,0.0,0.03,1.01,5,Lift
1995,1995,432,-0.0,0.08,0.99,5,Lift
1996,1996,433,0.02,0.02,1.18,5,Lift
1997,1997,434,0.08,0.11,0.9,5,Lift
1998,1998,435,0.16,0.13,0.92,5,Lift
1999,1999,436,0.15,0.08,0.9,5,Lift
2000,2000,437,0.15,0.13,0.95,5,Lift
2001,2001,438,0.11,0.12,0.95,5,Lift
2002,2002,439,0.04,0.12,0.98,5,Lift
2003,2003,440,0.0,0.14,0.99,5,Lift
2004,2004,441,-0.0,0.12,1.02,5,Lift
2005,2005,442,-0.02,0.1,1.01,5,Lift
2006,2006,443,-0.02,0.13,0.94,5,Lift
2007,2007,444,0.02,0.04,1.0,5,Lift
2008,2008,445,0.04,0.05,1.0,5,Lift
2009,2009,446,0.04,0.04,1.0,5,Lift
2010,2010,447,0.04,0.05,1.0,5,Lift
2011,2011,448,0.04,0.05,1.0,5,Lift
2012,2012,449,0.04,0.05,1.0,5,Lift
2013,2013,450,0.04,0.05,1.0,5,Lift
2014,2014,451,0.04,0.05,1.0,5,Lift
2015,2015,452,0.04,0.05,1.0,5,Lift
2016,2016,453,0.04,0.05,1.0,5,Lift
2017,2017,454,0.04,0.05,1.0,5,Lift
2018,2018,455,0.04,0.05,1.0,5,Lift
2019,2019,456,0.04,0.05,1.0,5,Lift
2020,2020,457,0.04,0.05,1.0,5,Lift
2021,2021,458,0.04,0.05,1.0,5,Lift
2022,2022,459,0.04,0.05,1.0,5,Lift
2023,2023,460,0.04,0.05,1.0,5,Lift
2024,2024,461,0.04,0.05,1.0,5,Lift
2025,2025,462,0.04,0.05,1.0,5,Lift
2026,2026,463,0.04,0.05,1.0,5,Lift
2027,2027,464,0.04,0.05,1.0,5,Lift
2028,2028,465,0.04,0.05,1.0,5,Lift
2029,2029,466,0.04,0.05,1.0,5,Lift
2030,2030,467,0.04,0.05,1.0,5,Lift
2031,2031,468,0.04,0.05,1.0,5,Lift
2032,2032,469,0.04,0.05,1.0,5,Lift
2033,2033,470,0.04,0.04,1.0,5,Lift
2034,2034,471,0.04,0.05,1.0,5,Lift
2035,2035,472,0.04,0.05,1.0,5,Lift
2036,2036,473,0.04,0.05,1.0,5,Lift
2037,2037,474,0.04,0.05,1.0,5,Lift
2038,2038,475,0.04,0.04,1.0,5,Lift
2039,2039,476,0.04,0.05,1.0,5,Lift
2040,2040,477,0.04,0.05,1.0,5,Lift
2041,2041,478,0.04,0.05,1.0,5,Lift
2042,2042,479,0.04,0.04,1.0,5,Lift
2043,2043,480,0.04,0.05,1.0,5,Lift
2044,2044,481,0.04,0.05,1.0,5,Lift
2045,2045,482,0.04,0.05,1.0,5,Lift
2046,2046,483,0.04,0.05,1.0,5,Lift
2047,2047,484,0.05,0.03,1.0,5,Lift
2048,2048,485,0.03,0.05,1.0,5,Lift
2049,2049,486,-0.02,0.12,1.06,5,Lift
2050,2050,487,0.02,0.11,1.05,5,Lift
2051,2051,488,0.06,0.09,0.92,5,Lift
2052,2052,489,0.13,0.1,0.96,5,Lift
2053,2053,490,0.17,0.09,0.91,5,Lift
2054,2054,491,0.17,0.04,0.96,5,Lift
2055,2055,492,0.14,0.12,0.95,5,Lift
2056,2056,493,0.09,0.13,0.94,5,Lift
2057,2057,494,0.07,0.08,1.04,5,Lift
2058,2058,495,0.02,0.07,0.99,5,Lift
2059,2059,496,0.0,0.04,1.07,5,Lift
2060,2060,497,-0.02,0.11,1.04,5,Lift
2061,2061,498,0.02,0.04,1.02,5,Lift
2062,2062,499,0.02,0.04,1.0,5,Lift
2063,2063,500,0.04,0.05,1.0,5,Lift
2064,2064,501,0.04,0.05,1.0,5,Lift
2065,2065,502,0.04,0.05,1.0,5,Lift
2066,2066,503,0.04,0.04,1.0,5,Lift
2067,2067,504,0.03,0.05,1.0,5,Lift
2068,2068,505,0.04,0.05,1.0,5,Lift
2069,2069,506,0.04,0.05,1.0,5,Lift
2070,2070,507,0.04,0.05,1.0,5,Lift
2071,2071,508,0.04,0.05,1.0,5,Lift
2072,2072,509,0.04,0.05,1.0,5,Lift
2073,2073,510,0.04,0.05,1.0,5,Lift
2074,2074,511,0.04,0.05,1.0,5,Lift
2075,2075,512,0.04,0.04,1.0,5,Lift
2076,2076,513,0.04,0.05,1.0,5,Lift
2077,2077,514,0.04,0.04,1.0,5,Lift
2078,2078,515,0.04,0.05,1.0,5,Lift
2079,2079,516,0.04,0.04,1.0,5,Lift
2080,2080,517,0.04,0.05,1.0,5,Lift
2081,2081,518,0.04,0.05,1.0,5,Lift
2082,2082,519,0.03,0.05,1.0,5,Lift
2083,2083,520,0.04,0.05,1.0,5,Lift
2084,2084,521,0.04,0.04,1.0,5,Lift
2085,2085,522,0.04,0.05,1.0,5,Lift
2086,2086,523,0.04,0.05,1.0,5,Lift
2087,2087,524,0.04,0.04,1.0,5,Lift
2088,2088,525,0.04,0.05,1.0,5,Lift
2089,2089,526,0.04,0.05,1.0,5,Lift
2090,2090,527,0.04,0.05,1.0,5,Lift
2091,2091,528,0.04,0.05,1.0,5,Lift
2092,2092,529,0.04,0.05,1.0,5,Lift
2093,2093,530,0.04,0.05,1.0,5,Lift
2094,2094,531,0.04,0.05,1.0,5,Lift
2095,2095,532,0.04,0.05,1.0,5,Lift
2096,2096,533,0.04,0.05,1.0,5,Lift
2097,2097,534,0.04,0.05,1.0,5,Lift
2098,2098,535,0.04,0.05,1.0,5,Lift
2099,2099,0,0.03,-0.03,1.01,6,Lift
2100,2100,1,0.03,-0.04,1.0,6,Lift
2101,2101,2,0.04,-0.03,1.01,6,Lift
2102,2102,3,0.03,-0.04,1.01,6,Lift
2103,2103,4,0.04,-0.04,1.01,6,Lift
2104,2104,5,0.04,-0.03,1.02,6,Lift
2105,2105,6,0.04,-0.03,1.01,6,Lift
2106,2106,7,0.03,-0.04,1.01,6,Lift
2107,2107,8,0.04,-0.04,1.01,6,Lift
2108,2108,9,0.04,-0.03,1.01,6,Lift
2109,2109,10,0.04,-0.04,1.0,6,Lift
2110,2110,11,0.04,-0.03,1.01,6,Lift
2111,2111,12,0.04,-0.03,1.01,6,Lift
2112,2112,13,0.04,-0.04,1.01,6,Lift
2113,2113,14,0.04,-0.04,1.0,6,Lift
2114,2114,15,0.04,-0.03,1.0,6,Lift
2115,2115,16,0.04,-0.04,1.01,6,Lift
2116,2116,17,0.04,-0.04,1.01,6,Lift
2117,2117,18,0.04,-0.04,1.01,6,Lift
2118,2118,19,0.04,-0.04,1.01,6,Lift
2119,2119,20,0.03,-0.04,1.01,6,Lift
2120,2120,21,0.04,-0.04,1.01,6,Lift
2121,2121,22,0.03,-0.03,1.01,6,Lift
2122,2122,23,0.04,-0.04,1.01,6,Lift
2123,2123,24,0.03,-0.03,1.01,6,Lift
2124,2124,25,0.03,-0.04,1.01,6,Lift
2125,2125,26,0.04,-0.03,1.01,6,Lift
2126,2126,27,0.04,-0.03,1.01,6,Lift
2127,2127,28,0.04,-0.04,1.02,6,Lift
2128,2128,29,0.03,-0.04,1.01,6,Lift
2129,2129,30,0.04,-0.04,1.01,6,Lift
2130,2130,31,0.04,-0.04,1.01,6,Lift
2131,2131,32,0.04,-0.03,1.01,6,Lift
2132,2132,33,0.03,-0.04,1.01,6,Lift
2133,2133,34,0.03,-0.03,1.01,6,Lift
2134,2134,35,0.03,-0.04,1.01,6,Lift
2135,2135,36,0.04,-0.03,1.01,6,Lift
2136,2136,37,0.03,-0.04,1.01,6,Lift
2137,2137,38,0.05,0.0,1.04,6,Lift
2138,2138,39,0.04,-0.04,1.14,6,Lift
2139,2139,40,0.02,-0.04,1.01,6,Lift
2140,2140,41,0.05,-0.06,0.94,6,Lift
2141,2141,42,0.1,-0.03,0.93,6,Lift
2142,2142,43,0.1,-0.04,0.91,6,Lift
2143,2143,44,0.08,-0.06,0.97,6,Lift
2144,2144,45,0.05,-0.02,1.0,6,Lift
2145,2145,46,0.03,-0.05,1.05,6,Lift
2146,2146,47,0.03,-0.01,1.08,6,Lift
2147,2147,48,-0.0,-0.02,1.04,6,Lift
2148,2148,49,-0.0,0.03,0.94,6,Lift
2149,2149,50,0.04,-0.06,1.16,6,Lift
2150,2150,51,0.03,-0.03,1.02,6,Lift
2151,2151,52,0.04,-0.03,1.01,6,Lift
2152,2152,53,0.03,-0.03,1.01,6,Lift
2153,2153,54,0.04,-0.04,1.01,6,Lift
2154,2154,55,0.04,-0.03,1.01,6,Lift
2155,2155,56,0.03,-0.03,1.01,6,Lift
2156,2156,57,0.04,-0.04,1.01,6,Lift
2157,2157,58,0.04,-0.03,1.0,6,Lift
2158,2158,59,0.04,-0.04,1.01,6,Lift
2159,2159,60,0.04,-0.04,1.01,6,Lift
2160,2160,61,0.04,-0.03,1.01,6,Lift
2161,2161,62,0.04,-0.03,1.01,6,Lift
2162,2162,63,0.04,-0.04,1.01,6,Lift
2163,2163,64,0.04,-0.03,1.01,6,Lift
2164,2164,65,0.04,-0.03,1.01,6,Lift
2165,2165,66,0.04,-0.04,1.01,6,Lift
2166,2166,67,0.03,-0.04,1.01,6,Lift
2167,2167,68,0.04,-0.04,1.01,6,Lift
2168,2168,69,0.04,-0.04,1.01,6,Lift
2169,2169,70,0.04,-0.03,1.01,6,Lift
2170,2170,71,0.04,-0.04,1.0,6,Lift
2171,2171,72,0.04,-0.03,1.01,6,Lift
2172,2172,73,0.04,-0.04,1.01,6,Lift
2173,2173,74,0.04,-0.03,1.01,6,Lift
2174,2174,75,0.03,-0.03,1.01,6,Lift
2175,2175,76,0.04,-0.04,1.01,6,Lift
2176,2176,77,0.04,-0.04,1.01,6,Lift
2177,2177,78,0.04,-0.04,1.01,6,Lift
2178,2178,79,0.03,-0.04,1.0,6,Lift
2179,2179,80,0.04,-0.04,1.01,6,Lift
2180,2180,81,0.04,-0.04,1.01,6,Lift
2181,2181,82,0.04,-0.03,1.01,6,Lift
2182,2182,83,0.04,-0.04,1.01,6,Lift
2183,2183,84,0.04,-0.04,1.01,6,Lift
2184,2184,85,0.04,-0.03,1.01,6,Lift
2185,2185,86,0.02,0.01,1.02,6,Lift
2186,2186,87,0.02,-0.02,1.02,6,Lift
2187,2187,88,0.01,-0.0,1.02,6,Lift
2188,2188,89,0.03,-0.06,1.08,6,Lift
2189,2189,90,0.04,-0.07,1.08,6,Lift
2190,2190,91,0.06,-0.1,0.96,6,Lift
2191,2191,92,0.07,-0.1,0.96,6,Lift
2192,2192,93,0.11,-0.07,0.96,6,Lift
2193,2193,94,0.13,-0.05,0.97,6,Lift
2194,2194,95,0.12,-0.08,1.0,6,Lift
2195,2195,96,0.11,-0.06,0.97,6,Lift
2196,2196,97,0.09,0.0,0.96,6,Lift
2197,2197,98,0.07,-0.05,0.98,6,Lift
2198,2198,99,0.05,-0.06,1.01,6,Lift
2199,2199,100,0.02,-0.03,1.12,6,Lift
2200,2200,101,0.01,-0.01,1.04,6,Lift
2201,2201,102,0.0,-0.01,1.02,6,Lift
2202,2202,103,0.02,0.0,0.98,6,Lift
2203,2203,104,0.02,-0.04,1.02,6,Lift
2204,2204,105,0.04,-0.04,1.01,6,Lift
2205,2205,106,0.04,-0.02,1.01,6,Lift
2206,2206,107,0.03,-0.04,1.01,6,Lift
2207,2207,108,0.04,-0.03,1.01,6,Lift
2208,2208,109,0.04,-0.04,1.01,6,Lift
2209,2209,110,0.04,-0.04,1.0,6,Lift
2210,2210,111,0.04,-0.03,1.01,6,Lift
2211,2211,112,0.04,-0.04,1.01,6,Lift
2212,2212,113,0.03,-0.04,1.01,6,Lift
2213,2213,114,0.03,-0.03,1.01,6,Lift
2214,2214,115,0.04,-0.04,1.01,6,Lift
2215,2215,116,0.03,-0.04,1.01,6,Lift
2216,2216,117,0.04,-0.04,1.01,6,Lift
2217,2217,118,0.04,-0.04,1.01,6,Lift
2218,2218,119,0.04,-0.04,1.01,6,Lift
2219,2219,120,0.04,-0.03,1.01,6,Lift
2220,2220,121,0.04,-0.04,1.01,6,Lift
2221,2221,122,0.04,-0.04,1.01,6,Lift
2222,2222,123,0.03,-0.04,1.01,6,Lift
2223,2223,124,0.04,-0.04,1.01,6,Lift
2224,2224,125,0.04,-0.03,1.01,6,Lift
2225,2225,126,0.04,-0.04,1.01,6,Lift
2226,2226,127,0.04,-0.04,1.01,6,Lift
2227,2227,128,0.04,-0.04,1.01,6,Lift
2228,2228,129,0.04,-0.03,1.01,6,Lift
2229,2229,130,0.04,-0.03,1.01,6,Lift
2230,2230,131,0.04,-0.04,1.01,6,Lift
2231,2231,132,0.04,-0.04,1.01,6,Lift
2232,2232,133,0.04,-0.03,1.01,6,Lift
2233,2233,134,0.04,-0.04,1.01,6,Lift
2234,2234,135,0.04,-0.04,1.01,6,Lift
2235,2235,136,0.04,-0.04,1.01,6,Lift
2236,2236,137,0.04,-0.04,1.01,6,Lift
2237,2237,138,0.03,-0.04,1.01,6,Lift
2238,2238,139,0.03,-0.04,1.03,6,Lift
2239,2239,140,0.03,-0.02,1.0,6,Lift
2240,2240,141,-0.03,-0.0,1.07,6,Lift
2241,2241,142,0.01,0.0,1.02,6,Lift
2242,2242,143,0.04,-0.06,1.0,6,Lift
2243,2243,144,0.09,-0.07,0.96,6,Lift
2244,2244,145,0.08,-0.07,0.96,6,Lift
2245,2245,146,0.11,-0.06,0.95,6,Lift
2246,2246,147,0.12,-0.05,1.0,6,Lift
2247,2247,148,0.12,-0.04,1.02,6,Lift
2248,2248,149,0.12,-0.07,1.02,6,Lift
2249,2249,150,0.11,-0.01,0.97,6,Lift
2250,2250,151,0.1,0.05,0.77,6,Lift
2251,2251,152,0.09,-0.07,1.05,6,Lift
2252,2252,153,0.06,-0.06,1.11,6,Lift
2253,2253,154,0.01,-0.02,1.04,6,Lift
2254,2254,155,0.04,-0.02,1.07,6,Lift
2255,2255,156,0.03,-0.02,1.01,6,Lift
2256,2256,157,0.05,-0.04,1.01,6,Lift
2257,2257,158,0.04,-0.03,1.01,6,Lift
2258,2258,159,0.03,-0.03,1.01,6,Lift
2259,2259,160,0.04,-0.03,1.02,6,Lift
2260,2260,161,0.04,-0.04,1.0,6,Lift
2261,2261,162,0.04,-0.04,1.02,6,Lift
2262,2262,163,0.04,-0.03,1.01,6,Lift
2263,2263,164,0.04,-0.04,1.01,6,Lift
2264,2264,165,0.03,-0.04,1.01,6,Lift
2265,2265,166,0.03,-0.04,1.01,6,Lift
2266,2266,167,0.04,-0.03,1.01,6,Lift
2267,2267,168,0.04,-0.03,1.0,6,Lift
2268,2268,169,0.04,-0.04,1.01,6,Lift
2269,2269,170,0.04,-0.03,1.01,6,Lift
2270,2270,171,0.04,-0.03,1.01,6,Lift
2271,2271,172,0.04,-0.03,1.0,6,Lift
2272,2272,173,0.04,-0.03,1.01,6,Lift
2273,2273,174,0.04,-0.04,1.01,6,Lift
2274,2274,175,0.04,-0.03,1.01,6,Lift
2275,2275,176,0.04,-0.03,1.0,6,Lift
2276,2276,177,0.04,-0.04,1.01,6,Lift
2277,2277,178,0.04,-0.03,1.01,6,Lift
2278,2278,179,0.04,-0.04,1.01,6,Lift
2279,2279,180,0.03,-0.03,1.01,6,Lift
2280,2280,181,0.03,-0.04,1.01,6,Lift
2281,2281,182,0.04,-0.03,1.01,6,Lift
2282,2282,183,0.04,-0.04,1.0,6,Lift
2283,2283,184,0.03,-0.04,1.01,6,Lift
2284,2284,185,0.04,-0.03,1.01,6,Lift
2285,2285,186,0.04,-0.03,1.0,6,Lift
2286,2286,187,0.04,-0.04,1.0,6,Lift
2287,2287,188,0.03,-0.04,1.01,6,Lift
2288,2288,189,0.02,-0.01,1.01,6,Lift
2289,2289,190,-0.02,0.0,0.98,6,Lift
2290,2290,191,0.02,-0.03,1.04,6,Lift
2291,2291,192,0.05,-0.04,1.05,6,Lift
2292,2292,193,0.08,0.01,0.9,6,Lift
2293,2293,194,0.09,-0.03,0.92,6,Lift
2294,2294,195,0.09,-0.09,0.97,6,Lift
2295,2295,196,0.08,-0.03,0.91,6,Lift
2296,2296,197,0.07,-0.05,0.97,6,Lift
2297,2297,198,0.06,0.01,1.03,6,Lift
2298,2298,199,0.05,-0.05,1.13,6,Lift
2299,2299,200,0.01,-0.05,1.08,6,Lift
2300,2300,201,-0.05,0.04,0.99,6,Lift
2301,2301,202,0.02,-0.04,1.01,6,Lift
2302,2302,203,0.04,-0.04,1.01,6,Lift
2303,2303,204,0.04,-0.04,1.01,6,Lift
2304,2304,205,0.04,-0.04,1.01,6,Lift
2305,2305,206,0.04,-0.04,1.01,6,Lift
2306,2306,207,0.04,-0.04,1.01,6,Lift
2307,2307,208,0.04,-0.04,1.01,6,Lift
2308,2308,209,0.04,-0.03,1.0,6,Lift
2309,2309,210,0.04,-0.04,1.01,6,Lift
2310,2310,211,0.04,-0.04,1.01,6,Lift
2311,2311,212,0.04,-0.04,1.01,6,Lift
2312,2312,213,0.04,-0.03,1.01,6,Lift
2313,2313,214,0.03,-0.04,1.01,6,Lift
2314,2314,215,0.04,-0.04,1.0,6,Lift
2315,2315,216,0.03,-0.03,1.01,6,Lift
2316,2316,217,0.04,-0.04,1.01,6,Lift
2317,2317,218,0.04,-0.03,1.0,6,Lift
2318,2318,219,0.04,-0.04,1.01,6,Lift
2319,2319,220,0.04,-0.04,1.01,6,Lift
2320,2320,221,0.04,-0.03,1.01,6,Lift
2321,2321,222,0.03,-0.04,1.01,6,Lift
2322,2322,223,0.04,-0.03,1.01,6,Lift
2323,2323,224,0.04,-0.04,1.01,6,Lift
2324,2324,225,0.04,-0.04,1.0,6,Lift
2325,2325,226,0.04,-0.04,1.01,6,Lift
2326,2326,227,0.04,-0.04,1.0,6,Lift
2327,2327,228,0.04,-0.04,1.01,6,Lift
2328,2328,229,0.04,-0.04,1.01,6,Lift
2329,2329,230,0.04,-0.04,1.01,6,Lift
2330,2330,231,0.03,-0.03,1.01,6,Lift
2331,2331,232,0.04,-0.03,1.01,6,Lift
2332,2332,233,0.04,-0.04,1.01,6,Lift
2333,2333,234,0.04,-0.03,1.0,6,Lift
2334,2334,235,0.04,-0.03,1.01,6,Lift
2335,2335,236,0.04,-0.03,1.01,6,Lift
2336,2336,237,0.03,-0.04,1.01,6,Lift
2337,2337,238,-0.02,0.09,1.11,6,Lift
2338,2338,239,0.01,-0.04,1.13,6,Lift
2339,2339,240,0.04,-0.02,0.95,6,Lift
2340,2340,241,0.09,-0.05,0.9,6,Lift
2341,2341,242,0.1,-0.06,0.86,6,Lift
2342,2342,243,0.1,-0.12,1.01,6,Lift
2343,2343,244,0.1,-0.05,0.93,6,Lift
2344,2344,245,0.08,0.09,0.75,6,Lift
2345,2345,246,0.04,-0.14,1.31,6,Lift
2346,2346,247,0.0,-0.03,1.04,6,Lift
2347,2347,248,0.02,-0.02,1.02,6,Lift
2348,2348,249,0.04,-0.04,1.01,6,Lift
2349,2349,250,0.03,-0.04,1.01,6,Lift
2350,2350,251,0.03,-0.03,1.01,6,Lift
2351,2351,252,0.04,-0.03,1.01,6,Lift
2352,2352,253,0.04,-0.04,1.01,6,Lift
2353,2353,254,0.04,-0.04,1.0,6,Lift
2354,2354,255,0.04,-0.03,1.0,6,Lift
2355,2355,256,0.03,-0.03,1.01,6,Lift
2356,2356,257,0.04,-0.03,1.01,6,Lift
2357,2357,258,0.04,-0.04,1.01,6,Lift
2358,2358,259,0.04,-0.03,1.01,6,Lift
2359,2359,260,0.03,-0.04,1.01,6,Lift
2360,2360,261,0.04,-0.03,1.01,6,Lift
2361,2361,262,0.04,-0.03,1.01,6,Lift
2362,2362,263,0.03,-0.03,1.01,6,Lift
2363,2363,264,0.03,-0.04,1.01,6,Lift
2364,2364,265,0.03,-0.04,1.01,6,Lift
2365,2365,266,0.03,-0.03,1.01,6,Lift
2366,2366,267,0.04,-0.03,1.0,6,Lift
2367,2367,268,0.04,-0.04,1.01,6,Lift
2368,2368,269,0.04,-0.03,1.01,6,Lift
2369,2369,270,0.04,-0.03,1.01,6,Lift
2370,2370,271,0.04,-0.04,1.01,6,Lift
2371,2371,272,0.03,-0.04,1.0,6,Lift
2372,2372,273,0.04,-0.04,1.01,6,Lift
2373,2373,274,0.03,-0.03,1.01,6,Lift
2374,2374,275,0.04,-0.04,1.01,6,Lift
2375,2375,276,0.04,-0.03,1.01,6,Lift
2376,2376,277,0.04,-0.04,1.01,6,Lift
2377,2377,278,0.04,-0.03,1.01,6,Lift
2378,2378,279,0.04,-0.04,1.0,6,Lift
2379,2379,280,0.04,-0.03,1.01,6,Lift
2380,2380,281,0.04,-0.04,1.01,6,Lift
2381,2381,282,0.05,-0.03,1.02,6,Lift
2382,2382,283,0.01,-0.02,1.07,6,Lift
2383,2383,284,0.05,0.04,1.16,6,Lift
2384,2384,285,0.05,-0.07,1.08,6,Lift
2385,2385,286,0.08,0.0,0.9,6,Lift
2386,2386,287,0.12,-0.06,0.88,6,Lift
2387,2387,288,0.13,-0.03,1.0,6,Lift
2388,2388,289,0.14,-0.04,0.94,6,Lift
2389,2389,290,0.07,-0.04,0.87,6,Lift
2390,2390,291,0.02,-0.02,1.09,6,Lift
2391,2391,292,0.05,0.0,1.12,6,Lift
2392,2392,293,0.0,0.02,0.98,6,Lift
2393,2393,294,0.02,0.0,1.0,6,Lift
2394,2394,295,0.03,-0.03,1.01,6,Lift
2395,2395,296,0.04,-0.03,1.01,6,Lift
2396,2396,297,0.03,-0.04,1.01,6,Lift
2397,2397,298,0.03,-0.03,1.01,6,Lift
2398,2398,299,0.04,-0.03,1.01,6,Lift
2399,2399,300,0.04,-0.04,1.0,6,Lift
2400,2400,301,0.04,-0.04,1.01,6,Lift
2401,2401,302,0.04,-0.04,1.01,6,Lift
2402,2402,303,0.04,-0.04,1.01,6,Lift
2403,2403,304,0.04,-0.04,1.0,6,Lift
2404,2404,305,0.04,-0.03,1.01,6,Lift
2405,2405,306,0.04,-0.04,1.01,6,Lift
2406,2406,307,0.04,-0.04,1.01,6,Lift
2407,2407,308,0.04,-0.04,1.01,6,Lift
2408,2408,309,0.03,-0.03,1.01,6,Lift
2409,2409,310,0.03,-0.04,1.01,6,Lift
2410,2410,311,0.03,-0.04,1.01,6,Lift
2411,2411,312,0.03,-0.04,1.01,6,Lift
2412,2412,313,0.03,-0.04,1.0,6,Lift
2413,2413,314,0.04,-0.03,1.01,6,Lift
2414,2414,315,0.04,-0.04,1.01,6,Lift
2415,2415,316,0.03,-0.04,1.01,6,Lift
2416,2416,317,0.04,-0.03,1.01,6,Lift
2417,2417,318,0.04,-0.04,1.01,6,Lift
2418,2418,319,0.04,-0.04,1.01,6,Lift
2419,2419,320,0.04,-0.04,1.01,6,Lift
2420,2420,321,0.03,-0.03,1.01,6,Lift
2421,2421,322,0.04,-0.04,1.0,6,Lift
2422,2422,323,0.04,-0.03,1.01,6,Lift
2423,2423,324,0.04,-0.04,1.01,6,Lift
2424,2424,325,0.04,-0.04,1.01,6,Lift
2425,2425,326,0.04,-0.04,1.01,6,Lift
2426,2426,327,0.03,-0.03,1.01,6,Lift
2427,2427,328,0.03,-0.04,1.01,6,Lift
2428,2428,329,0.03,-0.04,1.01,6,Lift
2429,2429,330,0.05,-0.04,1.0,6,Lift
2430,2430,331,-0.03,0.03,1.12,6,Lift
2431,2431,332,0.02,-0.01,1.11,6,Lift
2432,2432,333,0.06,-0.03,1.0,6,Lift
2433,2433,334,0.05,-0.07,0.98,6,Lift
2434,2434,335,0.11,-0.08,0.88,6,Lift
2435,2435,336,0.12,-0.07,0.89,6,Lift
2436,2436,337,0.12,-0.04,0.9,6,Lift
2437,2437,338,0.1,-0.05,0.92,6,Lift
2438,2438,339,0.06,-0.02,1.04,6,Lift
2439,2439,340,0.07,-0.0,1.0,6,Lift
2440,2440,341,0.05,-0.06,1.07,6,Lift
2441,2441,342,0.03,-0.0,1.09,6,Lift
2442,2442,343,0.03,-0.03,1.01,6,Lift
2443,2443,344,0.04,-0.03,1.01,6,Lift
2444,2444,345,0.04,-0.04,1.0,6,Lift
2445,2445,346,0.04,-0.04,1.01,6,Lift
2446,2446,347,0.04,-0.04,1.01,6,Lift
2447,2447,348,0.03,-0.04,1.01,6,Lift
2448,2448,349,0.04,-0.04,1.01,6,Lift
2449,2449,350,0.03,-0.03,1.0,6,Lift
2450,2450,351,0.03,-0.04,1.01,6,Lift
2451,2451,352,0.04,-0.04,1.0,6,Lift
2452,2452,353,0.04,-0.04,1.01,6,Lift
2453,2453,354,0.03,-0.04,1.01,6,Lift
2454,2454,355,0.04,-0.04,1.01,6,Lift
2455,2455,356,0.04,-0.03,1.01,6,Lift
2456,2456,357,0.04,-0.03,1.01,6,Lift
2457,2457,358,0.04,-0.03,1.01,6,Lift
2458,2458,359,0.04,-0.03,1.01,6,Lift
2459,2459,360,0.03,-0.03,1.01,6,Lift
2460,2460,361,0.03,-0.04,1.01,6,Lift
2461,2461,362,0.04,-0.04,1.0,6,Lift
2462,2462,363,0.04,-0.03,1.01,6,Lift
2463,2463,364,0.04,-0.04,1.01,6,Lift
2464,2464,365,0.04,-0.03,1.0,6,Lift
2465,2465,366,0.04,-0.04,1.01,6,Lift
2466,2466,367,0.04,-0.04,1.01,6,Lift
2467,2467,368,0.04,-0.04,1.01,6,Lift
2468,2468,369,0.03,-0.04,1.01,6,Lift
2469,2469,370,0.04,-0.04,1.01,6,Lift
2470,2470,371,0.04,-0.03,1.01,6,Lift
2471,2471,372,0.04,-0.04,1.01,6,Lift
2472,2472,373,0.04,-0.04,1.01,6,Lift
2473,2473,374,0.04,-0.04,1.01,6,Lift
2474,2474,375,0.03,-0.03,1.01,6,Lift
2475,2475,376,0.04,-0.03,1.01,6,Lift
2476,2476,377,0.04,-0.04,1.01,6,Lift
2477,2477,378,0.04,-0.04,1.01,6,Lift
2478,2478,379,0.04,-0.03,1.01,6,Lift
2479,2479,380,0.04,-0.04,1.01,6,Lift
2480,2480,381,0.02,-0.02,1.01,6,Lift
2481,2481,382,-0.02,0.02,1.11,6,Lift
2482,2482,383,0.02,0.0,1.09,6,Lift
2483,2483,384,0.04,-0.04,1.02,6,Lift
2484,2484,385,0.06,-0.04,0.96,6,Lift
2485,2485,386,0.09,-0.08,0.95,6,Lift
2486,2486,387,0.11,-0.11,0.94,6,Lift
2487,2487,388,0.13,-0.11,1.0,6,Lift
2488,2488,389,0.16,-0.1,1.0,6,Lift
2489,2489,390,0.16,-0.05,0.96,6,Lift
2490,2490,391,0.12,-0.07,0.85,6,Lift
2491,2491,392,0.08,-0.07,0.91,6,Lift
2492,2492,393,0.07,-0.07,1.02,6,Lift
2493,2493,394,0.02,-0.07,1.12,6,Lift
2494,2494,395,-0.0,-0.03,1.09,6,Lift
2495,2495,396,0.02,-0.04,1.02,6,Lift
2496,2496,397,0.03,-0.04,1.01,6,Lift
2497,2497,398,0.04,-0.04,1.01,6,Lift
2498,2498,399,0.04,-0.04,1.01,6,Lift
2499,2499,400,0.04,-0.04,1.0,6,Lift
2500,2500,401,0.04,-0.04,1.01,6,Lift
2501,2501,402,0.04,-0.03,1.01,6,Lift
2502,2502,403,0.04,-0.04,1.01,6,Lift
2503,2503,404,0.04,-0.04,1.01,6,Lift
2504,2504,405,0.04,-0.03,1.01,6,Lift
2505,2505,406,0.04,-0.04,1.01,6,Lift
2506,2506,407,0.04,-0.03,1.01,6,Lift
2507,2507,408,0.04,-0.03,1.01,6,Lift
2508,2508,409,0.04,-0.04,1.01,6,Lift
2509,2509,410,0.04,-0.04,1.01,6,Lift
2510,2510,411,0.04,-0.04,1.01,6,Lift
2511,2511,412,0.04,-0.04,1.01,6,Lift
2512,2512,413,0.04,-0.03,1.0,6,Lift
2513,2513,414,0.04,-0.03,1.01,6,Lift
2514,2514,415,0.03,-0.03,1.01,6,Lift
2515,2515,416,0.04,-0.04,1.0,6,Lift
2516,2516,417,0.04,-0.04,1.01,6,Lift
2517,2517,418,0.04,-0.04,1.01,6,Lift
2518,2518,419,0.04,-0.03,1.01,6,Lift
2519,2519,420,0.04,-0.03,1.01,6,Lift
2520,2520,421,0.04,-0.04,1.01,6,Lift
2521,2521,422,0.04,-0.04,1.01,6,Lift
2522,2522,423,0.04,-0.03,1.01,6,Lift
2523,2523,424,0.04,-0.04,1.01,6,Lift
2524,2524,425,0.04,-0.04,1.01,6,Lift
2525,2525,426,0.03,-0.03,1.01,6,Lift
2526,2526,427,0.03,-0.03,1.01,6,Lift
2527,2527,428,0.04,-0.03,1.01,6,Lift
2528,2528,429,0.03,-0.04,1.01,6,Lift
2529,2529,430,0.03,-0.03,1.01,6,Lift
2530,2530,431,0.04,-0.03,1.01,6,Lift
2531,2531,432,0.03,-0.03,1.01,6,Lift
2532,2532,433,0.03,-0.0,1.16,6,Lift
2533,2533,434,0.06,-0.08,1.21,6,Lift
2534,2534,435,0.09,-0.05,1.0,6,Lift
2535,2535,436,0.11,-0.07,0.89,6,Lift
2536,2536,437,0.19,-0.09,0.82,6,Lift
2537,2537,438,0.18,-0.0,0.83,6,Lift
2538,2538,439,0.15,-0.12,0.89,6,Lift
2539,2539,440,0.1,0.0,0.99,6,Lift
2540,2540,441,0.07,-0.04,1.07,6,Lift
2541,2541,442,0.04,0.0,1.02,6,Lift
2542,2542,443,0.0,-0.04,1.05,6,Lift
2543,2543,444,0.03,-0.02,1.0,6,Lift
2544,2544,445,0.04,-0.04,1.01,6,Lift
2545,2545,446,0.03,-0.03,1.01,6,Lift
2546,2546,447,0.03,-0.03,1.01,6,Lift
2547,2547,448,0.04,-0.03,1.01,6,Lift
2548,2548,449,0.03,-0.03,1.01,6,Lift
2549,2549,450,0.04,-0.03,1.01,6,Lift
2550,2550,451,0.04,-0.03,1.0,6,Lift
2551,2551,452,0.04,-0.03,1.01,6,Lift
2552,2552,453,0.03,-0.03,1.01,6,Lift
2553,2553,454,0.03,-0.03,1.01,6,Lift
2554,2554,455,0.03,-0.03,1.01,6,Lift
2555,2555,456,0.04,-0.03,1.0,6,Lift
2556,2556,457,0.04,-0.04,1.01,6,Lift
2557,2557,458,0.04,-0.04,1.01,6,Lift
2558,2558,459,0.03,-0.03,1.01,6,Lift
2559,2559,460,0.04,-0.04,1.01,6,Lift
2560,2560,461,0.04,-0.03,1.01,6,Lift
2561,2561,462,0.04,-0.04,1.01,6,Lift
2562,2562,463,0.04,-0.04,1.0,6,Lift
2563,2563,464,0.04,-0.04,1.01,6,Lift
2564,2564,465,0.04,-0.03,1.01,6,Lift
2565,2565,466,0.03,-0.03,1.01,6,Lift
2566,2566,467,0.04,-0.04,1.01,6,Lift
2567,2567,468,0.03,-0.04,1.01,6,Lift
2568,2568,469,0.04,-0.04,1.01,6,Lift
2569,2569,470,0.04,-0.04,1.01,6,Lift
2570,2570,471,0.03,-0.03,1.0,6,Lift
2571,2571,472,0.03,-0.04,1.01,6,Lift
2572,2572,473,0.04,-0.03,1.01,6,Lift
2573,2573,474,0.04,-0.03,1.01,6,Lift
2574,2574,475,0.03,-0.04,1.01,6,Lift
2575,2575,476,0.04,-0.04,1.01,6,Lift
2576,2576,477,0.03,-0.03,1.0,6,Lift
2577,2577,478,0.04,-0.04,1.01,6,Lift
2578,2578,479,0.04,-0.04,1.01,6,Lift
2579,2579,480,0.04,-0.04,1.01,6,Lift
2580,2580,481,0.03,-0.04,1.01,6,Lift
2581,2581,482,0.04,-0.04,1.01,6,Lift
2582,2582,483,0.03,-0.04,1.01,6,Lift
2583,2583,484,0.02,-0.01,1.0,6,Lift
2584,2584,485,0.03,-0.03,1.01,6,Lift
2585,2585,486,0.0,-0.05,1.09,6,Lift
2586,2586,487,0.06,-0.05,0.96,6,Lift
2587,2587,488,0.11,-0.02,0.94,6,Lift
2588,2588,489,0.17,-0.07,0.93,6,Lift
2589,2589,490,0.21,-0.06,0.84,6,Lift
2590,2590,491,0.18,-0.02,0.84,6,Lift
2591,2591,492,0.12,-0.07,1.01,6,Lift
2592,2592,493,0.09,-0.02,1.09,6,Lift
2593,2593,494,0.05,-0.03,1.1,6,Lift
2594,2594,495,0.0,0.01,1.0,6,Lift
2595,2595,496,0.07,0.0,0.88,6,Lift
2596,2596,497,0.04,-0.03,1.01,6,Lift
2597,2597,498,0.04,-0.04,1.01,6,Lift
2598,2598,499,0.04,-0.04,1.01,6,Lift
2599,2599,500,0.04,-0.04,1.01,6,Lift
2600,2600,501,0.04,-0.03,1.0,6,Lift
2601,2601,502,0.04,-0.03,1.01,6,Lift
2602,2602,503,0.04,-0.03,1.01,6,Lift
2603,2603,504,0.03,-0.04,1.01,6,Lift
2604,2604,505,0.03,-0.03,1.01,6,Lift
2605,2605,506,0.04,-0.03,1.0,6,Lift
2606,2606,507,0.04,-0.03,1.0,6,Lift
2607,2607,508,0.04,-0.03,1.01,6,Lift
2608,2608,509,0.03,-0.03,1.01,6,Lift
2609,2609,510,0.04,-0.03,1.01,6,Lift
2610,2610,511,0.03,-0.04,1.01,6,Lift
2611,2611,512,0.04,-0.04,1.01,6,Lift
2612,2612,513,0.04,-0.03,1.01,6,Lift
2613,2613,514,0.04,-0.03,1.01,6,Lift
2614,2614,515,0.03,-0.03,1.01,6,Lift
2615,2615,516,0.04,-0.03,1.01,6,Lift
2616,2616,517,0.04,-0.04,1.01,6,Lift
2617,2617,518,0.04,-0.04,1.0,6,Lift
2618,2618,519,0.03,-0.04,1.01,6,Lift
2619,2619,520,0.04,-0.03,1.01,6,Lift
2620,2620,521,0.04,-0.04,1.01,6,Lift
2621,2621,522,0.04,-0.03,1.01,6,Lift
2622,2622,523,0.03,-0.03,1.01,6,Lift
2623,2623,524,0.04,-0.04,1.01,6,Lift
2624,2624,525,0.04,-0.03,1.01,6,Lift
2625,2625,526,0.03,-0.03,1.01,6,Lift
2626,2626,527,0.04,-0.03,1.0,6,Lift
2627,2627,528,0.04,-0.03,1.01,6,Lift
2628,2628,529,0.04,-0.03,1.01,6,Lift
2629,2629,530,0.04,-0.03,1.01,6,Lift
2630,2630,531,0.04,-0.03,1.01,6,Lift
2631,2631,532,0.04,-0.04,1.01,6,Lift
2632,2632,533,0.04,-0.04,1.01,6,Lift
2633,2633,534,0.04,-0.03,1.01,6,Lift
2634,2634,535,0.04,-0.03,1.0,6,Lift
2635,2635,536,0.04,-0.03,1.0,6,Lift
2636,2636,537,0.03,-0.03,1.01,6,Lift
2637,2637,538,0.04,-0.04,1.01,6,Lift
2638,2638,539,0.04,-0.04,1.0,6,Lift
2639,2639,540,0.04,-0.03,1.01,6,Lift
2640,2640,541,-0.02,0.0,1.14,6,Lift
2641,2641,542,0.0,-0.18,1.56,6,Lift
2642,2642,543,0.0,-0.16,1.25,6,Lift
2643,2643,544,0.11,-0.12,0.86,6,Lift
2644,2644,545,0.14,-0.02,0.85,6,Lift
2645,2645,546,0.17,-0.08,0.91,6,Lift
2646,2646,547,0.12,-0.08,0.86,6,Lift
2647,2647,548,0.11,-0.05,0.98,6,Lift
2648,2648,549,0.06,0.04,1.09,6,Lift
2649,2649,550,0.03,0.04,1.06,6,Lift
2650,2650,551,0.03,0.0,0.97,6,Lift
2651,2651,552,0.05,-0.02,0.99,6,Lift
2652,2652,553,0.04,-0.04,1.0,6,Lift
2653,2653,554,0.04,-0.04,1.01,6,Lift
2654,2654,555,0.04,-0.04,1.01,6,Lift
2655,2655,556,0.04,-0.03,1.01,6,Lift
2656,2656,557,0.04,-0.04,1.0,6,Lift
2657,2657,558,0.04,-0.04,1.01,6,Lift
2658,2658,559,0.04,-0.04,1.01,6,Lift
2659,2659,560,0.03,-0.04,1.01,6,Lift
2660,2660,561,0.03,-0.03,1.01,6,Lift
2661,2661,562,0.04,-0.04,1.01,6,Lift
2662,2662,563,0.04,-0.04,1.01,6,Lift
2663,2663,564,0.04,-0.04,1.01,6,Lift
2664,2664,565,0.03,-0.02,1.01,6,Lift
2665,2665,566,0.04,-0.03,1.01,6,Lift
2666,2666,567,0.03,-0.03,1.01,6,Lift
2667,2667,568,0.04,-0.04,1.01,6,Lift
2668,2668,569,0.04,-0.04,1.01,6,Lift
2669,2669,570,0.04,-0.04,1.01,6,Lift
2670,2670,571,0.04,-0.03,1.01,6,Lift
2671,2671,572,0.03,-0.04,1.01,6,Lift
2672,2672,573,0.03,-0.04,1.01,6,Lift
2673,2673,574,0.04,-0.04,1.01,6,Lift
2674,2674,575,0.04,-0.04,1.0,6,Lift
2675,2675,576,0.04,-0.04,1.01,6,Lift
2676,2676,577,0.04,-0.03,1.01,6,Lift
0,0,0,0.03,0.02,1.0,1,Roll Left
1,1,1,0.04,0.02,1.0,1,Roll Left
2,2,2,0.04,0.02,1.0,1,Roll Left
3,3,3,0.04,0.02,1.0,1,Roll Left
4,4,4,0.04,0.02,1.0,1,Roll Left
5,5,5,0.04,0.02,1.0,1,Roll Left
6,6,6,0.04,0.02,1.0,1,Roll Left
7,7,7,0.04,0.02,1.0,1,Roll Left
8,8,8,0.01,0.01,1.0,1,Roll Left
9,9,9,0.05,0.02,1.0,1,Roll Left
10,10,10,0.04,0.03,1.0,1,Roll Left
11,11,11,0.05,-0.02,1.02,1,Roll Left
12,12,12,0.05,-0.27,0.93,1,Roll Left
13,13,13,0.04,-0.46,0.91,1,Roll Left
14,14,14,-0.01,-0.64,0.76,1,Roll Left
15,15,15,0.05,-0.62,0.63,1,Roll Left
16,16,16,0.08,-0.73,0.7,1,Roll Left
17,17,17,0.07,-0.68,0.54,1,Roll Left
18,18,18,0.07,-0.72,0.63,1,Roll Left
19,19,19,0.07,-0.7,0.62,1,Roll Left
20,20,20,0.05,-0.73,0.64,1,Roll Left
21,21,21,0.12,-0.52,0.88,1,Roll Left
22,22,22,0.08,-0.48,0.66,1,Roll Left
23,23,23,0.02,-0.25,0.95,1,Roll Left
24,24,24,0.03,-0.16,1.0,1,Roll Left
25,25,25,0.0,-0.2,1.02,1,Roll Left
26,26,26,0.02,-0.09,0.92,1,Roll Left
27,27,27,0.01,-0.06,1.06,1,Roll Left
28,28,28,0.02,0.03,1.01,1,Roll Left
29,29,29,0.04,0.02,0.99,1,Roll Left
30,30,30,0.02,-0.0,1.0,1,Roll Left
31,31,31,0.09,0.04,0.98,1,Roll Left
32,32,32,0.04,0.02,1.0,1,Roll Left
33,33,33,0.04,0.02,1.0,1,Roll Left
34,34,34,0.04,0.02,1.0,1,Roll Left
35,35,35,0.04,0.02,1.0,1,Roll Left
36,36,36,0.04,0.02,1.0,1,Roll Left
37,37,37,0.04,0.02,1.0,1,Roll Left
38,38,38,0.04,0.02,1.0,1,Roll Left
39,39,39,0.04,0.02,1.0,1,Roll Left
40,40,40,0.04,0.02,1.0,1,Roll Left
41,41,41,0.04,0.02,1.0,1,Roll Left
42,42,42,0.04,0.02,1.0,1,Roll Left
43,43,43,0.04,0.02,1.0,1,Roll Left
44,44,44,0.04,0.02,1.0,1,Roll Left
45,45,45,0.04,0.02,1.0,1,Roll Left
46,46,46,0.03,0.02,1.0,1,Roll Left
47,47,47,0.04,0.02,1.0,1,Roll Left
48,48,48,0.04,0.02,1.0,1,Roll Left
49,49,49,0.04,0.02,1.0,1,Roll Left
50,50,50,0.04,0.02,1.0,1,Roll Left
51,51,51,0.04,0.02,1.0,1,Roll Left
52,52,52,0.04,0.02,1.0,1,Roll Left
53,53,53,0.04,0.02,1.0,1,Roll Left
54,54,54,0.04,0.02,1.0,1,Roll Left
55,55,55,0.04,0.02,1.0,1,Roll Left
56,56,56,0.04,0.02,1.0,1,Roll Left
57,57,57,0.04,0.02,1.0,1,Roll Left
58,58,58,0.04,0.02,1.0,1,Roll Left
59,59,59,0.04,0.02,1.0,1,Roll Left
60,60,60,0.04,0.02,1.0,1,Roll Left
61,61,61,0.04,0.02,1.0,1,Roll Left
62,62,62,0.04,0.02,1.0,1,Roll Left
63,63,63,0.04,0.02,1.0,1,Roll Left
64,64,64,0.04,0.02,1.0,1,Roll Left
65,65,65,0.03,0.02,1.0,1,Roll Left
66,66,66,0.04,0.02,1.0,1,Roll Left
67,67,67,0.03,-0.04,1.03,1,Roll Left
68,68,68,0.02,-0.13,0.94,1,Roll Left
69,69,69,0.05,-0.44,0.93,1,Roll Left
70,70,70,0.11,-0.52,0.78,1,Roll Left
71,71,71,0.07,-0.61,0.62,1,Roll Left
72,72,72,0.03,-0.78,0.81,1,Roll Left
73,73,73,0.04,-0.75,0.59,1,Roll Left
74,74,74,-0.0,-0.76,0.63,1,Roll Left
75,75,75,-0.03,-0.78,0.57,1,Roll Left
76,76,76,-0.02,-0.8,0.56,1,Roll Left
77,77,77,-0.01,-0.8,0.61,1,Roll Left
78,78,78,-0.0,-0.78,0.58,1,Roll Left
79,79,79,-0.0,-0.87,0.61,1,Roll Left
80,80,80,-0.02,-0.46,0.78,1,Roll Left
81,81,81,-0.04,-0.34,0.88,1,Roll Left
82,82,82,0.07,0.05,1.01,1,Roll Left
83,83,83,-0.02,-0.07,0.95,1,Roll Left
84,84,84,-0.01,0.11,0.96,1,Roll Left
85,85,85,-0.01,0.07,0.86,1,Roll Left
86,86,86,0.04,0.01,1.0,1,Roll Left
87,87,87,0.0,-0.04,1.0,1,Roll Left
88,88,88,0.04,0.02,1.0,1,Roll Left
89,89,89,0.03,0.02,1.0,1,Roll Left
90,90,90,0.04,0.02,1.0,1,Roll Left
91,91,91,0.04,0.02,1.0,1,Roll Left
92,92,92,0.04,0.02,1.0,1,Roll Left
93,93,93,0.04,0.02,1.0,1,Roll Left
94,94,94,0.04,0.02,1.0,1,Roll Left
95,95,95,0.04,0.02,1.0,1,Roll Left
96,96,96,0.04,0.02,1.0,1,Roll Left
97,97,97,0.04,0.02,1.0,1,Roll Left
98,98,98,0.04,0.02,1.0,1,Roll Left
99,99,99,0.04,0.02,1.0,1,Roll Left
100,100,100,0.04,0.02,1.0,1,Roll Left
101,101,101,0.04,0.02,1.0,1,Roll Left
102,102,102,0.04,0.02,1.0,1,Roll Left
103,103,103,0.04,0.03,1.0,1,Roll Left
104,104,104,0.04,0.02,1.0,1,Roll Left
105,105,105,0.04,0.02,1.0,1,Roll Left
106,106,106,0.04,0.02,1.0,1,Roll Left
107,107,107,0.04,0.02,1.0,1,Roll Left
108,108,108,0.04,0.02,1.0,1,Roll Left
109,109,109,0.04,0.02,1.0,1,Roll Left
110,110,110,0.04,0.03,1.0,1,Roll Left
111,111,111,0.04,0.02,1.0,1,Roll Left
112,112,112,0.04,0.02,1.0,1,Roll Left
113,113,113,0.04,0.02,1.0,1,Roll Left
114,114,114,0.04,0.02,1.0,1,Roll Left
115,115,115,0.04,0.02,1.0,1,Roll Left
116,116,116,0.04,0.02,1.0,1,Roll Left
117,117,117,0.04,0.02,1.0,1,Roll Left
118,118,118,0.04,0.02,1.0,1,Roll Left
119,119,119,0.04,0.02,1.0,1,Roll Left
120,120,120,0.04,0.02,1.0,1,Roll Left
121,121,121,0.04,0.02,1.0,1,Roll Left
122,122,122,0.07,0.02,1.0,1,Roll Left
123,123,123,0.05,0.01,1.02,1,Roll Left
124,124,124,0.05,-0.22,0.95,1,Roll Left
125,125,125,0.06,-0.38,0.86,1,Roll Left
126,126,126,0.03,-0.52,0.79,1,Roll Left
127,127,127,0.02,-0.73,0.67,1,Roll Left
128,128,128,0.04,-0.67,0.71,1,Roll Left
129,129,129,0.0,-0.76,0.57,1,Roll Left
130,130,130,0.02,-0.75,0.6,1,Roll Left
131,131,131,0.02,-0.76,0.6,1,Roll Left
132,132,132,0.02,-0.76,0.58,1,Roll Left
133,133,133,0.0,-0.76,0.61,1,Roll Left
134,134,134,0.02,-0.76,0.58,1,Roll Left
135,135,135,0.02,-0.76,0.56,1,Roll Left
136,136,136,0.05,-0.69,0.68,1,Roll Left
137,137,137,0.04,-0.63,0.75,1,Roll Left
138,138,138,0.02,-0.47,0.91,1,Roll Left
139,139,139,0.04,-0.3,0.95,1,Roll Left
140,140,140,0.04,-0.16,0.95,1,Roll Left
141,141,141,0.04,0.02,1.02,1,Roll Left
142,142,142,0.05,-0.01,1.0,1,Roll Left
143,143,143,0.1,0.09,1.0,1,Roll Left
144,144,144,0.04,0.02,1.0,1,Roll Left
145,145,145,0.04,0.02,1.0,1,Roll Left
146,146,146,0.04,0.02,1.0,1,Roll Left
147,147,147,0.04,0.02,1.0,1,Roll Left
148,148,148,0.04,0.02,1.0,1,Roll Left
149,149,149,0.04,0.02,1.0,1,Roll Left
150,150,150,0.04,0.02,1.0,1,Roll Left
151,151,151,0.04,0.02,1.0,1,Roll Left
152,152,152,0.04,0.02,1.0,1,Roll Left
153,153,153,0.04,0.02,1.0,1,Roll Left
154,154,154,0.04,0.02,1.0,1,Roll Left
155,155,155,0.04,0.02,1.0,1,Roll Left
156,156,156,0.04,0.02,1.0,1,Roll Left
157,157,157,0.04,0.02,1.0,1,Roll Left
158,158,158,0.04,0.02,1.0,1,Roll Left
159,159,159,0.04,0.02,1.0,1,Roll Left
160,160,160,0.04,0.02,1.0,1,Roll Left
161,161,161,0.04,0.02,1.0,1,Roll Left
162,162,162,0.04,0.02,1.0,1,Roll Left
163,163,163,0.04,0.02,1.0,1,Roll Left
164,164,164,0.04,0.02,1.0,1,Roll Left
165,165,165,0.04,0.03,1.0,1,Roll Left
166,166,166,0.04,0.02,1.0,1,Roll Left
167,167,167,0.04,0.02,1.0,1,Roll Left
168,168,168,0.04,0.02,1.0,1,Roll Left
169,169,169,0.04,0.02,1.0,1,Roll Left
170,170,170,0.04,0.03,1.0,1,Roll Left
171,171,171,0.04,0.02,1.0,1,Roll Left
172,172,172,0.04,0.02,1.0,1,Roll Left
173,173,173,0.04,0.03,1.0,1,Roll Left
174,174,174,0.04,0.02,1.0,1,Roll Left
175,175,175,0.04,0.02,1.0,1,Roll Left
176,176,176,0.04,0.02,1.0,1,Roll Left
177,177,177,0.04,0.02,1.0,1,Roll Left
178,178,178,0.04,0.02,1.01,1,Roll Left
179,179,179,0.04,0.02,1.0,1,Roll Left
180,180,180,0.05,0.03,1.0,1,Roll Left
181,181,181,0.04,0.01,1.02,1,Roll Left
182,182,182,0.03,-0.14,1.01,1,Roll Left
183,183,183,0.02,-0.38,0.94,1,Roll Left
184,184,184,0.04,-0.54,0.79,1,Roll Left
185,185,185,-0.05,-0.53,0.79,1,Roll Left
186,186,186,-0.01,-0.7,0.73,1,Roll Left
187,187,187,-0.02,-0.79,0.75,1,Roll Left
188,188,188,-0.02,-0.74,0.64,1,Roll Left
189,189,189,-0.06,-0.73,0.58,1,Roll Left
190,190,190,-0.04,-0.74,0.63,1,Roll Left
191,191,191,-0.04,-0.69,0.59,1,Roll Left
192,192,192,-0.04,-0.71,0.6,1,Roll Left
193,193,193,-0.02,-0.73,0.63,1,Roll Left
194,194,194,-0.01,-0.77,0.64,1,Roll Left
195,195,195,0.0,-0.61,0.69,1,Roll Left
196,196,196,-0.02,-0.57,0.78,1,Roll Left
197,197,197,-0.02,-0.34,0.94,1,Roll Left
198,198,198,-0.06,-0.17,0.99,1,Roll Left
199,199,199,0.02,-0.11,1.0,1,Roll Left
200,200,200,0.04,-0.04,1.0,1,Roll Left
201,201,201,-0.05,0.02,1.0,1,Roll Left
202,202,202,0.04,0.02,1.01,1,Roll Left
203,203,203,0.04,0.02,1.0,1,Roll Left
204,204,204,0.04,0.02,1.0,1,Roll Left
205,205,205,0.03,0.02,1.0,1,Roll Left
206,206,206,0.04,0.02,1.0,1,Roll Left
207,207,207,0.04,0.02,1.0,1,Roll Left
208,208,208,0.04,0.02,1.0,1,Roll Left
209,209,209,0.04,0.02,1.0,1,Roll Left
210,210,210,0.04,0.02,1.0,1,Roll Left
211,211,211,0.04,0.02,1.0,1,Roll Left
212,212,212,0.04,0.02,1.0,1,Roll Left
213,213,213,0.03,0.03,1.0,1,Roll Left
214,214,214,0.04,0.02,1.0,1,Roll Left
215,215,215,0.04,0.02,1.0,1,Roll Left
216,216,216,0.04,0.02,1.0,1,Roll Left
217,217,217,0.04,0.02,1.0,1,Roll Left
218,218,218,0.04,0.02,1.0,1,Roll Left
219,219,219,0.04,0.02,1.0,1,Roll Left
220,220,220,0.04,0.02,1.0,1,Roll Left
221,221,221,0.04,0.03,1.0,1,Roll Left
222,222,222,0.04,0.02,1.0,1,Roll Left
223,223,223,0.04,0.02,1.0,1,Roll Left
224,224,224,0.04,0.03,1.0,1,Roll Left
225,225,225,0.04,0.02,1.0,1,Roll Left
226,226,226,0.04,0.02,1.0,1,Roll Left
227,227,227,0.04,0.02,1.0,1,Roll Left
228,228,228,0.04,0.02,1.0,1,Roll Left
229,229,229,0.04,0.02,1.0,1,Roll Left
230,230,230,0.04,0.02,1.0,1,Roll Left
231,231,231,0.04,0.02,1.0,1,Roll Left
232,232,232,0.04,0.02,1.0,1,Roll Left
233,233,233,0.04,0.02,1.0,1,Roll Left
234,234,234,0.04,0.02,1.0,1,Roll Left
235,235,235,0.04,0.02,1.0,1,Roll Left
236,236,236,0.04,0.02,1.0,1,Roll Left
237,237,237,0.04,0.02,1.0,1,Roll Left
238,238,238,-0.03,0.03,1.0,1,Roll Left
239,239,239,0.04,0.04,1.07,1,Roll Left
240,240,240,0.01,-0.18,0.96,1,Roll Left
241,241,241,0.0,-0.42,0.93,1,Roll Left
242,242,242,-0.01,-0.7,0.82,1,Roll Left
243,243,243,0.0,-0.5,0.5,1,Roll Left
244,244,244,-0.02,-0.66,0.75,1,Roll Left
245,245,245,-0.05,-0.74,0.64,1,Roll Left
246,246,246,-0.01,-0.77,0.45,1,Roll Left
247,247,247,-0.04,-0.85,0.56,1,Roll Left
248,248,248,-0.01,-0.79,0.5,1,Roll Left
249,249,249,-0.03,-0.79,0.52,1,Roll Left
250,250,250,-0.01,-0.78,0.55,1,Roll Left
251,251,251,0.02,-0.5,0.71,1,Roll Left
252,252,252,0.06,-0.35,0.89,1,Roll Left
253,253,253,0.03,-0.09,1.14,1,Roll Left
254,254,254,-0.03,-0.09,0.93,1,Roll Left
255,255,255,0.0,-0.01,1.0,1,Roll Left
256,256,256,0.02,0.01,1.01,1,Roll Left
257,257,257,0.0,-0.05,1.04,1,Roll Left
258,258,258,0.04,0.02,1.0,1,Roll Left
259,259,259,0.04,0.02,1.0,1,Roll Left
260,260,260,0.04,0.02,1.0,1,Roll Left
261,261,261,0.04,0.02,1.0,1,Roll Left
262,262,262,0.04,0.02,1.0,1,Roll Left
263,263,263,0.04,0.02,1.0,1,Roll Left
264,264,264,0.04,0.02,1.0,1,Roll Left
265,265,265,0.04,0.02,1.0,1,Roll Left
266,266,266,0.04,0.02,1.0,1,Roll Left
267,267,267,0.04,0.02,1.0,1,Roll Left
268,268,268,0.03,0.02,1.0,1,Roll Left
269,269,269,0.04,0.02,1.0,1,Roll Left
270,270,270,0.04,0.02,1.0,1,Roll Left
271,271,271,0.04,0.02,1.0,1,Roll Left
272,272,272,0.04,0.02,1.0,1,Roll Left
273,273,273,0.04,0.02,1.0,1,Roll Left
274,274,274,0.04,0.03,1.0,1,Roll Left
275,275,275,0.04,0.02,1.0,1,Roll Left
276,276,276,0.04,0.03,1.0,1,Roll Left
277,277,277,0.04,0.02,1.0,1,Roll Left
278,278,278,0.04,0.02,1.0,1,Roll Left
279,279,279,0.03,0.02,1.0,1,Roll Left
280,280,280,0.04,0.02,1.0,1,Roll Left
281,281,281,0.04,0.02,1.0,1,Roll Left
282,282,282,0.04,0.02,1.0,1,Roll Left
283,283,283,0.03,0.03,1.0,1,Roll Left
284,284,284,0.04,0.02,1.0,1,Roll Left
285,285,285,0.04,0.02,1.0,1,Roll Left
286,286,286,0.04,0.02,1.0,1,Roll Left
287,287,287,0.04,0.02,1.0,1,Roll Left
288,288,288,0.04,0.02,1.0,1,Roll Left
289,289,289,0.04,0.02,1.0,1,Roll Left
290,290,290,0.04,0.02,1.0,1,Roll Left
291,291,291,0.04,0.02,1.0,1,Roll Left
292,292,292,0.04,0.02,1.0,1,Roll Left
293,293,293,0.03,0.04,1.0,1,Roll Left
294,294,294,0.04,0.03,1.01,1,Roll Left
295,295,295,0.02,0.03,1.05,1,Roll Left
296,296,296,0.05,-0.11,1.0,1,Roll Left
297,297,297,0.07,-0.18,1.0,1,Roll Left
298,298,298,0.0,-0.51,0.74,1,Roll Left
299,299,299,-0.04,-0.52,0.82,1,Roll Left
300,300,300,-0.03,-0.76,0.69,1,Roll Left
301,301,301,0.06,-0.71,0.63,1,Roll Left
302,302,302,0.02,-0.8,0.48,1,Roll Left
303,303,303,0.02,-0.85,0.55,1,Roll Left
304,304,304,0.0,-0.8,0.57,1,Roll Left
305,305,305,0.0,-0.76,0.57,1,Roll Left
306,306,306,0.03,-0.62,0.78,1,Roll Left
307,307,307,-0.03,-0.5,0.94,1,Roll Left
308,308,308,-0.02,-0.42,0.87,1,Roll Left
309,309,309,-0.04,-0.35,0.93,1,Roll Left
310,310,310,0.03,-0.41,0.93,1,Roll Left
311,311,311,0.04,-0.22,1.01,1,Roll Left
312,312,312,0.04,-0.07,1.01,1,Roll Left
313,313,313,0.02,0.04,1.02,1,Roll Left
314,314,314,0.04,0.02,1.0,1,Roll Left
315,315,315,0.04,0.02,1.0,1,Roll Left
316,316,316,0.04,0.02,1.0,1,Roll Left
317,317,317,0.04,0.02,1.0,1,Roll Left
318,318,318,0.03,0.02,1.0,1,Roll Left
319,319,319,0.04,0.02,1.0,1,Roll Left
320,320,320,0.04,0.02,1.0,1,Roll Left
321,321,321,0.04,0.02,1.0,1,Roll Left
322,322,322,0.04,0.02,1.0,1,Roll Left
323,323,323,0.03,0.02,1.0,1,Roll Left
324,324,324,0.04,0.02,1.0,1,Roll Left
325,325,325,0.04,0.02,1.0,1,Roll Left
326,326,326,0.04,0.02,1.0,1,Roll Left
327,327,327,0.04,0.02,1.0,1,Roll Left
328,328,328,0.04,0.02,1.0,1,Roll Left
329,329,329,0.04,0.02,1.0,1,Roll Left
330,330,330,0.04,0.03,1.0,1,Roll Left
331,331,331,0.04,0.02,1.0,1,Roll Left
332,332,332,0.04,0.02,1.0,1,Roll Left
333,333,333,0.04,0.02,1.0,1,Roll Left
334,334,334,0.04,0.02,1.0,1,Roll Left
335,335,335,0.04,0.02,1.0,1,Roll Left
336,336,336,0.04,0.02,1.0,1,Roll Left
337,337,337,0.04,0.02,1.0,1,Roll Left
338,338,338,0.03,0.03,1.0,1,Roll Left
339,339,339,0.04,0.02,1.0,1,Roll Left
340,340,340,0.04,0.02,1.0,1,Roll Left
341,341,341,0.03,0.02,1.0,1,Roll Left
342,342,342,0.04,0.02,1.0,1,Roll Left
343,343,343,0.04,0.02,1.0,1,Roll Left
344,344,344,0.04,0.02,1.0,1,Roll Left
345,345,345,0.04,0.02,1.0,1,Roll Left
346,346,346,0.04,0.02,1.0,1,Roll Left
347,347,347,0.04,0.03,1.0,1,Roll Left
348,348,348,0.04,0.03,1.0,1,Roll Left
349,349,349,0.04,0.03,1.0,1,Roll Left
350,350,350,0.04,0.02,1.0,1,Roll Left
351,351,351,0.04,0.03,1.0,1,Roll Left
352,352,0,0.04,0.03,1.0,2,Roll Left
353,353,1,0.04,0.03,1.0,2,Roll Left
354,354,2,0.04,0.02,1.0,2,Roll Left
355,355,3,0.04,0.02,1.0,2,Roll Left
356,356,4,0.04,0.02,1.0,2,Roll Left
357,357,5,0.04,0.03,1.0,2,Roll Left
358,358,6,0.04,0.02,1.0,2,Roll Left
359,359,7,0.04,0.03,1.0,2,Roll Left
360,360,8,0.04,0.03,1.0,2,Roll Left
361,361,9,0.04,0.03,1.0,2,Roll Left
362,362,10,0.04,0.02,1.0,2,Roll Left
363,363,11,0.04,0.03,1.0,2,Roll Left
364,364,12,0.04,0.03,1.0,2,Roll Left
365,365,13,0.04,0.02,1.0,2,Roll Left
366,366,14,0.04,0.03,1.0,2,Roll Left
367,367,15,0.04,0.02,1.0,2,Roll Left
368,368,16,0.04,0.03,1.0,2,Roll Left
369,369,17,0.04,0.04,1.01,2,Roll Left
370,370,18,0.03,0.07,1.01,2,Roll Left
371,371,19,-0.0,-0.01,1.07,2,Roll Left
372,372,20,0.01,-0.13,0.88,2,Roll Left
373,373,21,0.01,-0.55,0.9,2,Roll Left
374,374,22,0.0,-0.49,0.84,2,Roll Left
375,375,23,0.0,-0.58,0.68,2,Roll Left
376,376,24,0.05,-0.63,0.38,2,Roll Left
377,377,25,-0.14,-0.91,0.39,2,Roll Left
378,378,26,0.05,-1.06,0.35,2,Roll Left
379,379,27,-0.04,-0.96,0.53,2,Roll Left
380,380,28,0.1,-0.76,0.69,2,Roll Left
381,381,29,0.18,-0.16,0.82,2,Roll Left
382,382,30,0.05,0.0,1.15,2,Roll Left
383,383,31,0.1,0.02,1.03,2,Roll Left
384,384,32,0.04,0.04,1.12,2,Roll Left
385,385,33,-0.02,-0.01,1.25,2,Roll Left
386,386,34,0.05,0.04,1.16,2,Roll Left
387,387,35,0.07,-0.08,1.01,2,Roll Left
388,388,36,0.04,0.02,1.0,2,Roll Left
389,389,37,0.04,0.02,1.01,2,Roll Left
390,390,38,0.04,0.02,1.0,2,Roll Left
391,391,39,0.04,0.02,1.01,2,Roll Left
392,392,40,0.05,0.03,1.0,2,Roll Left
393,393,41,0.04,0.02,1.0,2,Roll Left
394,394,42,0.04,0.02,1.0,2,Roll Left
395,395,43,0.04,0.03,1.0,2,Roll Left
396,396,44,0.04,0.02,1.0,2,Roll Left
397,397,45,0.04,0.02,1.0,2,Roll Left
398,398,46,0.04,0.03,1.0,2,Roll Left
399,399,47,0.04,0.03,1.0,2,Roll Left
400,400,48,0.04,0.03,1.0,2,Roll Left
401,401,49,0.04,0.03,1.0,2,Roll Left
402,402,50,0.04,0.02,1.0,2,Roll Left
403,403,51,0.04,0.03,1.0,2,Roll Left
404,404,52,0.04,0.03,1.0,2,Roll Left
405,405,53,0.04,0.02,1.0,2,Roll Left
406,406,54,0.04,0.03,1.0,2,Roll Left
407,407,55,0.04,0.03,1.0,2,Roll Left
408,408,56,0.04,0.02,1.0,2,Roll Left
409,409,57,0.04,0.02,1.0,2,Roll Left
410,410,58,0.04,0.03,1.0,2,Roll Left
411,411,59,0.04,0.02,1.0,2,Roll Left
412,412,60,0.04,0.03,1.0,2,Roll Left
413,413,61,0.04,0.02,1.0,2,Roll Left
414,414,62,-0.02,0.02,1.01,2,Roll Left
415,415,63,0.07,0.07,0.95,2,Roll Left
416,416,64,0.07,-0.17,0.96,2,Roll Left
417,417,65,0.09,-0.41,0.99,2,Roll Left
418,418,66,0.12,-0.31,0.79,2,Roll Left
419,419,67,0.07,-0.69,0.66,2,Roll Left
420,420,68,0.05,-0.85,0.43,2,Roll Left
421,421,69,-0.05,-0.98,0.64,2,Roll Left
422,422,70,-0.08,-0.91,0.54,2,Roll Left
423,423,71,-0.04,-0.85,0.64,2,Roll Left
424,424,72,-0.04,-0.46,0.65,2,Roll Left
425,425,73,0.04,-0.05,1.06,2,Roll Left
426,426,74,-0.05,0.1,0.89,2,Roll Left
427,427,75,-0.04,0.2,1.0,2,Roll Left
428,428,76,0.02,0.1,1.01,2,Roll Left
429,429,77,0.04,0.05,1.01,2,Roll Left
430,430,78,-0.04,0.04,1.12,2,Roll Left
431,431,79,0.02,0.02,1.0,2,Roll Left
432,432,80,0.04,0.02,1.0,2,Roll Left
433,433,81,0.04,0.03,1.0,2,Roll Left
434,434,82,0.04,0.02,1.0,2,Roll Left
435,435,83,0.04,0.02,1.0,2,Roll Left
436,436,84,0.04,0.03,1.0,2,Roll Left
437,437,85,0.04,0.03,1.0,2,Roll Left
438,438,86,0.04,0.02,1.0,2,Roll Left
439,439,87,0.04,0.03,1.0,2,Roll Left
440,440,88,0.04,0.03,1.0,2,Roll Left
441,441,89,0.04,0.03,1.0,2,Roll Left
442,442,90,0.04,0.03,1.0,2,Roll Left
443,443,91,0.04,0.02,1.0,2,Roll Left
444,444,92,0.04,0.03,1.0,2,Roll Left
445,445,93,0.04,0.02,1.0,2,Roll Left
446,446,94,0.04,0.03,1.0,2,Roll Left
447,447,95,0.04,0.03,1.0,2,Roll Left
448,448,96,0.04,0.02,1.0,2,Roll Left
449,449,97,0.04,0.02,1.0,2,Roll Left
450,450,98,0.04,0.02,1.0,2,Roll Left
451,451,99,0.04,0.03,1.0,2,Roll Left
452,452,100,0.04,0.02,1.0,2,Roll Left
453,453,101,0.04,0.02,1.0,2,Roll Left
454,454,102,0.04,0.02,1.0,2,Roll Left
455,455,103,0.04,0.02,1.0,2,Roll Left
456,456,104,0.05,0.02,1.01,2,Roll Left
457,457,105,0.04,-0.0,1.02,2,Roll Left
458,458,106,0.02,-0.04,1.15,2,Roll Left
459,459,107,0.05,-0.12,0.88,2,Roll Left
460,460,108,0.04,-0.25,0.69,2,Roll Left
461,461,109,0.02,-0.68,0.76,2,Roll Left
462,462,110,0.0,-0.9,0.6,2,Roll Left
463,463,111,-0.07,-0.83,0.5,2,Roll Left
464,464,112,-0.0,-0.79,0.35,2,Roll Left
465,465,113,-0.03,-1.09,0.45,2,Roll Left
466,466,114,0.02,-0.77,0.32,2,Roll Left
467,467,115,0.0,-0.58,0.52,2,Roll Left
468,468,116,0.04,0.21,1.21,2,Roll Left
469,469,117,0.05,0.14,0.94,2,Roll Left
470,470,118,0.16,0.14,1.14,2,Roll Left
471,471,119,-0.04,0.08,1.0,2,Roll Left
472,472,120,0.04,0.03,1.0,2,Roll Left
473,473,121,0.03,0.02,1.0,2,Roll Left
474,474,122,0.04,0.02,1.0,2,Roll Left
475,475,123,0.04,0.03,1.0,2,Roll Left
476,476,124,0.04,0.03,1.0,2,Roll Left
477,477,125,0.04,0.03,1.0,2,Roll Left
478,478,126,0.04,0.02,1.0,2,Roll Left
479,479,127,0.04,0.02,1.0,2,Roll Left
480,480,128,0.04,0.02,1.0,2,Roll Left
481,481,129,0.04,0.03,1.0,2,Roll Left
482,482,130,0.04,0.02,1.0,2,Roll Left
483,483,131,0.04,0.02,1.0,2,Roll Left
484,484,132,0.04,0.02,1.0,2,Roll Left
485,485,133,0.04,0.02,1.0,2,Roll Left
486,486,134,0.04,0.02,1.0,2,Roll Left
487,487,135,0.04,0.03,1.0,2,Roll Left
488,488,136,0.04,0.03,1.0,2,Roll Left
489,489,137,0.04,0.02,1.0,2,Roll Left
490,490,138,0.04,0.02,1.0,2,Roll Left
491,491,139,0.04,0.03,1.0,2,Roll Left
492,492,140,0.04,0.03,1.0,2,Roll Left
493,493,141,0.03,0.03,1.0,2,Roll Left
494,494,142,0.04,0.03,1.0,2,Roll Left
495,495,143,0.04,0.03,1.0,2,Roll Left
496,496,144,0.04,0.03,1.0,2,Roll Left
497,497,145,0.04,0.03,1.0,2,Roll Left
498,498,146,0.03,0.02,1.0,2,Roll Left
499,499,147,0.03,0.01,1.0,2,Roll Left
500,500,148,0.05,-0.15,1.04,2,Roll Left
501,501,149,-0.0,0.0,0.97,2,Roll Left
502,502,150,-0.02,-0.55,0.79,2,Roll Left
503,503,151,0.02,-0.68,0.76,2,Roll Left
504,504,152,0.06,-0.77,0.46,2,Roll Left
505,505,153,-0.04,-0.89,0.56,2,Roll Left
506,506,154,0.0,-0.75,0.41,2,Roll Left
507,507,155,-0.1,-0.98,0.48,2,Roll Left
508,508,156,-0.08,-0.62,0.6,2,Roll Left
509,509,157,0.04,0.11,0.75,2,Roll Left
510,510,158,0.08,-0.17,0.91,2,Roll Left
511,511,159,0.02,0.09,1.12,2,Roll Left
512,512,160,0.03,0.08,1.26,2,Roll Left
513,513,161,0.08,-0.13,0.89,2,Roll Left
514,514,162,0.03,0.08,1.01,2,Roll Left
515,515,163,0.06,0.01,1.0,2,Roll Left
516,516,164,0.04,0.02,1.0,2,Roll Left
517,517,165,0.04,0.03,1.0,2,Roll Left
518,518,166,0.04,0.03,1.0,2,Roll Left
519,519,167,0.04,0.02,1.0,2,Roll Left
520,520,168,0.04,0.02,1.0,2,Roll Left
521,521,169,0.04,0.03,1.0,2,Roll Left
522,522,170,0.04,0.02,1.0,2,Roll Left
523,523,171,0.04,0.03,1.0,2,Roll Left
524,524,172,0.04,0.03,1.0,2,Roll Left
525,525,173,0.04,0.03,1.0,2,Roll Left
526,526,174,0.04,0.02,1.0,2,Roll Left
527,527,175,0.04,0.02,1.0,2,Roll Left
528,528,176,0.04,0.03,1.0,2,Roll Left
529,529,177,0.04,0.03,1.0,2,Roll Left
530,530,178,0.04,0.03,1.0,2,Roll Left
531,531,179,0.04,0.02,1.0,2,Roll Left
532,532,180,0.04,0.03,1.0,2,Roll Left
533,533,181,0.04,0.03,1.0,2,Roll Left
534,534,182,0.04,0.03,1.0,2,Roll Left
535,535,183,0.04,0.02,1.0,2,Roll Left
536,536,184,0.04,0.02,1.0,2,Roll Left
537,537,185,0.04,0.03,1.0,2,Roll Left
538,538,186,0.04,0.03,1.0,2,Roll Left
539,539,187,0.04,0.02,1.0,2,Roll Left
540,540,188,0.04,0.02,1.0,2,Roll Left
541,541,189,0.04,0.02,1.0,2,Roll Left
542,542,190,0.03,0.03,1.0,2,Roll Left
543,543,191,0.03,0.05,1.02,2,Roll Left
544,544,192,0.02,-0.11,1.02,2,Roll Left
545,545,193,0.02,-0.21,0.82,2,Roll Left
546,546,194,0.05,-0.25,0.89,2,Roll Left
547,547,195,0.06,-0.55,0.69,2,Roll Left
548,548,196,-0.02,-0.7,0.29,2,Roll Left
549,549,197,-0.03,-0.88,0.47,2,Roll Left
550,550,198,-0.1,-0.81,0.3,2,Roll Left
551,551,199,-0.16,-0.88,0.46,2,Roll Left
552,552,200,0.0,-0.27,0.79,2,Roll Left
553,553,201,0.13,-0.08,1.09,2,Roll Left
554,554,202,0.07,-0.34,0.86,2,Roll Left
555,555,203,0.05,0.18,1.01,2,Roll Left
556,556,204,0.0,0.04,1.08,2,Roll Left
557,557,205,0.02,0.05,1.0,2,Roll Left
558,558,206,0.07,0.03,1.0,2,Roll Left
559,559,207,0.04,0.03,1.01,2,Roll Left
560,560,208,0.04,0.02,1.0,2,Roll Left
561,561,209,0.04,0.02,1.0,2,Roll Left
562,562,210,0.04,0.02,1.0,2,Roll Left
563,563,211,0.04,0.02,1.0,2,Roll Left
564,564,212,0.04,0.02,1.0,2,Roll Left
565,565,213,0.04,0.03,1.0,2,Roll Left
566,566,214,0.04,0.02,1.0,2,Roll Left
567,567,215,0.04,0.03,1.0,2,Roll Left
568,568,216,0.04,0.03,1.0,2,Roll Left
569,569,217,0.04,0.02,1.0,2,Roll Left
570,570,218,0.04,0.02,1.0,2,Roll Left
571,571,219,0.04,0.03,1.0,2,Roll Left
572,572,220,0.04,0.02,1.0,2,Roll Left
573,573,221,0.04,0.03,1.0,2,Roll Left
574,574,222,0.04,0.03,1.0,2,Roll Left
575,575,223,0.04,0.03,1.0,2,Roll Left
576,576,224,0.04,0.02,1.0,2,Roll Left
577,577,225,0.04,0.03,1.0,2,Roll Left
578,578,226,0.04,0.03,1.0,2,Roll Left
579,579,227,0.04,0.03,1.0,2,Roll Left
580,580,228,0.04,0.02,1.0,2,Roll Left
581,581,229,0.04,0.02,1.0,2,Roll Left
582,582,230,0.04,0.02,1.0,2,Roll Left
583,583,231,0.03,0.02,1.0,2,Roll Left
584,584,232,0.01,0.04,1.0,2,Roll Left
585,585,233,0.03,0.01,1.0,2,Roll Left
586,586,234,-0.02,-0.05,1.0,2,Roll Left
587,587,235,0.04,-0.29,0.99,2,Roll Left
588,588,236,0.0,-0.37,0.7,2,Roll Left
589,589,237,-0.02,-0.7,0.43,2,Roll Left
590,590,238,-0.05,-0.64,0.48,2,Roll Left
591,591,239,-0.08,-1.0,0.46,2,Roll Left
592,592,240,-0.08,-0.76,0.25,2,Roll Left
593,593,241,-0.04,-0.87,0.55,2,Roll Left
594,594,242,0.06,-0.63,0.85,2,Roll Left
595,595,243,0.11,-0.26,0.98,2,Roll Left
596,596,244,0.08,-0.12,1.06,2,Roll Left
597,597,245,0.05,0.17,1.03,2,Roll Left
598,598,246,-0.05,-0.13,0.92,2,Roll Left
599,599,247,0.06,0.0,1.0,2,Roll Left
600,600,248,0.04,0.03,1.0,2,Roll Left
601,601,249,0.04,0.03,1.0,2,Roll Left
602,602,250,0.04,0.03,1.0,2,Roll Left
603,603,251,0.04,0.03,1.0,2,Roll Left
604,604,252,0.04,0.02,1.0,2,Roll Left
605,605,253,0.04,0.02,1.0,2,Roll Left
606,606,254,0.04,0.03,1.0,2,Roll Left
607,607,255,0.04,0.03,1.0,2,Roll Left
608,608,256,0.03,0.03,1.0,2,Roll Left
609,609,257,0.04,0.03,1.0,2,Roll Left
610,610,258,0.04,0.02,1.0,2,Roll Left
611,611,259,0.04,0.02,1.0,2,Roll Left
612,612,260,0.04,0.02,1.0,2,Roll Left
613,613,261,0.04,0.03,1.0,2,Roll Left
614,614,262,0.04,0.03,1.0,2,Roll Left
615,615,263,0.04,0.03,1.0,2,Roll Left
616,616,264,0.04,0.03,1.0,2,Roll Left
617,617,265,0.04,0.03,1.0,2,Roll Left
618,618,266,0.04,0.03,1.0,2,Roll Left
619,619,267,0.04,0.02,1.0,2,Roll Left
620,620,268,0.04,0.03,1.0,2,Roll Left
621,621,269,0.04,0.03,1.0,2,Roll Left
622,622,270,0.04,0.03,1.0,2,Roll Left
623,623,271,0.04,0.02,1.0,2,Roll Left
624,624,272,0.04,0.03,1.0,2,Roll Left
625,625,273,0.04,0.02,1.0,2,Roll Left
626,626,274,0.04,0.03,1.0,2,Roll Left
627,627,275,0.04,0.03,1.0,2,Roll Left
628,628,276,0.04,0.03,1.0,2,Roll Left
629,629,277,0.04,0.03,1.0,2,Roll Left
630,630,278,0.03,0.02,1.0,2,Roll Left
631,631,279,0.02,0.05,1.0,2,Roll Left
632,632,280,0.05,0.0,1.06,2,Roll Left
633,633,281,0.06,-0.12,0.96,2,Roll Left
634,634,282,0.06,-0.29,0.86,2,Roll Left
635,635,283,-0.03,-0.44,0.83,2,Roll Left
636,636,284,0.02,-0.97,0.5,2,Roll Left
637,637,285,0.06,-0.84,0.28,2,Roll Left
638,638,286,0.03,-1.05,0.25,2,Roll Left
639,639,287,-0.06,-1.02,0.35,2,Roll Left
640,640,288,-0.06,-0.95,0.36,2,Roll Left
641,641,289,0.09,-0.11,0.8,2,Roll Left
642,642,290,0.02,-0.34,0.87,2,Roll Left
643,643,291,0.02,0.09,1.02,2,Roll Left
644,644,292,-0.06,0.01,1.06,2,Roll Left
645,645,293,-0.07,0.02,1.03,2,Roll Left
646,646,294,0.05,0.03,1.0,2,Roll Left
647,647,295,0.03,0.02,1.0,2,Roll Left
648,648,296,0.04,0.02,1.0,2,Roll Left
649,649,297,0.04,0.02,1.0,2,Roll Left
650,650,298,0.04,0.03,1.0,2,Roll Left
651,651,299,0.04,0.02,1.0,2,Roll Left
652,652,300,0.04,0.02,1.0,2,Roll Left
653,653,301,0.04,0.03,1.0,2,Roll Left
654,654,302,0.04,0.03,1.0,2,Roll Left
655,655,303,0.04,0.02,1.0,2,Roll Left
656,656,304,0.04,0.02,1.0,2,Roll Left
657,657,305,0.04,0.03,1.0,2,Roll Left
658,658,306,0.04,0.03,1.0,2,Roll Left
659,659,307,0.04,0.03,1.0,2,Roll Left
660,660,308,0.03,0.02,1.01,2,Roll Left
661,661,309,0.04,0.03,1.0,2,Roll Left
662,662,310,0.04,0.03,1.0,2,Roll Left
663,663,311,0.04,0.02,1.0,2,Roll Left
664,664,312,0.04,0.02,1.0,2,Roll Left
665,665,313,0.04,0.03,1.0,2,Roll Left
666,666,314,0.04,0.02,1.0,2,Roll Left
667,667,315,0.04,0.03,1.0,2,Roll Left
668,668,316,0.04,0.03,1.0,2,Roll Left
669,669,317,0.04,0.02,1.0,2,Roll Left
670,670,318,0.04,0.03,1.0,2,Roll Left
671,671,319,0.04,0.03,1.0,2,Roll Left
672,672,320,0.04,0.03,1.0,2,Roll Left
673,673,321,0.03,0.04,1.0,2,Roll Left
674,674,322,0.08,-0.14,1.05,2,Roll Left
675,675,323,-0.02,-0.3,0.96,2,Roll Left
676,676,324,0.0,-0.46,0.63,2,Roll Left
677,677,325,-0.05,-0.74,0.37,2,Roll Left
678,678,326,-0.11,-1.03,0.3,2,Roll Left
679,679,327,-0.07,-0.76,0.43,2,Roll Left
680,680,328,-0.09,-1.07,0.33,2,Roll Left
681,681,329,-0.06,-0.94,0.48,2,Roll Left
682,682,330,0.05,-0.42,0.8,2,Roll Left
683,683,331,0.03,-0.24,0.82,2,Roll Left
684,684,332,0.09,-0.09,0.9,2,Roll Left
685,685,333,0.02,0.03,1.0,2,Roll Left
686,686,334,-0.05,-0.2,1.74,2,Roll Left
687,687,335,0.05,-0.06,1.07,2,Roll Left
688,688,336,0.03,0.02,1.01,2,Roll Left
689,689,337,0.03,0.02,1.0,2,Roll Left
690,690,338,0.04,0.02,1.0,2,Roll Left
691,691,339,0.04,0.03,1.0,2,Roll Left
692,692,340,0.04,0.03,1.0,2,Roll Left
693,693,341,0.04,0.02,1.0,2,Roll Left
694,694,342,0.03,0.03,1.0,2,Roll Left
695,695,343,0.04,0.02,1.0,2,Roll Left
696,696,344,0.04,0.02,1.0,2,Roll Left
697,697,345,0.04,0.02,1.0,2,Roll Left
698,698,346,0.04,0.02,1.01,2,Roll Left
699,699,347,0.04,0.03,1.0,2,Roll Left
700,700,348,0.03,0.02,1.0,2,Roll Left
701,701,349,0.04,0.03,1.0,2,Roll Left
702,702,350,0.04,0.02,1.0,2,Roll Left
703,703,351,0.04,0.03,1.0,2,Roll Left
704,704,352,0.04,0.02,1.0,2,Roll Left
705,705,353,0.04,0.02,1.0,2,Roll Left
706,706,354,0.04,0.02,1.0,2,Roll Left
707,707,355,0.04,0.03,1.0,2,Roll Left
708,708,356,0.04,0.02,1.0,2,Roll Left
709,709,357,0.04,0.02,1.0,2,Roll Left
710,710,358,0.04,0.02,1.0,2,Roll Left
711,711,359,0.04,0.02,1.0,2,Roll Left
712,712,360,0.04,0.03,1.0,2,Roll Left
713,713,361,0.04,0.03,1.0,2,Roll Left
714,714,362,0.04,0.03,1.0,2,Roll Left
715,715,363,0.04,0.02,1.0,2,Roll Left
716,716,364,0.04,0.03,1.0,2,Roll Left
717,717,365,0.03,0.02,1.0,2,Roll Left
718,718,366,-0.0,-0.07,1.03,2,Roll Left
719,719,367,0.05,-0.13,0.88,2,Roll Left
720,720,368,0.07,-0.52,0.81,2,Roll Left
721,721,369,0.0,-0.86,0.43,2,Roll Left
722,722,370,-0.02,-0.7,0.4,2,Roll Left
723,723,371,-0.07,-0.95,0.38,2,Roll Left
724,724,372,-0.13,-1.02,0.37,2,Roll Left
725,725,373,-0.02,-0.71,0.45,2,Roll Left
726,726,374,-0.09,-0.7,0.55,2,Roll Left
727,727,375,0.09,0.04,0.87,2,Roll Left
728,728,376,0.0,-0.13,0.93,2,Roll Left
729,729,377,0.04,0.13,1.05,2,Roll Left
730,730,378,0.01,0.0,0.92,2,Roll Left
731,731,379,0.04,0.05,1.01,2,Roll Left
732,732,380,0.05,0.08,1.0,2,Roll Left
733,733,381,0.04,0.02,1.0,2,Roll Left
734,734,382,0.04,0.02,1.0,2,Roll Left
735,735,383,0.04,0.02,1.0,2,Roll Left
736,736,384,0.03,0.02,1.0,2,Roll Left
737,737,385,0.04,0.03,1.0,2,Roll Left
738,738,386,0.04,0.02,1.0,2,Roll Left
739,739,387,0.04,0.03,1.0,2,Roll Left
740,740,388,0.04,0.03,1.0,2,Roll Left
741,741,389,0.04,0.02,1.0,2,Roll Left
742,742,390,0.04,0.02,1.0,2,Roll Left
743,743,391,0.04,0.03,1.0,2,Roll Left
744,744,392,0.04,0.03,1.0,2,Roll Left
745,745,393,0.04,0.02,1.0,2,Roll Left
746,746,394,0.04,0.03,1.0,2,Roll Left
747,747,395,0.04,0.02,1.0,2,Roll Left
748,748,396,0.04,0.03,1.0,2,Roll Left
749,749,397,0.04,0.03,1.0,2,Roll Left
750,750,398,0.04,0.03,1.0,2,Roll Left
751,751,399,0.04,0.02,1.0,2,Roll Left
752,752,400,0.04,0.02,1.0,2,Roll Left
753,753,401,0.04,0.02,1.0,2,Roll Left
754,754,402,0.03,0.03,1.0,2,Roll Left
755,755,403,0.04,0.03,1.0,2,Roll Left
756,756,404,0.04,0.02,1.0,2,Roll Left
757,757,405,0.04,0.03,1.0,2,Roll Left
758,758,406,0.04,0.02,1.0,2,Roll Left
759,759,407,0.04,0.03,1.0,2,Roll Left
760,760,408,0.04,0.03,1.0,2,Roll Left
761,761,409,0.04,0.03,1.0,2,Roll Left
762,762,410,0.04,0.02,1.0,2,Roll Left
763,763,411,0.04,0.02,1.0,2,Roll Left
764,764,412,0.04,0.03,1.0,2,Roll Left
765,765,413,0.04,0.02,1.0,2,Roll Left
766,766,414,0.04,0.03,1.0,2,Roll Left
767,767,415,0.04,0.02,1.0,2,Roll Left
768,768,416,0.04,0.02,1.0,2,Roll Left
769,769,417,0.04,0.02,1.0,2,Roll Left
770,770,418,0.04,0.03,1.0,2,Roll Left
771,771,419,0.04,0.03,1.0,2,Roll Left
772,772,420,0.04,0.03,1.0,2,Roll Left
773,773,421,0.04,0.03,1.0,2,Roll Left
774,774,0,0.04,0.03,1.0,3,Roll Left
775,775,1,0.04,0.03,1.0,3,Roll Left
776,776,2,0.04,0.03,1.0,3,Roll Left
777,777,3,0.04,0.02,1.0,3,Roll Left
778,778,4,0.04,0.03,1.0,3,Roll Left
779,779,5,0.05,0.02,1.0,3,Roll Left
780,780,6,0.04,0.03,1.0,3,Roll Left
781,781,7,0.04,0.02,1.0,3,Roll Left
782,782,8,0.04,0.03,1.0,3,Roll Left
783,783,9,0.04,0.03,1.0,3,Roll Left
784,784,10,0.04,0.03,1.0,3,Roll Left
785,785,11,0.04,0.02,1.0,3,Roll Left
786,786,12,0.04,0.03,1.0,3,Roll Left
787,787,13,0.05,0.02,1.0,3,Roll Left
788,788,14,0.04,0.03,1.0,3,Roll Left
789,789,15,0.04,0.02,1.0,3,Roll Left
790,790,16,0.04,0.03,1.0,3,Roll Left
791,791,17,0.04,0.03,1.0,3,Roll Left
792,792,18,0.04,0.03,1.0,3,Roll Left
793,793,19,0.04,0.03,1.0,3,Roll Left
794,794,20,0.04,0.02,1.01,3,Roll Left
795,795,21,0.04,0.03,1.0,3,Roll Left
796,796,22,0.04,0.02,1.0,3,Roll Left
797,797,23,0.04,0.02,1.0,3,Roll Left
798,798,24,0.04,0.02,1.0,3,Roll Left
799,799,25,0.05,0.03,1.0,3,Roll Left
800,800,26,0.05,0.03,1.0,3,Roll Left
801,801,27,0.04,0.03,1.0,3,Roll Left
802,802,28,0.04,0.04,1.0,3,Roll Left
803,803,29,0.04,0.02,1.0,3,Roll Left
804,804,30,0.04,0.03,1.0,3,Roll Left
805,805,31,0.04,0.02,1.0,3,Roll Left
806,806,32,0.04,0.02,1.0,3,Roll Left
807,807,33,0.03,0.05,1.0,3,Roll Left
808,808,34,0.05,0.1,1.09,3,Roll Left
809,809,35,0.01,0.01,0.98,3,Roll Left
810,810,36,0.04,-0.14,1.03,3,Roll Left
811,811,37,0.07,-0.06,0.86,3,Roll Left
812,812,38,0.1,-0.14,0.9,3,Roll Left
813,813,39,0.1,-0.32,0.96,3,Roll Left
814,814,40,0.09,-0.46,0.83,3,Roll Left
815,815,41,0.09,-0.58,0.73,3,Roll Left
816,816,42,0.07,-0.67,0.6,3,Roll Left
817,817,43,0.07,-0.73,0.62,3,Roll Left
818,818,44,0.04,-0.59,0.56,3,Roll Left
819,819,45,-0.02,-0.5,1.0,3,Roll Left
820,820,46,0.0,-0.07,0.95,3,Roll Left
821,821,47,-0.06,-0.12,1.04,3,Roll Left
822,822,48,0.0,-0.05,1.12,3,Roll Left
823,823,49,0.03,0.05,1.0,3,Roll Left
824,824,50,0.04,0.02,1.0,3,Roll Left
825,825,51,0.04,0.03,1.0,3,Roll Left
826,826,52,0.04,0.03,1.0,3,Roll Left
827,827,53,0.04,0.02,1.0,3,Roll Left
828,828,54,0.04,0.03,1.0,3,Roll Left
829,829,55,0.04,0.03,1.0,3,Roll Left
830,830,56,0.04,0.02,1.0,3,Roll Left
831,831,57,0.04,0.02,1.0,3,Roll Left
832,832,58,0.04,0.03,1.0,3,Roll Left
833,833,59,0.04,0.02,1.0,3,Roll Left
834,834,60,0.04,0.02,1.0,3,Roll Left
835,835,61,0.04,0.02,1.0,3,Roll Left
836,836,62,0.03,0.03,1.0,3,Roll Left
837,837,63,0.04,0.02,1.0,3,Roll Left
838,838,64,0.04,0.02,1.0,3,Roll Left
839,839,65,0.04,0.03,1.0,3,Roll Left
840,840,66,0.04,0.03,1.0,3,Roll Left
841,841,67,0.04,0.02,1.01,3,Roll Left
842,842,68,0.04,0.03,1.0,3,Roll Left
843,843,69,0.04,0.02,1.0,3,Roll Left
844,844,70,0.04,0.03,1.0,3,Roll Left
845,845,71,0.04,0.03,1.0,3,Roll Left
846,846,72,0.04,0.02,1.0,3,Roll Left
847,847,73,0.04,0.03,1.0,3,Roll Left
848,848,74,0.04,0.03,1.0,3,Roll Left
849,849,75,0.04,0.03,1.0,3,Roll Left
850,850,76,0.03,0.02,1.0,3,Roll Left
851,851,77,0.04,0.02,1.0,3,Roll Left
852,852,78,0.03,0.02,1.0,3,Roll Left
853,853,79,0.04,0.02,1.0,3,Roll Left
854,854,80,0.04,0.03,1.0,3,Roll Left
855,855,81,0.04,0.03,1.0,3,Roll Left
856,856,82,0.04,0.02,1.01,3,Roll Left
857,857,83,0.04,0.02,1.0,3,Roll Left
858,858,84,0.03,0.02,1.01,3,Roll Left
859,859,85,0.04,0.03,1.0,3,Roll Left
860,860,86,0.02,0.02,1.0,3,Roll Left
861,861,87,0.04,0.04,1.04,3,Roll Left
862,862,88,0.04,-0.04,1.01,3,Roll Left
863,863,89,0.08,-0.02,0.92,3,Roll Left
864,864,90,0.15,-0.06,0.92,3,Roll Left
865,865,91,0.11,-0.14,1.0,3,Roll Left
866,866,92,0.11,-0.34,0.97,3,Roll Left
867,867,93,0.09,-0.53,0.79,3,Roll Left
868,868,94,0.09,-0.59,0.7,3,Roll Left
869,869,95,0.07,-0.73,0.58,3,Roll Left
870,870,96,0.07,-0.69,0.59,3,Roll Left
871,871,97,-0.02,-0.82,0.64,3,Roll Left
872,872,98,-0.05,-0.68,0.61,3,Roll Left
873,873,99,0.03,-0.56,0.77,3,Roll Left
874,874,100,0.0,-0.22,1.03,3,Roll Left
875,875,101,0.01,-0.09,0.99,3,Roll Left
876,876,102,0.06,-0.01,1.07,3,Roll Left
877,877,103,0.04,0.01,1.0,3,Roll Left
878,878,104,0.03,0.04,1.0,3,Roll Left
879,879,105,0.04,0.03,1.0,3,Roll Left
880,880,106,0.04,0.02,1.01,3,Roll Left
881,881,107,0.04,0.03,1.0,3,Roll Left
882,882,108,0.04,0.03,1.0,3,Roll Left
883,883,109,0.04,0.02,1.0,3,Roll Left
884,884,110,0.04,0.03,1.0,3,Roll Left
885,885,111,0.04,0.03,1.0,3,Roll Left
886,886,112,0.04,0.03,1.0,3,Roll Left
887,887,113,0.04,0.03,1.0,3,Roll Left
888,888,114,0.04,0.02,1.0,3,Roll Left
889,889,115,0.04,0.03,1.0,3,Roll Left
890,890,116,0.04,0.03,1.0,3,Roll Left
891,891,117,0.04,0.03,1.0,3,Roll Left
892,892,118,0.04,0.02,1.0,3,Roll Left
893,893,119,0.04,0.02,1.0,3,Roll Left
894,894,120,0.04,0.03,1.0,3,Roll Left
895,895,121,0.04,0.02,1.0,3,Roll Left
896,896,122,0.04,0.03,1.0,3,Roll Left
897,897,123,0.04,0.02,1.0,3,Roll Left
898,898,124,0.04,0.03,1.0,3,Roll Left
899,899,125,0.04,0.02,1.0,3,Roll Left
900,900,126,0.04,0.03,1.0,3,Roll Left
901,901,127,0.04,0.03,1.0,3,Roll Left
902,902,128,0.04,0.03,1.0,3,Roll Left
903,903,129,0.04,0.03,1.0,3,Roll Left
904,904,130,0.04,0.02,1.01,3,Roll Left
905,905,131,0.04,0.03,1.0,3,Roll Left
906,906,132,0.04,0.02,1.0,3,Roll Left
907,907,133,0.04,0.05,1.0,3,Roll Left
908,908,134,0.01,0.02,1.02,3,Roll Left
909,909,135,0.01,-0.03,1.26,3,Roll Left
910,910,136,0.09,-0.04,0.96,3,Roll Left
911,911,137,0.11,-0.08,0.97,3,Roll Left
912,912,138,0.12,-0.09,1.0,3,Roll Left
913,913,139,0.14,-0.2,0.98,3,Roll Left
914,914,140,0.09,-0.41,0.93,3,Roll Left
915,915,141,0.11,-0.55,0.73,3,Roll Left
916,916,142,0.09,-0.74,0.61,3,Roll Left
917,917,143,0.08,-0.79,0.58,3,Roll Left
918,918,144,0.04,-0.77,0.47,3,Roll Left
919,919,145,0.0,-0.76,0.5,3,Roll Left
920,920,146,0.0,-0.71,0.84,3,Roll Left
921,921,147,-0.0,-0.5,0.87,3,Roll Left
922,922,148,0.0,-0.38,0.97,3,Roll Left
923,923,149,0.02,-0.25,0.99,3,Roll Left
924,924,150,0.04,-0.14,0.97,3,Roll Left
925,925,151,0.04,0.0,1.0,3,Roll Left
926,926,152,0.04,0.01,1.0,3,Roll Left
927,927,153,0.04,0.02,1.0,3,Roll Left
928,928,154,0.04,0.03,1.0,3,Roll Left
929,929,155,0.04,0.03,1.0,3,Roll Left
930,930,156,0.04,0.02,1.0,3,Roll Left
931,931,157,0.04,0.03,1.0,3,Roll Left
932,932,158,0.04,0.03,1.0,3,Roll Left
933,933,159,0.04,0.03,1.0,3,Roll Left
934,934,160,0.04,0.02,1.0,3,Roll Left
935,935,161,0.04,0.03,1.0,3,Roll Left
936,936,162,0.04,0.02,1.0,3,Roll Left
937,937,163,0.04,0.02,1.0,3,Roll Left
938,938,164,0.04,0.03,1.0,3,Roll Left
939,939,165,0.04,0.02,1.0,3,Roll Left
940,940,166,0.04,0.02,1.0,3,Roll Left
941,941,167,0.04,0.02,1.0,3,Roll Left
942,942,168,0.04,0.03,1.0,3,Roll Left
943,943,169,0.04,0.02,1.0,3,Roll Left
944,944,170,0.04,0.03,1.0,3,Roll Left
945,945,171,0.04,0.03,1.0,3,Roll Left
946,946,172,0.04,0.02,1.0,3,Roll Left
947,947,173,0.04,0.03,1.0,3,Roll Left
948,948,174,0.04,0.02,1.0,3,Roll Left
949,949,175,0.04,0.03,1.0,3,Roll Left
950,950,176,0.04,0.03,1.0,3,Roll Left
951,951,177,0.04,0.03,1.0,3,Roll Left
952,952,178,0.04,0.03,1.0,3,Roll Left
953,953,179,0.04,0.03,1.0,3,Roll Left
954,954,180,0.05,-0.0,0.99,3,Roll Left
955,955,181,0.0,0.0,1.16,3,Roll Left
956,956,182,0.1,0.02,0.85,3,Roll Left
957,957,183,0.14,-0.09,0.95,3,Roll Left
958,958,184,0.11,-0.16,0.97,3,Roll Left
959,959,185,0.1,-0.34,0.99,3,Roll Left
960,960,186,0.06,-0.5,0.86,3,Roll Left
961,961,187,0.03,-0.64,0.72,3,Roll Left
962,962,188,0.07,-0.71,0.62,3,Roll Left
963,963,189,0.04,-0.75,0.52,3,Roll Left
964,964,190,0.02,-0.77,0.52,3,Roll Left
965,965,191,-0.04,-0.77,0.48,3,Roll Left
966,966,192,-0.01,-0.75,0.59,3,Roll Left
967,967,193,-0.02,-1.71,1.82,3,Roll Left
968,968,194,0.02,-0.59,0.86,3,Roll Left
969,969,195,0.01,-0.34,0.89,3,Roll Left
970,970,196,0.04,-0.12,0.99,3,Roll Left
971,971,197,0.05,0.04,1.0,3,Roll Left
972,972,198,0.04,0.03,1.0,3,Roll Left
973,973,199,0.04,0.03,1.0,3,Roll Left
974,974,200,0.04,0.03,1.0,3,Roll Left
975,975,201,0.04,0.02,1.0,3,Roll Left
976,976,202,0.04,0.03,1.0,3,Roll Left
977,977,203,0.04,0.03,1.0,3,Roll Left
978,978,204,0.04,0.02,1.0,3,Roll Left
979,979,205,0.04,0.03,1.0,3,Roll Left
980,980,206,0.04,0.03,1.0,3,Roll Left
981,981,207,0.04,0.02,1.0,3,Roll Left
982,982,208,0.04,0.02,1.0,3,Roll Left
983,983,209,0.04,0.02,1.0,3,Roll Left
984,984,210,0.04,0.03,1.0,3,Roll Left
985,985,211,0.04,0.03,1.0,3,Roll Left
986,986,212,0.04,0.02,1.0,3,Roll Left
987,987,213,0.04,0.02,1.0,3,Roll Left
988,988,214,0.04,0.03,1.0,3,Roll Left
989,989,215,0.04,0.02,1.0,3,Roll Left
990,990,216,0.05,0.02,1.0,3,Roll Left
991,991,217,0.04,0.03,1.0,3,Roll Left
992,992,218,0.04,0.02,1.0,3,Roll Left
993,993,219,0.04,0.03,1.0,3,Roll Left
994,994,220,0.04,0.03,1.0,3,Roll Left
995,995,221,0.04,0.03,1.0,3,Roll Left
996,996,222,0.04,0.02,1.0,3,Roll Left
997,997,223,0.04,0.03,1.0,3,Roll Left
998,998,224,0.04,0.02,1.0,3,Roll Left
999,999,225,0.04,0.03,1.0,3,Roll Left
1000,1000,226,0.04,0.03,1.0,3,Roll Left
1001,1001,227,0.04,0.02,1.0,3,Roll Left
1002,1002,228,0.03,-0.02,1.01,3,Roll Left
1003,1003,229,0.01,-0.01,1.1,3,Roll Left
1004,1004,230,0.02,-0.15,0.9,3,Roll Left
1005,1005,231,0.03,-0.27,0.86,3,Roll Left
1006,1006,232,0.14,-0.36,0.87,3,Roll Left
1007,1007,233,0.18,-0.34,0.8,3,Roll Left
1008,1008,234,0.13,-0.39,0.88,3,Roll Left
1009,1009,235,0.09,-0.56,0.78,3,Roll Left
1010,1010,236,0.09,-0.67,0.7,3,Roll Left
1011,1011,237,0.07,-0.75,0.59,3,Roll Left
1012,1012,238,0.03,-0.78,0.52,3,Roll Left
1013,1013,239,0.02,-0.71,0.43,3,Roll Left
1014,1014,240,-0.01,-0.8,0.53,3,Roll Left
1015,1015,241,-0.02,-0.73,0.69,3,Roll Left
1016,1016,242,-0.03,-0.66,0.79,3,Roll Left
1017,1017,243,-0.02,-0.55,0.83,3,Roll Left
1018,1018,244,0.02,-0.33,0.95,3,Roll Left
1019,1019,245,0.01,-0.3,0.91,3,Roll Left
1020,1020,246,0.03,-0.16,0.95,3,Roll Left
1021,1021,247,0.05,0.02,0.99,3,Roll Left
1022,1022,248,0.04,0.03,1.01,3,Roll Left
1023,1023,249,0.04,0.03,1.0,3,Roll Left
1024,1024,250,0.04,0.03,1.0,3,Roll Left
1025,1025,251,0.04,0.02,1.0,3,Roll Left
1026,1026,252,0.04,0.02,1.0,3,Roll Left
1027,1027,253,0.04,0.02,1.0,3,Roll Left
1028,1028,254,0.04,0.02,1.0,3,Roll Left
1029,1029,255,0.04,0.03,1.0,3,Roll Left
1030,1030,256,0.04,0.02,1.0,3,Roll Left
1031,1031,257,0.04,0.03,1.0,3,Roll Left
1032,1032,258,0.04,0.03,1.0,3,Roll Left
1033,1033,259,0.04,0.02,1.0,3,Roll Left
1034,1034,260,0.04,0.03,1.0,3,Roll Left
1035,1035,261,0.04,0.03,1.0,3,Roll Left
1036,1036,262,0.04,0.03,1.0,3,Roll Left
1037,1037,263,0.04,0.02,1.0,3,Roll Left
1038,1038,264,0.04,0.02,1.0,3,Roll Left
1039,1039,265,0.04,0.03,1.0,3,Roll Left
1040,1040,266,0.04,0.03,1.0,3,Roll Left
1041,1041,267,0.04,0.02,1.0,3,Roll Left
1042,1042,268,0.04,0.03,1.0,3,Roll Left
1043,1043,269,0.04,0.03,1.0,3,Roll Left
1044,1044,270,0.04,0.03,1.0,3,Roll Left
1045,1045,271,0.04,0.02,1.0,3,Roll Left
1046,1046,272,0.04,0.03,1.0,3,Roll Left
1047,1047,273,0.04,0.03,1.0,3,Roll Left
1048,1048,274,0.04,0.03,1.0,3,Roll Left
1049,1049,275,0.04,0.03,1.0,3,Roll Left
1050,1050,276,0.04,0.02,1.0,3,Roll Left
1051,1051,277,0.04,0.03,1.0,3,Roll Left
1052,1052,278,0.04,0.02,1.0,3,Roll Left
1053,1053,279,0.04,0.03,0.96,3,Roll Left
1054,1054,280,0.0,0.03,1.26,3,Roll Left
1055,1055,281,0.08,-0.02,0.98,3,Roll Left
1056,1056,282,0.11,-0.09,0.91,3,Roll Left
1057,1057,283,0.16,-0.19,0.9,3,Roll Left
1058,1058,284,0.07,-0.43,0.9,3,Roll Left
1059,1059,285,0.08,-0.53,0.83,3,Roll Left
1060,1060,286,0.11,-0.58,0.67,3,Roll Left
1061,1061,287,0.05,-0.81,0.59,3,Roll Left
1062,1062,288,0.03,-0.74,0.51,3,Roll Left
1063,1063,289,0.0,-0.81,0.53,3,Roll Left
1064,1064,290,-0.07,-0.8,0.6,3,Roll Left
1065,1065,291,-0.01,-0.68,0.7,3,Roll Left
1066,1066,292,0.0,-0.62,0.75,3,Roll Left
1067,1067,293,0.04,-0.39,0.88,3,Roll Left
1068,1068,294,0.04,-0.19,0.99,3,Roll Left
1069,1069,295,0.05,0.06,1.09,3,Roll Left
1070,1070,296,0.0,-0.05,1.0,3,Roll Left
1071,1071,297,0.04,0.02,1.0,3,Roll Left
1072,1072,298,0.04,0.02,1.0,3,Roll Left
1073,1073,299,0.04,0.02,1.0,3,Roll Left
1074,1074,300,0.04,0.02,1.01,3,Roll Left
1075,1075,301,0.04,0.02,1.0,3,Roll Left
1076,1076,302,0.04,0.03,1.0,3,Roll Left
1077,1077,303,0.04,0.03,1.0,3,Roll Left
1078,1078,304,0.04,0.02,1.0,3,Roll Left
1079,1079,305,0.04,0.03,1.0,3,Roll Left
1080,1080,306,0.04,0.03,1.0,3,Roll Left
1081,1081,307,0.04,0.02,1.0,3,Roll Left
1082,1082,308,0.04,0.03,1.0,3,Roll Left
1083,1083,309,0.04,0.02,1.0,3,Roll Left
1084,1084,310,0.04,0.02,1.0,3,Roll Left
1085,1085,311,0.04,0.03,1.0,3,Roll Left
1086,1086,312,0.04,0.02,1.0,3,Roll Left
1087,1087,313,0.04,0.03,1.0,3,Roll Left
1088,1088,314,0.04,0.02,1.0,3,Roll Left
1089,1089,315,0.04,0.02,1.0,3,Roll Left
1090,1090,316,0.04,0.03,1.0,3,Roll Left
1091,1091,317,0.04,0.03,1.0,3,Roll Left
1092,1092,318,0.04,0.02,1.0,3,Roll Left
1093,1093,319,0.04,0.03,1.0,3,Roll Left
1094,1094,320,0.04,0.03,1.0,3,Roll Left
1095,1095,321,0.04,0.02,1.0,3,Roll Left
1096,1096,322,0.04,0.02,1.0,3,Roll Left
1097,1097,323,0.04,0.03,1.0,3,Roll Left
1098,1098,324,0.04,0.02,1.0,3,Roll Left
1099,1099,325,0.04,0.02,1.0,3,Roll Left
1100,1100,326,0.04,0.02,1.0,3,Roll Left
1101,1101,327,0.04,0.03,1.0,3,Roll Left
1102,1102,328,0.04,0.02,1.0,3,Roll Left
1103,1103,329,0.04,0.02,1.07,3,Roll Left
1104,1104,330,-0.02,0.05,0.99,3,Roll Left
1105,1105,331,0.04,-0.05,1.05,3,Roll Left
1106,1106,332,0.06,-0.05,0.9,3,Roll Left
1107,1107,333,0.09,-0.28,0.95,3,Roll Left
1108,1108,334,0.08,-0.49,0.84,3,Roll Left
1109,1109,335,0.07,-0.63,0.77,3,Roll Left
1110,1110,336,0.08,-0.68,0.57,3,Roll Left
1111,1111,337,0.05,-0.75,0.55,3,Roll Left
1112,1112,338,0.01,-0.78,0.57,3,Roll Left
1113,1113,339,-0.02,-0.75,0.58,3,Roll Left
1114,1114,340,-0.07,-0.77,0.76,3,Roll Left
1115,1115,341,-0.07,-0.68,0.83,3,Roll Left
1116,1116,342,-0.04,-0.52,0.76,3,Roll Left
1117,1117,343,0.0,-0.39,0.95,3,Roll Left
1118,1118,344,0.03,-0.25,0.97,3,Roll Left
1119,1119,345,0.04,-0.12,1.0,3,Roll Left
1120,1120,346,0.03,0.04,1.05,3,Roll Left
1121,1121,347,0.02,0.0,1.0,3,Roll Left
1122,1122,348,0.04,0.03,1.0,3,Roll Left
1123,1123,349,0.04,0.03,1.0,3,Roll Left
1124,1124,350,0.04,0.02,1.0,3,Roll Left
1125,1125,351,0.04,0.03,1.0,3,Roll Left
1126,1126,352,0.04,0.03,1.0,3,Roll Left
1127,1127,353,0.04,0.03,1.0,3,Roll Left
1128,1128,354,0.04,0.02,1.0,3,Roll Left
1129,1129,355,0.04,0.03,1.0,3,Roll Left
1130,1130,356,0.04,0.02,1.0,3,Roll Left
1131,1131,357,0.04,0.03,1.0,3,Roll Left
1132,1132,358,0.04,0.03,1.0,3,Roll Left
1133,1133,359,0.04,0.03,1.0,3,Roll Left
1134,1134,360,0.04,0.02,1.0,3,Roll Left
1135,1135,361,0.04,0.02,1.0,3,Roll Left
1136,1136,362,0.03,0.03,1.0,3,Roll Left
1137,1137,363,0.04,0.02,1.0,3,Roll Left
1138,1138,364,0.04,0.02,1.0,3,Roll Left
1139,1139,365,0.04,0.02,1.0,3,Roll Left
1140,1140,366,0.04,0.03,1.0,3,Roll Left
1141,1141,367,0.04,0.02,1.0,3,Roll Left
1142,1142,368,0.04,0.03,1.0,3,Roll Left
1143,1143,369,0.04,0.03,1.0,3,Roll Left
1144,1144,370,0.04,0.03,1.0,3,Roll Left
1145,1145,371,0.04,0.03,1.0,3,Roll Left
1146,1146,372,0.04,0.02,1.0,3,Roll Left
1147,1147,373,0.04,0.03,1.0,3,Roll Left
1148,1148,374,0.04,0.02,1.0,3,Roll Left
1149,1149,375,0.05,0.03,1.0,3,Roll Left
1150,1150,376,0.02,0.02,1.0,3,Roll Left
1151,1151,377,0.0,0.0,1.22,3,Roll Left
1152,1152,378,0.04,0.0,0.98,3,Roll Left
1153,1153,379,0.04,-0.13,0.99,3,Roll Left
1154,1154,380,0.12,-0.18,0.87,3,Roll Left
1155,1155,381,0.11,-0.43,0.88,3,Roll Left
1156,1156,382,0.12,-0.56,0.71,3,Roll Left
1157,1157,383,0.09,-0.76,0.55,3,Roll Left
1158,1158,384,0.04,-0.77,0.6,3,Roll Left
1159,1159,385,-0.0,-0.72,0.63,3,Roll Left
1160,1160,386,-0.03,-0.75,0.63,3,Roll Left
1161,1161,387,-0.07,-0.73,0.67,3,Roll Left
1162,1162,388,-0.02,-0.66,0.71,3,Roll Left
1163,1163,389,0.01,-0.65,0.74,3,Roll Left
1164,1164,390,-0.03,-0.34,0.89,3,Roll Left
1165,1165,391,0.02,-0.26,0.93,3,Roll Left
1166,1166,392,0.04,-0.05,0.98,3,Roll Left
1167,1167,393,0.03,0.0,1.0,3,Roll Left
1168,1168,394,0.04,0.04,1.0,3,Roll Left
1169,1169,395,0.04,0.03,1.0,3,Roll Left
1170,1170,396,0.04,0.02,1.0,3,Roll Left
1171,1171,397,0.04,0.03,1.0,3,Roll Left
1172,1172,398,0.04,0.03,1.0,3,Roll Left
1173,1173,399,0.04,0.02,1.0,3,Roll Left
1174,1174,400,0.04,0.02,1.0,3,Roll Left
1175,1175,401,0.04,0.03,1.0,3,Roll Left
1176,1176,402,0.04,0.02,1.0,3,Roll Left
1177,1177,403,0.04,0.02,1.0,3,Roll Left
1178,1178,404,0.04,0.02,1.0,3,Roll Left
1179,1179,405,0.04,0.02,1.0,3,Roll Left
1180,1180,406,0.04,0.02,1.0,3,Roll Left
1181,1181,407,0.04,0.02,1.0,3,Roll Left
1182,1182,408,0.04,0.03,1.0,3,Roll Left
1183,1183,409,0.04,0.02,1.0,3,Roll Left
1184,1184,410,0.04,0.02,1.0,3,Roll Left
1185,1185,411,0.04,0.03,1.0,3,Roll Left
1186,1186,412,0.04,0.03,1.0,3,Roll Left
1187,1187,413,0.04,0.02,1.0,3,Roll Left
1188,1188,414,0.04,0.02,1.0,3,Roll Left
1189,1189,415,0.03,0.03,1.0,3,Roll Left
1190,1190,416,0.04,0.03,1.0,3,Roll Left
1191,1191,417,0.04,0.02,1.0,3,Roll Left
1192,1192,418,0.04,0.02,1.0,3,Roll Left
1193,1193,419,0.04,0.02,1.0,3,Roll Left
1194,1194,420,0.04,0.02,1.0,3,Roll Left
1195,1195,421,0.04,0.02,1.0,3,Roll Left
1196,1196,422,0.04,0.02,1.0,3,Roll Left
1197,1197,423,0.04,0.02,1.03,3,Roll Left
1198,1198,424,0.02,0.0,1.11,3,Roll Left
1199,1199,425,0.01,-0.01,0.95,3,Roll Left
1200,1200,426,0.1,-0.15,0.87,3,Roll Left
1201,1201,427,0.11,-0.32,0.89,3,Roll Left
1202,1202,428,0.1,-0.48,0.75,3,Roll Left
1203,1203,429,0.06,-0.69,0.71,3,Roll Left
1204,1204,430,0.07,-0.65,0.67,3,Roll Left
1205,1205,431,0.05,-0.7,0.54,3,Roll Left
1206,1206,432,-0.05,-0.84,0.62,3,Roll Left
1207,1207,433,-0.04,-0.75,0.56,3,Roll Left
1208,1208,434,-0.12,-0.8,0.62,3,Roll Left
1209,1209,435,-0.07,-0.69,0.63,3,Roll Left
1210,1210,436,0.02,-0.51,0.86,3,Roll Left
1211,1211,437,0.02,-0.36,0.91,3,Roll Left
1212,1212,438,0.04,-0.24,0.97,3,Roll Left
1213,1213,439,0.02,-0.11,0.99,3,Roll Left
1214,1214,440,0.05,0.04,1.0,3,Roll Left
1215,1215,441,0.04,0.03,1.0,3,Roll Left
1216,1216,442,0.04,0.02,1.0,3,Roll Left
1217,1217,443,0.04,0.02,1.0,3,Roll Left
1218,1218,444,0.04,0.03,1.0,3,Roll Left
1219,1219,445,0.04,0.03,1.0,3,Roll Left
1220,1220,446,0.04,0.02,1.0,3,Roll Left
1221,1221,447,0.04,0.03,1.0,3,Roll Left
1222,1222,448,0.04,0.03,1.0,3,Roll Left
1223,1223,449,0.04,0.03,1.0,3,Roll Left
1224,1224,450,0.04,0.02,1.0,3,Roll Left
1225,1225,451,0.04,0.02,1.0,3,Roll Left
1226,1226,452,0.04,0.03,1.0,3,Roll Left
1227,1227,453,0.04,0.03,1.0,3,Roll Left
1228,1228,454,0.04,0.03,1.0,3,Roll Left
1229,1229,455,0.04,0.03,1.0,3,Roll Left
1230,1230,456,0.04,0.02,1.0,3,Roll Left
1231,1231,457,0.04,0.02,1.0,3,Roll Left
1232,1232,458,0.04,0.02,1.0,3,Roll Left
1233,1233,459,0.04,0.03,1.0,3,Roll Left
1234,1234,460,0.04,0.02,1.0,3,Roll Left
1235,1235,461,0.04,0.02,1.0,3,Roll Left
1236,1236,462,0.04,0.02,1.0,3,Roll Left
1237,1237,463,0.04,0.03,1.0,3,Roll Left
1238,1238,464,0.04,0.03,1.0,3,Roll Left
1239,1239,465,0.04,0.03,1.0,3,Roll Left
1240,1240,466,0.04,0.02,1.0,3,Roll Left
1241,1241,467,0.04,0.03,1.0,3,Roll Left
1242,1242,468,0.04,0.03,1.0,3,Roll Left
1243,1243,469,0.04,0.02,1.0,3,Roll Left
1244,1244,470,0.0,-0.04,1.07,3,Roll Left
1245,1245,471,0.02,-0.19,1.09,3,Roll Left
1246,1246,472,0.08,-0.51,0.73,3,Roll Left
1247,1247,473,0.07,-0.57,0.65,3,Roll Left
1248,1248,474,0.12,-0.66,0.56,3,Roll Left
1249,1249,475,0.11,-0.74,0.5,3,Roll Left
1250,1250,476,0.06,-0.84,0.63,3,Roll Left
1251,1251,477,0.05,-0.7,0.55,3,Roll Left
1252,1252,478,0.02,-0.72,0.56,3,Roll Left
1253,1253,479,0.0,-0.69,0.84,3,Roll Left
1254,1254,480,-0.07,-0.55,0.72,3,Roll Left
1255,1255,481,0.0,-0.5,0.81,3,Roll Left
1256,1256,482,0.05,-0.38,0.93,3,Roll Left
1257,1257,483,0.03,-0.29,0.95,3,Roll Left
1258,1258,484,0.04,-0.12,0.99,3,Roll Left
1259,1259,485,0.07,0.05,0.95,3,Roll Left
1260,1260,486,0.03,0.03,1.0,3,Roll Left
1261,1261,487,0.03,0.03,1.0,3,Roll Left
1262,1262,488,0.04,0.03,1.0,3,Roll Left
1263,1263,489,0.04,0.02,1.0,3,Roll Left
1264,1264,490,0.04,0.02,1.0,3,Roll Left
1265,1265,491,0.04,0.03,1.0,3,Roll Left
1266,1266,492,0.04,0.03,1.0,3,Roll Left
1267,1267,493,0.04,0.02,1.0,3,Roll Left
1268,1268,494,0.04,0.02,1.0,3,Roll Left
1269,1269,495,0.04,0.02,1.0,3,Roll Left
1270,1270,496,0.04,0.03,1.0,3,Roll Left
1271,1271,497,0.04,0.03,1.0,3,Roll Left
1272,1272,498,0.04,0.03,1.0,3,Roll Left
1273,1273,499,0.04,0.02,1.0,3,Roll Left
1274,1274,500,0.04,0.02,1.0,3,Roll Left
1275,1275,501,0.04,0.02,1.0,3,Roll Left
1276,1276,502,0.04,0.03,1.0,3,Roll Left
1277,1277,503,0.04,0.03,1.0,3,Roll Left
1278,1278,504,0.03,0.03,1.0,3,Roll Left
1279,1279,505,0.04,0.03,1.0,3,Roll Left
1280,1280,506,0.04,0.02,1.0,3,Roll Left
1281,1281,507,0.04,0.03,1.0,3,Roll Left
1282,1282,508,0.04,0.02,1.0,3,Roll Left
1283,1283,0,0.04,0.04,1.0,4,Roll Left
1284,1284,1,0.04,0.05,1.0,4,Roll Left
1285,1285,2,0.04,0.04,1.0,4,Roll Left
1286,1286,3,0.04,0.05,1.0,4,Roll Left
1287,1287,4,0.04,0.05,1.0,4,Roll Left
1288,1288,5,0.04,0.05,1.0,4,Roll Left
1289,1289,6,0.04,0.05,1.0,4,Roll Left
1290,1290,7,0.04,0.05,1.0,4,Roll Left
1291,1291,8,0.04,0.04,1.0,4,Roll Left
1292,1292,9,0.04,0.05,1.0,4,Roll Left
1293,1293,10,0.04,0.05,1.0,4,Roll Left
1294,1294,11,0.04,0.04,1.0,4,Roll Left
1295,1295,12,0.04,0.04,1.0,4,Roll Left
1296,1296,13,0.04,0.05,1.0,4,Roll Left
1297,1297,14,0.04,0.05,1.0,4,Roll Left
1298,1298,15,0.04,0.05,1.0,4,Roll Left
1299,1299,16,0.04,0.05,1.0,4,Roll Left
1300,1300,17,0.04,0.05,1.0,4,Roll Left
1301,1301,18,0.04,0.05,1.0,4,Roll Left
1302,1302,19,0.04,0.05,1.0,4,Roll Left
1303,1303,20,0.04,0.05,1.0,4,Roll Left
1304,1304,21,0.04,0.05,1.0,4,Roll Left
1305,1305,22,0.04,0.05,1.0,4,Roll Left
1306,1306,23,0.04,0.04,1.0,4,Roll Left
1307,1307,24,0.04,0.05,1.0,4,Roll Left
1308,1308,25,0.04,0.05,1.0,4,Roll Left
1309,1309,26,0.04,0.05,1.0,4,Roll Left
1310,1310,27,0.04,0.05,1.0,4,Roll Left
1311,1311,28,0.04,0.04,1.0,4,Roll Left
1312,1312,29,0.04,0.05,1.0,4,Roll Left
1313,1313,30,0.04,0.05,1.0,4,Roll Left
1314,1314,31,0.04,0.05,1.0,4,Roll Left
1315,1315,32,0.04,0.05,1.0,4,Roll Left
1316,1316,33,0.04,0.05,1.0,4,Roll Left
1317,1317,34,0.04,0.05,1.0,4,Roll Left
1318,1318,35,0.04,0.05,1.0,4,Roll Left
1319,1319,36,0.03,0.05,1.0,4,Roll Left
1320,1320,37,0.01,-0.02,1.0,4,Roll Left
1321,1321,38,-0.02,-0.13,1.09,4,Roll Left
1322,1322,39,0.01,-0.16,1.08,4,Roll Left
1323,1323,40,0.05,-0.18,0.94,4,Roll Left
1324,1324,41,0.05,-0.27,0.88,4,Roll Left
1325,1325,42,0.04,-0.51,0.85,4,Roll Left
1326,1326,43,0.03,-0.68,0.69,4,Roll Left
1327,1327,44,-0.05,-0.8,0.39,4,Roll Left
1328,1328,45,0.04,-0.83,0.35,4,Roll Left
1329,1329,46,-0.05,-0.84,0.25,4,Roll Left
1330,1330,47,-0.08,-0.86,0.05,4,Roll Left
1331,1331,48,-0.08,-0.89,0.05,4,Roll Left
1332,1332,49,-0.04,-0.99,0.16,4,Roll Left
1333,1333,50,-0.03,-0.79,0.18,4,Roll Left
1334,1334,51,0.07,-0.72,0.61,4,Roll Left
1335,1335,52,0.11,-0.32,0.87,4,Roll Left
1336,1336,53,0.12,-0.14,0.96,4,Roll Left
1337,1337,54,0.16,-0.03,0.94,4,Roll Left
1338,1338,55,0.07,-0.08,1.0,4,Roll Left
1339,1339,56,0.04,0.02,0.99,4,Roll Left
1340,1340,57,0.04,-0.19,1.27,4,Roll Left
1341,1341,58,0.07,0.03,1.07,4,Roll Left
1342,1342,59,0.09,0.0,1.01,4,Roll Left
1343,1343,60,0.05,0.04,1.0,4,Roll Left
1344,1344,61,0.05,0.04,1.0,4,Roll Left
1345,1345,62,0.04,0.05,1.0,4,Roll Left
1346,1346,63,0.04,0.05,1.0,4,Roll Left
1347,1347,64,0.04,0.05,1.0,4,Roll Left
1348,1348,65,0.04,0.05,1.0,4,Roll Left
1349,1349,66,0.04,0.05,1.0,4,Roll Left
1350,1350,67,0.04,0.05,1.0,4,Roll Left
1351,1351,68,0.04,0.05,1.0,4,Roll Left
1352,1352,69,0.04,0.04,1.0,4,Roll Left
1353,1353,70,0.04,0.05,1.0,4,Roll Left
1354,1354,71,0.04,0.05,1.0,4,Roll Left
1355,1355,72,0.04,0.04,1.0,4,Roll Left
1356,1356,73,0.04,0.04,1.0,4,Roll Left
1357,1357,74,0.04,0.04,1.0,4,Roll Left
1358,1358,75,0.04,0.04,1.0,4,Roll Left
1359,1359,76,0.02,0.05,1.0,4,Roll Left
1360,1360,77,0.02,0.04,1.02,4,Roll Left
1361,1361,78,0.03,-0.04,0.98,4,Roll Left
1362,1362,79,0.05,0.0,0.99,4,Roll Left
1363,1363,80,0.05,-0.0,0.98,4,Roll Left
1364,1364,81,0.05,-0.02,1.0,4,Roll Left
1365,1365,82,0.07,-0.0,1.0,4,Roll Left
1366,1366,83,0.08,-0.07,0.97,4,Roll Left
1367,1367,84,0.07,-0.12,0.96,4,Roll Left
1368,1368,85,0.1,-0.32,0.95,4,Roll Left
1369,1369,86,0.06,-0.46,0.86,4,Roll Left
1370,1370,87,0.02,-0.63,0.76,4,Roll Left
1371,1371,88,0.03,-0.85,0.47,4,Roll Left
1372,1372,89,-0.02,-0.95,0.41,4,Roll Left
1373,1373,90,-0.04,-0.85,0.13,4,Roll Left
1374,1374,91,-0.02,-1.02,0.07,4,Roll Left
1375,1375,92,-0.07,-0.9,0.12,4,Roll Left
1376,1376,93,-0.07,-0.86,0.24,4,Roll Left
1377,1377,94,-0.06,-0.82,0.44,4,Roll Left
1378,1378,95,0.0,-0.68,0.66,4,Roll Left
1379,1379,96,0.0,-0.71,0.76,4,Roll Left
1380,1380,97,0.02,-0.36,0.89,4,Roll Left
1381,1381,98,-0.01,-0.35,0.99,4,Roll Left
1382,1382,99,-0.03,-0.06,1.02,4,Roll Left
1383,1383,100,-0.01,-0.15,1.05,4,Roll Left
1384,1384,101,-0.01,-0.04,0.98,4,Roll Left
1385,1385,102,0.03,0.07,0.98,4,Roll Left
1386,1386,103,0.04,0.04,1.0,4,Roll Left
1387,1387,104,0.04,0.04,1.0,4,Roll Left
1388,1388,105,0.04,0.04,1.0,4,Roll Left
1389,1389,106,0.04,0.05,1.0,4,Roll Left
1390,1390,107,0.04,0.04,1.0,4,Roll Left
1391,1391,108,0.04,0.05,1.0,4,Roll Left
1392,1392,109,0.04,0.04,1.0,4,Roll Left
1393,1393,110,0.04,0.05,1.0,4,Roll Left
1394,1394,111,0.04,0.05,1.0,4,Roll Left
1395,1395,112,0.04,0.04,1.0,4,Roll Left
1396,1396,113,0.04,0.04,1.0,4,Roll Left
1397,1397,114,0.04,0.04,1.0,4,Roll Left
1398,1398,115,0.04,0.05,1.0,4,Roll Left
1399,1399,116,0.04,0.05,1.02,4,Roll Left
1400,1400,117,0.04,0.04,1.0,4,Roll Left
1401,1401,118,0.04,0.05,1.0,4,Roll Left
1402,1402,119,0.04,0.04,1.0,4,Roll Left
1403,1403,120,0.04,0.05,1.0,4,Roll Left
1404,1404,121,0.04,0.05,1.0,4,Roll Left
1405,1405,122,0.04,0.05,1.0,4,Roll Left
1406,1406,123,0.04,0.05,1.0,4,Roll Left
1407,1407,124,0.04,0.05,1.0,4,Roll Left
1408,1408,125,0.04,0.05,1.0,4,Roll Left
1409,1409,126,0.04,0.05,1.0,4,Roll Left
1410,1410,127,0.04,0.04,1.0,4,Roll Left
1411,1411,128,0.04,0.05,1.0,4,Roll Left
1412,1412,129,0.04,0.05,1.0,4,Roll Left
1413,1413,130,0.04,0.05,1.0,4,Roll Left
1414,1414,131,0.04,0.04,1.0,4,Roll Left
1415,1415,132,0.04,0.05,1.0,4,Roll Left
1416,1416,133,0.01,-0.01,1.0,4,Roll Left
1417,1417,134,0.02,0.05,1.06,4,Roll Left
1418,1418,135,0.03,0.03,0.97,4,Roll Left
1419,1419,136,0.02,-0.03,0.96,4,Roll Left
1420,1420,137,0.05,-0.09,0.96,4,Roll Left
1421,1421,138,0.04,-0.3,0.91,4,Roll Left
1422,1422,139,0.02,-0.63,0.75,4,Roll Left
1423,1423,140,-0.02,-0.59,0.54,4,Roll Left
1424,1424,141,-0.09,-0.89,0.49,4,Roll Left
1425,1425,142,-0.13,-0.89,0.11,4,Roll Left
1426,1426,143,-0.05,-0.82,0.09,4,Roll Left
1427,1427,144,-0.02,-0.85,0.25,4,Roll Left
1428,1428,145,-0.03,-0.97,0.05,4,Roll Left
1429,1429,146,0.01,-0.86,0.22,4,Roll Left
1430,1430,147,0.0,-0.76,0.73,4,Roll Left
1431,1431,148,0.16,-0.54,0.92,4,Roll Left
1432,1432,149,0.09,-0.25,0.97,4,Roll Left
1433,1433,150,0.07,-0.11,0.91,4,Roll Left
1434,1434,151,0.11,-0.14,1.01,4,Roll Left
1435,1435,152,0.02,-0.05,0.95,4,Roll Left
1436,1436,153,0.02,-0.11,1.01,4,Roll Left
1437,1437,154,-0.07,-0.02,1.27,4,Roll Left
1438,1438,155,0.04,0.02,1.02,4,Roll Left
1439,1439,156,0.05,0.07,1.01,4,Roll Left
1440,1440,157,0.04,0.05,1.0,4,Roll Left
1441,1441,158,0.04,0.05,1.0,4,Roll Left
1442,1442,159,0.04,0.04,1.0,4,Roll Left
1443,1443,160,0.04,0.04,1.0,4,Roll Left
1444,1444,161,0.04,0.05,1.0,4,Roll Left
1445,1445,162,0.03,0.05,1.0,4,Roll Left
1446,1446,163,0.04,0.05,1.0,4,Roll Left
1447,1447,164,0.04,0.05,1.0,4,Roll Left
1448,1448,165,0.04,0.05,1.0,4,Roll Left
1449,1449,166,0.04,0.05,0.99,4,Roll Left
1450,1450,167,0.04,0.04,1.0,4,Roll Left
1451,1451,168,0.04,0.04,1.0,4,Roll Left
1452,1452,169,0.04,0.05,1.0,4,Roll Left
1453,1453,170,0.04,0.04,1.0,4,Roll Left
1454,1454,171,0.04,0.04,1.0,4,Roll Left
1455,1455,172,0.03,0.05,1.0,4,Roll Left
1456,1456,173,0.04,0.05,1.0,4,Roll Left
1457,1457,174,0.03,0.04,1.0,4,Roll Left
1458,1458,175,0.04,0.05,1.01,4,Roll Left
1459,1459,176,0.04,0.05,1.0,4,Roll Left
1460,1460,177,0.04,0.04,1.0,4,Roll Left
1461,1461,178,0.04,0.04,1.0,4,Roll Left
1462,1462,179,0.04,0.05,1.0,4,Roll Left
1463,1463,180,0.04,0.04,1.0,4,Roll Left
1464,1464,181,0.04,0.05,1.0,4,Roll Left
1465,1465,182,0.07,0.09,1.0,4,Roll Left
1466,1466,183,0.01,0.05,1.01,4,Roll Left
1467,1467,184,-0.0,0.0,1.02,4,Roll Left
1468,1468,185,0.04,0.01,0.95,4,Roll Left
1469,1469,186,0.05,-0.07,0.99,4,Roll Left
1470,1470,187,0.05,-0.34,0.84,4,Roll Left
1471,1471,188,0.0,-0.66,0.75,4,Roll Left
1472,1472,189,0.01,-0.73,0.65,4,Roll Left
1473,1473,190,-0.07,-0.94,0.52,4,Roll Left
1474,1474,191,-0.06,-1.01,0.4,4,Roll Left
1475,1475,192,-0.12,-0.89,0.18,4,Roll Left
1476,1476,193,-0.05,-0.75,0.12,4,Roll Left
1477,1477,194,-0.04,-1.02,0.37,4,Roll Left
1478,1478,195,0.03,-0.81,0.55,4,Roll Left
1479,1479,196,0.01,-0.7,0.84,4,Roll Left
1480,1480,197,0.02,-0.54,0.74,4,Roll Left
1481,1481,198,0.04,-0.25,0.96,4,Roll Left
1482,1482,199,0.01,-0.13,0.96,4,Roll Left
1483,1483,200,0.02,-0.11,0.96,4,Roll Left
1484,1484,201,0.02,-0.08,1.0,4,Roll Left
1485,1485,202,0.06,-0.07,0.91,4,Roll Left
1486,1486,203,0.03,0.2,1.04,4,Roll Left
1487,1487,204,0.04,0.04,1.0,4,Roll Left
1488,1488,205,0.04,0.05,1.0,4,Roll Left
1489,1489,206,0.04,0.05,1.0,4,Roll Left
1490,1490,207,0.04,0.05,1.0,4,Roll Left
1491,1491,208,0.04,0.05,1.0,4,Roll Left
1492,1492,209,0.04,0.04,1.0,4,Roll Left
1493,1493,210,0.04,0.04,1.0,4,Roll Left
1494,1494,211,0.03,0.05,1.0,4,Roll Left
1495,1495,212,0.04,0.05,1.0,4,Roll Left
1496,1496,213,0.04,0.05,1.0,4,Roll Left
1497,1497,214,0.04,0.05,1.01,4,Roll Left
1498,1498,215,0.04,0.05,1.0,4,Roll Left
1499,1499,216,0.04,0.05,1.0,4,Roll Left
1500,1500,217,0.04,0.04,1.0,4,Roll Left
1501,1501,218,0.03,0.05,1.03,4,Roll Left
1502,1502,219,0.04,0.04,1.0,4,Roll Left
1503,1503,220,0.04,0.04,1.0,4,Roll Left
1504,1504,221,0.04,0.05,1.0,4,Roll Left
1505,1505,222,0.04,0.05,1.0,4,Roll Left
1506,1506,223,0.04,0.05,1.01,4,Roll Left
1507,1507,224,0.03,0.04,1.0,4,Roll Left
1508,1508,225,0.04,0.05,1.0,4,Roll Left
1509,1509,226,0.04,0.04,1.0,4,Roll Left
1510,1510,227,0.04,0.05,1.0,4,Roll Left
1511,1511,228,0.04,0.05,1.0,4,Roll Left
1512,1512,229,0.04,0.05,1.0,4,Roll Left
1513,1513,230,0.04,0.05,1.0,4,Roll Left
1514,1514,231,0.04,0.05,1.0,4,Roll Left
1515,1515,232,0.04,0.05,1.0,4,Roll Left
1516,1516,233,0.04,0.04,1.0,4,Roll Left
1517,1517,234,0.03,0.04,1.01,4,Roll Left
1518,1518,235,-0.01,-0.1,1.25,4,Roll Left
1519,1519,236,0.04,-0.1,1.07,4,Roll Left
1520,1520,237,0.08,-0.04,0.84,4,Roll Left
1521,1521,238,0.05,-0.28,0.96,4,Roll Left
1522,1522,239,0.03,-0.64,0.81,4,Roll Left
1523,1523,240,-0.03,-0.8,0.53,4,Roll Left
1524,1524,241,0.1,-0.87,0.49,4,Roll Left
1525,1525,242,-0.07,-0.81,0.36,4,Roll Left
1526,1526,243,-0.01,-1.03,0.0,4,Roll Left
1527,1527,244,-0.04,-0.89,0.22,4,Roll Left
1528,1528,245,-0.07,-0.96,0.15,4,Roll Left
1529,1529,246,-0.05,-0.99,0.21,4,Roll Left
1530,1530,247,0.0,-0.84,0.45,4,Roll Left
1531,1531,248,0.04,-0.57,0.9,4,Roll Left
1532,1532,249,0.02,-0.51,0.81,4,Roll Left
1533,1533,250,-0.06,-0.38,0.94,4,Roll Left
1534,1534,251,0.01,-0.12,1.02,4,Roll Left
1535,1535,252,0.0,-0.12,0.96,4,Roll Left
1536,1536,253,0.03,-0.13,0.98,4,Roll Left
1537,1537,254,0.04,-0.01,1.05,4,Roll Left
1538,1538,255,0.03,-0.15,1.27,4,Roll Left
1539,1539,256,-0.01,0.02,1.02,4,Roll Left
1540,1540,257,0.04,0.04,1.0,4,Roll Left
1541,1541,258,0.03,0.04,1.0,4,Roll Left
1542,1542,259,0.04,0.05,1.0,4,Roll Left
1543,1543,260,0.04,0.05,1.0,4,Roll Left
1544,1544,261,0.04,0.05,1.0,4,Roll Left
1545,1545,262,0.04,0.05,1.0,4,Roll Left
1546,1546,263,0.04,0.05,1.0,4,Roll Left
1547,1547,264,0.03,0.05,1.0,4,Roll Left
1548,1548,265,0.04,0.05,1.0,4,Roll Left
1549,1549,266,0.04,0.05,1.0,4,Roll Left
1550,1550,267,0.03,0.05,1.0,4,Roll Left
1551,1551,268,0.04,0.05,1.0,4,Roll Left
1552,1552,269,0.04,0.05,1.0,4,Roll Left
1553,1553,270,0.04,0.04,1.0,4,Roll Left
1554,1554,271,0.04,0.05,1.0,4,Roll Left
1555,1555,272,0.04,0.05,1.0,4,Roll Left
1556,1556,273,0.04,0.05,1.0,4,Roll Left
1557,1557,274,0.03,0.05,1.0,4,Roll Left
1558,1558,275,0.04,0.05,1.0,4,Roll Left
1559,1559,276,0.04,0.04,0.98,4,Roll Left
1560,1560,277,0.04,0.05,1.0,4,Roll Left
1561,1561,278,0.03,0.05,1.0,4,Roll Left
1562,1562,279,0.04,0.05,1.0,4,Roll Left
1563,1563,280,0.04,0.05,1.0,4,Roll Left
1564,1564,281,0.04,0.05,1.0,4,Roll Left
1565,1565,282,0.04,0.05,1.0,4,Roll Left
1566,1566,283,0.03,0.05,1.0,4,Roll Left
1567,1567,284,0.04,0.05,1.0,4,Roll Left
1568,1568,285,0.04,0.05,1.0,4,Roll Left
1569,1569,286,0.03,0.05,1.0,4,Roll Left
1570,1570,287,0.04,0.04,1.0,4,Roll Left
1571,1571,288,0.02,0.06,1.0,4,Roll Left
1572,1572,289,-0.0,0.03,1.03,4,Roll Left
1573,1573,290,0.03,-0.04,1.07,4,Roll Left
1574,1574,291,0.03,-0.01,0.82,4,Roll Left
1575,1575,292,0.04,-0.19,0.92,4,Roll Left
1576,1576,293,-0.11,-0.51,1.03,4,Roll Left
1577,1577,294,-0.01,-0.64,0.57,4,Roll Left
1578,1578,295,0.14,-0.74,0.43,4,Roll Left
1579,1579,296,0.07,-0.9,0.28,4,Roll Left
1580,1580,297,-0.02,-1.12,0.18,4,Roll Left
1581,1581,298,-0.05,-0.96,0.04,4,Roll Left
1582,1582,299,-0.05,-1.0,0.16,4,Roll Left
1583,1583,300,0.0,-0.89,0.25,4,Roll Left
1584,1584,301,-0.04,-0.72,0.51,4,Roll Left
1585,1585,302,-0.03,-0.64,0.68,4,Roll Left
1586,1586,303,0.01,-0.34,0.88,4,Roll Left
1587,1587,304,-0.04,-0.23,0.98,4,Roll Left
1588,1588,305,-0.05,-0.13,0.95,4,Roll Left
1589,1589,306,0.0,-0.16,1.04,4,Roll Left
1590,1590,307,0.02,-0.08,1.09,4,Roll Left
1591,1591,308,-0.06,-0.01,1.04,4,Roll Left
1592,1592,309,-0.06,-0.02,1.0,4,Roll Left
1593,1593,310,-0.01,0.05,0.98,4,Roll Left
1594,1594,311,0.02,0.03,1.04,4,Roll Left
1595,1595,312,0.04,0.04,1.0,4,Roll Left
1596,1596,313,0.04,0.05,1.0,4,Roll Left
1597,1597,314,0.04,0.05,1.0,4,Roll Left
1598,1598,315,0.04,0.05,1.0,4,Roll Left
1599,1599,316,0.04,0.05,1.0,4,Roll Left
1600,1600,317,0.04,0.04,1.0,4,Roll Left
1601,1601,318,0.04,0.05,1.0,4,Roll Left
1602,1602,319,0.04,0.05,1.0,4,Roll Left
1603,1603,320,0.04,0.05,1.0,4,Roll Left
1604,1604,321,0.03,0.05,1.0,4,Roll Left
1605,1605,322,0.04,0.05,1.0,4,Roll Left
1606,1606,323,0.04,0.05,0.99,4,Roll Left
1607,1607,324,0.04,0.05,1.0,4,Roll Left
1608,1608,325,0.04,0.05,1.0,4,Roll Left
1609,1609,326,0.04,0.04,1.0,4,Roll Left
1610,1610,327,0.04,0.05,1.01,4,Roll Left
1611,1611,328,0.04,0.05,1.0,4,Roll Left
1612,1612,329,0.04,0.04,1.0,4,Roll Left
1613,1613,330,0.04,0.04,1.0,4,Roll Left
1614,1614,331,0.04,0.05,1.0,4,Roll Left
1615,1615,332,0.04,0.04,1.0,4,Roll Left
1616,1616,333,0.04,0.05,1.0,4,Roll Left
1617,1617,334,0.04,0.04,1.0,4,Roll Left
1618,1618,335,0.04,0.05,1.0,4,Roll Left
1619,1619,336,0.04,0.05,1.0,4,Roll Left
1620,1620,337,0.04,0.05,1.0,4,Roll Left
1621,1621,338,0.03,0.04,1.05,4,Roll Left
1622,1622,339,-0.02,-0.07,1.14,4,Roll Left
1623,1623,340,0.01,-0.06,0.96,4,Roll Left
1624,1624,341,0.03,-0.09,0.92,4,Roll Left
1625,1625,342,0.05,-0.15,0.98,4,Roll Left
1626,1626,343,0.08,-0.33,0.97,4,Roll Left
1627,1627,344,0.1,-0.6,0.69,4,Roll Left
1628,1628,345,0.02,-0.83,0.52,4,Roll Left
1629,1629,346,0.0,-0.82,0.51,4,Roll Left
1630,1630,347,-0.06,-1.05,0.32,4,Roll Left
1631,1631,348,-0.14,-0.96,0.04,4,Roll Left
1632,1632,349,-0.14,-0.88,0.0,4,Roll Left
1633,1633,350,-0.09,-0.93,0.15,4,Roll Left
1634,1634,351,-0.04,-0.86,0.25,4,Roll Left
1635,1635,352,-0.09,-0.85,0.49,4,Roll Left
1636,1636,353,-0.02,-0.7,0.7,4,Roll Left
1637,1637,354,0.04,-0.4,0.93,4,Roll Left
1638,1638,355,0.03,-0.17,0.91,4,Roll Left
1639,1639,356,0.0,-0.17,0.94,4,Roll Left
1640,1640,357,0.04,-0.1,1.01,4,Roll Left
1641,1641,358,-0.01,-0.06,0.99,4,Roll Left
1642,1642,359,-0.06,-0.08,0.93,4,Roll Left
1643,1643,360,-0.03,0.0,1.01,4,Roll Left
1644,1644,361,-0.02,0.11,1.0,4,Roll Left
1645,1645,362,0.04,0.04,1.0,4,Roll Left
1646,1646,363,0.03,0.04,1.0,4,Roll Left
1647,1647,364,0.04,0.05,1.0,4,Roll Left
1648,1648,365,0.04,0.05,1.0,4,Roll Left
1649,1649,366,0.04,0.05,1.0,4,Roll Left
1650,1650,367,0.04,0.05,1.0,4,Roll Left
1651,1651,368,0.04,0.05,1.0,4,Roll Left
1652,1652,369,0.04,0.05,1.0,4,Roll Left
1653,1653,370,0.04,0.04,1.0,4,Roll Left
1654,1654,371,0.04,0.05,1.0,4,Roll Left
1655,1655,372,0.04,0.05,1.0,4,Roll Left
1656,1656,373,0.03,0.05,1.0,4,Roll Left
1657,1657,374,0.03,0.05,1.0,4,Roll Left
1658,1658,375,0.04,0.05,1.0,4,Roll Left
1659,1659,376,0.03,0.05,1.0,4,Roll Left
1660,1660,377,0.04,0.04,0.99,4,Roll Left
1661,1661,378,0.03,0.05,1.0,4,Roll Left
1662,1662,379,0.04,0.05,1.0,4,Roll Left
1663,1663,380,0.03,0.05,1.0,4,Roll Left
1664,1664,381,0.04,0.05,1.0,4,Roll Left
1665,1665,382,0.04,0.05,1.0,4,Roll Left
1666,1666,383,0.04,0.04,1.0,4,Roll Left
1667,1667,384,0.04,0.05,1.0,4,Roll Left
1668,1668,385,0.04,0.05,1.0,4,Roll Left
1669,1669,386,0.04,0.05,1.0,4,Roll Left
1670,1670,387,0.04,0.04,1.0,4,Roll Left
1671,1671,388,0.04,0.04,1.0,4,Roll Left
1672,1672,389,0.04,0.04,1.0,4,Roll Left
1673,1673,390,0.02,0.07,1.0,4,Roll Left
1674,1674,391,0.03,0.01,1.07,4,Roll Left
1675,1675,392,0.05,-0.05,0.99,4,Roll Left
1676,1676,393,0.06,-0.17,0.99,4,Roll Left
1677,1677,394,0.06,-0.2,0.94,4,Roll Left
1678,1678,395,0.11,-0.39,0.93,4,Roll Left
1679,1679,396,0.04,-0.55,0.75,4,Roll Left
1680,1680,397,0.0,-0.74,0.65,4,Roll Left
1681,1681,398,-0.1,-0.99,0.42,4,Roll Left
1682,1682,399,0.02,-0.82,0.23,4,Roll Left
1683,1683,400,0.05,-0.96,0.15,4,Roll Left
1684,1684,401,-0.11,-1.05,0.1,4,Roll Left
1685,1685,402,-0.04,-1.05,0.24,4,Roll Left
1686,1686,403,0.03,-0.83,0.28,4,Roll Left
1687,1687,404,0.0,-0.68,0.59,4,Roll Left
1688,1688,405,0.08,-0.52,0.78,4,Roll Left
1689,1689,406,0.04,-0.25,0.94,4,Roll Left
1690,1690,407,0.0,-0.09,0.95,4,Roll Left
1691,1691,408,0.02,-0.09,1.02,4,Roll Left
1692,1692,409,0.02,-0.06,1.04,4,Roll Left
1693,1693,410,0.02,-0.05,1.0,4,Roll Left
1694,1694,411,0.0,0.0,1.02,4,Roll Left
1695,1695,412,-0.03,0.02,0.97,4,Roll Left
1696,1696,413,0.04,0.06,1.0,4,Roll Left
1697,1697,414,0.03,0.05,1.0,4,Roll Left
1698,1698,415,0.03,0.05,1.0,4,Roll Left
1699,1699,416,0.04,0.05,1.0,4,Roll Left
1700,1700,417,0.04,0.05,1.0,4,Roll Left
1701,1701,418,0.04,0.05,1.0,4,Roll Left
1702,1702,419,0.03,0.05,1.0,4,Roll Left
1703,1703,420,0.04,0.05,1.0,4,Roll Left
1704,1704,421,0.03,0.05,1.0,4,Roll Left
1705,1705,422,0.04,0.05,1.0,4,Roll Left
1706,1706,423,0.04,0.05,1.0,4,Roll Left
1707,1707,424,0.03,0.05,1.0,4,Roll Left
1708,1708,425,0.04,0.05,1.0,4,Roll Left
1709,1709,426,0.04,0.05,1.0,4,Roll Left
1710,1710,427,0.04,0.04,1.0,4,Roll Left
1711,1711,428,0.04,0.04,1.0,4,Roll Left
1712,1712,429,0.03,0.05,1.0,4,Roll Left
1713,1713,430,0.03,0.05,1.0,4,Roll Left
1714,1714,431,0.04,0.04,1.0,4,Roll Left
1715,1715,432,0.04,0.05,1.0,4,Roll Left
1716,1716,433,0.04,0.05,1.0,4,Roll Left
1717,1717,434,0.04,0.05,1.0,4,Roll Left
1718,1718,435,0.04,0.05,1.0,4,Roll Left
1719,1719,436,0.04,0.05,1.0,4,Roll Left
1720,1720,0,0.04,0.04,1.0,5,Roll Left
1721,1721,1,0.04,0.05,1.0,5,Roll Left
1722,1722,2,0.04,0.05,1.0,5,Roll Left
1723,1723,3,0.04,0.05,1.0,5,Roll Left
1724,1724,4,0.04,0.04,1.0,5,Roll Left
1725,1725,5,0.04,0.05,1.0,5,Roll Left
1726,1726,6,0.04,0.05,1.0,5,Roll Left
1727,1727,7,0.04,0.05,1.0,5,Roll Left
1728,1728,8,0.04,0.05,1.0,5,Roll Left
1729,1729,9,0.04,0.05,1.0,5,Roll Left
1730,1730,10,0.04,0.05,1.0,5,Roll Left
1731,1731,11,0.04,0.05,1.0,5,Roll Left
1732,1732,12,0.04,0.04,1.0,5,Roll Left
1733,1733,13,0.04,0.05,1.0,5,Roll Left
1734,1734,14,0.04,0.05,1.0,5,Roll Left
1735,1735,15,0.04,0.05,1.0,5,Roll Left
1736,1736,16,0.04,0.05,1.0,5,Roll Left
1737,1737,17,0.04,0.05,1.0,5,Roll Left
1738,1738,18,0.04,0.05,1.0,5,Roll Left
1739,1739,19,0.04,0.05,1.0,5,Roll Left
1740,1740,20,0.04,0.04,1.0,5,Roll Left
1741,1741,21,0.04,0.05,1.0,5,Roll Left
1742,1742,22,0.04,0.05,1.0,5,Roll Left
1743,1743,23,0.04,0.05,1.0,5,Roll Left
1744,1744,24,0.04,0.05,1.0,5,Roll Left
1745,1745,25,0.04,0.05,1.0,5,Roll Left
1746,1746,26,0.04,0.04,1.0,5,Roll Left
1747,1747,27,0.04,0.04,1.0,5,Roll Left
1748,1748,28,0.04,0.05,1.0,5,Roll Left
1749,1749,29,0.04,0.04,1.0,5,Roll Left
1750,1750,30,0.04,0.04,1.0,5,Roll Left
1751,1751,31,0.04,0.04,1.0,5,Roll Left
1752,1752,32,0.04,0.05,1.0,5,Roll Left
1753,1753,33,0.04,0.05,1.0,5,Roll Left
1754,1754,34,0.04,0.05,1.0,5,Roll Left
1755,1755,35,0.04,0.05,1.0,5,Roll Left
1756,1756,36,0.07,0.11,1.0,5,Roll Left
1757,1757,37,0.06,0.09,1.02,5,Roll Left
1758,1758,38,0.02,-0.06,1.09,5,Roll Left
1759,1759,39,-0.07,-0.49,0.88,5,Roll Left
1760,1760,40,0.05,-0.69,0.6,5,Roll Left
1761,1761,41,0.14,-0.84,0.27,5,Roll Left
1762,1762,42,-0.02,-0.92,-0.07,5,Roll Left
1763,1763,43,0.04,-0.87,-0.15,5,Roll Left
1764,1764,44,0.0,-0.91,-0.08,5,Roll Left
1765,1765,45,0.08,-0.8,0.22,5,Roll Left
1766,1766,46,-0.04,-0.57,0.74,5,Roll Left
1767,1767,47,0.0,-0.36,0.95,5,Roll Left
1768,1768,48,0.0,-0.17,1.0,5,Roll Left
1769,1769,49,-0.07,-0.23,1.03,5,Roll Left
1770,1770,50,0.01,-0.04,1.0,5,Roll Left
1771,1771,51,-0.0,-0.05,0.97,5,Roll Left
1772,1772,52,-0.01,0.04,1.02,5,Roll Left
1773,1773,53,0.02,0.05,1.0,5,Roll Left
1774,1774,54,0.05,0.06,1.07,5,Roll Left
1775,1775,55,0.04,0.04,1.0,5,Roll Left
1776,1776,56,0.04,0.05,1.0,5,Roll Left
1777,1777,57,0.03,0.05,1.0,5,Roll Left
1778,1778,58,0.04,0.05,1.0,5,Roll Left
1779,1779,59,0.04,0.05,1.0,5,Roll Left
1780,1780,60,0.04,0.04,1.0,5,Roll Left
1781,1781,61,0.04,0.05,1.0,5,Roll Left
1782,1782,62,0.04,0.05,1.0,5,Roll Left
1783,1783,63,0.04,0.05,1.0,5,Roll Left
1784,1784,64,0.04,0.05,1.0,5,Roll Left
1785,1785,65,0.04,0.05,1.0,5,Roll Left
1786,1786,66,0.04,0.05,1.0,5,Roll Left
1787,1787,67,0.04,0.05,1.0,5,Roll Left
1788,1788,68,0.04,0.05,1.0,5,Roll Left
1789,1789,69,0.04,0.05,1.0,5,Roll Left
1790,1790,70,0.04,0.05,1.0,5,Roll Left
1791,1791,71,0.04,0.05,1.0,5,Roll Left
1792,1792,72,0.04,0.04,1.0,5,Roll Left
1793,1793,73,0.04,0.05,1.0,5,Roll Left
1794,1794,74,0.04,0.05,1.0,5,Roll Left
1795,1795,75,0.04,0.04,1.0,5,Roll Left
1796,1796,76,0.04,0.05,1.0,5,Roll Left
1797,1797,77,0.04,0.05,1.0,5,Roll Left
1798,1798,78,0.04,0.05,1.0,5,Roll Left
1799,1799,79,0.04,0.04,1.0,5,Roll Left
1800,1800,80,0.04,0.04,1.0,5,Roll Left
1801,1801,81,0.04,0.04,1.0,5,Roll Left
1802,1802,82,0.04,0.05,1.0,5,Roll Left
1803,1803,83,0.04,0.05,1.0,5,Roll Left
1804,1804,84,0.04,0.05,1.0,5,Roll Left
1805,1805,85,0.04,0.05,1.0,5,Roll Left
1806,1806,86,0.04,0.04,1.0,5,Roll Left
1807,1807,87,0.04,0.05,1.0,5,Roll Left
1808,1808,88,0.04,0.05,1.0,5,Roll Left
1809,1809,89,0.04,0.05,1.0,5,Roll Left
1810,1810,90,0.04,0.05,1.0,5,Roll Left
1811,1811,91,0.04,0.05,1.0,5,Roll Left
1812,1812,92,0.04,0.04,1.0,5,Roll Left
1813,1813,93,0.02,0.02,0.97,5,Roll Left
1814,1814,94,-0.01,-0.13,1.02,5,Roll Left
1815,1815,95,-0.02,-0.32,0.81,5,Roll Left
1816,1816,96,-0.09,-0.52,0.74,5,Roll Left
1817,1817,97,0.14,-1.23,0.5,5,Roll Left
1818,1818,98,0.02,-0.93,0.06,5,Roll Left
1819,1819,99,-0.02,-0.99,-0.08,5,Roll Left
1820,1820,100,-0.0,-0.96,-0.09,5,Roll Left
1821,1821,101,0.02,-0.95,0.11,5,Roll Left
1822,1822,102,0.0,-0.89,0.24,5,Roll Left
1823,1823,103,0.02,-0.8,0.69,5,Roll Left
1824,1824,104,0.07,-0.41,0.8,5,Roll Left
1825,1825,105,0.02,-0.17,1.04,5,Roll Left
1826,1826,106,0.06,-0.11,0.99,5,Roll Left
1827,1827,107,0.1,-0.14,1.13,5,Roll Left
1828,1828,108,0.03,-0.07,0.99,5,Roll Left
1829,1829,109,0.03,-0.0,0.99,5,Roll Left
1830,1830,110,0.04,0.08,1.03,5,Roll Left
1831,1831,111,0.04,0.08,0.98,5,Roll Left
1832,1832,112,0.03,0.09,1.0,5,Roll Left
1833,1833,113,0.05,0.09,1.0,5,Roll Left
1834,1834,114,0.04,0.08,1.0,5,Roll Left
1835,1835,115,0.04,0.07,1.0,5,Roll Left
1836,1836,116,0.04,0.08,0.99,5,Roll Left
1837,1837,117,0.04,0.06,1.0,5,Roll Left
1838,1838,118,0.04,0.05,1.0,5,Roll Left
1839,1839,119,0.04,0.05,1.0,5,Roll Left
1840,1840,120,0.08,0.08,1.01,5,Roll Left
1841,1841,121,0.04,0.05,1.0,5,Roll Left
1842,1842,122,0.04,0.05,1.0,5,Roll Left
1843,1843,123,0.04,0.05,1.0,5,Roll Left
1844,1844,124,0.04,0.05,1.0,5,Roll Left
1845,1845,125,0.04,0.05,1.0,5,Roll Left
1846,1846,126,0.04,0.05,1.0,5,Roll Left
1847,1847,127,0.04,0.04,1.0,5,Roll Left
1848,1848,128,0.04,0.05,1.0,5,Roll Left
1849,1849,129,0.04,0.05,1.0,5,Roll Left
1850,1850,130,0.04,0.05,1.0,5,Roll Left
1851,1851,131,0.04,0.04,1.0,5,Roll Left
1852,1852,132,0.04,0.05,1.0,5,Roll Left
1853,1853,133,0.04,0.05,1.0,5,Roll Left
1854,1854,134,0.04,0.04,1.0,5,Roll Left
1855,1855,135,0.04,0.05,1.0,5,Roll Left
1856,1856,136,0.04,0.04,1.0,5,Roll Left
1857,1857,137,0.04,0.05,1.0,5,Roll Left
1858,1858,138,0.04,0.05,1.0,5,Roll Left
1859,1859,139,0.04,0.05,1.0,5,Roll Left
1860,1860,140,0.04,0.04,1.0,5,Roll Left
1861,1861,141,0.04,0.05,1.0,5,Roll Left
1862,1862,142,0.04,0.05,1.0,5,Roll Left
1863,1863,143,0.04,0.05,1.0,5,Roll Left
1864,1864,144,0.04,0.05,1.0,5,Roll Left
1865,1865,145,0.04,0.04,1.0,5,Roll Left
1866,1866,146,0.04,0.05,1.0,5,Roll Left
1867,1867,147,0.04,0.05,1.0,5,Roll Left
1868,1868,148,0.04,0.05,1.0,5,Roll Left
1869,1869,149,0.04,0.05,1.0,5,Roll Left
1870,1870,150,0.05,0.05,1.0,5,Roll Left
1871,1871,151,0.02,0.03,1.01,5,Roll Left
1872,1872,152,0.03,-0.11,1.04,5,Roll Left
1873,1873,153,0.09,-0.47,0.8,5,Roll Left
1874,1874,154,0.24,-0.62,0.66,5,Roll Left
1875,1875,155,0.03,-1.0,0.39,5,Roll Left
1876,1876,156,0.0,-0.76,0.08,5,Roll Left
1877,1877,157,0.03,-1.0,-0.17,5,Roll Left
1878,1878,158,0.02,-0.97,-0.15,5,Roll Left
1879,1879,159,0.03,-0.93,-0.07,5,Roll Left
1880,1880,160,0.05,-0.97,0.11,5,Roll Left
1881,1881,161,0.05,-0.83,0.32,5,Roll Left
1882,1882,162,-0.02,-0.64,0.67,5,Roll Left
1883,1883,163,-0.07,-0.46,0.84,5,Roll Left
1884,1884,164,0.01,-0.27,0.95,5,Roll Left
1885,1885,165,0.0,-0.22,0.95,5,Roll Left
1886,1886,166,0.02,-0.13,1.01,5,Roll Left
1887,1887,167,0.01,-0.09,0.98,5,Roll Left
1888,1888,168,0.01,0.01,0.99,5,Roll Left
1889,1889,169,0.02,0.03,1.0,5,Roll Left
1890,1890,170,0.04,0.06,1.0,5,Roll Left
1891,1891,171,0.04,0.03,1.0,5,Roll Left
1892,1892,172,0.04,0.04,1.0,5,Roll Left
1893,1893,173,0.04,0.05,1.0,5,Roll Left
1894,1894,174,0.04,0.04,1.0,5,Roll Left
1895,1895,175,0.04,0.05,1.0,5,Roll Left
1896,1896,176,0.04,0.05,1.0,5,Roll Left
1897,1897,177,0.04,0.05,1.0,5,Roll Left
1898,1898,178,0.04,0.05,1.0,5,Roll Left
1899,1899,179,0.04,0.04,1.0,5,Roll Left
1900,1900,180,0.04,0.05,1.0,5,Roll Left
1901,1901,181,0.04,0.04,1.0,5,Roll Left
1902,1902,182,0.04,0.05,1.0,5,Roll Left
1903,1903,183,0.04,0.05,1.0,5,Roll Left
1904,1904,184,0.04,0.05,1.0,5,Roll Left
1905,1905,185,0.04,0.05,1.0,5,Roll Left
1906,1906,186,0.04,0.05,1.0,5,Roll Left
1907,1907,187,0.04,0.05,1.0,5,Roll Left
1908,1908,188,0.04,0.04,1.0,5,Roll Left
1909,1909,189,0.04,0.05,1.0,5,Roll Left
1910,1910,190,0.04,0.05,1.0,5,Roll Left
1911,1911,191,0.04,0.05,1.0,5,Roll Left
1912,1912,192,0.04,0.05,1.0,5,Roll Left
1913,1913,193,0.04,0.05,1.0,5,Roll Left
1914,1914,194,0.04,0.05,1.0,5,Roll Left
1915,1915,195,0.04,0.05,1.0,5,Roll Left
1916,1916,196,0.04,0.05,1.0,5,Roll Left
1917,1917,197,0.04,0.05,1.0,5,Roll Left
1918,1918,198,0.04,0.04,1.0,5,Roll Left
1919,1919,199,0.04,0.05,1.0,5,Roll Left
1920,1920,200,0.04,0.05,1.0,5,Roll Left
1921,1921,201,0.04,0.05,1.0,5,Roll Left
1922,1922,202,0.04,0.05,1.0,5,Roll Left
1923,1923,203,0.04,0.05,1.0,5,Roll Left
1924,1924,204,0.04,0.05,1.0,5,Roll Left
1925,1925,205,0.04,0.05,1.01,5,Roll Left
1926,1926,206,0.04,0.05,1.0,5,Roll Left
1927,1927,207,0.04,0.05,1.0,5,Roll Left
1928,1928,208,0.04,0.05,1.0,5,Roll Left
1929,1929,209,0.04,0.05,1.0,5,Roll Left
1930,1930,210,0.04,0.05,1.01,5,Roll Left
1931,1931,211,0.04,0.05,1.0,5,Roll Left
1932,1932,212,0.04,0.04,1.0,5,Roll Left
1933,1933,213,0.06,0.05,1.03,5,Roll Left
1934,1934,214,0.05,-0.16,1.0,5,Roll Left
1935,1935,215,0.04,-0.39,0.82,5,Roll Left
1936,1936,216,0.0,-0.98,0.54,5,Roll Left
1937,1937,217,-0.0,-0.93,0.17,5,Roll Left
1938,1938,218,-0.01,-0.9,0.02,5,Roll Left
1939,1939,219,0.0,-0.94,-0.05,5,Roll Left
1940,1940,220,-0.02,-0.93,-0.07,5,Roll Left
1941,1941,221,0.02,-0.91,0.21,5,Roll Left
1942,1942,222,0.05,-0.71,0.54,5,Roll Left
1943,1943,223,0.16,-0.45,0.91,5,Roll Left
1944,1944,224,0.12,-0.15,0.96,5,Roll Left
1945,1945,225,0.12,-0.26,1.08,5,Roll Left
1946,1946,226,0.07,-0.19,0.99,5,Roll Left
1947,1947,227,-0.01,-0.14,0.97,5,Roll Left
1948,1948,228,0.02,-0.03,1.01,5,Roll Left
1949,1949,229,0.04,0.04,1.0,5,Roll Left
1950,1950,230,0.04,0.05,1.0,5,Roll Left
1951,1951,231,0.04,0.04,1.0,5,Roll Left
1952,1952,232,0.04,0.04,1.0,5,Roll Left
1953,1953,233,0.04,0.04,1.0,5,Roll Left
1954,1954,234,0.04,0.04,1.0,5,Roll Left
1955,1955,235,0.04,0.04,1.0,5,Roll Left
1956,1956,236,0.04,0.04,1.0,5,Roll Left
1957,1957,237,0.04,0.04,1.0,5,Roll Left
1958,1958,238,0.04,0.04,1.0,5,Roll Left
1959,1959,239,0.04,0.04,1.0,5,Roll Left
1960,1960,240,0.04,0.05,1.0,5,Roll Left
1961,1961,241,0.04,0.04,1.0,5,Roll Left
1962,1962,242,0.04,0.05,1.0,5,Roll Left
1963,1963,243,0.04,0.04,1.0,5,Roll Left
1964,1964,244,0.04,0.04,1.0,5,Roll Left
1965,1965,245,0.04,0.04,1.0,5,Roll Left
1966,1966,246,0.04,0.04,1.0,5,Roll Left
1967,1967,247,0.04,0.05,1.0,5,Roll Left
1968,1968,248,0.04,0.04,1.0,5,Roll Left
1969,1969,249,0.04,0.04,1.0,5,Roll Left
1970,1970,250,0.04,0.05,1.0,5,Roll Left
1971,1971,251,0.04,0.05,1.0,5,Roll Left
1972,1972,252,0.04,0.04,1.0,5,Roll Left
1973,1973,253,0.04,0.04,1.0,5,Roll Left
1974,1974,254,0.04,0.05,1.0,5,Roll Left
1975,1975,255,0.04,0.04,1.0,5,Roll Left
1976,1976,256,0.04,0.04,1.0,5,Roll Left
1977,1977,257,0.04,0.04,1.0,5,Roll Left
1978,1978,258,0.04,0.04,1.0,5,Roll Left
1979,1979,259,0.04,0.04,1.0,5,Roll Left
1980,1980,260,0.04,0.05,1.0,5,Roll Left
1981,1981,261,0.04,0.04,1.0,5,Roll Left
1982,1982,262,0.04,0.05,1.0,5,Roll Left
1983,1983,263,0.04,0.04,1.0,5,Roll Left
1984,1984,264,0.04,0.04,1.0,5,Roll Left
1985,1985,265,0.04,0.04,1.0,5,Roll Left
1986,1986,266,0.04,0.04,1.0,5,Roll Left
1987,1987,267,0.04,0.04,1.0,5,Roll Left
1988,1988,268,0.04,0.04,1.0,5,Roll Left
1989,1989,269,0.04,0.04,1.0,5,Roll Left
1990,1990,270,0.05,0.05,1.0,5,Roll Left
1991,1991,271,0.04,0.05,1.02,5,Roll Left
1992,1992,272,0.04,-0.14,1.0,5,Roll Left
1993,1993,273,0.07,-0.43,0.73,5,Roll Left
1994,1994,274,0.16,-0.99,0.48,5,Roll Left
1995,1995,275,0.09,-0.77,0.28,5,Roll Left
1996,1996,276,0.01,-1.02,-0.05,5,Roll Left
1997,1997,277,0.04,-0.93,-0.04,5,Roll Left
1998,1998,278,0.08,-0.98,0.03,5,Roll Left
1999,1999,279,0.09,-0.86,0.53,5,Roll Left
2000,2000,280,0.07,-0.54,0.76,5,Roll Left
2001,2001,281,0.09,-0.4,0.96,5,Roll Left
2002,2002,282,0.05,-0.12,1.03,5,Roll Left
2003,2003,283,0.08,-0.05,0.95,5,Roll Left
2004,2004,284,0.08,-0.0,1.02,5,Roll Left
2005,2005,285,0.05,-0.02,0.99,5,Roll Left
2006,2006,286,0.05,0.04,1.0,5,Roll Left
2007,2007,287,0.04,0.07,1.01,5,Roll Left
2008,2008,288,0.05,0.04,0.99,5,Roll Left
2009,2009,289,0.04,0.04,1.0,5,Roll Left
2010,2010,290,0.04,0.04,1.0,5,Roll Left
2011,2011,291,0.04,0.04,1.0,5,Roll Left
2012,2012,292,0.04,0.04,1.0,5,Roll Left
2013,2013,293,0.04,0.04,1.0,5,Roll Left
2014,2014,294,0.04,0.04,1.0,5,Roll Left
2015,2015,295,0.04,0.04,1.0,5,Roll Left
2016,2016,296,0.05,0.04,1.0,5,Roll Left
2017,2017,297,0.04,0.04,1.0,5,Roll Left
2018,2018,298,0.04,0.04,1.0,5,Roll Left
2019,2019,299,0.04,0.04,1.01,5,Roll Left
2020,2020,300,0.04,0.04,1.0,5,Roll Left
2021,2021,301,0.04,0.04,1.0,5,Roll Left
2022,2022,302,0.04,0.04,1.0,5,Roll Left
2023,2023,303,0.04,0.04,1.0,5,Roll Left
2024,2024,304,0.04,0.04,1.0,5,Roll Left
2025,2025,305,0.04,0.04,1.0,5,Roll Left
2026,2026,306,0.04,0.04,1.0,5,Roll Left
2027,2027,307,0.04,0.04,1.0,5,Roll Left
2028,2028,308,0.04,0.04,1.0,5,Roll Left
2029,2029,309,0.04,0.04,1.0,5,Roll Left
2030,2030,310,0.04,0.04,1.0,5,Roll Left
2031,2031,311,0.04,0.04,1.0,5,Roll Left
2032,2032,312,0.04,0.04,1.0,5,Roll Left
2033,2033,313,0.04,0.04,1.0,5,Roll Left
2034,2034,314,0.04,0.04,1.0,5,Roll Left
2035,2035,315,0.04,0.04,1.0,5,Roll Left
2036,2036,316,0.04,0.04,1.0,5,Roll Left
2037,2037,317,0.04,0.04,1.0,5,Roll Left
2038,2038,318,0.04,0.04,1.0,5,Roll Left
2039,2039,319,0.04,0.04,1.0,5,Roll Left
2040,2040,320,0.04,0.04,1.0,5,Roll Left
2041,2041,321,0.04,0.04,1.0,5,Roll Left
2042,2042,322,0.04,0.05,1.0,5,Roll Left
2043,2043,323,0.04,0.04,1.0,5,Roll Left
2044,2044,324,0.04,0.04,1.0,5,Roll Left
2045,2045,325,0.04,0.04,1.0,5,Roll Left
2046,2046,326,0.04,0.04,1.0,5,Roll Left
2047,2047,327,0.04,0.04,1.0,5,Roll Left
2048,2048,328,0.04,0.03,1.01,5,Roll Left
2049,2049,329,0.01,0.02,0.97,5,Roll Left
2050,2050,330,0.06,-0.24,1.06,5,Roll Left
2051,2051,331,0.12,-0.56,0.75,5,Roll Left
2052,2052,332,0.05,-0.7,0.41,5,Roll Left
2053,2053,333,0.05,-0.96,-0.08,5,Roll Left
2054,2054,334,0.03,-1.01,-0.12,5,Roll Left
2055,2055,335,0.07,-0.95,-0.14,5,Roll Left
2056,2056,336,0.07,-0.84,-0.0,5,Roll Left
2057,2057,337,0.12,-1.0,0.39,5,Roll Left
2058,2058,338,0.09,-0.63,0.68,5,Roll Left
2059,2059,339,0.09,-0.45,0.95,5,Roll Left
2060,2060,340,0.12,-0.23,0.98,5,Roll Left
2061,2061,341,0.07,-0.09,1.05,5,Roll Left
2062,2062,342,-0.02,-0.08,1.51,5,Roll Left
2063,2063,343,0.04,-0.02,1.01,5,Roll Left
2064,2064,344,-0.02,-0.04,1.12,5,Roll Left
2065,2065,345,0.04,0.01,1.01,5,Roll Left
2066,2066,346,0.04,0.05,1.0,5,Roll Left
2067,2067,347,0.05,0.04,1.0,5,Roll Left
2068,2068,348,0.04,0.05,1.0,5,Roll Left
2069,2069,349,0.04,0.05,1.0,5,Roll Left
2070,2070,350,0.04,0.05,1.0,5,Roll Left
2071,2071,351,0.04,0.05,1.0,5,Roll Left
2072,2072,352,0.04,0.05,1.0,5,Roll Left
2073,2073,353,0.03,0.05,1.0,5,Roll Left
2074,2074,354,0.04,0.05,1.0,5,Roll Left
2075,2075,355,0.04,0.05,1.0,5,Roll Left
2076,2076,356,0.04,0.05,1.0,5,Roll Left
2077,2077,357,0.04,0.05,1.0,5,Roll Left
2078,2078,358,0.03,0.05,1.0,5,Roll Left
2079,2079,359,0.03,0.05,1.0,5,Roll Left
2080,2080,360,0.04,0.05,1.0,5,Roll Left
2081,2081,361,0.04,0.05,1.0,5,Roll Left
2082,2082,362,0.04,0.05,1.0,5,Roll Left
2083,2083,363,0.04,0.05,1.0,5,Roll Left
2084,2084,364,0.04,0.05,1.0,5,Roll Left
2085,2085,365,0.04,0.04,1.0,5,Roll Left
2086,2086,366,0.04,0.05,1.0,5,Roll Left
2087,2087,367,0.04,0.05,1.0,5,Roll Left
2088,2088,368,0.04,0.05,1.0,5,Roll Left
2089,2089,369,0.04,0.05,1.0,5,Roll Left
2090,2090,370,0.03,0.05,1.0,5,Roll Left
2091,2091,371,0.04,0.05,1.0,5,Roll Left
2092,2092,372,0.04,0.05,1.0,5,Roll Left
2093,2093,373,0.04,0.05,1.0,5,Roll Left
2094,2094,374,0.04,0.05,1.0,5,Roll Left
2095,2095,375,0.04,0.05,1.0,5,Roll Left
2096,2096,376,0.04,0.04,1.0,5,Roll Left
2097,2097,377,0.04,0.05,1.0,5,Roll Left
2098,2098,378,0.04,0.05,1.0,5,Roll Left
2099,2099,379,0.04,0.05,1.0,5,Roll Left
2100,2100,380,0.03,0.05,1.0,5,Roll Left
2101,2101,381,0.03,0.05,1.0,5,Roll Left
2102,2102,382,0.04,0.05,1.0,5,Roll Left
2103,2103,383,0.03,0.05,1.0,5,Roll Left
2104,2104,384,0.02,0.05,1.03,5,Roll Left
2105,2105,385,-0.0,0.0,1.03,5,Roll Left
2106,2106,386,0.06,-0.31,0.98,5,Roll Left
2107,2107,387,0.15,-0.63,0.64,5,Roll Left
2108,2108,388,0.08,-1.04,0.28,5,Roll Left
2109,2109,389,0.09,-0.88,0.05,5,Roll Left
2110,2110,390,0.13,-0.93,-0.11,5,Roll Left
2111,2111,391,0.12,-0.91,-0.13,5,Roll Left
2112,2112,392,0.14,-0.97,-0.07,5,Roll Left
2113,2113,393,0.17,-0.97,0.3,5,Roll Left
2114,2114,394,0.12,-0.54,0.69,5,Roll Left
2115,2115,395,0.13,-0.34,0.84,5,Roll Left
2116,2116,396,0.06,-0.18,0.93,5,Roll Left
2117,2117,397,0.07,-0.08,1.0,5,Roll Left
2118,2118,398,0.04,0.07,0.95,5,Roll Left
2119,2119,399,0.03,0.01,0.96,5,Roll Left
2120,2120,400,0.05,-0.05,0.97,5,Roll Left
2121,2121,401,0.06,0.02,0.98,5,Roll Left
2122,2122,402,0.05,0.04,1.0,5,Roll Left
2123,2123,403,0.04,0.06,0.99,5,Roll Left
2124,2124,404,0.05,0.04,1.0,5,Roll Left
2125,2125,405,0.04,0.03,1.0,5,Roll Left
2126,2126,406,0.04,0.04,1.0,5,Roll Left
2127,2127,407,0.04,0.04,1.0,5,Roll Left
2128,2128,408,0.04,0.04,1.0,5,Roll Left
2129,2129,409,0.04,0.04,1.0,5,Roll Left
2130,2130,410,0.04,0.04,1.0,5,Roll Left
2131,2131,411,0.04,0.04,1.0,5,Roll Left
2132,2132,412,0.04,0.05,1.0,5,Roll Left
2133,2133,413,0.04,0.05,1.0,5,Roll Left
2134,2134,414,0.04,0.04,1.01,5,Roll Left
2135,2135,415,0.04,0.04,1.0,5,Roll Left
2136,2136,416,0.04,0.04,1.0,5,Roll Left
2137,2137,417,0.04,0.04,1.0,5,Roll Left
2138,2138,418,0.05,0.04,1.0,5,Roll Left
2139,2139,419,0.04,0.04,1.0,5,Roll Left
2140,2140,420,0.04,0.04,1.0,5,Roll Left
2141,2141,421,0.04,0.04,1.0,5,Roll Left
2142,2142,422,0.04,0.05,1.0,5,Roll Left
2143,2143,423,0.04,0.04,1.0,5,Roll Left
2144,2144,424,0.04,0.04,1.0,5,Roll Left
2145,2145,425,0.04,0.04,1.0,5,Roll Left
2146,2146,426,0.04,0.04,1.0,5,Roll Left
2147,2147,427,0.05,0.04,1.0,5,Roll Left
2148,2148,428,0.04,0.04,1.0,5,Roll Left
2149,2149,429,0.04,0.04,1.0,5,Roll Left
2150,2150,430,0.04,0.04,1.0,5,Roll Left
2151,2151,431,0.04,0.04,1.0,5,Roll Left
2152,2152,432,0.04,0.04,1.0,5,Roll Left
2153,2153,433,0.04,0.04,1.0,5,Roll Left
2154,2154,434,0.04,0.04,1.0,5,Roll Left
2155,2155,435,0.04,0.04,1.0,5,Roll Left
2156,2156,436,0.04,0.04,1.0,5,Roll Left
2157,2157,437,0.04,0.04,1.0,5,Roll Left
2158,2158,438,0.04,0.04,1.0,5,Roll Left
2159,2159,439,0.04,0.04,1.0,5,Roll Left
2160,2160,440,0.04,0.04,1.0,5,Roll Left
2161,2161,441,0.05,0.07,1.0,5,Roll Left
2162,2162,442,0.04,0.03,1.01,5,Roll Left
2163,2163,443,0.06,-0.08,1.02,5,Roll Left
2164,2164,444,0.04,-0.52,0.89,5,Roll Left
2165,2165,445,0.08,-0.76,0.56,5,Roll Left
2166,2166,446,0.1,-0.91,0.02,5,Roll Left
2167,2167,447,0.09,-0.93,-0.13,5,Roll Left
2168,2168,448,0.11,-0.9,-0.15,5,Roll Left
2169,2169,449,0.1,-0.94,-0.16,5,Roll Left
2170,2170,450,0.1,-0.89,-0.06,5,Roll Left
2171,2171,451,0.08,-0.79,0.46,5,Roll Left
2172,2172,452,0.12,-0.53,0.75,5,Roll Left
2173,2173,453,0.09,-0.22,0.91,5,Roll Left
2174,2174,454,0.05,-0.07,0.99,5,Roll Left
2175,2175,455,0.05,-0.04,0.99,5,Roll Left
2176,2176,456,0.07,-0.02,0.97,5,Roll Left
2177,2177,457,0.07,0.07,1.05,5,Roll Left
2178,2178,458,0.05,0.06,0.98,5,Roll Left
2179,2179,459,0.05,0.05,1.0,5,Roll Left
2180,2180,460,0.05,0.05,1.0,5,Roll Left
2181,2181,461,0.05,0.05,1.0,5,Roll Left
2182,2182,462,0.04,0.04,1.0,5,Roll Left
2183,2183,463,0.04,0.04,1.0,5,Roll Left
2184,2184,464,0.04,0.04,1.0,5,Roll Left
2185,2185,465,0.04,0.04,1.0,5,Roll Left
2186,2186,466,0.04,0.04,1.0,5,Roll Left
2187,2187,467,0.04,0.04,1.0,5,Roll Left
2188,2188,468,0.04,0.04,1.0,5,Roll Left
2189,2189,469,0.04,0.04,1.0,5,Roll Left
2190,2190,470,0.05,0.04,1.0,5,Roll Left
2191,2191,471,0.04,0.04,1.0,5,Roll Left
2192,2192,472,0.04,0.04,1.0,5,Roll Left
2193,2193,473,0.04,0.04,1.0,5,Roll Left
2194,2194,474,0.04,0.04,1.0,5,Roll Left
2195,2195,475,0.04,0.04,1.0,5,Roll Left
2196,2196,476,0.04,0.04,1.0,5,Roll Left
2197,2197,477,0.04,0.04,1.0,5,Roll Left
2198,2198,478,0.04,0.04,1.0,5,Roll Left
2199,2199,479,0.04,0.04,1.0,5,Roll Left
2200,2200,480,0.04,0.04,1.0,5,Roll Left
2201,2201,481,0.04,0.04,1.0,5,Roll Left
2202,2202,482,0.04,0.04,1.0,5,Roll Left
2203,2203,483,0.04,0.04,1.0,5,Roll Left
2204,2204,484,0.04,0.04,1.0,5,Roll Left
2205,2205,485,0.04,0.04,1.0,5,Roll Left
2206,2206,486,0.04,0.05,1.0,5,Roll Left
2207,2207,487,0.04,0.04,1.0,5,Roll Left
2208,2208,488,0.04,0.04,1.0,5,Roll Left
2209,2209,0,0.04,-0.04,1.01,6,Roll Left
2210,2210,1,0.04,-0.04,1.01,6,Roll Left
2211,2211,2,0.04,-0.04,1.01,6,Roll Left
2212,2212,3,0.04,-0.03,1.0,6,Roll Left
2213,2213,4,0.04,-0.04,1.01,6,Roll Left
2214,2214,5,0.04,-0.03,1.01,6,Roll Left
2215,2215,6,0.03,-0.03,1.01,6,Roll Left
2216,2216,7,0.04,-0.04,1.01,6,Roll Left
2217,2217,8,0.04,-0.04,1.01,6,Roll Left
2218,2218,9,0.04,-0.04,1.01,6,Roll Left
2219,2219,10,0.04,-0.03,1.0,6,Roll Left
2220,2220,11,0.04,-0.04,1.01,6,Roll Left
2221,2221,12,0.04,-0.03,1.01,6,Roll Left
2222,2222,13,0.03,-0.03,1.01,6,Roll Left
2223,2223,14,0.03,-0.04,1.0,6,Roll Left
2224,2224,15,0.04,-0.04,1.0,6,Roll Left
2225,2225,16,0.04,-0.04,1.01,6,Roll Left
2226,2226,17,0.03,-0.04,1.0,6,Roll Left
2227,2227,18,0.04,-0.04,1.01,6,Roll Left
2228,2228,19,0.04,-0.04,1.0,6,Roll Left
2229,2229,20,0.04,-0.03,1.0,6,Roll Left
2230,2230,21,0.04,-0.04,1.01,6,Roll Left
2231,2231,22,0.03,-0.03,1.01,6,Roll Left
2232,2232,23,0.04,-0.04,1.01,6,Roll Left
2233,2233,24,0.04,-0.03,1.01,6,Roll Left
2234,2234,25,0.04,-0.04,1.01,6,Roll Left
2235,2235,26,0.04,-0.04,1.01,6,Roll Left
2236,2236,27,0.04,-0.03,1.01,6,Roll Left
2237,2237,28,0.04,-0.03,1.01,6,Roll Left
2238,2238,29,0.04,-0.04,1.01,6,Roll Left
2239,2239,30,0.03,-0.03,1.01,6,Roll Left
2240,2240,31,0.04,-0.03,1.01,6,Roll Left
2241,2241,32,0.04,-0.04,1.01,6,Roll Left
2242,2242,33,0.03,-0.04,1.01,6,Roll Left
2243,2243,34,0.04,-0.04,1.0,6,Roll Left
2244,2244,35,0.03,-0.04,1.01,6,Roll Left
2245,2245,36,0.03,-0.04,1.0,6,Roll Left
2246,2246,37,0.04,-0.03,1.01,6,Roll Left
2247,2247,38,0.03,-0.03,1.01,6,Roll Left
2248,2248,39,0.04,-0.04,1.02,6,Roll Left
2249,2249,40,0.04,-0.04,1.01,6,Roll Left
2250,2250,41,0.03,-0.04,1.01,6,Roll Left
2251,2251,42,0.04,-0.04,1.02,6,Roll Left
2252,2252,43,0.01,-0.21,1.05,6,Roll Left
2253,2253,44,0.03,0.03,0.99,6,Roll Left
2254,2254,45,0.08,-0.16,1.05,6,Roll Left
2255,2255,46,0.09,-0.24,0.94,6,Roll Left
2256,2256,47,0.07,-0.51,0.71,6,Roll Left
2257,2257,48,-0.02,-0.87,0.41,6,Roll Left
2258,2258,49,-0.02,-0.86,0.04,6,Roll Left
2259,2259,50,-0.0,-0.78,0.04,6,Roll Left
2260,2260,51,-0.09,-0.98,-0.14,6,Roll Left
2261,2261,52,-0.12,-1.01,-0.09,6,Roll Left
2262,2262,53,-0.07,-0.91,-0.06,6,Roll Left
2263,2263,54,-0.02,-0.95,-0.07,6,Roll Left
2264,2264,55,0.01,-0.8,0.55,6,Roll Left
2265,2265,56,0.09,-0.41,0.91,6,Roll Left
2266,2266,57,0.04,-0.14,0.94,6,Roll Left
2267,2267,58,0.07,0.11,0.93,6,Roll Left
2268,2268,59,0.05,0.02,1.13,6,Roll Left
2269,2269,60,0.05,-0.01,0.95,6,Roll Left
2270,2270,61,0.0,-0.01,0.99,6,Roll Left
2271,2271,62,-0.02,-0.02,1.09,6,Roll Left
2272,2272,63,0.02,-0.05,1.01,6,Roll Left
2273,2273,64,0.05,-0.04,1.03,6,Roll Left
2274,2274,65,-0.03,0.0,1.0,6,Roll Left
2275,2275,66,0.04,-0.03,1.01,6,Roll Left
2276,2276,67,0.04,-0.04,1.01,6,Roll Left
2277,2277,68,0.04,-0.03,1.01,6,Roll Left
2278,2278,69,0.04,-0.04,1.01,6,Roll Left
2279,2279,70,0.04,-0.04,1.01,6,Roll Left
2280,2280,71,0.04,-0.04,1.01,6,Roll Left
2281,2281,72,0.03,-0.04,1.01,6,Roll Left
2282,2282,73,0.03,-0.04,1.01,6,Roll Left
2283,2283,74,0.03,-0.03,1.01,6,Roll Left
2284,2284,75,0.04,-0.03,1.0,6,Roll Left
2285,2285,76,0.04,-0.04,1.01,6,Roll Left
2286,2286,77,0.04,-0.04,1.0,6,Roll Left
2287,2287,78,0.03,-0.03,1.01,6,Roll Left
2288,2288,79,0.04,-0.04,1.01,6,Roll Left
2289,2289,80,0.04,-0.04,1.01,6,Roll Left
2290,2290,81,0.04,-0.04,1.01,6,Roll Left
2291,2291,82,0.03,-0.04,1.01,6,Roll Left
2292,2292,83,0.04,-0.04,1.01,6,Roll Left
2293,2293,84,0.03,-0.04,1.01,6,Roll Left
2294,2294,85,0.04,-0.04,1.01,6,Roll Left
2295,2295,86,0.02,-0.04,1.01,6,Roll Left
2296,2296,87,0.04,-0.04,1.01,6,Roll Left
2297,2297,88,0.03,-0.04,1.01,6,Roll Left
2298,2298,89,0.04,-0.04,1.01,6,Roll Left
2299,2299,90,0.03,-0.03,1.01,6,Roll Left
2300,2300,91,0.03,-0.03,1.01,6,Roll Left
2301,2301,92,0.04,-0.04,1.01,6,Roll Left
2302,2302,93,0.04,-0.03,1.01,6,Roll Left
2303,2303,94,0.03,-0.03,1.01,6,Roll Left
2304,2304,95,0.04,-0.04,1.01,6,Roll Left
2305,2305,96,0.04,-0.04,1.01,6,Roll Left
2306,2306,97,0.04,-0.03,1.01,6,Roll Left
2307,2307,98,0.03,-0.03,1.0,6,Roll Left
2308,2308,99,0.04,-0.03,1.01,6,Roll Left
2309,2309,100,0.04,-0.03,1.01,6,Roll Left
2310,2310,101,0.03,-0.04,1.01,6,Roll Left
2311,2311,102,0.04,-0.03,1.01,6,Roll Left
2312,2312,103,0.04,-0.03,1.0,6,Roll Left
2313,2313,104,0.04,-0.04,1.01,6,Roll Left
2314,2314,105,0.0,-0.07,1.0,6,Roll Left
2315,2315,106,0.06,0.07,1.06,6,Roll Left
2316,2316,107,0.1,-0.24,0.97,6,Roll Left
2317,2317,108,0.04,-0.33,0.81,6,Roll Left
2318,2318,109,0.04,-0.75,0.57,6,Roll Left
2319,2319,110,0.02,-0.83,0.43,6,Roll Left
2320,2320,111,-0.03,-0.96,0.15,6,Roll Left
2321,2321,112,-0.09,-0.86,-0.15,6,Roll Left
2322,2322,113,-0.06,-0.92,-0.09,6,Roll Left
2323,2323,114,-0.09,-0.91,-0.26,6,Roll Left
2324,2324,115,-0.08,-1.01,-0.16,6,Roll Left
2325,2325,116,-0.02,-0.97,-0.11,6,Roll Left
2326,2326,117,0.02,-0.8,0.6,6,Roll Left
2327,2327,118,0.12,-0.61,0.6,6,Roll Left
2328,2328,119,0.14,-0.19,0.73,6,Roll Left
2329,2329,120,0.15,-0.12,1.14,6,Roll Left
2330,2330,121,0.14,0.14,1.2,6,Roll Left
2331,2331,122,0.09,0.14,0.98,6,Roll Left
2332,2332,123,0.05,0.1,0.88,6,Roll Left
2333,2333,124,0.06,0.07,0.97,6,Roll Left
2334,2334,125,0.01,0.05,1.07,6,Roll Left
2335,2335,126,0.02,-0.04,1.05,6,Roll Left
2336,2336,127,0.04,-0.03,1.02,6,Roll Left
2337,2337,128,0.04,-0.04,1.01,6,Roll Left
2338,2338,129,0.03,-0.03,1.0,6,Roll Left
2339,2339,130,0.04,-0.03,1.01,6,Roll Left
2340,2340,131,0.04,-0.04,1.01,6,Roll Left
2341,2341,132,0.04,-0.03,1.01,6,Roll Left
2342,2342,133,0.04,-0.04,1.01,6,Roll Left
2343,2343,134,0.03,-0.04,1.01,6,Roll Left
2344,2344,135,0.04,-0.03,1.01,6,Roll Left
2345,2345,136,0.03,-0.04,1.01,6,Roll Left
2346,2346,137,0.04,-0.04,1.01,6,Roll Left
2347,2347,138,0.04,-0.04,1.0,6,Roll Left
2348,2348,139,0.04,-0.04,1.01,6,Roll Left
2349,2349,140,0.04,-0.04,1.01,6,Roll Left
2350,2350,141,0.04,-0.04,1.01,6,Roll Left
2351,2351,142,0.04,-0.03,1.01,6,Roll Left
2352,2352,143,0.04,-0.04,1.02,6,Roll Left
2353,2353,144,0.04,-0.04,1.01,6,Roll Left
2354,2354,145,0.04,-0.03,1.0,6,Roll Left
2355,2355,146,0.04,-0.04,1.01,6,Roll Left
2356,2356,147,0.04,-0.03,1.01,6,Roll Left
2357,2357,148,0.04,-0.04,1.01,6,Roll Left
2358,2358,149,0.04,-0.04,1.01,6,Roll Left
2359,2359,150,0.03,-0.04,1.01,6,Roll Left
2360,2360,151,0.03,-0.04,1.01,6,Roll Left
2361,2361,152,0.03,-0.03,1.01,6,Roll Left
2362,2362,153,0.04,-0.03,1.01,6,Roll Left
2363,2363,154,0.03,-0.03,1.01,6,Roll Left
2364,2364,155,0.03,-0.04,1.01,6,Roll Left
2365,2365,156,0.03,-0.03,1.01,6,Roll Left
2366,2366,157,0.04,-0.04,1.0,6,Roll Left
2367,2367,158,0.04,-0.04,1.01,6,Roll Left
2368,2368,159,0.04,-0.04,1.01,6,Roll Left
2369,2369,160,0.03,-0.03,1.01,6,Roll Left
2370,2370,161,0.03,-0.04,1.01,6,Roll Left
2371,2371,162,0.04,-0.04,1.01,6,Roll Left
2372,2372,163,0.04,-0.04,1.01,6,Roll Left
2373,2373,164,0.04,-0.03,1.01,6,Roll Left
2374,2374,165,0.04,-0.03,1.01,6,Roll Left
2375,2375,166,0.04,-0.04,1.01,6,Roll Left
2376,2376,167,0.03,-0.02,1.1,6,Roll Left
2377,2377,168,0.04,-0.03,0.98,6,Roll Left
2378,2378,169,0.05,-0.3,1.05,6,Roll Left
2379,2379,170,0.04,-0.51,1.0,6,Roll Left
2380,2380,171,0.04,-0.64,0.68,6,Roll Left
2381,2381,172,0.03,-0.82,0.46,6,Roll Left
2382,2382,173,0.03,-0.77,0.12,6,Roll Left
2383,2383,174,-0.03,-0.98,-0.02,6,Roll Left
2384,2384,175,-0.05,-1.01,-0.24,6,Roll Left
2385,2385,176,0.0,-0.9,-0.12,6,Roll Left
2386,2386,177,-0.02,-0.93,-0.14,6,Roll Left
2387,2387,178,0.0,-1.06,0.12,6,Roll Left
2388,2388,179,0.05,-0.89,0.18,6,Roll Left
2389,2389,180,0.05,-0.5,0.44,6,Roll Left
2390,2390,181,0.06,-0.47,0.79,6,Roll Left
2391,2391,182,0.07,-0.21,1.12,6,Roll Left
2392,2392,183,0.06,-0.07,1.07,6,Roll Left
2393,2393,184,0.03,0.05,1.16,6,Roll Left
2394,2394,185,0.02,-0.0,1.1,6,Roll Left
2395,2395,186,0.0,-0.05,0.95,6,Roll Left
2396,2396,187,0.02,-0.02,0.94,6,Roll Left
2397,2397,188,0.01,0.01,0.99,6,Roll Left
2398,2398,189,0.04,-0.03,1.01,6,Roll Left
2399,2399,190,0.04,-0.03,1.01,6,Roll Left
2400,2400,191,0.03,-0.03,1.01,6,Roll Left
2401,2401,192,0.04,-0.03,1.01,6,Roll Left
2402,2402,193,0.03,-0.04,1.01,6,Roll Left
2403,2403,194,0.03,-0.03,1.01,6,Roll Left
2404,2404,195,0.04,-0.03,1.0,6,Roll Left
2405,2405,196,0.03,-0.04,1.0,6,Roll Left
2406,2406,197,0.04,-0.03,1.0,6,Roll Left
2407,2407,198,0.03,-0.03,1.0,6,Roll Left
2408,2408,199,0.04,-0.03,1.01,6,Roll Left
2409,2409,200,0.03,-0.04,1.01,6,Roll Left
2410,2410,201,0.03,-0.03,1.01,6,Roll Left
2411,2411,202,0.04,-0.04,1.01,6,Roll Left
2412,2412,203,0.04,-0.04,1.01,6,Roll Left
2413,2413,204,0.03,-0.03,1.01,6,Roll Left
2414,2414,205,0.04,-0.04,1.01,6,Roll Left
2415,2415,206,0.04,-0.03,1.01,6,Roll Left
2416,2416,207,0.04,-0.04,1.01,6,Roll Left
2417,2417,208,0.04,-0.04,1.01,6,Roll Left
2418,2418,209,0.03,-0.03,1.01,6,Roll Left
2419,2419,210,0.04,-0.04,1.01,6,Roll Left
2420,2420,211,0.03,-0.03,1.01,6,Roll Left
2421,2421,212,0.03,-0.04,1.01,6,Roll Left
2422,2422,213,0.04,-0.04,1.01,6,Roll Left
2423,2423,214,0.04,-0.04,1.01,6,Roll Left
2424,2424,215,0.04,-0.04,1.01,6,Roll Left
2425,2425,216,0.04,-0.04,1.01,6,Roll Left
2426,2426,217,0.04,-0.04,1.01,6,Roll Left
2427,2427,218,0.04,-0.04,1.01,6,Roll Left
2428,2428,219,0.03,-0.03,1.01,6,Roll Left
2429,2429,220,0.04,-0.04,1.0,6,Roll Left
2430,2430,221,0.03,-0.03,1.01,6,Roll Left
2431,2431,222,0.03,-0.04,1.01,6,Roll Left
2432,2432,223,0.03,-0.04,1.01,6,Roll Left
2433,2433,224,0.04,-0.04,1.01,6,Roll Left
2434,2434,225,0.04,-0.04,1.01,6,Roll Left
2435,2435,226,0.04,-0.04,1.0,6,Roll Left
2436,2436,227,0.04,-0.04,1.01,6,Roll Left
2437,2437,228,0.03,-0.04,1.01,6,Roll Left
2438,2438,229,0.04,-0.03,1.01,6,Roll Left
2439,2439,230,0.02,-0.04,1.07,6,Roll Left
2440,2440,231,0.02,-0.08,0.98,6,Roll Left
2441,2441,232,0.08,0.0,1.03,6,Roll Left
2442,2442,233,0.1,-0.17,0.92,6,Roll Left
2443,2443,234,0.05,-0.44,0.76,6,Roll Left
2444,2444,235,0.05,-0.97,0.53,6,Roll Left
2445,2445,236,-0.03,-0.92,-0.12,6,Roll Left
2446,2446,237,-0.08,-0.9,-0.23,6,Roll Left
2447,2447,238,-0.04,-0.9,-0.29,6,Roll Left
2448,2448,239,-0.08,-0.93,-0.26,6,Roll Left
2449,2449,240,-0.05,-0.93,-0.2,6,Roll Left
2450,2450,241,0.01,-0.99,-0.02,6,Roll Left
2451,2451,242,0.07,-0.77,0.25,6,Roll Left
2452,2452,243,0.14,-0.52,0.73,6,Roll Left
2453,2453,244,0.12,-0.29,0.98,6,Roll Left
2454,2454,245,0.14,0.08,1.02,6,Roll Left
2455,2455,246,0.12,0.23,1.04,6,Roll Left
2456,2456,247,0.05,0.25,0.96,6,Roll Left
2457,2457,248,0.04,0.12,1.04,6,Roll Left
2458,2458,249,0.07,0.05,1.07,6,Roll Left
2459,2459,250,0.04,0.07,0.93,6,Roll Left
2460,2460,251,0.04,-0.03,1.0,6,Roll Left
2461,2461,252,0.03,-0.02,1.0,6,Roll Left
2462,2462,253,0.04,-0.04,1.01,6,Roll Left
2463,2463,254,0.03,-0.03,1.01,6,Roll Left
2464,2464,255,0.04,-0.04,1.01,6,Roll Left
2465,2465,256,0.04,-0.03,1.01,6,Roll Left
2466,2466,257,0.04,-0.04,1.01,6,Roll Left
2467,2467,258,0.03,-0.03,1.0,6,Roll Left
2468,2468,259,0.04,-0.04,1.01,6,Roll Left
2469,2469,260,0.04,-0.04,1.0,6,Roll Left
2470,2470,261,0.04,-0.04,1.01,6,Roll Left
2471,2471,262,0.04,-0.04,1.01,6,Roll Left
2472,2472,263,0.04,-0.03,1.01,6,Roll Left
2473,2473,264,0.04,-0.04,1.01,6,Roll Left
2474,2474,265,0.04,-0.04,1.01,6,Roll Left
2475,2475,266,0.04,-0.03,1.0,6,Roll Left
2476,2476,267,0.04,-0.04,1.01,6,Roll Left
2477,2477,268,0.04,-0.03,1.0,6,Roll Left
2478,2478,269,0.04,-0.04,1.01,6,Roll Left
2479,2479,270,0.03,-0.04,1.0,6,Roll Left
2480,2480,271,0.04,-0.03,1.01,6,Roll Left
2481,2481,272,0.04,-0.03,1.01,6,Roll Left
2482,2482,273,0.03,-0.03,1.01,6,Roll Left
2483,2483,274,0.04,-0.04,1.01,6,Roll Left
2484,2484,275,0.03,-0.03,1.01,6,Roll Left
2485,2485,276,0.04,-0.03,1.01,6,Roll Left
2486,2486,277,0.04,-0.03,1.01,6,Roll Left
2487,2487,278,0.03,-0.04,1.01,6,Roll Left
2488,2488,279,0.03,-0.03,1.01,6,Roll Left
2489,2489,280,0.04,-0.04,1.0,6,Roll Left
2490,2490,281,0.03,-0.03,1.01,6,Roll Left
2491,2491,282,0.03,-0.03,1.01,6,Roll Left
2492,2492,283,0.04,-0.04,1.01,6,Roll Left
2493,2493,284,0.03,-0.04,1.01,6,Roll Left
2494,2494,285,0.04,-0.04,1.0,6,Roll Left
2495,2495,286,0.04,-0.04,1.01,6,Roll Left
2496,2496,287,0.04,-0.04,1.01,6,Roll Left
2497,2497,288,0.04,-0.04,1.01,6,Roll Left
2498,2498,289,0.04,-0.03,1.0,6,Roll Left
2499,2499,290,0.04,-0.04,1.01,6,Roll Left
2500,2500,291,0.04,-0.03,1.01,6,Roll Left
2501,2501,292,0.04,-0.04,1.01,6,Roll Left
2502,2502,293,0.04,-0.04,1.01,6,Roll Left
2503,2503,294,0.03,-0.05,1.03,6,Roll Left
2504,2504,295,0.02,-0.01,1.16,6,Roll Left
2505,2505,296,0.07,-0.01,1.12,6,Roll Left
2506,2506,297,0.08,-0.23,0.99,6,Roll Left
2507,2507,298,0.04,-0.59,0.52,6,Roll Left
2508,2508,299,0.04,-0.82,0.3,6,Roll Left
2509,2509,300,0.07,-0.89,-0.05,6,Roll Left
2510,2510,301,0.0,-0.98,-0.18,6,Roll Left
2511,2511,302,0.03,-0.85,-0.25,6,Roll Left
2512,2512,303,0.0,-0.9,-0.26,6,Roll Left
2513,2513,304,0.0,-0.98,-0.2,6,Roll Left
2514,2514,305,0.05,-0.88,-0.06,6,Roll Left
2515,2515,306,0.08,-0.84,0.05,6,Roll Left
2516,2516,307,0.1,-0.77,0.61,6,Roll Left
2517,2517,308,0.15,-0.3,0.75,6,Roll Left
2518,2518,309,0.14,-0.32,1.06,6,Roll Left
2519,2519,310,0.12,0.08,0.95,6,Roll Left
2520,2520,311,0.06,0.06,0.95,6,Roll Left
2521,2521,312,0.04,0.1,0.98,6,Roll Left
2522,2522,313,0.02,0.03,1.03,6,Roll Left
2523,2523,314,0.02,0.0,1.0,6,Roll Left
2524,2524,315,0.04,0.04,0.96,6,Roll Left
2525,2525,316,0.03,-0.07,1.06,6,Roll Left
2526,2526,317,0.04,-0.04,1.01,6,Roll Left
2527,2527,318,0.04,-0.03,1.01,6,Roll Left
2528,2528,319,0.03,-0.03,1.01,6,Roll Left
2529,2529,320,0.04,-0.04,1.01,6,Roll Left
2530,2530,321,0.03,-0.03,1.01,6,Roll Left
2531,2531,322,0.04,-0.03,1.01,6,Roll Left
2532,2532,323,0.04,-0.03,1.01,6,Roll Left
2533,2533,324,0.04,-0.03,1.01,6,Roll Left
2534,2534,325,0.04,-0.03,1.01,6,Roll Left
2535,2535,326,0.04,-0.04,1.01,6,Roll Left
2536,2536,327,0.03,-0.04,1.01,6,Roll Left
2537,2537,328,0.04,-0.03,1.01,6,Roll Left
2538,2538,329,0.03,-0.03,1.0,6,Roll Left
2539,2539,330,0.04,-0.04,1.01,6,Roll Left
2540,2540,331,0.04,-0.03,1.01,6,Roll Left
2541,2541,332,0.03,-0.03,1.0,6,Roll Left
2542,2542,333,0.04,-0.04,1.01,6,Roll Left
2543,2543,334,0.04,-0.04,1.01,6,Roll Left
2544,2544,335,0.04,-0.04,1.0,6,Roll Left
2545,2545,336,0.04,-0.04,1.01,6,Roll Left
2546,2546,337,0.04,-0.04,1.0,6,Roll Left
2547,2547,338,0.04,-0.04,1.01,6,Roll Left
2548,2548,339,0.04,-0.04,1.01,6,Roll Left
2549,2549,340,0.04,-0.03,1.01,6,Roll Left
2550,2550,341,0.03,-0.04,1.01,6,Roll Left
2551,2551,342,0.04,-0.03,1.01,6,Roll Left
2552,2552,343,0.04,-0.04,1.01,6,Roll Left
2553,2553,344,0.03,-0.03,1.0,6,Roll Left
2554,2554,345,0.03,-0.04,1.01,6,Roll Left
2555,2555,346,0.04,-0.03,1.01,6,Roll Left
2556,2556,347,0.04,-0.04,1.01,6,Roll Left
2557,2557,348,0.03,-0.03,1.01,6,Roll Left
2558,2558,349,0.04,-0.03,1.01,6,Roll Left
2559,2559,350,0.04,-0.03,1.01,6,Roll Left
2560,2560,351,0.03,-0.03,1.01,6,Roll Left
2561,2561,352,0.03,-0.04,1.01,6,Roll Left
2562,2562,353,0.04,-0.04,1.01,6,Roll Left
2563,2563,354,0.04,-0.04,1.01,6,Roll Left
2564,2564,355,0.02,-0.02,1.01,6,Roll Left
2565,2565,356,0.08,-0.04,1.01,6,Roll Left
2566,2566,357,0.08,-0.11,0.93,6,Roll Left
2567,2567,358,0.08,-0.31,0.78,6,Roll Left
2568,2568,359,0.11,-0.69,0.66,6,Roll Left
2569,2569,360,0.05,-0.91,0.23,6,Roll Left
2570,2570,361,0.03,-0.93,-0.13,6,Roll Left
2571,2571,362,0.06,-0.87,-0.24,6,Roll Left
2572,2572,363,0.04,-0.92,-0.39,6,Roll Left
2573,2573,364,0.02,-0.84,-0.42,6,Roll Left
2574,2574,365,0.07,-0.86,-0.25,6,Roll Left
2575,2575,366,0.09,-1.26,0.16,6,Roll Left
2576,2576,367,0.05,-0.78,0.26,6,Roll Left
2577,2577,368,0.12,-0.67,0.81,6,Roll Left
2578,2578,369,0.18,-0.19,0.85,6,Roll Left
2579,2579,370,0.15,-0.04,1.07,6,Roll Left
2580,2580,371,0.09,0.05,1.02,6,Roll Left
2581,2581,372,0.09,0.02,1.09,6,Roll Left
2582,2582,373,0.05,0.01,1.04,6,Roll Left
2583,2583,374,0.03,0.02,1.01,6,Roll Left
2584,2584,375,0.03,-0.02,1.01,6,Roll Left
2585,2585,376,0.09,0.0,1.04,6,Roll Left
2586,2586,377,0.05,0.0,0.96,6,Roll Left
2587,2587,378,0.05,-0.01,1.02,6,Roll Left
2588,2588,379,0.04,-0.04,1.01,6,Roll Left
2589,2589,380,0.03,-0.04,1.0,6,Roll Left
2590,2590,381,0.04,-0.03,1.01,6,Roll Left
2591,2591,382,0.04,-0.03,1.0,6,Roll Left
2592,2592,383,0.03,-0.03,1.01,6,Roll Left
2593,2593,384,0.03,-0.04,1.01,6,Roll Left
2594,2594,385,0.03,-0.04,1.01,6,Roll Left
2595,2595,386,0.03,-0.03,1.0,6,Roll Left
2596,2596,387,0.03,-0.04,1.0,6,Roll Left
2597,2597,388,0.03,-0.03,1.01,6,Roll Left
2598,2598,389,0.04,-0.03,1.01,6,Roll Left
2599,2599,390,0.04,-0.03,1.01,6,Roll Left
2600,2600,391,0.04,-0.04,1.01,6,Roll Left
2601,2601,392,0.04,-0.04,1.01,6,Roll Left
2602,2602,393,0.04,-0.04,1.01,6,Roll Left
2603,2603,394,0.04,-0.04,1.01,6,Roll Left
2604,2604,395,0.04,-0.04,1.01,6,Roll Left
2605,2605,396,0.03,-0.03,1.01,6,Roll Left
2606,2606,397,0.03,-0.04,1.01,6,Roll Left
2607,2607,398,0.04,-0.04,1.01,6,Roll Left
2608,2608,399,0.04,-0.04,1.0,6,Roll Left
2609,2609,400,0.04,-0.04,1.01,6,Roll Left
2610,2610,401,0.04,-0.04,1.01,6,Roll Left
2611,2611,402,0.03,-0.03,1.01,6,Roll Left
2612,2612,403,0.03,-0.03,1.01,6,Roll Left
2613,2613,404,0.03,-0.04,1.01,6,Roll Left
2614,2614,405,0.04,-0.03,1.01,6,Roll Left
2615,2615,406,0.04,-0.04,1.0,6,Roll Left
2616,2616,407,0.04,-0.03,1.01,6,Roll Left
2617,2617,408,0.04,-0.04,1.01,6,Roll Left
2618,2618,409,0.03,-0.03,1.01,6,Roll Left
2619,2619,410,0.04,-0.03,1.01,6,Roll Left
2620,2620,411,0.04,-0.04,1.01,6,Roll Left
2621,2621,412,0.04,-0.04,1.01,6,Roll Left
2622,2622,413,0.03,-0.04,1.01,6,Roll Left
2623,2623,414,0.04,-0.04,1.01,6,Roll Left
2624,2624,415,0.04,-0.04,1.01,6,Roll Left
2625,2625,416,0.03,-0.03,1.01,6,Roll Left
2626,2626,417,0.03,-0.04,1.02,6,Roll Left
2627,2627,418,0.01,-0.17,1.28,6,Roll Left
2628,2628,419,0.07,-0.07,1.03,6,Roll Left
2629,2629,420,0.04,-0.62,0.86,6,Roll Left
2630,2630,421,0.04,-0.74,0.69,6,Roll Left
2631,2631,422,0.06,-0.83,0.27,6,Roll Left
2632,2632,423,-0.0,-1.04,-0.19,6,Roll Left
2633,2633,424,0.11,-0.85,-0.34,6,Roll Left
2634,2634,425,0.03,-0.98,-0.36,6,Roll Left
2635,2635,426,0.06,-0.84,-0.36,6,Roll Left
2636,2636,427,0.06,-0.88,-0.28,6,Roll Left
2637,2637,428,0.08,-0.93,-0.13,6,Roll Left
2638,2638,429,0.09,-0.9,0.25,6,Roll Left
2639,2639,430,0.11,-0.61,0.5,6,Roll Left
2640,2640,431,0.12,-0.4,0.99,6,Roll Left
2641,2641,432,0.08,-0.19,0.93,6,Roll Left
2642,2642,433,0.06,-0.06,1.11,6,Roll Left
2643,2643,434,0.06,0.07,1.04,6,Roll Left
2644,2644,435,0.03,0.1,1.05,6,Roll Left
2645,2645,436,0.02,0.01,1.06,6,Roll Left
2646,2646,437,0.0,-0.01,1.02,6,Roll Left
2647,2647,438,0.0,-0.06,1.03,6,Roll Left
2648,2648,439,0.04,-0.04,1.01,6,Roll Left
2649,2649,440,0.04,-0.03,1.0,6,Roll Left
2650,2650,441,0.04,-0.04,1.0,6,Roll Left
2651,2651,442,0.04,-0.04,1.0,6,Roll Left
2652,2652,443,0.04,-0.04,1.01,6,Roll Left
2653,2653,444,0.04,-0.03,1.01,6,Roll Left
2654,2654,445,0.04,-0.04,1.01,6,Roll Left
2655,2655,446,0.04,-0.04,1.01,6,Roll Left
2656,2656,447,0.04,-0.03,1.01,6,Roll Left
2657,2657,448,0.03,-0.03,1.01,6,Roll Left
2658,2658,449,0.04,-0.04,1.0,6,Roll Left
2659,2659,450,0.04,-0.03,1.01,6,Roll Left
2660,2660,451,0.04,-0.03,1.01,6,Roll Left
2661,2661,452,0.03,-0.04,1.01,6,Roll Left
2662,2662,453,0.03,-0.03,1.0,6,Roll Left
2663,2663,454,0.03,-0.03,1.01,6,Roll Left
2664,2664,455,0.04,-0.03,1.01,6,Roll Left
2665,2665,456,0.04,-0.04,1.01,6,Roll Left
2666,2666,457,0.03,-0.03,1.01,6,Roll Left
2667,2667,458,0.04,-0.03,1.0,6,Roll Left
2668,2668,459,0.04,-0.03,1.01,6,Roll Left
2669,2669,460,0.04,-0.04,1.01,6,Roll Left
2670,2670,461,0.04,-0.04,1.01,6,Roll Left
2671,2671,462,0.04,-0.03,1.01,6,Roll Left
2672,2672,463,0.04,-0.04,1.01,6,Roll Left
2673,2673,464,0.03,-0.04,1.01,6,Roll Left
2674,2674,465,0.04,-0.04,1.01,6,Roll Left
2675,2675,466,0.04,-0.03,1.01,6,Roll Left
2676,2676,467,0.04,-0.03,1.0,6,Roll Left
2677,2677,468,0.04,-0.03,1.0,6,Roll Left
2678,2678,469,0.04,-0.04,1.01,6,Roll Left
2679,2679,470,0.03,-0.03,1.01,6,Roll Left
2680,2680,471,0.04,-0.03,1.01,6,Roll Left
2681,2681,472,0.04,-0.03,1.0,6,Roll Left
2682,2682,473,0.04,-0.02,1.01,6,Roll Left
2683,2683,474,0.03,-0.04,1.01,6,Roll Left
2684,2684,475,0.03,-0.04,1.01,6,Roll Left
2685,2685,476,0.03,-0.03,1.01,6,Roll Left
2686,2686,477,0.03,-0.03,1.02,6,Roll Left
2687,2687,478,0.05,-0.12,1.18,6,Roll Left
2688,2688,479,0.06,-0.26,1.02,6,Roll Left
2689,2689,480,0.07,-0.39,1.03,6,Roll Left
2690,2690,481,0.11,-0.63,0.54,6,Roll Left
2691,2691,482,0.04,-0.95,0.11,6,Roll Left
2692,2692,483,-0.02,-0.97,-0.37,6,Roll Left
2693,2693,484,0.07,-0.88,-0.26,6,Roll Left
2694,2694,485,0.07,-0.86,-0.4,6,Roll Left
2695,2695,486,0.07,-0.88,-0.38,6,Roll Left
2696,2696,487,0.07,-0.93,-0.29,6,Roll Left
2697,2697,488,0.07,-0.91,-0.18,6,Roll Left
2698,2698,489,0.18,-0.88,0.33,6,Roll Left
2699,2699,490,0.18,-0.76,0.64,6,Roll Left
2700,2700,491,0.17,-0.57,0.95,6,Roll Left
2701,2701,492,0.16,-0.21,1.0,6,Roll Left
2702,2702,493,0.12,-0.13,0.88,6,Roll Left
2703,2703,494,0.09,0.07,1.0,6,Roll Left
2704,2704,495,0.06,0.0,1.08,6,Roll Left
2705,2705,496,0.02,0.09,1.04,6,Roll Left
2706,2706,497,0.01,0.07,0.97,6,Roll Left
2707,2707,498,0.02,-0.04,1.04,6,Roll Left
2708,2708,499,0.03,-0.03,1.02,6,Roll Left
2709,2709,500,0.04,-0.04,1.0,6,Roll Left
2710,2710,501,0.04,-0.04,1.0,6,Roll Left
2711,2711,502,0.04,-0.04,1.01,6,Roll Left
2712,2712,503,0.04,-0.04,1.01,6,Roll Left
2713,2713,504,0.04,-0.03,1.01,6,Roll Left
2714,2714,505,0.04,-0.04,1.0,6,Roll Left
2715,2715,506,0.04,-0.04,1.01,6,Roll Left
2716,2716,507,0.04,-0.04,1.01,6,Roll Left
2717,2717,508,0.03,-0.03,1.0,6,Roll Left
2718,2718,509,0.04,-0.03,1.01,6,Roll Left
2719,2719,510,0.04,-0.04,1.01,6,Roll Left
2720,2720,511,0.04,-0.04,1.01,6,Roll Left
2721,2721,512,0.04,-0.03,1.01,6,Roll Left
2722,2722,513,0.03,-0.04,1.01,6,Roll Left
2723,2723,514,0.04,-0.04,1.01,6,Roll Left
2724,2724,515,0.03,-0.03,1.01,6,Roll Left
2725,2725,516,0.04,-0.04,1.01,6,Roll Left
2726,2726,517,0.04,-0.04,1.0,6,Roll Left
2727,2727,518,0.04,-0.03,1.01,6,Roll Left
2728,2728,519,0.04,-0.04,1.01,6,Roll Left
2729,2729,520,0.04,-0.04,1.01,6,Roll Left
2730,2730,521,0.04,-0.04,1.01,6,Roll Left
2731,2731,522,0.04,-0.04,1.01,6,Roll Left
2732,2732,523,0.04,-0.03,1.01,6,Roll Left
2733,2733,524,0.03,-0.04,1.01,6,Roll Left
2734,2734,525,0.04,-0.04,1.01,6,Roll Left
2735,2735,526,0.03,-0.04,1.01,6,Roll Left
2736,2736,527,0.04,-0.04,1.01,6,Roll Left
2737,2737,528,0.03,-0.03,1.01,6,Roll Left
2738,2738,529,0.03,-0.04,1.0,6,Roll Left
2739,2739,530,0.03,-0.04,1.0,6,Roll Left
2740,2740,531,0.04,-0.04,1.0,6,Roll Left
2741,2741,532,0.03,-0.03,1.01,6,Roll Left
2742,2742,533,0.04,-0.03,1.01,6,Roll Left
2743,2743,534,0.04,-0.03,1.01,6,Roll Left
2744,2744,535,0.03,-0.04,1.01,6,Roll Left
2745,2745,536,0.04,-0.04,1.01,6,Roll Left
2746,2746,537,0.04,-0.03,1.01,6,Roll Left
2747,2747,538,0.04,-0.04,1.01,6,Roll Left
2748,2748,539,0.03,-0.03,1.01,6,Roll Left
2749,2749,540,0.04,-0.03,1.01,6,Roll Left
2750,2750,541,0.04,-0.03,1.01,6,Roll Left
2751,2751,542,0.03,-0.04,1.01,6,Roll Left
2752,2752,543,0.03,-0.02,1.01,6,Roll Left
2753,2753,544,0.04,-0.07,1.07,6,Roll Left
2754,2754,545,0.02,-0.11,0.97,6,Roll Left
2755,2755,546,0.02,-0.31,1.0,6,Roll Left
2756,2756,547,0.05,-0.36,0.98,6,Roll Left
2757,2757,548,0.02,-0.6,0.5,6,Roll Left
2758,2758,549,-0.04,-0.95,0.1,6,Roll Left
2759,2759,550,0.05,-0.93,-0.05,6,Roll Left
2760,2760,551,0.06,-0.86,-0.31,6,Roll Left
2761,2761,552,0.09,-0.87,-0.32,6,Roll Left
2762,2762,553,0.07,-0.89,-0.31,6,Roll Left
2763,2763,554,0.09,-0.88,-0.24,6,Roll Left
2764,2764,555,0.09,-0.86,-0.05,6,Roll Left
2765,2765,556,0.14,-0.89,0.49,6,Roll Left
2766,2766,557,0.13,-0.73,0.86,6,Roll Left
2767,2767,558,0.08,-0.11,0.87,6,Roll Left
2768,2768,559,0.06,-0.01,0.93,6,Roll Left
2769,2769,560,-0.0,0.07,0.95,6,Roll Left
2770,2770,561,0.0,0.05,1.0,6,Roll Left
2771,2771,562,0.0,0.02,1.06,6,Roll Left
2772,2772,563,-0.01,0.04,0.96,6,Roll Left
2773,2773,564,0.04,-0.16,1.29,6,Roll Left
2774,2774,565,0.04,-0.04,1.01,6,Roll Left
2775,2775,566,0.04,-0.04,1.01,6,Roll Left
2776,2776,567,0.04,-0.04,1.01,6,Roll Left
2777,2777,568,0.04,-0.04,1.01,6,Roll Left
2778,2778,569,0.03,-0.03,1.01,6,Roll Left
2779,2779,570,0.04,-0.03,1.01,6,Roll Left
2780,2780,571,0.03,-0.04,1.0,6,Roll Left
2781,2781,572,0.04,-0.03,1.01,6,Roll Left
2782,2782,573,0.03,-0.04,1.01,6,Roll Left
2783,2783,574,0.03,-0.03,1.01,6,Roll Left
2784,2784,575,0.03,-0.03,1.02,6,Roll Left
2785,2785,576,0.04,-0.04,1.01,6,Roll Left
2786,2786,577,0.04,-0.04,1.01,6,Roll Left
2787,2787,578,0.04,-0.04,1.01,6,Roll Left
2788,2788,579,0.04,-0.04,1.0,6,Roll Left
2789,2789,580,0.04,-0.04,1.01,6,Roll Left
2790,2790,581,0.04,-0.03,1.01,6,Roll Left
2791,2791,582,0.04,-0.04,1.01,6,Roll Left
2792,2792,583,0.04,-0.04,1.0,6,Roll Left
2793,2793,584,0.04,-0.04,1.01,6,Roll Left
2794,2794,585,0.04,-0.04,1.01,6,Roll Left
2795,2795,586,0.03,-0.04,1.01,6,Roll Left
2796,2796,587,0.03,-0.04,1.01,6,Roll Left
2797,2797,588,0.04,-0.04,1.01,6,Roll Left
2798,2798,589,0.03,-0.03,1.01,6,Roll Left
2799,2799,590,0.03,-0.02,1.01,6,Roll Left
2800,2800,591,0.04,-0.03,1.01,6,Roll Left
2801,2801,592,0.03,-0.03,1.01,6,Roll Left
2802,2802,593,0.04,-0.03,1.01,6,Roll Left
2803,2803,594,0.04,-0.03,1.0,6,Roll Left
2804,2804,595,0.03,-0.03,1.01,6,Roll Left
2805,2805,596,0.03,-0.03,1.01,6,Roll Left
0,0,0,0.03,0.03,1.0,1,Roll Right
1,1,1,0.04,0.03,1.0,1,Roll Right
2,2,2,0.04,0.03,1.0,1,Roll Right
3,3,3,0.04,0.02,1.0,1,Roll Right
4,4,4,0.04,0.03,1.0,1,Roll Right
5,5,5,0.05,0.04,1.0,1,Roll Right
6,6,6,0.02,0.04,1.0,1,Roll Right
7,7,7,0.03,0.04,1.0,1,Roll Right
8,8,8,0.03,0.04,1.0,1,Roll Right
9,9,9,0.04,0.03,1.0,1,Roll Right
10,10,10,0.05,0.03,1.0,1,Roll Right
11,11,11,0.04,0.03,1.0,1,Roll Right
12,12,12,0.04,0.03,1.0,1,Roll Right
13,13,13,0.04,0.03,1.0,1,Roll Right
14,14,14,0.04,0.03,1.0,1,Roll Right
15,15,15,0.04,0.03,1.0,1,Roll Right
16,16,16,0.04,0.02,1.0,1,Roll Right
17,17,17,0.04,0.02,1.0,1,Roll Right
18,18,18,0.02,0.04,1.02,1,Roll Right
19,19,19,0.0,0.0,1.02,1,Roll Right
20,20,20,0.09,0.46,1.0,1,Roll Right
21,21,21,0.01,0.25,0.91,1,Roll Right
22,22,22,0.05,0.61,0.8,1,Roll Right
23,23,23,0.02,0.63,0.74,1,Roll Right
24,24,24,-0.03,0.67,0.71,1,Roll Right
25,25,25,-0.02,0.78,0.61,1,Roll Right
26,26,26,0.01,0.64,0.68,1,Roll Right
27,27,27,0.02,0.45,0.96,1,Roll Right
28,28,28,0.03,0.29,0.97,1,Roll Right
29,29,29,0.02,0.12,0.99,1,Roll Right
30,30,30,0.0,0.12,1.07,1,Roll Right
31,31,31,0.03,0.07,1.02,1,Roll Right
32,32,32,0.09,-0.03,1.02,1,Roll Right
33,33,33,0.05,0.0,1.0,1,Roll Right
34,34,34,0.04,0.02,1.0,1,Roll Right
35,35,35,0.04,0.03,1.0,1,Roll Right
36,36,36,0.04,0.02,1.0,1,Roll Right
37,37,37,0.04,0.02,1.0,1,Roll Right
38,38,38,0.05,0.02,1.0,1,Roll Right
39,39,39,0.04,0.03,1.0,1,Roll Right
40,40,40,0.04,0.03,1.0,1,Roll Right
41,41,41,0.04,0.02,1.0,1,Roll Right
42,42,42,0.03,0.03,1.0,1,Roll Right
43,43,43,0.04,0.03,1.0,1,Roll Right
44,44,44,0.04,0.03,1.0,1,Roll Right
45,45,45,0.04,0.03,1.0,1,Roll Right
46,46,46,0.04,0.03,1.0,1,Roll Right
47,47,47,0.04,0.03,1.0,1,Roll Right
48,48,48,0.04,0.03,1.0,1,Roll Right
49,49,49,0.04,0.03,1.0,1,Roll Right
50,50,50,0.04,0.03,1.0,1,Roll Right
51,51,51,0.04,0.03,1.0,1,Roll Right
52,52,52,0.04,0.03,1.0,1,Roll Right
53,53,53,0.04,0.03,1.0,1,Roll Right
54,54,54,0.04,0.02,1.0,1,Roll Right
55,55,55,0.04,0.03,1.0,1,Roll Right
56,56,56,0.04,0.03,1.0,1,Roll Right
57,57,57,0.04,0.03,1.0,1,Roll Right
58,58,58,0.04,0.03,1.0,1,Roll Right
59,59,59,0.04,0.03,1.0,1,Roll Right
60,60,60,0.04,0.03,1.0,1,Roll Right
61,61,61,0.04,0.03,1.0,1,Roll Right
62,62,62,0.04,0.03,1.0,1,Roll Right
63,63,63,0.03,0.03,1.0,1,Roll Right
64,64,64,0.04,0.03,1.0,1,Roll Right
65,65,65,0.04,0.03,1.0,1,Roll Right
66,66,66,0.04,0.03,1.0,1,Roll Right
67,67,67,0.04,0.03,1.0,1,Roll Right
68,68,68,0.04,0.03,1.0,1,Roll Right
69,69,69,0.04,0.03,1.0,1,Roll Right
70,70,70,0.03,0.04,1.0,1,Roll Right
71,71,71,0.04,0.03,1.0,1,Roll Right
72,72,72,0.04,0.03,1.0,1,Roll Right
73,73,73,0.04,0.03,1.01,1,Roll Right
74,74,74,0.04,0.03,1.0,1,Roll Right
75,75,75,0.02,0.04,1.02,1,Roll Right
76,76,76,0.0,0.12,0.96,1,Roll Right
77,77,77,0.03,0.61,1.09,1,Roll Right
78,78,78,0.04,0.53,0.65,1,Roll Right
79,79,79,-0.1,0.71,0.66,1,Roll Right
80,80,80,0.09,0.9,0.59,1,Roll Right
81,81,81,0.02,0.86,0.42,1,Roll Right
82,82,82,0.02,0.92,0.48,1,Roll Right
83,83,83,0.04,0.9,0.57,1,Roll Right
84,84,84,0.03,0.77,0.61,1,Roll Right
85,85,85,0.03,0.71,0.94,1,Roll Right
86,86,86,-0.03,0.26,1.0,1,Roll Right
87,87,87,-0.02,0.22,1.02,1,Roll Right
88,88,88,-0.05,0.03,1.04,1,Roll Right
89,89,89,-0.03,0.05,1.01,1,Roll Right
90,90,90,0.02,0.04,1.0,1,Roll Right
91,91,91,0.03,0.05,1.0,1,Roll Right
92,92,92,0.04,0.03,1.0,1,Roll Right
93,93,93,0.04,0.03,1.0,1,Roll Right
94,94,94,0.04,0.03,1.0,1,Roll Right
95,95,95,0.04,0.03,1.0,1,Roll Right
96,96,96,0.04,0.02,1.0,1,Roll Right
97,97,97,0.04,0.03,1.0,1,Roll Right
98,98,98,0.04,0.03,1.0,1,Roll Right
99,99,99,0.04,0.03,1.0,1,Roll Right
100,100,100,0.04,0.03,1.0,1,Roll Right
101,101,101,0.04,0.03,1.0,1,Roll Right
102,102,102,0.04,0.03,1.0,1,Roll Right
103,103,103,0.04,0.02,1.0,1,Roll Right
104,104,104,0.04,0.03,1.0,1,Roll Right
105,105,105,0.04,0.03,1.0,1,Roll Right
106,106,106,0.03,0.03,1.0,1,Roll Right
107,107,107,0.04,0.03,1.0,1,Roll Right
108,108,108,0.04,0.03,1.0,1,Roll Right
109,109,109,0.04,0.03,1.0,1,Roll Right
110,110,110,0.04,0.03,1.0,1,Roll Right
111,111,111,0.04,0.03,1.0,1,Roll Right
112,112,112,0.04,0.03,1.0,1,Roll Right
113,113,113,0.04,0.03,1.0,1,Roll Right
114,114,114,0.04,0.02,1.0,1,Roll Right
115,115,115,0.04,0.03,1.0,1,Roll Right
116,116,116,0.04,0.03,1.0,1,Roll Right
117,117,117,0.04,0.03,1.0,1,Roll Right
118,118,118,0.04,0.02,1.0,1,Roll Right
119,119,119,0.04,0.03,1.0,1,Roll Right
120,120,120,0.04,0.03,1.0,1,Roll Right
121,121,121,0.04,0.02,1.0,1,Roll Right
122,122,122,0.04,0.03,1.0,1,Roll Right
123,123,123,0.04,0.03,1.0,1,Roll Right
124,124,124,0.05,0.02,1.0,1,Roll Right
125,125,125,0.04,0.04,1.0,1,Roll Right
126,126,126,0.03,0.02,1.0,1,Roll Right
127,127,127,0.05,0.08,1.02,1,Roll Right
128,128,128,-0.04,0.1,0.91,1,Roll Right
129,129,129,0.12,0.5,1.23,1,Roll Right
130,130,130,-0.04,0.31,0.75,1,Roll Right
131,131,131,0.06,0.65,0.62,1,Roll Right
132,132,132,0.07,0.76,0.49,1,Roll Right
133,133,133,0.05,1.02,0.5,1,Roll Right
134,134,134,0.01,0.88,0.44,1,Roll Right
135,135,135,0.02,0.75,0.51,1,Roll Right
136,136,136,0.02,0.39,0.91,1,Roll Right
137,137,137,0.04,0.39,1.05,1,Roll Right
138,138,138,-0.01,0.14,0.99,1,Roll Right
139,139,139,-0.01,0.1,0.97,1,Roll Right
140,140,140,-0.03,0.1,0.99,1,Roll Right
141,141,141,-0.0,0.11,0.98,1,Roll Right
142,142,142,0.1,-0.0,1.15,1,Roll Right
143,143,143,0.05,-0.01,1.0,1,Roll Right
144,144,144,0.04,0.04,1.0,1,Roll Right
145,145,145,0.04,0.03,1.0,1,Roll Right
146,146,146,0.04,0.03,1.0,1,Roll Right
147,147,147,0.04,0.02,1.0,1,Roll Right
148,148,148,0.04,0.03,1.0,1,Roll Right
149,149,149,0.04,0.03,1.0,1,Roll Right
150,150,150,0.04,0.03,1.0,1,Roll Right
151,151,151,0.04,0.02,1.0,1,Roll Right
152,152,152,0.04,0.03,1.0,1,Roll Right
153,153,153,0.04,0.03,1.0,1,Roll Right
154,154,154,0.04,0.03,1.0,1,Roll Right
155,155,155,0.04,0.03,1.0,1,Roll Right
156,156,156,0.04,0.03,1.0,1,Roll Right
157,157,157,0.04,0.03,1.0,1,Roll Right
158,158,158,0.04,0.02,1.0,1,Roll Right
159,159,159,0.04,0.03,1.0,1,Roll Right
160,160,160,0.04,0.03,1.0,1,Roll Right
161,161,161,0.04,0.03,1.0,1,Roll Right
162,162,162,0.04,0.02,1.0,1,Roll Right
163,163,163,0.04,0.03,1.0,1,Roll Right
164,164,164,0.04,0.03,1.0,1,Roll Right
165,165,165,0.03,0.03,1.0,1,Roll Right
166,166,166,0.04,0.03,1.0,1,Roll Right
167,167,167,0.04,0.03,1.0,1,Roll Right
168,168,168,0.04,0.03,1.0,1,Roll Right
169,169,169,0.04,0.03,1.0,1,Roll Right
170,170,170,0.04,0.02,1.0,1,Roll Right
171,171,171,0.04,0.03,1.0,1,Roll Right
172,172,172,0.04,0.03,1.0,1,Roll Right
173,173,173,0.04,0.03,1.0,1,Roll Right
174,174,174,0.04,0.03,1.0,1,Roll Right
175,175,175,0.04,0.03,1.0,1,Roll Right
176,176,176,0.04,0.03,1.0,1,Roll Right
177,177,177,0.04,0.03,1.0,1,Roll Right
178,178,178,0.04,0.03,1.0,1,Roll Right
179,179,179,0.04,0.03,1.0,1,Roll Right
180,180,180,0.04,0.03,1.0,1,Roll Right
181,181,181,0.04,0.02,1.0,1,Roll Right
182,182,182,0.04,0.03,1.0,1,Roll Right
183,183,183,0.04,0.03,1.0,1,Roll Right
184,184,184,0.03,0.03,1.0,1,Roll Right
185,185,185,0.02,0.03,1.0,1,Roll Right
186,186,186,0.02,0.06,1.02,1,Roll Right
187,187,187,0.0,0.2,0.99,1,Roll Right
188,188,188,0.05,0.71,1.02,1,Roll Right
189,189,189,-0.0,0.34,0.74,1,Roll Right
190,190,190,0.02,0.79,0.93,1,Roll Right
191,191,191,-0.01,0.82,0.57,1,Roll Right
192,192,192,0.02,0.96,0.48,1,Roll Right
193,193,193,0.0,0.89,0.47,1,Roll Right
194,194,194,0.01,0.89,0.52,1,Roll Right
195,195,195,0.0,0.9,0.53,1,Roll Right
196,196,196,0.01,0.88,0.56,1,Roll Right
197,197,197,0.02,0.64,0.81,1,Roll Right
198,198,198,0.02,0.59,0.82,1,Roll Right
199,199,199,0.03,0.41,1.0,1,Roll Right
200,200,200,-0.01,0.23,1.0,1,Roll Right
201,201,201,0.02,0.23,1.01,1,Roll Right
202,202,202,0.0,0.02,1.04,1,Roll Right
203,203,203,0.01,0.09,1.0,1,Roll Right
204,204,204,0.01,0.11,0.95,1,Roll Right
205,205,205,0.04,0.0,1.0,1,Roll Right
206,206,206,0.0,0.03,1.01,1,Roll Right
207,207,207,0.04,0.03,1.0,1,Roll Right
208,208,208,0.04,0.03,1.0,1,Roll Right
209,209,209,0.04,0.03,1.0,1,Roll Right
210,210,210,0.04,0.02,1.0,1,Roll Right
211,211,211,0.04,0.03,1.0,1,Roll Right
212,212,212,0.04,0.02,1.0,1,Roll Right
213,213,213,0.04,0.03,1.0,1,Roll Right
214,214,214,0.04,0.03,1.0,1,Roll Right
215,215,215,0.04,0.03,1.0,1,Roll Right
216,216,216,0.04,0.03,1.0,1,Roll Right
217,217,217,0.04,0.03,1.0,1,Roll Right
218,218,218,0.04,0.02,1.0,1,Roll Right
219,219,219,0.04,0.03,1.0,1,Roll Right
220,220,220,0.04,0.03,1.0,1,Roll Right
221,221,221,0.04,0.03,1.0,1,Roll Right
222,222,222,0.04,0.02,1.0,1,Roll Right
223,223,223,0.04,0.03,1.0,1,Roll Right
224,224,224,0.04,0.03,1.0,1,Roll Right
225,225,225,0.04,0.02,1.0,1,Roll Right
226,226,226,0.04,0.03,1.0,1,Roll Right
227,227,227,0.04,0.03,1.0,1,Roll Right
228,228,228,0.04,0.03,1.0,1,Roll Right
229,229,229,0.04,0.03,1.0,1,Roll Right
230,230,230,0.04,0.04,1.0,1,Roll Right
231,231,231,0.04,0.03,1.0,1,Roll Right
232,232,232,0.04,0.03,1.0,1,Roll Right
233,233,233,0.04,0.03,1.0,1,Roll Right
234,234,234,0.04,0.03,1.0,1,Roll Right
235,235,235,0.04,0.03,1.0,1,Roll Right
236,236,236,0.04,0.03,1.0,1,Roll Right
237,237,237,0.04,0.03,1.0,1,Roll Right
238,238,238,0.04,0.03,1.0,1,Roll Right
239,239,239,0.04,0.02,1.0,1,Roll Right
240,240,240,0.04,0.03,1.0,1,Roll Right
241,241,241,0.04,0.03,1.0,1,Roll Right
242,242,242,0.04,0.03,1.0,1,Roll Right
243,243,243,0.04,0.02,1.0,1,Roll Right
244,244,244,0.04,0.03,1.0,1,Roll Right
245,245,245,0.04,0.02,1.0,1,Roll Right
246,246,246,0.04,0.03,1.0,1,Roll Right
247,247,247,0.02,0.06,1.0,1,Roll Right
248,248,248,0.0,0.02,1.0,1,Roll Right
249,249,249,0.05,0.17,1.01,1,Roll Right
250,250,250,-0.09,0.15,0.98,1,Roll Right
251,251,251,0.04,0.75,0.77,1,Roll Right
252,252,252,0.01,1.01,0.71,1,Roll Right
253,253,253,0.0,0.91,0.62,1,Roll Right
254,254,254,0.03,0.91,0.41,1,Roll Right
255,255,255,0.06,0.99,0.46,1,Roll Right
256,256,256,0.04,0.95,0.45,1,Roll Right
257,257,257,0.03,0.9,0.49,1,Roll Right
258,258,258,0.02,0.96,0.54,1,Roll Right
259,259,259,0.02,0.74,0.71,1,Roll Right
260,260,260,0.01,0.52,0.79,1,Roll Right
261,261,261,0.01,0.4,0.97,1,Roll Right
262,262,262,0.01,0.23,0.94,1,Roll Right
263,263,263,0.02,0.13,0.99,1,Roll Right
264,264,264,0.0,0.05,1.07,1,Roll Right
265,265,265,0.02,0.05,1.01,1,Roll Right
266,266,266,0.04,0.02,1.0,1,Roll Right
267,267,267,0.04,0.03,1.0,1,Roll Right
268,268,268,0.04,0.01,0.98,1,Roll Right
269,269,269,0.04,0.03,1.0,1,Roll Right
270,270,270,0.04,0.03,1.0,1,Roll Right
271,271,271,0.04,0.03,1.0,1,Roll Right
272,272,272,0.04,0.02,1.0,1,Roll Right
273,273,273,0.04,0.03,1.0,1,Roll Right
274,274,274,0.04,0.03,1.0,1,Roll Right
275,275,275,0.04,0.02,1.0,1,Roll Right
276,276,276,0.04,0.03,1.0,1,Roll Right
277,277,277,0.04,0.03,1.0,1,Roll Right
278,278,278,0.04,0.03,1.0,1,Roll Right
279,279,279,0.04,0.03,1.0,1,Roll Right
280,280,280,0.04,0.03,1.0,1,Roll Right
281,281,281,0.04,0.03,1.0,1,Roll Right
282,282,282,0.04,0.03,1.0,1,Roll Right
283,283,283,0.04,0.03,1.0,1,Roll Right
284,284,284,0.04,0.02,1.0,1,Roll Right
285,285,285,0.04,0.03,1.0,1,Roll Right
286,286,286,0.04,0.03,1.0,1,Roll Right
287,287,287,0.04,0.03,1.0,1,Roll Right
288,288,288,0.04,0.03,1.0,1,Roll Right
289,289,289,0.04,0.03,1.0,1,Roll Right
290,290,290,0.04,0.03,1.0,1,Roll Right
291,291,291,0.04,0.03,1.0,1,Roll Right
292,292,292,0.04,0.02,1.0,1,Roll Right
293,293,293,0.04,0.03,1.0,1,Roll Right
294,294,294,0.04,0.02,1.0,1,Roll Right
295,295,295,0.04,0.03,1.0,1,Roll Right
296,296,296,0.04,0.03,1.0,1,Roll Right
297,297,297,0.04,0.03,1.0,1,Roll Right
298,298,298,0.04,0.03,1.0,1,Roll Right
299,299,299,0.04,0.03,1.0,1,Roll Right
300,300,300,0.04,0.03,1.0,1,Roll Right
301,301,301,0.03,0.03,1.0,1,Roll Right
302,302,302,0.04,0.03,1.0,1,Roll Right
303,303,303,0.04,0.03,1.0,1,Roll Right
304,304,304,0.04,0.03,1.0,1,Roll Right
305,305,305,0.04,0.03,1.0,1,Roll Right
306,306,306,0.04,0.03,1.0,1,Roll Right
307,307,307,0.03,0.03,1.04,1,Roll Right
308,308,308,0.05,0.28,1.11,1,Roll Right
309,309,309,-0.01,0.45,0.97,1,Roll Right
310,310,310,0.04,0.61,0.55,1,Roll Right
311,311,311,0.05,0.75,0.5,1,Roll Right
312,312,312,0.05,0.96,0.53,1,Roll Right
313,313,313,0.04,0.89,0.57,1,Roll Right
314,314,314,0.01,0.91,0.45,1,Roll Right
315,315,315,0.0,0.96,0.44,1,Roll Right
316,316,316,0.0,0.97,0.5,1,Roll Right
317,317,317,-0.0,0.79,0.54,1,Roll Right
318,318,318,0.0,0.64,0.82,1,Roll Right
319,319,319,0.01,0.41,0.97,1,Roll Right
320,320,320,-0.02,0.31,0.9,1,Roll Right
321,321,321,0.0,0.21,1.0,1,Roll Right
322,322,322,-0.05,-0.05,1.01,1,Roll Right
323,323,323,0.02,0.02,1.01,1,Roll Right
324,324,324,0.05,0.0,1.0,1,Roll Right
325,325,325,0.07,0.07,1.04,1,Roll Right
326,326,326,0.04,0.03,1.0,1,Roll Right
327,327,327,0.04,0.02,1.0,1,Roll Right
328,328,328,0.04,0.02,1.0,1,Roll Right
329,329,329,0.04,0.03,1.0,1,Roll Right
330,330,330,0.04,0.03,1.0,1,Roll Right
331,331,331,0.04,0.03,1.0,1,Roll Right
332,332,332,0.04,0.03,1.0,1,Roll Right
333,333,333,0.03,0.03,1.0,1,Roll Right
334,334,334,0.04,0.03,1.0,1,Roll Right
335,335,335,0.04,0.02,1.0,1,Roll Right
336,336,336,0.04,0.03,1.0,1,Roll Right
337,337,337,0.04,0.02,1.0,1,Roll Right
338,338,338,0.04,0.03,1.0,1,Roll Right
339,339,339,0.04,0.03,1.0,1,Roll Right
340,340,340,0.04,0.03,1.0,1,Roll Right
341,341,341,0.04,0.03,1.0,1,Roll Right
342,342,342,0.04,0.03,1.0,1,Roll Right
343,343,343,0.04,0.03,1.0,1,Roll Right
344,344,344,0.04,0.03,1.0,1,Roll Right
345,345,345,0.04,0.03,1.0,1,Roll Right
346,346,346,0.04,0.03,1.0,1,Roll Right
347,347,347,0.04,0.03,1.0,1,Roll Right
348,348,348,0.04,0.03,1.0,1,Roll Right
349,349,349,0.04,0.02,1.0,1,Roll Right
350,350,350,0.04,0.02,1.0,1,Roll Right
351,351,351,0.04,0.03,1.0,1,Roll Right
352,352,352,0.04,0.03,1.0,1,Roll Right
353,353,353,0.04,0.03,1.0,1,Roll Right
354,354,354,0.04,0.03,1.0,1,Roll Right
355,355,355,0.04,0.03,1.0,1,Roll Right
356,356,356,0.04,0.03,1.0,1,Roll Right
357,357,357,0.04,0.03,1.0,1,Roll Right
358,358,358,0.03,0.03,1.0,1,Roll Right
359,359,359,0.04,0.03,1.0,1,Roll Right
360,360,360,0.04,0.03,1.0,1,Roll Right
361,361,361,0.04,0.03,1.0,1,Roll Right
362,362,362,0.04,0.02,1.0,1,Roll Right
363,363,363,0.04,0.03,1.0,1,Roll Right
364,364,364,0.04,0.03,1.0,1,Roll Right
365,365,365,0.04,0.02,1.0,1,Roll Right
366,366,366,0.04,0.03,1.0,1,Roll Right
367,367,367,0.04,0.03,1.0,1,Roll Right
368,368,368,0.04,0.03,1.0,1,Roll Right
369,369,369,0.04,0.03,1.0,1,Roll Right
370,370,370,0.04,0.02,1.0,1,Roll Right
371,371,371,0.04,0.03,1.0,1,Roll Right
372,372,0,0.04,0.02,1.0,2,Roll Right
373,373,1,0.04,0.02,1.0,2,Roll Right
374,374,2,0.04,0.03,1.0,2,Roll Right
375,375,3,0.04,0.02,1.0,2,Roll Right
376,376,4,0.04,0.03,1.0,2,Roll Right
377,377,5,0.04,0.02,1.0,2,Roll Right
378,378,6,0.04,0.03,1.0,2,Roll Right
379,379,7,0.04,0.03,1.0,2,Roll Right
380,380,8,0.04,0.02,1.0,2,Roll Right
381,381,9,0.04,0.02,1.0,2,Roll Right
382,382,10,0.04,0.02,1.0,2,Roll Right
383,383,11,0.03,0.03,1.0,2,Roll Right
384,384,12,0.04,0.02,1.0,2,Roll Right
385,385,13,0.04,0.02,1.0,2,Roll Right
386,386,14,0.04,0.03,1.0,2,Roll Right
387,387,15,0.04,0.03,1.0,2,Roll Right
388,388,16,0.04,0.03,1.0,2,Roll Right
389,389,17,0.04,0.03,1.0,2,Roll Right
390,390,18,0.04,0.03,1.0,2,Roll Right
391,391,19,0.04,0.03,1.0,2,Roll Right
392,392,20,0.04,0.02,1.0,2,Roll Right
393,393,21,0.04,0.03,1.0,2,Roll Right
394,394,22,0.04,0.03,1.0,2,Roll Right
395,395,23,0.03,0.05,1.01,2,Roll Right
396,396,24,0.02,0.01,1.02,2,Roll Right
397,397,25,0.03,0.16,1.02,2,Roll Right
398,398,26,0.0,0.57,0.92,2,Roll Right
399,399,27,0.02,0.54,0.96,2,Roll Right
400,400,28,-0.03,0.87,0.37,2,Roll Right
401,401,29,-0.0,0.91,0.23,2,Roll Right
402,402,30,-0.08,1.24,0.09,2,Roll Right
403,403,31,-0.03,0.97,0.12,2,Roll Right
404,404,32,-0.11,1.12,0.67,2,Roll Right
405,405,33,-0.09,0.44,0.85,2,Roll Right
406,406,34,-0.07,0.2,1.05,2,Roll Right
407,407,35,0.0,0.1,1.1,2,Roll Right
408,408,36,0.07,0.06,0.99,2,Roll Right
409,409,37,0.0,0.04,1.0,2,Roll Right
410,410,38,0.04,0.03,1.0,2,Roll Right
411,411,39,0.04,0.02,1.0,2,Roll Right
412,412,40,0.04,0.03,1.0,2,Roll Right
413,413,41,0.04,0.02,1.0,2,Roll Right
414,414,42,0.04,0.02,1.0,2,Roll Right
415,415,43,0.04,0.02,1.0,2,Roll Right
416,416,44,0.04,0.02,1.0,2,Roll Right
417,417,45,0.04,0.03,1.0,2,Roll Right
418,418,46,0.04,0.03,1.0,2,Roll Right
419,419,47,0.04,0.03,1.0,2,Roll Right
420,420,48,0.04,0.02,1.0,2,Roll Right
421,421,49,0.04,0.03,1.0,2,Roll Right
422,422,50,0.03,0.02,1.0,2,Roll Right
423,423,51,0.04,0.02,1.0,2,Roll Right
424,424,52,0.04,0.02,1.0,2,Roll Right
425,425,53,0.04,0.03,1.0,2,Roll Right
426,426,54,0.04,0.02,1.0,2,Roll Right
427,427,55,0.04,0.03,1.0,2,Roll Right
428,428,56,0.04,0.03,1.0,2,Roll Right
429,429,57,0.04,0.03,1.01,2,Roll Right
430,430,58,0.04,0.03,1.0,2,Roll Right
431,431,59,0.04,0.03,1.0,2,Roll Right
432,432,60,0.04,0.02,1.0,2,Roll Right
433,433,61,0.04,0.02,1.0,2,Roll Right
434,434,62,0.04,0.02,1.0,2,Roll Right
435,435,63,0.04,0.03,1.0,2,Roll Right
436,436,64,0.04,0.02,1.0,2,Roll Right
437,437,65,0.04,0.03,1.0,2,Roll Right
438,438,66,0.04,0.02,1.0,2,Roll Right
439,439,67,0.04,0.03,1.0,2,Roll Right
440,440,68,0.05,0.06,1.0,2,Roll Right
441,441,69,0.04,0.02,1.0,2,Roll Right
442,442,70,0.04,0.03,1.0,2,Roll Right
443,443,71,0.04,0.02,1.0,2,Roll Right
444,444,72,0.03,0.11,1.02,2,Roll Right
445,445,73,0.0,0.26,0.95,2,Roll Right
446,446,74,0.04,0.65,0.84,2,Roll Right
447,447,75,-0.01,0.9,0.43,2,Roll Right
448,448,76,0.04,1.19,0.09,2,Roll Right
449,449,77,-0.07,1.43,-0.1,2,Roll Right
450,450,78,-0.07,1.14,0.0,2,Roll Right
451,451,79,-0.05,0.99,0.29,2,Roll Right
452,452,80,-0.0,0.66,0.49,2,Roll Right
453,453,81,0.0,0.19,1.03,2,Roll Right
454,454,82,0.0,0.19,1.02,2,Roll Right
455,455,83,0.01,0.15,1.11,2,Roll Right
456,456,84,0.02,0.02,1.02,2,Roll Right
457,457,85,0.05,0.04,1.0,2,Roll Right
458,458,86,0.04,0.02,1.0,2,Roll Right
459,459,87,0.03,0.02,1.0,2,Roll Right
460,460,88,0.04,0.02,1.0,2,Roll Right
461,461,89,0.04,0.02,1.0,2,Roll Right
462,462,90,0.04,0.03,1.0,2,Roll Right
463,463,91,0.04,0.02,1.0,2,Roll Right
464,464,92,0.04,0.02,1.0,2,Roll Right
465,465,93,0.04,0.03,1.0,2,Roll Right
466,466,94,0.04,0.02,1.0,2,Roll Right
467,467,95,0.04,0.03,1.0,2,Roll Right
468,468,96,0.04,0.02,1.0,2,Roll Right
469,469,97,0.04,0.03,1.0,2,Roll Right
470,470,98,0.04,0.02,1.0,2,Roll Right
471,471,99,0.04,0.03,1.0,2,Roll Right
472,472,100,0.04,0.02,1.0,2,Roll Right
473,473,101,0.04,0.02,1.0,2,Roll Right
474,474,102,0.04,0.02,1.0,2,Roll Right
475,475,103,0.04,0.02,1.0,2,Roll Right
476,476,104,0.04,0.03,1.0,2,Roll Right
477,477,105,0.04,0.02,1.0,2,Roll Right
478,478,106,0.04,0.02,1.0,2,Roll Right
479,479,107,0.04,0.02,1.0,2,Roll Right
480,480,108,0.04,0.03,1.0,2,Roll Right
481,481,109,0.04,0.03,1.0,2,Roll Right
482,482,110,0.04,0.02,1.0,2,Roll Right
483,483,111,0.04,0.02,1.0,2,Roll Right
484,484,112,0.04,0.03,1.0,2,Roll Right
485,485,113,0.04,0.03,1.0,2,Roll Right
486,486,114,0.04,0.03,1.0,2,Roll Right
487,487,115,0.04,0.02,1.0,2,Roll Right
488,488,116,0.04,0.03,1.0,2,Roll Right
489,489,117,0.04,0.03,1.0,2,Roll Right
490,490,118,0.04,0.02,1.0,2,Roll Right
491,491,119,0.0,0.02,1.02,2,Roll Right
492,492,120,0.09,-0.01,1.12,2,Roll Right
493,493,121,-0.12,0.43,0.93,2,Roll Right
494,494,122,0.05,0.34,0.62,2,Roll Right
495,495,123,0.02,0.9,0.36,2,Roll Right
496,496,124,0.01,1.11,0.11,2,Roll Right
497,497,125,-0.01,1.14,0.0,2,Roll Right
498,498,126,-0.02,1.04,0.07,2,Roll Right
499,499,127,0.09,0.93,0.34,2,Roll Right
500,500,128,0.0,0.59,0.7,2,Roll Right
501,501,129,-0.04,0.32,1.04,2,Roll Right
502,502,130,0.02,-0.04,1.04,2,Roll Right
503,503,131,-0.02,0.11,1.12,2,Roll Right
504,504,132,0.0,0.07,0.97,2,Roll Right
505,505,133,0.0,0.01,1.0,2,Roll Right
506,506,134,0.03,0.05,1.01,2,Roll Right
507,507,135,0.04,0.03,1.0,2,Roll Right
508,508,136,0.04,0.03,1.0,2,Roll Right
509,509,137,0.04,0.03,1.0,2,Roll Right
510,510,138,0.03,0.03,1.0,2,Roll Right
511,511,139,0.04,0.03,1.0,2,Roll Right
512,512,140,0.04,0.02,1.0,2,Roll Right
513,513,141,0.04,0.02,1.0,2,Roll Right
514,514,142,0.04,0.03,1.0,2,Roll Right
515,515,143,0.04,0.03,1.0,2,Roll Right
516,516,144,0.04,0.03,1.0,2,Roll Right
517,517,145,0.04,0.02,1.0,2,Roll Right
518,518,146,0.04,0.03,1.0,2,Roll Right
519,519,147,0.04,0.03,1.0,2,Roll Right
520,520,148,0.03,0.03,1.01,2,Roll Right
521,521,149,0.04,0.03,1.0,2,Roll Right
522,522,150,0.04,0.03,1.0,2,Roll Right
523,523,151,0.04,0.02,1.0,2,Roll Right
524,524,152,0.04,0.03,1.0,2,Roll Right
525,525,153,0.04,0.02,1.0,2,Roll Right
526,526,154,0.04,0.02,1.0,2,Roll Right
527,527,155,0.04,0.02,1.0,2,Roll Right
528,528,156,0.04,0.03,1.01,2,Roll Right
529,529,157,0.04,0.03,1.0,2,Roll Right
530,530,158,0.04,0.02,1.0,2,Roll Right
531,531,159,0.04,0.03,1.0,2,Roll Right
532,532,160,0.04,0.03,1.0,2,Roll Right
533,533,161,0.04,0.02,1.0,2,Roll Right
534,534,162,0.04,0.02,1.0,2,Roll Right
535,535,163,0.04,0.02,1.0,2,Roll Right
536,536,164,0.02,0.02,1.01,2,Roll Right
537,537,165,0.04,0.02,1.05,2,Roll Right
538,538,166,0.05,0.41,1.05,2,Roll Right
539,539,167,0.03,0.48,0.96,2,Roll Right
540,540,168,0.05,0.6,0.84,2,Roll Right
541,541,169,-0.01,0.97,0.32,2,Roll Right
542,542,170,-0.02,1.06,0.24,2,Roll Right
543,543,171,-0.04,0.98,-0.04,2,Roll Right
544,544,172,-0.05,1.01,0.07,2,Roll Right
545,545,173,-0.05,1.09,0.05,2,Roll Right
546,546,174,0.05,0.91,0.62,2,Roll Right
547,547,175,0.06,0.55,0.82,2,Roll Right
548,548,176,0.0,0.11,1.05,2,Roll Right
549,549,177,0.05,0.06,1.03,2,Roll Right
550,550,178,0.04,0.05,0.96,2,Roll Right
551,551,179,0.04,0.11,1.05,2,Roll Right
552,552,180,0.04,-0.02,1.14,2,Roll Right
553,553,181,0.04,0.04,1.0,2,Roll Right
554,554,182,0.04,0.03,1.0,2,Roll Right
555,555,183,0.04,0.03,1.0,2,Roll Right
556,556,184,0.03,0.03,1.0,2,Roll Right
557,557,185,0.04,0.02,1.0,2,Roll Right
558,558,186,0.04,0.02,1.0,2,Roll Right
559,559,187,0.04,0.03,1.0,2,Roll Right
560,560,188,0.04,0.02,1.0,2,Roll Right
561,561,189,0.04,0.02,1.0,2,Roll Right
562,562,190,0.04,0.03,1.0,2,Roll Right
563,563,191,0.03,0.03,1.0,2,Roll Right
564,564,192,0.04,0.02,1.0,2,Roll Right
565,565,193,0.04,0.02,1.0,2,Roll Right
566,566,194,0.04,0.03,1.0,2,Roll Right
567,567,195,0.04,0.02,1.0,2,Roll Right
568,568,196,0.04,0.03,1.0,2,Roll Right
569,569,197,0.04,0.03,1.0,2,Roll Right
570,570,198,0.04,0.02,1.0,2,Roll Right
571,571,199,0.04,0.03,1.0,2,Roll Right
572,572,200,0.04,0.02,1.0,2,Roll Right
573,573,201,0.04,0.02,1.0,2,Roll Right
574,574,202,0.04,0.02,1.0,2,Roll Right
575,575,203,0.04,0.03,1.0,2,Roll Right
576,576,204,0.04,0.03,1.0,2,Roll Right
577,577,205,0.04,0.02,1.0,2,Roll Right
578,578,206,0.04,0.02,1.0,2,Roll Right
579,579,207,0.04,0.02,1.0,2,Roll Right
580,580,208,0.04,0.02,1.0,2,Roll Right
581,581,209,0.04,0.03,1.0,2,Roll Right
582,582,210,0.04,0.03,1.0,2,Roll Right
583,583,211,0.04,0.03,1.0,2,Roll Right
584,584,212,0.04,0.02,1.0,2,Roll Right
585,585,213,0.04,0.03,1.0,2,Roll Right
586,586,214,0.04,0.02,1.01,2,Roll Right
587,587,215,-0.01,0.11,1.02,2,Roll Right
588,588,216,0.03,0.43,0.71,2,Roll Right
589,589,217,-0.05,0.8,0.93,2,Roll Right
590,590,218,0.01,0.93,0.27,2,Roll Right
591,591,219,-0.06,1.54,0.12,2,Roll Right
592,592,220,-0.12,1.29,-0.02,2,Roll Right
593,593,221,-0.12,0.86,0.2,2,Roll Right
594,594,222,0.0,1.06,0.25,2,Roll Right
595,595,223,-0.15,0.54,0.8,2,Roll Right
596,596,224,-0.05,0.3,0.95,2,Roll Right
597,597,225,-0.01,0.11,1.1,2,Roll Right
598,598,226,-0.04,0.03,1.11,2,Roll Right
599,599,227,0.07,0.03,1.0,2,Roll Right
600,600,228,0.04,0.05,0.98,2,Roll Right
601,601,229,0.04,0.02,1.0,2,Roll Right
602,602,230,0.04,0.02,1.0,2,Roll Right
603,603,231,0.04,0.02,1.0,2,Roll Right
604,604,232,0.04,0.03,1.0,2,Roll Right
605,605,233,0.04,0.02,1.0,2,Roll Right
606,606,234,0.04,0.03,1.0,2,Roll Right
607,607,235,0.04,0.03,1.0,2,Roll Right
608,608,236,0.04,0.03,1.0,2,Roll Right
609,609,237,0.04,0.02,1.0,2,Roll Right
610,610,238,0.04,0.03,1.0,2,Roll Right
611,611,239,0.04,0.02,1.0,2,Roll Right
612,612,240,0.04,0.02,1.0,2,Roll Right
613,613,241,0.04,0.03,1.0,2,Roll Right
614,614,242,0.04,0.02,1.0,2,Roll Right
615,615,243,0.04,0.02,1.0,2,Roll Right
616,616,244,0.03,0.02,1.0,2,Roll Right
617,617,245,0.04,0.03,1.0,2,Roll Right
618,618,246,0.04,0.02,1.0,2,Roll Right
619,619,247,0.04,0.02,1.0,2,Roll Right
620,620,248,0.04,0.03,1.0,2,Roll Right
621,621,249,0.04,0.03,1.0,2,Roll Right
622,622,250,0.04,0.02,1.0,2,Roll Right
623,623,251,0.04,0.02,1.0,2,Roll Right
624,624,252,0.04,0.02,1.0,2,Roll Right
625,625,253,0.04,0.03,1.0,2,Roll Right
626,626,254,0.04,0.03,1.0,2,Roll Right
627,627,255,0.04,0.03,1.0,2,Roll Right
628,628,256,0.04,0.03,1.0,2,Roll Right
629,629,257,0.04,0.03,1.0,2,Roll Right
630,630,258,0.05,0.03,1.0,2,Roll Right
631,631,259,0.05,0.04,1.05,2,Roll Right
632,632,260,0.03,0.23,1.02,2,Roll Right
633,633,261,-0.01,0.68,0.74,2,Roll Right
634,634,262,-0.03,0.82,0.55,2,Roll Right
635,635,263,-0.05,1.09,0.38,2,Roll Right
636,636,264,-0.08,0.75,0.12,2,Roll Right
637,637,265,-0.08,1.05,0.12,2,Roll Right
638,638,266,-0.08,1.05,0.03,2,Roll Right
639,639,267,0.07,0.75,0.52,2,Roll Right
640,640,268,-0.01,0.56,0.92,2,Roll Right
641,641,269,-0.0,0.21,1.06,2,Roll Right
642,642,270,0.03,0.02,1.0,2,Roll Right
643,643,271,0.08,-0.03,1.06,2,Roll Right
644,644,272,0.02,0.01,0.98,2,Roll Right
645,645,273,0.03,0.03,1.0,2,Roll Right
646,646,274,0.04,0.02,1.0,2,Roll Right
647,647,275,0.04,0.03,1.0,2,Roll Right
648,648,276,0.03,0.03,1.0,2,Roll Right
649,649,277,0.04,0.02,1.0,2,Roll Right
650,650,278,0.04,0.03,1.0,2,Roll Right
651,651,279,0.04,0.02,1.0,2,Roll Right
652,652,280,0.04,0.02,1.0,2,Roll Right
653,653,281,0.04,0.03,1.0,2,Roll Right
654,654,282,0.04,0.03,1.0,2,Roll Right
655,655,283,0.04,0.03,1.0,2,Roll Right
656,656,284,0.04,0.02,1.0,2,Roll Right
657,657,285,0.04,0.03,1.0,2,Roll Right
658,658,286,0.04,0.03,1.0,2,Roll Right
659,659,287,0.04,0.02,1.0,2,Roll Right
660,660,288,0.04,0.02,1.0,2,Roll Right
661,661,289,0.04,0.02,1.0,2,Roll Right
662,662,290,0.04,0.03,1.0,2,Roll Right
663,663,291,0.04,0.02,1.0,2,Roll Right
664,664,292,0.04,0.02,1.0,2,Roll Right
665,665,293,0.04,0.03,1.0,2,Roll Right
666,666,294,0.04,0.03,1.0,2,Roll Right
667,667,295,0.04,0.02,1.0,2,Roll Right
668,668,296,0.04,0.03,1.0,2,Roll Right
669,669,297,0.04,0.03,1.0,2,Roll Right
670,670,298,0.04,0.03,1.0,2,Roll Right
671,671,299,0.04,0.03,1.0,2,Roll Right
672,672,300,0.04,0.02,1.0,2,Roll Right
673,673,301,0.04,0.03,1.0,2,Roll Right
674,674,302,0.04,0.03,1.0,2,Roll Right
675,675,303,0.03,0.03,1.0,2,Roll Right
676,676,304,0.04,0.03,1.0,2,Roll Right
677,677,305,0.02,0.03,1.0,2,Roll Right
678,678,306,-0.06,0.19,0.87,2,Roll Right
679,679,307,-0.01,0.63,0.85,2,Roll Right
680,680,308,-0.05,0.83,0.56,2,Roll Right
681,681,309,0.07,0.97,0.32,2,Roll Right
682,682,310,-0.05,0.95,0.05,2,Roll Right
683,683,311,-0.05,1.11,-0.01,2,Roll Right
684,684,312,-0.07,1.0,0.07,2,Roll Right
685,685,313,-0.05,0.97,0.4,2,Roll Right
686,686,314,-0.04,0.59,0.78,2,Roll Right
687,687,315,-0.04,0.39,0.95,2,Roll Right
688,688,316,0.01,0.11,0.91,2,Roll Right
689,689,317,-0.15,0.24,0.95,2,Roll Right
690,690,318,0.04,0.02,1.0,2,Roll Right
691,691,319,0.04,0.02,1.0,2,Roll Right
692,692,320,0.04,0.02,1.0,2,Roll Right
693,693,321,0.04,0.02,1.0,2,Roll Right
694,694,322,0.04,0.03,1.0,2,Roll Right
695,695,323,0.04,0.03,1.0,2,Roll Right
696,696,324,0.04,0.02,1.0,2,Roll Right
697,697,325,0.04,0.02,1.0,2,Roll Right
698,698,326,0.04,0.02,1.0,2,Roll Right
699,699,327,0.04,0.03,1.0,2,Roll Right
700,700,328,0.04,0.03,1.0,2,Roll Right
701,701,329,0.04,0.02,1.0,2,Roll Right
702,702,330,0.04,0.03,1.0,2,Roll Right
703,703,331,0.04,0.02,1.0,2,Roll Right
704,704,332,0.04,0.02,1.0,2,Roll Right
705,705,333,0.04,0.02,1.0,2,Roll Right
706,706,334,0.04,0.02,1.0,2,Roll Right
707,707,335,0.04,0.03,1.0,2,Roll Right
708,708,336,0.04,0.03,1.0,2,Roll Right
709,709,337,0.04,0.02,1.0,2,Roll Right
710,710,338,0.04,0.03,1.0,2,Roll Right
711,711,339,0.04,0.03,1.01,2,Roll Right
712,712,340,0.04,0.03,1.0,2,Roll Right
713,713,341,0.04,0.02,1.0,2,Roll Right
714,714,342,0.04,0.03,1.0,2,Roll Right
715,715,343,0.04,0.02,1.0,2,Roll Right
716,716,344,0.04,0.02,1.0,2,Roll Right
717,717,345,0.04,0.03,1.0,2,Roll Right
718,718,346,0.04,0.02,1.0,2,Roll Right
719,719,347,0.04,0.02,1.0,2,Roll Right
720,720,348,0.04,0.02,1.0,2,Roll Right
721,721,349,0.04,-0.01,1.0,2,Roll Right
722,722,350,0.04,0.1,1.04,2,Roll Right
723,723,351,0.05,0.43,1.07,2,Roll Right
724,724,352,-0.03,0.82,0.88,2,Roll Right
725,725,353,0.06,0.46,0.49,2,Roll Right
726,726,354,-0.19,0.91,0.38,2,Roll Right
727,727,355,-0.14,1.25,0.02,2,Roll Right
728,728,356,-0.11,0.92,0.27,2,Roll Right
729,729,357,-0.15,0.79,0.11,2,Roll Right
730,730,358,-0.08,0.8,0.61,2,Roll Right
731,731,359,-0.1,0.45,0.89,2,Roll Right
732,732,360,-0.02,0.36,0.97,2,Roll Right
733,733,361,0.03,-0.05,0.85,2,Roll Right
734,734,362,0.04,0.02,1.06,2,Roll Right
735,735,363,-0.1,0.03,1.0,2,Roll Right
736,736,364,0.04,0.03,1.0,2,Roll Right
737,737,365,0.04,0.02,1.0,2,Roll Right
738,738,366,0.03,0.03,1.0,2,Roll Right
739,739,367,0.03,0.03,1.0,2,Roll Right
740,740,368,0.04,0.03,1.0,2,Roll Right
741,741,369,0.04,0.03,1.0,2,Roll Right
742,742,370,0.04,0.03,1.0,2,Roll Right
743,743,371,0.04,0.03,1.0,2,Roll Right
744,744,372,0.04,0.02,1.0,2,Roll Right
745,745,373,0.04,0.03,1.0,2,Roll Right
746,746,374,0.03,0.02,1.0,2,Roll Right
747,747,375,0.04,0.03,1.0,2,Roll Right
748,748,376,0.04,0.03,1.0,2,Roll Right
749,749,377,0.04,0.02,1.0,2,Roll Right
750,750,378,0.04,0.03,1.0,2,Roll Right
751,751,379,0.04,0.02,1.0,2,Roll Right
752,752,380,0.04,0.03,1.0,2,Roll Right
753,753,381,0.04,0.03,1.0,2,Roll Right
754,754,382,0.04,0.02,1.0,2,Roll Right
755,755,383,0.04,0.03,1.0,2,Roll Right
756,756,384,0.04,0.02,1.0,2,Roll Right
757,757,385,0.04,0.03,1.0,2,Roll Right
758,758,386,0.04,0.03,1.0,2,Roll Right
759,759,387,0.04,0.03,1.0,2,Roll Right
760,760,388,0.03,0.03,1.0,2,Roll Right
761,761,389,0.04,0.02,1.0,2,Roll Right
762,762,390,0.04,0.04,1.01,2,Roll Right
763,763,391,0.04,0.08,1.04,2,Roll Right
764,764,392,-0.06,0.39,0.94,2,Roll Right
765,765,393,-0.07,0.71,0.65,2,Roll Right
766,766,394,-0.16,0.84,0.16,2,Roll Right
767,767,395,-0.12,0.9,0.0,2,Roll Right
768,768,396,-0.1,1.04,0.14,2,Roll Right
769,769,397,-0.05,1.0,0.4,2,Roll Right
770,770,398,0.02,0.59,0.68,2,Roll Right
771,771,399,0.0,0.39,0.9,2,Roll Right
772,772,400,0.05,0.14,0.93,2,Roll Right
773,773,401,0.02,0.16,1.06,2,Roll Right
774,774,402,0.02,0.1,0.99,2,Roll Right
775,775,403,-0.03,0.08,1.05,2,Roll Right
776,776,404,0.05,0.01,1.0,2,Roll Right
777,777,405,0.03,0.06,1.01,2,Roll Right
778,778,406,0.02,0.02,1.0,2,Roll Right
779,779,407,0.04,0.02,1.0,2,Roll Right
780,780,408,0.04,0.02,1.0,2,Roll Right
781,781,409,0.04,0.03,1.0,2,Roll Right
782,782,410,0.04,0.03,1.0,2,Roll Right
783,783,411,0.04,0.03,1.0,2,Roll Right
784,784,412,0.04,0.03,1.0,2,Roll Right
785,785,413,0.04,0.02,1.0,2,Roll Right
786,786,414,0.04,0.02,1.0,2,Roll Right
787,787,415,0.03,0.03,1.0,2,Roll Right
788,788,416,0.04,0.02,1.0,2,Roll Right
789,789,417,0.04,0.03,1.0,2,Roll Right
790,790,418,0.04,0.02,1.0,2,Roll Right
791,791,419,0.03,0.04,1.0,2,Roll Right
792,792,420,0.04,0.02,1.01,2,Roll Right
793,793,421,0.04,0.02,1.0,2,Roll Right
794,794,422,0.04,0.03,1.0,2,Roll Right
795,795,423,0.04,0.03,1.0,2,Roll Right
796,796,424,0.03,0.02,1.0,2,Roll Right
797,797,425,0.04,0.02,1.0,2,Roll Right
798,798,426,0.04,0.03,1.0,2,Roll Right
799,799,427,0.04,0.03,1.0,2,Roll Right
800,800,428,0.04,0.02,1.0,2,Roll Right
801,801,429,0.04,0.03,1.0,2,Roll Right
802,802,0,0.04,0.03,1.0,3,Roll Right
803,803,1,0.04,0.03,1.0,3,Roll Right
804,804,2,0.04,0.03,1.0,3,Roll Right
805,805,3,0.04,0.03,1.0,3,Roll Right
806,806,4,0.04,0.02,1.0,3,Roll Right
807,807,5,0.04,0.03,1.0,3,Roll Right
808,808,6,0.04,0.03,1.0,3,Roll Right
809,809,7,0.04,0.03,1.0,3,Roll Right
810,810,8,0.04,0.03,1.0,3,Roll Right
811,811,9,0.04,0.03,1.0,3,Roll Right
812,812,10,0.04,0.03,1.0,3,Roll Right
813,813,11,0.04,0.02,1.0,3,Roll Right
814,814,12,0.04,0.03,1.0,3,Roll Right
815,815,13,0.04,0.02,1.0,3,Roll Right
816,816,14,0.04,0.03,1.0,3,Roll Right
817,817,15,0.04,0.03,1.0,3,Roll Right
818,818,16,0.04,0.03,1.0,3,Roll Right
819,819,17,0.04,0.03,1.0,3,Roll Right
820,820,18,0.04,0.03,1.0,3,Roll Right
821,821,19,0.04,0.02,1.0,3,Roll Right
822,822,20,0.04,0.02,1.0,3,Roll Right
823,823,21,0.04,0.02,1.0,3,Roll Right
824,824,22,0.04,0.03,1.0,3,Roll Right
825,825,23,0.04,0.03,1.0,3,Roll Right
826,826,24,0.04,0.02,1.0,3,Roll Right
827,827,25,0.04,0.02,1.0,3,Roll Right
828,828,26,0.04,0.03,1.0,3,Roll Right
829,829,27,0.04,0.02,1.0,3,Roll Right
830,830,28,0.04,0.02,1.0,3,Roll Right
831,831,29,0.03,0.03,1.0,3,Roll Right
832,832,30,0.03,0.03,1.0,3,Roll Right
833,833,31,0.0,0.06,1.03,3,Roll Right
834,834,32,-0.03,0.12,1.12,3,Roll Right
835,835,33,0.03,0.2,0.86,3,Roll Right
836,836,34,0.08,0.3,0.91,3,Roll Right
837,837,35,0.11,0.46,0.86,3,Roll Right
838,838,36,0.09,0.6,0.8,3,Roll Right
839,839,37,0.09,0.81,0.7,3,Roll Right
840,840,38,0.05,0.83,0.6,3,Roll Right
841,841,39,0.04,0.96,0.5,3,Roll Right
842,842,40,0.04,0.9,0.5,3,Roll Right
843,843,41,0.01,0.93,0.47,3,Roll Right
844,844,42,0.02,0.86,0.48,3,Roll Right
845,845,43,0.0,0.85,0.57,3,Roll Right
846,846,44,-0.02,0.73,0.72,3,Roll Right
847,847,45,-0.01,0.55,0.81,3,Roll Right
848,848,46,0.0,0.4,0.96,3,Roll Right
849,849,47,0.01,0.21,1.01,3,Roll Right
850,850,48,0.01,0.11,0.97,3,Roll Right
851,851,49,0.0,0.08,1.02,3,Roll Right
852,852,50,0.02,0.02,1.02,3,Roll Right
853,853,51,0.04,0.02,1.0,3,Roll Right
854,854,52,0.03,0.01,1.0,3,Roll Right
855,855,53,0.04,0.03,1.0,3,Roll Right
856,856,54,0.04,0.02,1.0,3,Roll Right
857,857,55,0.04,0.03,1.0,3,Roll Right
858,858,56,0.04,0.03,1.0,3,Roll Right
859,859,57,0.04,0.02,1.0,3,Roll Right
860,860,58,0.04,0.03,1.0,3,Roll Right
861,861,59,0.04,0.03,1.0,3,Roll Right
862,862,60,0.04,0.02,1.0,3,Roll Right
863,863,61,0.04,0.03,1.0,3,Roll Right
864,864,62,0.04,0.02,1.0,3,Roll Right
865,865,63,0.04,0.02,1.0,3,Roll Right
866,866,64,0.04,0.03,1.0,3,Roll Right
867,867,65,0.04,0.02,1.0,3,Roll Right
868,868,66,0.04,0.02,1.0,3,Roll Right
869,869,67,0.04,0.03,1.0,3,Roll Right
870,870,68,0.04,0.02,1.0,3,Roll Right
871,871,69,0.04,0.03,1.0,3,Roll Right
872,872,70,0.04,0.03,1.0,3,Roll Right
873,873,71,0.04,0.03,1.0,3,Roll Right
874,874,72,0.04,0.02,1.0,3,Roll Right
875,875,73,0.04,0.03,1.0,3,Roll Right
876,876,74,0.04,0.02,1.0,3,Roll Right
877,877,75,0.04,0.03,1.0,3,Roll Right
878,878,76,0.04,0.03,1.0,3,Roll Right
879,879,77,0.04,0.02,1.0,3,Roll Right
880,880,78,0.04,0.02,1.0,3,Roll Right
881,881,79,0.04,0.03,1.0,3,Roll Right
882,882,80,-0.01,0.09,1.01,3,Roll Right
883,883,81,0.0,0.04,1.0,3,Roll Right
884,884,82,0.0,0.12,1.04,3,Roll Right
885,885,83,-0.04,0.45,1.02,3,Roll Right
886,886,84,-0.0,0.42,0.97,3,Roll Right
887,887,85,0.07,0.48,0.88,3,Roll Right
888,888,86,0.07,0.59,0.84,3,Roll Right
889,889,87,0.09,0.66,0.73,3,Roll Right
890,890,88,0.07,0.71,0.73,3,Roll Right
891,891,89,0.07,0.78,0.69,3,Roll Right
892,892,90,0.07,0.84,0.59,3,Roll Right
893,893,91,0.05,0.88,0.55,3,Roll Right
894,894,92,0.02,0.93,0.43,3,Roll Right
895,895,93,0.01,0.95,0.45,3,Roll Right
896,896,94,0.0,0.93,0.39,3,Roll Right
897,897,95,0.0,1.0,0.33,3,Roll Right
898,898,96,-0.0,0.92,0.36,3,Roll Right
899,899,97,0.0,0.91,0.51,3,Roll Right
900,900,98,-0.02,0.78,0.64,3,Roll Right
901,901,99,-0.0,0.64,0.76,3,Roll Right
902,902,100,0.0,0.68,0.96,3,Roll Right
903,903,101,-0.01,0.45,0.89,3,Roll Right
904,904,102,-0.07,0.6,1.18,3,Roll Right
905,905,103,0.0,0.24,0.97,3,Roll Right
906,906,104,0.03,0.05,1.04,3,Roll Right
907,907,105,0.03,0.03,1.0,3,Roll Right
908,908,106,0.02,0.01,1.02,3,Roll Right
909,909,107,0.04,0.03,1.0,3,Roll Right
910,910,108,0.04,0.03,1.0,3,Roll Right
911,911,109,0.04,0.03,1.0,3,Roll Right
912,912,110,0.04,0.03,1.0,3,Roll Right
913,913,111,0.04,0.03,1.0,3,Roll Right
914,914,112,0.04,0.03,1.0,3,Roll Right
915,915,113,0.04,0.02,1.0,3,Roll Right
916,916,114,0.04,0.02,1.0,3,Roll Right
917,917,115,0.04,0.02,1.0,3,Roll Right
918,918,116,0.04,0.03,1.0,3,Roll Right
919,919,117,0.04,0.03,1.0,3,Roll Right
920,920,118,0.04,0.02,1.0,3,Roll Right
921,921,119,0.04,0.03,1.0,3,Roll Right
922,922,120,0.04,0.02,1.0,3,Roll Right
923,923,121,0.04,0.03,1.0,3,Roll Right
924,924,122,0.04,0.02,1.0,3,Roll Right
925,925,123,0.04,0.02,1.0,3,Roll Right
926,926,124,0.04,0.02,1.0,3,Roll Right
927,927,125,0.04,0.02,1.0,3,Roll Right
928,928,126,0.04,0.04,1.0,3,Roll Right
929,929,127,0.04,0.01,1.0,3,Roll Right
930,930,128,0.02,0.04,1.0,3,Roll Right
931,931,129,0.02,0.05,1.01,3,Roll Right
932,932,130,0.01,0.13,1.0,3,Roll Right
933,933,131,0.0,0.26,1.0,3,Roll Right
934,934,132,0.04,0.35,1.03,3,Roll Right
935,935,133,0.08,0.6,0.83,3,Roll Right
936,936,134,0.1,0.72,0.69,3,Roll Right
937,937,135,0.08,0.8,0.61,3,Roll Right
938,938,136,0.09,0.86,0.51,3,Roll Right
939,939,137,0.07,0.97,0.43,3,Roll Right
940,940,138,0.03,1.01,0.29,3,Roll Right
941,941,139,0.03,1.0,0.29,3,Roll Right
942,942,140,0.04,1.0,0.26,3,Roll Right
943,943,141,0.03,0.98,0.32,3,Roll Right
944,944,142,0.03,0.98,0.34,3,Roll Right
945,945,143,0.01,0.91,0.44,3,Roll Right
946,946,144,0.0,0.87,0.51,3,Roll Right
947,947,145,0.02,0.75,0.68,3,Roll Right
948,948,146,0.03,0.64,0.84,3,Roll Right
949,949,147,0.02,0.42,0.94,3,Roll Right
950,950,148,0.02,0.25,1.0,3,Roll Right
951,951,149,0.04,0.14,1.04,3,Roll Right
952,952,150,0.03,0.01,0.97,3,Roll Right
953,953,151,-0.01,0.0,1.0,3,Roll Right
954,954,152,0.03,0.01,1.0,3,Roll Right
955,955,153,0.04,0.02,1.0,3,Roll Right
956,956,154,0.04,0.02,1.0,3,Roll Right
957,957,155,0.04,0.03,1.0,3,Roll Right
958,958,156,0.04,0.03,1.0,3,Roll Right
959,959,157,0.04,0.03,1.0,3,Roll Right
960,960,158,0.04,0.03,1.0,3,Roll Right
961,961,159,0.04,0.02,1.0,3,Roll Right
962,962,160,0.04,0.03,1.0,3,Roll Right
963,963,161,0.05,0.03,1.0,3,Roll Right
964,964,162,0.04,0.02,1.0,3,Roll Right
965,965,163,0.04,0.02,1.0,3,Roll Right
966,966,164,0.04,0.02,1.0,3,Roll Right
967,967,165,0.04,0.02,1.0,3,Roll Right
968,968,166,0.05,0.03,1.0,3,Roll Right
969,969,167,0.04,0.03,1.0,3,Roll Right
970,970,168,0.04,0.02,1.0,3,Roll Right
971,971,169,0.04,0.03,1.0,3,Roll Right
972,972,170,0.04,0.03,1.0,3,Roll Right
973,973,171,0.04,0.03,1.0,3,Roll Right
974,974,172,0.04,0.02,1.0,3,Roll Right
975,975,173,0.04,0.02,1.0,3,Roll Right
976,976,174,0.04,0.02,1.0,3,Roll Right
977,977,175,0.04,0.03,1.0,3,Roll Right
978,978,176,0.05,0.04,1.03,3,Roll Right
979,979,177,0.0,0.11,1.0,3,Roll Right
980,980,178,0.01,0.23,1.02,3,Roll Right
981,981,179,0.04,0.26,1.08,3,Roll Right
982,982,180,0.05,0.41,0.93,3,Roll Right
983,983,181,0.07,0.52,0.83,3,Roll Right
984,984,182,0.06,0.61,0.72,3,Roll Right
985,985,183,0.04,0.77,0.73,3,Roll Right
986,986,184,0.05,0.89,0.64,3,Roll Right
987,987,185,0.06,0.87,0.51,3,Roll Right
988,988,186,0.03,0.96,0.4,3,Roll Right
989,989,187,0.02,0.96,0.32,3,Roll Right
990,990,188,0.02,1.03,0.25,3,Roll Right
991,991,189,0.02,0.98,0.27,3,Roll Right
992,992,190,0.02,0.9,0.35,3,Roll Right
993,993,191,0.02,0.94,0.46,3,Roll Right
994,994,192,0.0,0.93,0.51,3,Roll Right
995,995,193,-0.02,0.81,0.62,3,Roll Right
996,996,194,-0.04,0.75,0.73,3,Roll Right
997,997,195,-0.04,0.57,0.82,3,Roll Right
998,998,196,-0.04,0.41,1.03,3,Roll Right
999,999,197,0.01,0.2,1.0,3,Roll Right
1000,1000,198,0.0,0.07,1.02,3,Roll Right
1001,1001,199,0.04,0.0,1.0,3,Roll Right
1002,1002,200,0.04,0.03,1.0,3,Roll Right
1003,1003,201,0.04,0.03,1.0,3,Roll Right
1004,1004,202,0.05,0.02,1.0,3,Roll Right
1005,1005,203,0.04,0.02,1.0,3,Roll Right
1006,1006,204,0.04,0.02,1.0,3,Roll Right
1007,1007,205,0.04,0.03,1.0,3,Roll Right
1008,1008,206,0.04,0.02,1.0,3,Roll Right
1009,1009,207,0.04,0.02,1.0,3,Roll Right
1010,1010,208,0.04,0.02,1.0,3,Roll Right
1011,1011,209,0.04,0.02,1.0,3,Roll Right
1012,1012,210,0.04,0.02,1.0,3,Roll Right
1013,1013,211,0.04,0.03,1.0,3,Roll Right
1014,1014,212,0.04,0.02,1.0,3,Roll Right
1015,1015,213,0.04,0.02,1.0,3,Roll Right
1016,1016,214,0.04,0.02,1.0,3,Roll Right
1017,1017,215,0.04,0.03,1.0,3,Roll Right
1018,1018,216,0.04,0.03,1.0,3,Roll Right
1019,1019,217,0.04,0.02,1.0,3,Roll Right
1020,1020,218,0.05,0.03,1.0,3,Roll Right
1021,1021,219,0.04,0.03,1.01,3,Roll Right
1022,1022,220,0.04,0.03,1.0,3,Roll Right
1023,1023,221,0.04,0.03,1.0,3,Roll Right
1024,1024,222,0.04,0.02,1.0,3,Roll Right
1025,1025,223,0.04,0.03,1.0,3,Roll Right
1026,1026,224,0.02,0.04,1.0,3,Roll Right
1027,1027,225,0.05,0.06,1.07,3,Roll Right
1028,1028,226,0.01,0.23,1.1,3,Roll Right
1029,1029,227,0.04,0.26,1.04,3,Roll Right
1030,1030,228,0.06,0.35,0.93,3,Roll Right
1031,1031,229,0.07,0.48,0.84,3,Roll Right
1032,1032,230,0.08,0.63,0.76,3,Roll Right
1033,1033,231,0.07,0.68,0.74,3,Roll Right
1034,1034,232,0.07,0.8,0.62,3,Roll Right
1035,1035,233,0.06,0.89,0.5,3,Roll Right
1036,1036,234,0.05,0.92,0.51,3,Roll Right
1037,1037,235,0.04,0.93,0.43,3,Roll Right
1038,1038,236,0.04,0.95,0.5,3,Roll Right
1039,1039,237,0.04,0.91,0.45,3,Roll Right
1040,1040,238,0.04,0.91,0.43,3,Roll Right
1041,1041,239,0.02,0.89,0.52,3,Roll Right
1042,1042,240,0.02,0.75,0.62,3,Roll Right
1043,1043,241,0.0,0.56,0.83,3,Roll Right
1044,1044,242,-0.01,0.43,0.99,3,Roll Right
1045,1045,243,-0.0,0.18,1.02,3,Roll Right
1046,1046,244,0.0,0.13,0.99,3,Roll Right
1047,1047,245,0.0,0.11,0.99,3,Roll Right
1048,1048,246,0.0,0.04,0.99,3,Roll Right
1049,1049,247,0.03,0.01,1.02,3,Roll Right
1050,1050,248,0.05,0.03,1.0,3,Roll Right
1051,1051,249,0.04,0.02,1.0,3,Roll Right
1052,1052,250,0.04,0.02,1.0,3,Roll Right
1053,1053,251,0.04,0.02,1.0,3,Roll Right
1054,1054,252,0.04,0.03,1.0,3,Roll Right
1055,1055,253,0.04,0.02,1.0,3,Roll Right
1056,1056,254,0.04,0.03,1.0,3,Roll Right
1057,1057,255,0.04,0.03,1.0,3,Roll Right
1058,1058,256,0.04,0.03,1.0,3,Roll Right
1059,1059,257,0.04,0.03,1.0,3,Roll Right
1060,1060,258,0.04,0.03,1.0,3,Roll Right
1061,1061,259,0.04,0.02,1.0,3,Roll Right
1062,1062,260,0.04,0.03,1.0,3,Roll Right
1063,1063,261,0.05,0.02,1.0,3,Roll Right
1064,1064,262,0.04,0.02,1.0,3,Roll Right
1065,1065,263,0.05,0.02,1.0,3,Roll Right
1066,1066,264,0.04,0.03,1.0,3,Roll Right
1067,1067,265,0.04,0.03,1.0,3,Roll Right
1068,1068,266,0.04,0.02,1.0,3,Roll Right
1069,1069,267,0.04,0.02,1.0,3,Roll Right
1070,1070,268,0.04,0.02,1.0,3,Roll Right
1071,1071,269,0.04,0.02,1.0,3,Roll Right
1072,1072,270,0.04,0.03,1.0,3,Roll Right
1073,1073,271,0.04,0.02,1.0,3,Roll Right
1074,1074,272,0.04,0.03,1.0,3,Roll Right
1075,1075,273,0.04,0.03,1.0,3,Roll Right
1076,1076,274,0.04,0.03,1.0,3,Roll Right
1077,1077,275,0.05,0.02,1.0,3,Roll Right
1078,1078,276,0.02,0.09,1.01,3,Roll Right
1079,1079,277,0.03,0.14,1.05,3,Roll Right
1080,1080,278,0.04,0.2,1.0,3,Roll Right
1081,1081,279,0.05,0.35,0.95,3,Roll Right
1082,1082,280,0.06,0.49,0.92,3,Roll Right
1083,1083,281,0.08,0.65,0.73,3,Roll Right
1084,1084,282,0.07,0.81,0.6,3,Roll Right
1085,1085,283,0.05,0.9,0.48,3,Roll Right
1086,1086,284,0.04,0.98,0.41,3,Roll Right
1087,1087,285,0.04,0.96,0.37,3,Roll Right
1088,1088,286,0.02,0.99,0.36,3,Roll Right
1089,1089,287,0.03,0.96,0.34,3,Roll Right
1090,1090,288,0.02,0.94,0.36,3,Roll Right
1091,1091,289,-0.0,0.89,0.49,3,Roll Right
1092,1092,290,0.02,0.88,0.57,3,Roll Right
1093,1093,291,0.03,0.75,0.73,3,Roll Right
1094,1094,292,0.02,0.68,0.8,3,Roll Right
1095,1095,293,0.02,0.55,0.9,3,Roll Right
1096,1096,294,-0.01,0.46,0.94,3,Roll Right
1097,1097,295,-0.0,0.54,1.2,3,Roll Right
1098,1098,296,0.0,0.22,0.96,3,Roll Right
1099,1099,297,0.02,0.09,0.98,3,Roll Right
1100,1100,298,0.04,0.04,1.0,3,Roll Right
1101,1101,299,0.04,0.03,1.0,3,Roll Right
1102,1102,300,0.04,0.02,1.0,3,Roll Right
1103,1103,301,0.04,0.03,1.0,3,Roll Right
1104,1104,302,0.04,0.03,1.0,3,Roll Right
1105,1105,303,0.04,0.03,1.0,3,Roll Right
1106,1106,304,0.05,0.02,1.0,3,Roll Right
1107,1107,305,0.05,0.02,1.0,3,Roll Right
1108,1108,306,0.04,0.03,1.0,3,Roll Right
1109,1109,307,0.04,0.03,1.0,3,Roll Right
1110,1110,308,0.04,0.02,1.0,3,Roll Right
1111,1111,309,0.04,0.03,1.0,3,Roll Right
1112,1112,310,0.04,0.03,1.0,3,Roll Right
1113,1113,311,0.04,0.02,1.0,3,Roll Right
1114,1114,312,0.04,0.02,1.0,3,Roll Right
1115,1115,313,0.04,0.03,1.0,3,Roll Right
1116,1116,314,0.05,0.02,1.0,3,Roll Right
1117,1117,315,0.04,0.02,1.0,3,Roll Right
1118,1118,316,0.04,0.03,1.0,3,Roll Right
1119,1119,317,0.04,0.03,1.0,3,Roll Right
1120,1120,318,0.04,0.03,1.0,3,Roll Right
1121,1121,319,0.05,0.03,1.0,3,Roll Right
1122,1122,320,0.04,0.02,1.0,3,Roll Right
1123,1123,321,0.04,0.03,1.0,3,Roll Right
1124,1124,322,0.04,0.03,1.0,3,Roll Right
1125,1125,323,0.04,0.03,1.0,3,Roll Right
1126,1126,324,0.04,0.02,1.0,3,Roll Right
1127,1127,325,0.03,0.02,1.01,3,Roll Right
1128,1128,326,0.02,0.1,1.06,3,Roll Right
1129,1129,327,0.04,0.07,1.04,3,Roll Right
1130,1130,328,0.08,0.25,0.92,3,Roll Right
1131,1131,329,0.11,0.37,0.91,3,Roll Right
1132,1132,330,0.09,0.64,0.77,3,Roll Right
1133,1133,331,0.08,0.69,0.76,3,Roll Right
1134,1134,332,0.07,0.84,0.62,3,Roll Right
1135,1135,333,0.05,0.9,0.46,3,Roll Right
1136,1136,334,0.04,0.96,0.43,3,Roll Right
1137,1137,335,0.02,0.96,0.37,3,Roll Right
1138,1138,336,0.02,0.96,0.34,3,Roll Right
1139,1139,337,0.04,0.96,0.46,3,Roll Right
1140,1140,338,0.01,0.82,0.55,3,Roll Right
1141,1141,339,0.04,0.7,0.74,3,Roll Right
1142,1142,340,0.05,0.52,0.86,3,Roll Right
1143,1143,341,0.05,0.48,0.97,3,Roll Right
1144,1144,342,0.02,0.2,1.04,3,Roll Right
1145,1145,343,0.04,0.11,0.99,3,Roll Right
1146,1146,344,0.01,0.05,1.0,3,Roll Right
1147,1147,345,-0.02,0.14,1.34,3,Roll Right
1148,1148,346,0.03,0.03,1.01,3,Roll Right
1149,1149,347,0.04,0.02,1.0,3,Roll Right
1150,1150,348,0.04,0.03,1.0,3,Roll Right
1151,1151,349,0.04,0.02,1.0,3,Roll Right
1152,1152,350,0.04,0.02,1.0,3,Roll Right
1153,1153,351,0.04,0.03,1.0,3,Roll Right
1154,1154,352,0.04,0.03,1.0,3,Roll Right
1155,1155,353,0.04,0.03,1.0,3,Roll Right
1156,1156,354,0.04,0.02,1.0,3,Roll Right
1157,1157,355,0.04,0.02,1.0,3,Roll Right
1158,1158,356,0.04,0.02,1.0,3,Roll Right
1159,1159,357,0.04,0.02,1.0,3,Roll Right
1160,1160,358,0.04,0.02,1.0,3,Roll Right
1161,1161,359,0.04,0.03,1.0,3,Roll Right
1162,1162,360,0.04,0.02,1.0,3,Roll Right
1163,1163,361,0.04,0.03,1.0,3,Roll Right
1164,1164,362,0.04,0.03,1.01,3,Roll Right
1165,1165,363,0.04,0.03,1.0,3,Roll Right
1166,1166,364,0.04,0.03,1.0,3,Roll Right
1167,1167,365,0.04,0.02,1.0,3,Roll Right
1168,1168,366,0.04,0.03,1.0,3,Roll Right
1169,1169,367,0.04,0.02,1.0,3,Roll Right
1170,1170,368,0.04,0.03,1.0,3,Roll Right
1171,1171,369,0.04,0.02,1.0,3,Roll Right
1172,1172,370,0.04,0.02,1.0,3,Roll Right
1173,1173,371,0.04,0.03,1.0,3,Roll Right
1174,1174,372,0.04,0.02,1.0,3,Roll Right
1175,1175,373,0.04,0.03,1.0,3,Roll Right
1176,1176,374,0.04,0.03,1.0,3,Roll Right
1177,1177,375,0.02,0.02,1.01,3,Roll Right
1178,1178,376,-0.0,0.08,1.09,3,Roll Right
1179,1179,377,0.0,0.25,0.98,3,Roll Right
1180,1180,378,0.02,0.41,0.81,3,Roll Right
1181,1181,379,0.07,0.58,0.76,3,Roll Right
1182,1182,380,0.05,0.8,0.67,3,Roll Right
1183,1183,381,0.05,0.87,0.58,3,Roll Right
1184,1184,382,0.06,0.96,0.43,3,Roll Right
1185,1185,383,0.06,0.93,0.39,3,Roll Right
1186,1186,384,0.03,0.92,0.26,3,Roll Right
1187,1187,385,0.04,1.0,0.33,3,Roll Right
1188,1188,386,0.02,0.88,0.43,3,Roll Right
1189,1189,387,0.02,0.86,0.55,3,Roll Right
1190,1190,388,0.04,0.53,0.88,3,Roll Right
1191,1191,389,0.02,0.37,0.98,3,Roll Right
1192,1192,390,0.0,0.21,0.96,3,Roll Right
1193,1193,391,0.0,0.0,1.04,3,Roll Right
1194,1194,392,0.02,0.04,1.01,3,Roll Right
1195,1195,393,0.05,-0.13,1.36,3,Roll Right
1196,1196,394,0.02,0.01,0.99,3,Roll Right
1197,1197,395,0.05,0.03,1.01,3,Roll Right
1198,1198,396,0.04,0.03,1.0,3,Roll Right
1199,1199,397,0.05,0.02,1.0,3,Roll Right
1200,1200,398,0.04,0.03,1.0,3,Roll Right
1201,1201,399,0.04,0.02,1.0,3,Roll Right
1202,1202,400,0.04,0.02,1.0,3,Roll Right
1203,1203,401,0.04,0.03,1.0,3,Roll Right
1204,1204,402,0.04,0.03,1.0,3,Roll Right
1205,1205,403,0.04,0.03,1.0,3,Roll Right
1206,1206,404,0.04,0.03,1.0,3,Roll Right
1207,1207,405,0.04,0.03,1.0,3,Roll Right
1208,1208,406,0.04,0.02,1.0,3,Roll Right
1209,1209,407,0.04,0.02,1.0,3,Roll Right
1210,1210,408,0.04,0.02,1.0,3,Roll Right
1211,1211,409,0.04,0.02,1.0,3,Roll Right
1212,1212,410,0.04,0.02,1.0,3,Roll Right
1213,1213,411,0.04,0.03,1.0,3,Roll Right
1214,1214,412,0.04,0.03,1.0,3,Roll Right
1215,1215,413,0.04,0.03,1.0,3,Roll Right
1216,1216,414,0.05,0.03,1.0,3,Roll Right
1217,1217,415,0.04,0.02,1.0,3,Roll Right
1218,1218,416,0.04,0.03,1.0,3,Roll Right
1219,1219,417,0.04,0.02,1.0,3,Roll Right
1220,1220,418,0.04,0.03,1.0,3,Roll Right
1221,1221,419,0.04,0.03,1.0,3,Roll Right
1222,1222,420,0.05,0.02,1.0,3,Roll Right
1223,1223,421,0.04,0.03,1.0,3,Roll Right
1224,1224,422,0.04,0.0,1.0,3,Roll Right
1225,1225,423,-0.01,0.09,1.05,3,Roll Right
1226,1226,424,0.02,0.27,1.02,3,Roll Right
1227,1227,425,0.04,0.42,0.85,3,Roll Right
1228,1228,426,0.05,0.57,0.86,3,Roll Right
1229,1229,427,0.07,0.66,0.74,3,Roll Right
1230,1230,428,0.07,0.73,0.65,3,Roll Right
1231,1231,429,0.04,0.85,0.66,3,Roll Right
1232,1232,430,0.04,0.92,0.48,3,Roll Right
1233,1233,431,0.03,0.97,0.39,3,Roll Right
1234,1234,432,0.01,1.0,0.32,3,Roll Right
1235,1235,433,0.01,0.99,0.31,3,Roll Right
1236,1236,434,0.0,0.97,0.24,3,Roll Right
1237,1237,435,-0.01,0.97,0.25,3,Roll Right
1238,1238,436,0.0,0.99,0.37,3,Roll Right
1239,1239,437,-0.04,0.86,0.5,3,Roll Right
1240,1240,438,-0.02,0.88,0.63,3,Roll Right
1241,1241,439,-0.04,0.72,0.75,3,Roll Right
1242,1242,440,0.05,0.55,0.95,3,Roll Right
1243,1243,441,0.01,0.14,1.06,3,Roll Right
1244,1244,442,0.03,0.02,1.03,3,Roll Right
1245,1245,443,0.04,0.04,0.98,3,Roll Right
1246,1246,444,0.04,0.03,1.0,3,Roll Right
1247,1247,445,0.05,0.03,1.0,3,Roll Right
1248,1248,446,0.04,0.03,1.0,3,Roll Right
1249,1249,447,0.04,0.02,1.0,3,Roll Right
1250,1250,448,0.04,0.03,1.0,3,Roll Right
1251,1251,449,0.05,0.03,1.0,3,Roll Right
1252,1252,450,0.04,0.02,1.0,3,Roll Right
1253,1253,451,0.04,0.02,1.0,3,Roll Right
1254,1254,452,0.04,0.03,1.0,3,Roll Right
1255,1255,453,0.04,0.03,1.0,3,Roll Right
1256,1256,454,0.04,0.02,1.0,3,Roll Right
1257,1257,455,0.04,0.03,1.0,3,Roll Right
1258,1258,456,0.04,0.03,1.0,3,Roll Right
1259,1259,457,0.04,0.03,1.0,3,Roll Right
1260,1260,458,0.04,0.02,1.0,3,Roll Right
1261,1261,459,0.04,0.03,1.0,3,Roll Right
1262,1262,460,0.04,0.02,1.0,3,Roll Right
1263,1263,461,0.04,0.03,1.0,3,Roll Right
1264,1264,462,0.04,0.03,1.0,3,Roll Right
1265,1265,463,0.04,0.03,1.0,3,Roll Right
1266,1266,464,0.05,0.02,1.0,3,Roll Right
1267,1267,465,0.04,0.02,1.0,3,Roll Right
1268,1268,466,0.04,0.02,1.0,3,Roll Right
1269,1269,467,0.03,0.0,1.02,3,Roll Right
1270,1270,468,0.04,0.08,1.04,3,Roll Right
1271,1271,469,-0.0,0.23,1.05,3,Roll Right
1272,1272,470,0.03,0.25,0.94,3,Roll Right
1273,1273,471,0.05,0.41,0.84,3,Roll Right
1274,1274,472,0.03,0.68,0.79,3,Roll Right
1275,1275,473,0.03,0.82,0.62,3,Roll Right
1276,1276,474,0.02,0.89,0.48,3,Roll Right
1277,1277,475,0.02,0.95,0.39,3,Roll Right
1278,1278,476,0.0,0.94,0.38,3,Roll Right
1279,1279,477,-0.0,1.0,0.32,3,Roll Right
1280,1280,478,0.0,0.98,0.31,3,Roll Right
1281,1281,479,0.01,0.87,0.37,3,Roll Right
1282,1282,480,0.02,0.8,0.64,3,Roll Right
1283,1283,481,0.05,0.63,0.71,3,Roll Right
1284,1284,482,0.02,0.43,0.97,3,Roll Right
1285,1285,483,0.01,0.32,1.0,3,Roll Right
1286,1286,484,0.02,0.02,1.02,3,Roll Right
1287,1287,485,0.03,0.08,1.11,3,Roll Right
1288,1288,486,0.04,0.02,1.0,3,Roll Right
1289,1289,487,0.05,0.03,1.0,3,Roll Right
1290,1290,488,0.04,0.02,1.0,3,Roll Right
1291,1291,489,0.04,0.03,1.0,3,Roll Right
1292,1292,490,0.04,0.02,1.0,3,Roll Right
1293,1293,491,0.05,0.02,1.0,3,Roll Right
1294,1294,492,0.04,0.02,1.0,3,Roll Right
1295,1295,493,0.04,0.02,1.0,3,Roll Right
1296,1296,494,0.04,0.02,1.0,3,Roll Right
1297,1297,495,0.05,0.02,1.0,3,Roll Right
1298,1298,496,0.04,0.03,1.0,3,Roll Right
1299,1299,497,0.04,0.02,1.0,3,Roll Right
1300,1300,498,0.04,0.02,1.0,3,Roll Right
1301,1301,499,0.05,0.02,1.0,3,Roll Right
1302,1302,500,0.04,0.02,1.0,3,Roll Right
1303,1303,501,0.04,0.03,1.0,3,Roll Right
1304,1304,502,0.04,0.03,1.0,3,Roll Right
1305,1305,503,0.04,0.03,1.0,3,Roll Right
1306,1306,504,0.04,0.02,1.0,3,Roll Right
1307,1307,505,0.04,0.03,1.0,3,Roll Right
1308,1308,506,0.05,0.02,1.0,3,Roll Right
1309,1309,507,0.04,0.03,1.0,3,Roll Right
1310,1310,508,0.05,0.02,1.0,3,Roll Right
1311,1311,509,0.04,0.03,1.0,3,Roll Right
1312,1312,510,0.04,0.02,1.0,3,Roll Right
1313,1313,511,0.04,0.03,1.0,3,Roll Right
1314,1314,512,0.04,0.03,1.0,3,Roll Right
1315,1315,513,0.05,-0.02,1.12,3,Roll Right
1316,1316,514,-0.01,0.17,1.14,3,Roll Right
1317,1317,515,0.02,0.37,0.93,3,Roll Right
1318,1318,516,0.03,0.59,0.77,3,Roll Right
1319,1319,517,0.02,0.65,0.68,3,Roll Right
1320,1320,518,0.03,0.79,0.57,3,Roll Right
1321,1321,519,0.01,1.0,0.47,3,Roll Right
1322,1322,520,0.01,0.99,0.36,3,Roll Right
1323,1323,521,0.02,0.97,0.29,3,Roll Right
1324,1324,522,0.0,1.0,0.19,3,Roll Right
1325,1325,523,-0.0,1.02,0.18,3,Roll Right
1326,1326,524,-0.0,1.0,0.18,3,Roll Right
1327,1327,525,-0.01,0.97,0.25,3,Roll Right
1328,1328,526,0.0,0.94,0.41,3,Roll Right
1329,1329,527,-0.0,0.77,0.62,3,Roll Right
1330,1330,528,0.0,0.54,0.89,3,Roll Right
1331,1331,529,0.0,0.27,0.96,3,Roll Right
1332,1332,530,0.02,0.07,1.03,3,Roll Right
1333,1333,531,0.02,0.02,1.01,3,Roll Right
1334,1334,532,0.02,0.04,1.0,3,Roll Right
1335,1335,533,0.05,0.04,1.0,3,Roll Right
1336,1336,534,0.04,0.03,1.0,3,Roll Right
1337,1337,535,0.04,0.03,1.0,3,Roll Right
1338,1338,536,0.04,-0.04,0.97,3,Roll Right
1339,1339,537,0.04,0.03,1.0,3,Roll Right
1340,1340,538,0.04,0.02,1.0,3,Roll Right
1341,1341,539,0.04,0.03,1.0,3,Roll Right
1342,1342,540,0.05,0.02,1.0,3,Roll Right
1343,1343,541,0.04,0.03,1.0,3,Roll Right
1344,1344,542,0.04,0.03,1.0,3,Roll Right
1345,1345,543,0.04,0.03,1.0,3,Roll Right
1346,1346,544,0.04,0.02,1.0,3,Roll Right
1347,1347,545,0.04,0.02,1.0,3,Roll Right
1348,1348,546,0.04,0.03,1.0,3,Roll Right
1349,1349,547,0.04,0.03,1.0,3,Roll Right
1350,1350,548,0.04,0.02,1.0,3,Roll Right
1351,1351,549,0.04,0.02,1.0,3,Roll Right
1352,1352,550,0.04,0.03,1.0,3,Roll Right
1353,1353,551,0.04,0.03,1.0,3,Roll Right
1354,1354,552,0.04,0.02,1.0,3,Roll Right
1355,1355,553,0.04,0.03,1.0,3,Roll Right
1356,1356,554,0.04,0.03,1.0,3,Roll Right
1357,1357,555,0.04,0.02,1.0,3,Roll Right
1358,1358,556,0.04,0.03,1.0,3,Roll Right
1359,1359,0,0.04,0.05,1.0,4,Roll Right
1360,1360,1,0.04,0.05,1.0,4,Roll Right
1361,1361,2,0.04,0.05,1.0,4,Roll Right
1362,1362,3,0.04,0.05,1.0,4,Roll Right
1363,1363,4,0.04,0.05,1.0,4,Roll Right
1364,1364,5,0.04,0.05,1.0,4,Roll Right
1365,1365,6,0.03,0.05,1.0,4,Roll Right
1366,1366,7,0.04,0.05,1.0,4,Roll Right
1367,1367,8,0.04,0.05,1.0,4,Roll Right
1368,1368,9,0.04,0.05,1.0,4,Roll Right
1369,1369,10,0.04,0.05,1.0,4,Roll Right
1370,1370,11,0.04,0.05,1.0,4,Roll Right
1371,1371,12,0.04,0.05,1.0,4,Roll Right
1372,1372,13,0.04,0.04,1.0,4,Roll Right
1373,1373,14,0.04,0.05,1.0,4,Roll Right
1374,1374,15,0.04,0.05,1.0,4,Roll Right
1375,1375,16,0.04,0.04,1.0,4,Roll Right
1376,1376,17,0.04,0.05,1.0,4,Roll Right
1377,1377,18,0.04,0.05,1.0,4,Roll Right
1378,1378,19,0.04,0.05,1.0,4,Roll Right
1379,1379,20,0.04,0.05,1.0,4,Roll Right
1380,1380,21,0.04,0.05,1.0,4,Roll Right
1381,1381,22,0.04,0.05,1.0,4,Roll Right
1382,1382,23,0.04,0.05,1.0,4,Roll Right
1383,1383,24,0.04,0.05,1.0,4,Roll Right
1384,1384,25,0.04,0.04,1.0,4,Roll Right
1385,1385,26,0.03,0.05,1.0,4,Roll Right
1386,1386,27,0.04,0.05,1.0,4,Roll Right
1387,1387,28,0.04,0.05,1.0,4,Roll Right
1388,1388,29,0.04,0.05,1.0,4,Roll Right
1389,1389,30,0.04,0.05,1.0,4,Roll Right
1390,1390,31,0.04,0.05,1.0,4,Roll Right
1391,1391,32,0.04,0.05,1.0,4,Roll Right
1392,1392,33,0.04,0.05,1.0,4,Roll Right
1393,1393,34,0.04,0.05,1.0,4,Roll Right
1394,1394,35,0.04,0.05,1.0,4,Roll Right
1395,1395,36,0.04,0.05,1.0,4,Roll Right
1396,1396,37,0.04,0.04,1.0,4,Roll Right
1397,1397,38,0.04,0.05,1.0,4,Roll Right
1398,1398,39,0.04,0.05,1.0,4,Roll Right
1399,1399,40,0.04,0.05,1.0,4,Roll Right
1400,1400,41,0.03,0.05,1.0,4,Roll Right
1401,1401,42,0.04,0.05,1.0,4,Roll Right
1402,1402,43,0.04,0.04,1.0,4,Roll Right
1403,1403,44,0.03,0.05,1.0,4,Roll Right
1404,1404,45,0.04,0.05,1.0,4,Roll Right
1405,1405,46,0.04,0.05,1.0,4,Roll Right
1406,1406,47,0.06,0.02,1.0,4,Roll Right
1407,1407,48,0.02,0.07,1.01,4,Roll Right
1408,1408,49,-0.08,0.12,1.06,4,Roll Right
1409,1409,50,-0.04,0.04,1.02,4,Roll Right
1410,1410,51,0.01,0.05,0.94,4,Roll Right
1411,1411,52,0.02,-0.0,0.98,4,Roll Right
1412,1412,53,0.06,0.03,0.93,4,Roll Right
1413,1413,54,0.06,-0.0,0.95,4,Roll Right
1414,1414,55,-0.0,0.0,0.96,4,Roll Right
1415,1415,56,0.04,0.59,0.97,4,Roll Right
1416,1416,57,0.01,0.99,0.63,4,Roll Right
1417,1417,58,0.12,0.95,0.28,4,Roll Right
1418,1418,59,0.12,0.98,-0.22,4,Roll Right
1419,1419,60,0.07,1.06,-0.26,4,Roll Right
1420,1420,61,0.08,1.03,-0.24,4,Roll Right
1421,1421,62,0.05,1.0,0.05,4,Roll Right
1422,1422,63,0.04,1.13,0.4,4,Roll Right
1423,1423,64,0.06,0.71,0.72,4,Roll Right
1424,1424,65,0.08,0.29,1.02,4,Roll Right
1425,1425,66,0.07,0.21,0.91,4,Roll Right
1426,1426,67,0.09,0.06,0.96,4,Roll Right
1427,1427,68,0.07,0.02,0.84,4,Roll Right
1428,1428,69,0.05,0.05,1.11,4,Roll Right
1429,1429,70,0.01,0.01,1.16,4,Roll Right
1430,1430,71,-0.05,0.04,1.01,4,Roll Right
1431,1431,72,-0.01,0.07,0.98,4,Roll Right
1432,1432,73,0.04,0.06,1.01,4,Roll Right
1433,1433,74,0.04,0.05,1.02,4,Roll Right
1434,1434,75,0.05,0.05,1.0,4,Roll Right
1435,1435,76,0.04,0.05,1.0,4,Roll Right
1436,1436,77,0.04,0.05,1.0,4,Roll Right
1437,1437,78,0.04,0.05,1.0,4,Roll Right
1438,1438,79,0.04,0.05,1.0,4,Roll Right
1439,1439,80,0.04,0.05,1.0,4,Roll Right
1440,1440,81,0.04,0.05,1.0,4,Roll Right
1441,1441,82,0.04,0.04,1.0,4,Roll Right
1442,1442,83,0.04,0.05,1.0,4,Roll Right
1443,1443,84,0.04,0.05,1.0,4,Roll Right
1444,1444,85,0.04,0.05,1.0,4,Roll Right
1445,1445,86,0.04,0.04,1.0,4,Roll Right
1446,1446,87,0.04,0.04,1.0,4,Roll Right
1447,1447,88,0.04,0.05,1.0,4,Roll Right
1448,1448,89,0.04,0.05,1.0,4,Roll Right
1449,1449,90,0.04,0.05,1.0,4,Roll Right
1450,1450,91,0.04,0.05,1.0,4,Roll Right
1451,1451,92,0.04,0.05,1.0,4,Roll Right
1452,1452,93,0.04,0.04,1.0,4,Roll Right
1453,1453,94,0.04,0.05,1.0,4,Roll Right
1454,1454,95,0.04,0.05,1.0,4,Roll Right
1455,1455,96,0.04,0.04,1.0,4,Roll Right
1456,1456,97,0.04,0.04,1.0,4,Roll Right
1457,1457,98,0.01,0.05,1.03,4,Roll Right
1458,1458,99,-0.02,-0.04,1.0,4,Roll Right
1459,1459,100,0.01,-0.01,0.99,4,Roll Right
1460,1460,101,0.02,0.0,0.86,4,Roll Right
1461,1461,102,0.05,-0.07,0.93,4,Roll Right
1462,1462,103,0.07,-0.05,0.96,4,Roll Right
1463,1463,104,0.06,-0.02,1.03,4,Roll Right
1464,1464,105,0.06,0.11,1.01,4,Roll Right
1465,1465,106,0.09,0.72,1.0,4,Roll Right
1466,1466,107,0.1,0.89,0.47,4,Roll Right
1467,1467,108,0.07,1.01,0.13,4,Roll Right
1468,1468,109,0.1,0.97,-0.14,4,Roll Right
1469,1469,110,0.05,1.04,-0.3,4,Roll Right
1470,1470,111,0.07,1.0,-0.21,4,Roll Right
1471,1471,112,0.03,1.02,-0.14,4,Roll Right
1472,1472,113,0.05,1.0,0.25,4,Roll Right
1473,1473,114,0.12,0.76,0.59,4,Roll Right
1474,1474,115,0.15,0.4,0.94,4,Roll Right
1475,1475,116,0.16,0.34,0.95,4,Roll Right
1476,1476,117,0.11,0.24,0.88,4,Roll Right
1477,1477,118,0.12,0.14,0.89,4,Roll Right
1478,1478,119,0.07,0.11,1.04,4,Roll Right
1479,1479,120,0.05,0.08,1.0,4,Roll Right
1480,1480,121,0.05,0.15,1.02,4,Roll Right
1481,1481,122,-0.03,0.06,1.02,4,Roll Right
1482,1482,123,-0.0,0.07,0.98,4,Roll Right
1483,1483,124,0.02,0.02,1.05,4,Roll Right
1484,1484,125,0.04,0.04,1.0,4,Roll Right
1485,1485,126,0.04,0.04,1.0,4,Roll Right
1486,1486,127,0.04,0.04,1.0,4,Roll Right
1487,1487,128,0.04,0.05,1.0,4,Roll Right
1488,1488,129,0.04,0.05,1.0,4,Roll Right
1489,1489,130,0.04,0.05,1.0,4,Roll Right
1490,1490,131,0.04,0.04,1.0,4,Roll Right
1491,1491,132,0.04,0.05,1.0,4,Roll Right
1492,1492,133,0.04,0.05,1.0,4,Roll Right
1493,1493,134,0.04,0.04,1.0,4,Roll Right
1494,1494,135,0.04,0.05,1.0,4,Roll Right
1495,1495,136,0.04,0.05,1.0,4,Roll Right
1496,1496,137,0.04,0.05,1.0,4,Roll Right
1497,1497,138,0.04,0.05,1.0,4,Roll Right
1498,1498,139,0.04,0.05,1.0,4,Roll Right
1499,1499,140,0.04,0.05,1.0,4,Roll Right
1500,1500,141,0.04,0.05,1.0,4,Roll Right
1501,1501,142,0.04,0.05,1.0,4,Roll Right
1502,1502,143,0.04,0.05,1.0,4,Roll Right
1503,1503,144,0.04,0.04,1.0,4,Roll Right
1504,1504,145,0.04,0.05,1.0,4,Roll Right
1505,1505,146,0.04,0.04,1.0,4,Roll Right
1506,1506,147,0.04,0.05,1.0,4,Roll Right
1507,1507,148,0.04,0.05,1.0,4,Roll Right
1508,1508,149,0.02,0.05,1.01,4,Roll Right
1509,1509,150,-0.05,0.01,1.02,4,Roll Right
1510,1510,151,-0.07,-0.04,0.87,4,Roll Right
1511,1511,152,-0.0,-0.01,0.96,4,Roll Right
1512,1512,153,0.01,0.0,0.97,4,Roll Right
1513,1513,154,0.04,-0.04,0.97,4,Roll Right
1514,1514,155,0.06,-0.04,0.97,4,Roll Right
1515,1515,156,0.06,0.0,1.01,4,Roll Right
1516,1516,157,0.01,0.27,1.02,4,Roll Right
1517,1517,158,0.08,0.66,0.76,4,Roll Right
1518,1518,159,0.07,0.87,0.43,4,Roll Right
1519,1519,160,0.08,1.01,0.04,4,Roll Right
1520,1520,161,0.08,0.96,-0.22,4,Roll Right
1521,1521,162,0.04,1.07,-0.29,4,Roll Right
1522,1522,163,0.04,1.05,-0.15,4,Roll Right
1523,1523,164,0.07,1.17,0.15,4,Roll Right
1524,1524,165,0.08,0.91,0.48,4,Roll Right
1525,1525,166,0.08,0.73,0.7,4,Roll Right
1526,1526,167,0.11,0.47,0.9,4,Roll Right
1527,1527,168,0.11,0.3,0.89,4,Roll Right
1528,1528,169,0.06,0.25,0.99,4,Roll Right
1529,1529,170,0.02,0.14,0.97,4,Roll Right
1530,1530,171,0.02,0.08,1.05,4,Roll Right
1531,1531,172,0.04,0.05,1.02,4,Roll Right
1532,1532,173,0.03,-0.01,0.95,4,Roll Right
1533,1533,174,0.04,0.04,0.98,4,Roll Right
1534,1534,175,0.04,0.06,1.0,4,Roll Right
1535,1535,176,0.06,0.03,0.96,4,Roll Right
1536,1536,177,0.04,0.05,1.0,4,Roll Right
1537,1537,178,0.04,0.05,1.0,4,Roll Right
1538,1538,179,0.04,0.05,1.0,4,Roll Right
1539,1539,180,0.04,0.05,1.0,4,Roll Right
1540,1540,181,0.03,0.05,1.0,4,Roll Right
1541,1541,182,0.04,0.05,1.0,4,Roll Right
1542,1542,183,0.04,0.04,1.0,4,Roll Right
1543,1543,184,0.04,0.05,1.0,4,Roll Right
1544,1544,185,0.04,0.04,1.0,4,Roll Right
1545,1545,186,0.04,0.05,1.0,4,Roll Right
1546,1546,187,0.04,0.05,1.0,4,Roll Right
1547,1547,188,0.04,0.05,1.0,4,Roll Right
1548,1548,189,0.04,0.05,1.0,4,Roll Right
1549,1549,190,0.04,0.05,1.0,4,Roll Right
1550,1550,191,0.04,0.05,1.0,4,Roll Right
1551,1551,192,0.04,0.05,1.0,4,Roll Right
1552,1552,193,0.04,0.05,1.0,4,Roll Right
1553,1553,194,0.04,0.05,1.0,4,Roll Right
1554,1554,195,0.04,0.05,1.0,4,Roll Right
1555,1555,196,0.04,0.05,1.0,4,Roll Right
1556,1556,197,0.04,0.05,1.0,4,Roll Right
1557,1557,198,0.04,0.04,1.0,4,Roll Right
1558,1558,199,0.04,0.04,1.0,4,Roll Right
1559,1559,200,0.04,0.05,1.0,4,Roll Right
1560,1560,201,0.04,0.05,1.0,4,Roll Right
1561,1561,202,0.04,0.05,1.0,4,Roll Right
1562,1562,203,0.03,0.05,1.0,4,Roll Right
1563,1563,204,0.04,0.04,1.0,4,Roll Right
1564,1564,205,0.04,0.04,1.0,4,Roll Right
1565,1565,206,0.04,0.05,1.0,4,Roll Right
1566,1566,207,0.04,0.05,1.0,4,Roll Right
1567,1567,208,0.04,0.05,1.0,4,Roll Right
1568,1568,209,0.04,0.04,1.0,4,Roll Right
1569,1569,210,0.04,0.04,1.0,4,Roll Right
1570,1570,211,0.03,0.04,1.0,4,Roll Right
1571,1571,212,0.02,0.04,1.02,4,Roll Right
1572,1572,213,-0.02,0.24,1.27,4,Roll Right
1573,1573,214,-0.01,0.11,1.03,4,Roll Right
1574,1574,215,0.02,0.11,0.97,4,Roll Right
1575,1575,216,0.06,0.02,0.99,4,Roll Right
1576,1576,217,0.07,0.07,1.0,4,Roll Right
1577,1577,218,0.1,0.65,0.84,4,Roll Right
1578,1578,219,0.05,0.96,0.58,4,Roll Right
1579,1579,220,0.12,1.03,0.05,4,Roll Right
1580,1580,221,0.07,1.07,-0.19,4,Roll Right
1581,1581,222,0.09,1.0,-0.19,4,Roll Right
1582,1582,223,0.02,1.02,-0.18,4,Roll Right
1583,1583,224,0.04,1.02,0.27,4,Roll Right
1584,1584,225,0.14,0.82,0.63,4,Roll Right
1585,1585,226,0.09,0.59,0.83,4,Roll Right
1586,1586,227,0.13,0.39,0.9,4,Roll Right
1587,1587,228,0.09,0.29,0.83,4,Roll Right
1588,1588,229,0.05,0.23,0.99,4,Roll Right
1589,1589,230,0.02,0.19,1.02,4,Roll Right
1590,1590,231,0.04,0.06,1.02,4,Roll Right
1591,1591,232,-0.01,0.14,0.97,4,Roll Right
1592,1592,233,0.01,0.03,1.0,4,Roll Right
1593,1593,234,0.03,0.05,1.01,4,Roll Right
1594,1594,235,0.05,0.04,1.0,4,Roll Right
1595,1595,236,0.04,0.05,1.0,4,Roll Right
1596,1596,237,0.04,0.04,1.0,4,Roll Right
1597,1597,238,0.04,0.04,1.0,4,Roll Right
1598,1598,239,0.04,0.05,1.0,4,Roll Right
1599,1599,240,0.04,0.05,1.0,4,Roll Right
1600,1600,241,0.04,0.04,1.0,4,Roll Right
1601,1601,242,0.04,0.05,1.0,4,Roll Right
1602,1602,243,0.04,0.04,1.0,4,Roll Right
1603,1603,244,0.04,0.04,1.0,4,Roll Right
1604,1604,245,0.04,0.05,1.0,4,Roll Right
1605,1605,246,0.04,0.05,1.0,4,Roll Right
1606,1606,247,0.04,0.04,1.0,4,Roll Right
1607,1607,248,0.04,0.04,1.0,4,Roll Right
1608,1608,249,0.03,0.05,1.0,4,Roll Right
1609,1609,250,0.04,0.05,1.0,4,Roll Right
1610,1610,251,0.04,0.05,1.0,4,Roll Right
1611,1611,252,0.04,0.05,1.0,4,Roll Right
1612,1612,253,0.05,0.02,1.0,4,Roll Right
1613,1613,254,0.03,0.05,1.0,4,Roll Right
1614,1614,255,0.04,0.04,1.0,4,Roll Right
1615,1615,256,0.04,0.05,1.0,4,Roll Right
1616,1616,257,0.04,0.05,1.0,4,Roll Right
1617,1617,258,0.04,0.05,1.0,4,Roll Right
1618,1618,259,0.04,0.05,1.0,4,Roll Right
1619,1619,260,0.04,0.05,1.0,4,Roll Right
1620,1620,261,0.04,0.04,1.0,4,Roll Right
1621,1621,262,0.07,0.02,1.02,4,Roll Right
1622,1622,263,-0.03,0.2,1.04,4,Roll Right
1623,1623,264,-0.01,-0.03,1.05,4,Roll Right
1624,1624,265,0.02,0.02,0.96,4,Roll Right
1625,1625,266,0.03,0.0,0.96,4,Roll Right
1626,1626,267,0.04,0.0,0.98,4,Roll Right
1627,1627,268,0.07,0.01,0.97,4,Roll Right
1628,1628,269,0.08,0.01,0.98,4,Roll Right
1629,1629,270,0.06,0.02,0.99,4,Roll Right
1630,1630,271,0.07,0.02,1.02,4,Roll Right
1631,1631,272,0.08,0.02,1.02,4,Roll Right
1632,1632,273,0.09,0.11,1.07,4,Roll Right
1633,1633,274,0.11,0.42,0.89,4,Roll Right
1634,1634,275,0.1,0.81,0.63,4,Roll Right
1635,1635,276,0.08,0.96,0.17,4,Roll Right
1636,1636,277,0.04,1.02,-0.14,4,Roll Right
1637,1637,278,0.04,0.99,-0.24,4,Roll Right
1638,1638,279,0.04,1.01,-0.2,4,Roll Right
1639,1639,280,0.07,1.07,0.2,4,Roll Right
1640,1640,281,0.1,0.71,0.64,4,Roll Right
1641,1641,282,0.1,0.57,1.04,4,Roll Right
1642,1642,283,0.09,0.25,1.06,4,Roll Right
1643,1643,284,0.07,0.04,1.0,4,Roll Right
1644,1644,285,0.05,0.1,0.95,4,Roll Right
1645,1645,286,0.06,0.07,0.95,4,Roll Right
1646,1646,287,0.08,0.13,1.0,4,Roll Right
1647,1647,288,0.02,0.02,1.01,4,Roll Right
1648,1648,289,-0.03,0.06,1.0,4,Roll Right
1649,1649,290,0.03,0.04,0.98,4,Roll Right
1650,1650,291,0.05,0.05,1.0,4,Roll Right
1651,1651,292,0.04,0.05,1.0,4,Roll Right
1652,1652,293,0.04,0.05,1.0,4,Roll Right
1653,1653,294,0.04,0.04,1.0,4,Roll Right
1654,1654,295,0.04,0.04,1.0,4,Roll Right
1655,1655,296,0.04,0.04,1.0,4,Roll Right
1656,1656,297,0.04,0.05,1.0,4,Roll Right
1657,1657,298,0.04,0.05,1.0,4,Roll Right
1658,1658,299,0.04,0.05,1.0,4,Roll Right
1659,1659,300,0.04,0.05,1.0,4,Roll Right
1660,1660,301,0.04,0.04,1.0,4,Roll Right
1661,1661,302,0.04,0.05,1.0,4,Roll Right
1662,1662,303,0.04,0.05,1.0,4,Roll Right
1663,1663,304,0.04,0.05,1.0,4,Roll Right
1664,1664,305,0.04,0.04,1.0,4,Roll Right
1665,1665,306,0.04,0.05,1.0,4,Roll Right
1666,1666,307,0.04,0.05,1.0,4,Roll Right
1667,1667,308,0.04,0.04,1.0,4,Roll Right
1668,1668,309,0.04,0.05,1.0,4,Roll Right
1669,1669,310,0.04,0.05,1.0,4,Roll Right
1670,1670,311,0.04,0.05,1.0,4,Roll Right
1671,1671,312,0.04,0.04,1.0,4,Roll Right
1672,1672,313,0.04,0.05,1.0,4,Roll Right
1673,1673,314,0.04,0.05,1.0,4,Roll Right
1674,1674,315,0.04,0.05,1.0,4,Roll Right
1675,1675,316,0.04,0.05,1.0,4,Roll Right
1676,1676,317,0.03,0.05,1.0,4,Roll Right
1677,1677,318,0.04,0.05,1.0,4,Roll Right
1678,1678,319,0.04,0.05,1.0,4,Roll Right
1679,1679,320,0.04,0.05,1.01,4,Roll Right
1680,1680,321,0.03,0.05,1.0,4,Roll Right
1681,1681,322,0.04,0.04,1.0,4,Roll Right
1682,1682,323,0.04,0.04,1.0,4,Roll Right
1683,1683,324,0.03,0.04,1.0,4,Roll Right
1684,1684,325,0.02,0.05,1.07,4,Roll Right
1685,1685,326,-0.01,-0.04,1.1,4,Roll Right
1686,1686,327,0.0,0.02,1.05,4,Roll Right
1687,1687,328,0.03,0.01,1.01,4,Roll Right
1688,1688,329,0.05,-0.07,0.98,4,Roll Right
1689,1689,330,0.07,-0.09,1.0,4,Roll Right
1690,1690,331,0.1,0.0,0.98,4,Roll Right
1691,1691,332,0.09,0.03,1.01,4,Roll Right
1692,1692,333,0.08,0.29,0.92,4,Roll Right
1693,1693,334,0.07,0.78,0.76,4,Roll Right
1694,1694,335,0.14,0.91,0.47,4,Roll Right
1695,1695,336,0.07,0.88,-0.08,4,Roll Right
1696,1696,337,0.12,0.94,-0.16,4,Roll Right
1697,1697,338,0.08,0.95,-0.28,4,Roll Right
1698,1698,339,0.09,1.02,-0.23,4,Roll Right
1699,1699,340,0.11,1.08,-0.08,4,Roll Right
1700,1700,341,0.09,0.95,0.24,4,Roll Right
1701,1701,342,0.11,0.81,0.66,4,Roll Right
1702,1702,343,0.13,0.46,0.96,4,Roll Right
1703,1703,344,0.12,0.27,0.94,4,Roll Right
1704,1704,345,0.06,0.19,0.88,4,Roll Right
1705,1705,346,0.06,0.16,1.01,4,Roll Right
1706,1706,347,-0.0,0.13,1.02,4,Roll Right
1707,1707,348,0.05,0.08,1.02,4,Roll Right
1708,1708,349,-0.0,0.04,1.02,4,Roll Right
1709,1709,350,-0.03,0.05,1.09,4,Roll Right
1710,1710,351,0.01,-0.01,1.01,4,Roll Right
1711,1711,352,0.03,0.05,1.0,4,Roll Right
1712,1712,353,0.04,0.05,1.0,4,Roll Right
1713,1713,354,0.03,0.05,1.0,4,Roll Right
1714,1714,355,0.04,0.05,1.0,4,Roll Right
1715,1715,356,0.04,0.04,1.0,4,Roll Right
1716,1716,357,0.04,0.05,1.0,4,Roll Right
1717,1717,358,0.04,0.05,1.0,4,Roll Right
1718,1718,359,0.04,0.05,1.0,4,Roll Right
1719,1719,360,0.04,0.05,1.0,4,Roll Right
1720,1720,361,0.04,0.05,1.0,4,Roll Right
1721,1721,362,0.04,0.05,1.0,4,Roll Right
1722,1722,363,0.04,0.05,1.0,4,Roll Right
1723,1723,364,0.04,0.05,1.0,4,Roll Right
1724,1724,365,0.04,0.04,1.0,4,Roll Right
1725,1725,366,0.04,0.05,1.0,4,Roll Right
1726,1726,367,0.04,0.05,1.0,4,Roll Right
1727,1727,368,0.04,0.04,1.0,4,Roll Right
1728,1728,369,0.04,0.05,1.0,4,Roll Right
1729,1729,370,0.04,0.05,1.0,4,Roll Right
1730,1730,371,0.04,0.04,1.0,4,Roll Right
1731,1731,372,0.04,0.05,1.0,4,Roll Right
1732,1732,373,0.04,0.04,1.0,4,Roll Right
1733,1733,374,0.04,0.05,1.0,4,Roll Right
1734,1734,375,0.04,0.05,1.0,4,Roll Right
1735,1735,376,0.04,0.05,1.0,4,Roll Right
1736,1736,377,0.04,0.05,1.0,4,Roll Right
1737,1737,378,0.04,0.05,1.0,4,Roll Right
1738,1738,379,0.04,0.05,1.0,4,Roll Right
1739,1739,380,0.04,0.05,1.0,4,Roll Right
1740,1740,381,0.04,0.05,1.0,4,Roll Right
1741,1741,382,0.04,0.05,1.0,4,Roll Right
1742,1742,383,0.04,0.05,1.0,4,Roll Right
1743,1743,384,0.04,0.05,1.0,4,Roll Right
1744,1744,385,0.04,0.04,1.0,4,Roll Right
1745,1745,386,0.04,0.05,1.0,4,Roll Right
1746,1746,387,0.04,0.05,1.0,4,Roll Right
1747,1747,388,0.04,0.05,1.0,4,Roll Right
1748,1748,389,0.03,0.04,1.0,4,Roll Right
1749,1749,390,0.02,0.03,1.05,4,Roll Right
1750,1750,391,-0.01,-0.06,1.07,4,Roll Right
1751,1751,392,-0.02,0.01,1.02,4,Roll Right
1752,1752,393,0.0,0.04,1.0,4,Roll Right
1753,1753,394,-0.01,-0.02,1.0,4,Roll Right
1754,1754,395,0.04,0.02,0.97,4,Roll Right
1755,1755,396,0.06,0.01,0.98,4,Roll Right
1756,1756,397,0.04,0.05,0.99,4,Roll Right
1757,1757,398,0.06,0.29,0.98,4,Roll Right
1758,1758,399,0.05,0.63,0.9,4,Roll Right
1759,1759,400,0.12,0.86,0.62,4,Roll Right
1760,1760,401,0.08,1.06,0.26,4,Roll Right
1761,1761,402,0.09,1.0,-0.1,4,Roll Right
1762,1762,403,0.09,1.12,-0.22,4,Roll Right
1763,1763,404,0.07,1.04,-0.32,4,Roll Right
1764,1764,405,0.1,1.07,-0.1,4,Roll Right
1765,1765,406,0.08,0.96,-0.08,4,Roll Right
1766,1766,407,0.13,0.95,0.32,4,Roll Right
1767,1767,408,0.12,0.85,0.52,4,Roll Right
1768,1768,409,0.15,0.57,0.79,4,Roll Right
1769,1769,410,0.14,0.42,0.92,4,Roll Right
1770,1770,411,0.14,0.35,0.95,4,Roll Right
1771,1771,412,0.11,0.25,0.94,4,Roll Right
1772,1772,413,0.13,0.2,0.93,4,Roll Right
1773,1773,414,0.11,0.19,0.99,4,Roll Right
1774,1774,415,0.08,0.11,1.0,4,Roll Right
1775,1775,416,0.04,0.08,1.01,4,Roll Right
1776,1776,417,0.0,0.06,0.99,4,Roll Right
1777,1777,418,-0.03,0.11,1.0,4,Roll Right
1778,1778,419,0.01,0.07,0.98,4,Roll Right
1779,1779,420,0.05,0.05,1.0,4,Roll Right
1780,1780,421,0.04,0.05,1.0,4,Roll Right
1781,1781,422,0.03,0.05,1.0,4,Roll Right
1782,1782,423,0.04,0.05,1.0,4,Roll Right
1783,1783,424,0.04,0.05,1.0,4,Roll Right
1784,1784,425,0.04,0.05,1.0,4,Roll Right
1785,1785,426,0.04,0.05,1.0,4,Roll Right
1786,1786,427,0.04,0.05,1.0,4,Roll Right
1787,1787,428,0.04,0.05,1.0,4,Roll Right
1788,1788,429,0.04,0.04,1.0,4,Roll Right
1789,1789,430,0.04,0.05,1.0,4,Roll Right
1790,1790,431,0.04,0.04,1.0,4,Roll Right
1791,1791,432,0.04,0.05,1.0,4,Roll Right
1792,1792,433,0.04,0.05,1.0,4,Roll Right
1793,1793,434,0.04,0.05,1.0,4,Roll Right
1794,1794,435,0.04,0.05,1.0,4,Roll Right
1795,1795,436,0.04,0.05,1.0,4,Roll Right
1796,1796,437,0.04,0.05,1.0,4,Roll Right
1797,1797,438,0.04,0.05,1.0,4,Roll Right
1798,1798,439,0.04,0.04,1.0,4,Roll Right
1799,1799,440,0.04,0.05,1.0,4,Roll Right
1800,1800,441,0.04,0.05,1.0,4,Roll Right
1801,1801,442,0.04,0.05,1.0,4,Roll Right
1802,1802,443,0.04,0.05,1.0,4,Roll Right
1803,1803,444,0.04,0.05,1.0,4,Roll Right
1804,1804,445,0.04,0.05,1.0,4,Roll Right
1805,1805,446,0.04,0.05,1.0,4,Roll Right
1806,1806,447,0.04,0.05,1.0,4,Roll Right
1807,1807,448,0.04,0.05,1.0,4,Roll Right
1808,1808,449,0.03,0.05,1.0,4,Roll Right
1809,1809,450,0.01,0.04,1.02,4,Roll Right
1810,1810,451,-0.04,-0.09,1.12,4,Roll Right
1811,1811,452,-0.02,-0.01,1.03,4,Roll Right
1812,1812,453,0.0,0.0,1.07,4,Roll Right
1813,1813,454,0.0,0.01,1.0,4,Roll Right
1814,1814,455,0.03,0.02,0.97,4,Roll Right
1815,1815,456,0.07,0.07,0.98,4,Roll Right
1816,1816,457,0.08,0.05,0.95,4,Roll Right
1817,1817,458,0.07,0.12,1.0,4,Roll Right
1818,1818,459,0.05,0.3,0.94,4,Roll Right
1819,1819,460,0.05,0.47,0.95,4,Roll Right
1820,1820,461,0.07,0.93,0.62,4,Roll Right
1821,1821,462,0.1,1.11,0.27,4,Roll Right
1822,1822,463,0.15,1.14,0.0,4,Roll Right
1823,1823,464,0.12,0.99,-0.22,4,Roll Right
1824,1824,465,0.14,0.91,-0.25,4,Roll Right
1825,1825,466,0.13,0.99,-0.18,4,Roll Right
1826,1826,467,0.12,1.15,0.08,4,Roll Right
1827,1827,468,0.12,1.01,0.34,4,Roll Right
1828,1828,469,0.13,0.8,0.65,4,Roll Right
1829,1829,470,0.16,0.64,0.8,4,Roll Right
1830,1830,471,0.13,0.38,0.94,4,Roll Right
1831,1831,472,0.12,0.22,0.96,4,Roll Right
1832,1832,473,0.11,0.18,0.93,4,Roll Right
1833,1833,474,0.11,0.18,0.96,4,Roll Right
1834,1834,475,0.04,0.09,1.01,4,Roll Right
1835,1835,476,0.05,0.11,1.0,4,Roll Right
1836,1836,477,0.01,0.11,1.07,4,Roll Right
1837,1837,478,0.04,0.02,1.02,4,Roll Right
1838,1838,479,0.01,0.01,1.0,4,Roll Right
1839,1839,480,-0.0,0.04,1.04,4,Roll Right
1840,1840,481,0.03,0.05,1.01,4,Roll Right
1841,1841,482,0.04,0.05,1.0,4,Roll Right
1842,1842,483,0.04,0.04,1.0,4,Roll Right
1843,1843,484,0.04,0.05,1.01,4,Roll Right
1844,1844,485,0.04,0.05,1.0,4,Roll Right
1845,1845,486,0.04,0.04,1.0,4,Roll Right
1846,1846,487,0.04,0.05,1.0,4,Roll Right
1847,1847,488,0.04,0.05,1.0,4,Roll Right
1848,1848,489,0.04,0.05,1.0,4,Roll Right
1849,1849,490,0.04,0.04,1.0,4,Roll Right
1850,1850,491,0.04,0.05,1.0,4,Roll Right
1851,1851,492,0.04,0.05,1.0,4,Roll Right
1852,1852,493,0.04,0.05,1.0,4,Roll Right
1853,1853,494,0.04,0.05,1.0,4,Roll Right
1854,1854,495,0.04,0.05,1.0,4,Roll Right
1855,1855,496,0.04,0.05,1.0,4,Roll Right
1856,1856,497,0.04,0.05,1.0,4,Roll Right
1857,1857,498,0.04,0.05,1.0,4,Roll Right
1858,1858,499,0.04,0.04,1.0,4,Roll Right
1859,1859,500,0.04,0.05,1.0,4,Roll Right
1860,1860,501,0.04,0.05,1.0,4,Roll Right
1861,1861,502,0.04,0.05,1.0,4,Roll Right
1862,1862,503,0.04,0.05,1.0,4,Roll Right
1863,1863,504,0.03,0.05,1.0,4,Roll Right
1864,1864,0,0.04,0.04,1.0,5,Roll Right
1865,1865,1,0.04,0.04,1.0,5,Roll Right
1866,1866,2,0.04,0.04,1.0,5,Roll Right
1867,1867,3,0.04,0.04,1.0,5,Roll Right
1868,1868,4,0.04,0.04,1.0,5,Roll Right
1869,1869,5,0.04,0.04,1.0,5,Roll Right
1870,1870,6,0.04,0.04,1.0,5,Roll Right
1871,1871,7,0.04,0.04,1.0,5,Roll Right
1872,1872,8,0.04,0.04,1.0,5,Roll Right
1873,1873,9,0.04,0.04,1.0,5,Roll Right
1874,1874,10,0.04,0.04,1.0,5,Roll Right
1875,1875,11,0.04,0.04,1.0,5,Roll Right
1876,1876,12,0.04,0.04,1.0,5,Roll Right
1877,1877,13,0.04,0.04,1.0,5,Roll Right
1878,1878,14,0.04,0.04,1.0,5,Roll Right
1879,1879,15,0.04,0.04,1.0,5,Roll Right
1880,1880,16,0.04,0.05,1.0,5,Roll Right
1881,1881,17,0.04,0.04,1.0,5,Roll Right
1882,1882,18,0.04,0.04,1.0,5,Roll Right
1883,1883,19,0.04,0.04,1.0,5,Roll Right
1884,1884,20,0.04,0.04,1.0,5,Roll Right
1885,1885,21,0.04,0.04,1.0,5,Roll Right
1886,1886,22,0.04,0.04,1.0,5,Roll Right
1887,1887,23,0.04,0.04,1.0,5,Roll Right
1888,1888,24,0.04,0.04,1.0,5,Roll Right
1889,1889,25,0.04,0.04,1.0,5,Roll Right
1890,1890,26,0.04,0.04,1.0,5,Roll Right
1891,1891,27,0.04,0.04,1.0,5,Roll Right
1892,1892,28,0.04,0.04,1.0,5,Roll Right
1893,1893,29,0.04,0.04,1.0,5,Roll Right
1894,1894,30,0.04,0.04,1.0,5,Roll Right
1895,1895,31,0.04,0.04,1.0,5,Roll Right
1896,1896,32,0.04,0.04,1.0,5,Roll Right
1897,1897,33,0.04,0.04,1.0,5,Roll Right
1898,1898,34,0.04,0.04,1.0,5,Roll Right
1899,1899,35,0.04,0.04,1.0,5,Roll Right
1900,1900,36,0.04,0.04,1.0,5,Roll Right
1901,1901,37,0.04,0.04,1.0,5,Roll Right
1902,1902,38,0.04,0.05,1.0,5,Roll Right
1903,1903,39,0.04,0.04,1.0,5,Roll Right
1904,1904,40,0.04,0.05,1.0,5,Roll Right
1905,1905,41,0.04,0.04,1.0,5,Roll Right
1906,1906,42,0.04,0.04,1.0,5,Roll Right
1907,1907,43,0.04,0.04,1.0,5,Roll Right
1908,1908,44,0.05,0.05,1.0,5,Roll Right
1909,1909,45,0.05,0.07,1.0,5,Roll Right
1910,1910,46,0.05,0.18,1.08,5,Roll Right
1911,1911,47,0.02,0.89,0.78,5,Roll Right
1912,1912,48,0.08,0.92,0.29,5,Roll Right
1913,1913,49,0.07,0.98,-0.07,5,Roll Right
1914,1914,50,0.05,1.0,-0.25,5,Roll Right
1915,1915,51,0.05,1.06,-0.2,5,Roll Right
1916,1916,52,0.05,0.78,0.18,5,Roll Right
1917,1917,53,0.09,0.89,0.67,5,Roll Right
1918,1918,54,0.07,0.41,0.85,5,Roll Right
1919,1919,55,0.09,0.26,1.05,5,Roll Right
1920,1920,56,0.07,0.21,1.04,5,Roll Right
1921,1921,57,0.05,0.01,1.11,5,Roll Right
1922,1922,58,0.05,0.03,0.98,5,Roll Right
1923,1923,59,0.04,-0.01,0.91,5,Roll Right
1924,1924,60,0.05,0.03,1.0,5,Roll Right
1925,1925,61,0.04,0.04,1.0,5,Roll Right
1926,1926,62,0.04,0.04,1.0,5,Roll Right
1927,1927,63,0.04,0.04,1.0,5,Roll Right
1928,1928,64,0.04,0.04,1.0,5,Roll Right
1929,1929,65,0.04,0.04,1.0,5,Roll Right
1930,1930,66,0.04,0.04,1.0,5,Roll Right
1931,1931,67,0.04,0.04,1.0,5,Roll Right
1932,1932,68,0.04,0.04,1.0,5,Roll Right
1933,1933,69,0.04,0.04,1.0,5,Roll Right
1934,1934,70,0.04,0.04,1.0,5,Roll Right
1935,1935,71,0.04,0.04,1.0,5,Roll Right
1936,1936,72,0.04,0.04,1.0,5,Roll Right
1937,1937,73,0.04,0.04,1.0,5,Roll Right
1938,1938,74,0.04,0.04,1.0,5,Roll Right
1939,1939,75,0.04,0.04,1.0,5,Roll Right
1940,1940,76,0.04,0.04,1.0,5,Roll Right
1941,1941,77,0.04,0.04,1.0,5,Roll Right
1942,1942,78,0.04,0.04,1.0,5,Roll Right
1943,1943,79,0.04,0.04,1.0,5,Roll Right
1944,1944,80,0.04,0.04,1.0,5,Roll Right
1945,1945,81,0.04,0.04,1.0,5,Roll Right
1946,1946,82,0.04,0.04,1.0,5,Roll Right
1947,1947,83,0.04,0.04,1.0,5,Roll Right
1948,1948,84,0.04,0.04,1.0,5,Roll Right
1949,1949,85,0.04,0.04,1.0,5,Roll Right
1950,1950,86,0.04,0.04,1.0,5,Roll Right
1951,1951,87,0.04,0.04,1.0,5,Roll Right
1952,1952,88,0.04,0.04,1.0,5,Roll Right
1953,1953,89,0.04,0.04,1.0,5,Roll Right
1954,1954,90,0.04,0.04,1.0,5,Roll Right
1955,1955,91,0.04,0.04,1.0,5,Roll Right
1956,1956,92,0.04,0.04,1.0,5,Roll Right
1957,1957,93,0.04,0.04,1.0,5,Roll Right
1958,1958,94,0.05,0.02,1.11,5,Roll Right
1959,1959,95,0.03,0.29,1.07,5,Roll Right
1960,1960,96,-0.03,0.77,0.87,5,Roll Right
1961,1961,97,-0.0,0.91,0.22,5,Roll Right
1962,1962,98,0.01,1.06,0.04,5,Roll Right
1963,1963,99,0.0,1.02,-0.18,5,Roll Right
1964,1964,100,0.0,1.06,-0.1,5,Roll Right
1965,1965,101,0.02,0.98,-0.02,5,Roll Right
1966,1966,102,0.08,0.67,0.66,5,Roll Right
1967,1967,103,0.08,0.45,0.95,5,Roll Right
1968,1968,104,0.08,0.17,1.02,5,Roll Right
1969,1969,105,0.04,0.16,0.98,5,Roll Right
1970,1970,106,0.0,0.16,1.01,5,Roll Right
1971,1971,107,0.02,0.08,0.99,5,Roll Right
1972,1972,108,0.02,0.09,0.99,5,Roll Right
1973,1973,109,0.03,0.04,1.0,5,Roll Right
1974,1974,110,0.05,0.04,1.0,5,Roll Right
1975,1975,111,0.06,0.04,1.0,5,Roll Right
1976,1976,112,0.04,0.04,1.0,5,Roll Right
1977,1977,113,0.04,0.04,1.0,5,Roll Right
1978,1978,114,0.04,0.04,1.0,5,Roll Right
1979,1979,115,0.04,0.04,1.0,5,Roll Right
1980,1980,116,0.04,0.04,1.0,5,Roll Right
1981,1981,117,0.04,0.04,1.0,5,Roll Right
1982,1982,118,0.04,0.04,1.0,5,Roll Right
1983,1983,119,0.04,0.04,1.0,5,Roll Right
1984,1984,120,0.04,0.04,1.0,5,Roll Right
1985,1985,121,0.04,0.04,1.0,5,Roll Right
1986,1986,122,0.04,0.04,1.0,5,Roll Right
1987,1987,123,0.04,0.04,1.0,5,Roll Right
1988,1988,124,0.04,0.04,1.0,5,Roll Right
1989,1989,125,0.04,0.04,1.0,5,Roll Right
1990,1990,126,0.04,0.04,1.0,5,Roll Right
1991,1991,127,0.04,0.04,1.0,5,Roll Right
1992,1992,128,0.04,0.04,1.0,5,Roll Right
1993,1993,129,0.04,0.04,1.0,5,Roll Right
1994,1994,130,0.04,0.04,1.0,5,Roll Right
1995,1995,131,0.04,0.04,1.0,5,Roll Right
1996,1996,132,0.04,0.04,1.0,5,Roll Right
1997,1997,133,0.04,0.04,1.0,5,Roll Right
1998,1998,134,0.04,0.04,1.0,5,Roll Right
1999,1999,135,0.04,0.04,1.0,5,Roll Right
2000,2000,136,0.04,0.04,1.0,5,Roll Right
2001,2001,137,0.04,0.04,1.0,5,Roll Right
2002,2002,138,0.04,0.04,1.0,5,Roll Right
2003,2003,139,0.04,0.04,1.0,5,Roll Right
2004,2004,140,0.04,0.04,1.0,5,Roll Right
2005,2005,141,0.04,0.04,1.0,5,Roll Right
2006,2006,142,0.04,0.04,1.0,5,Roll Right
2007,2007,143,0.04,0.04,1.0,5,Roll Right
2008,2008,144,0.04,0.04,1.0,5,Roll Right
2009,2009,145,0.01,0.06,1.0,5,Roll Right
2010,2010,146,0.04,0.04,1.0,5,Roll Right
2011,2011,147,0.03,0.02,1.02,5,Roll Right
2012,2012,148,0.01,0.03,1.02,5,Roll Right
2013,2013,149,0.0,0.43,1.24,5,Roll Right
2014,2014,150,0.04,0.53,0.68,5,Roll Right
2015,2015,151,0.01,0.79,0.53,5,Roll Right
2016,2016,152,0.06,1.01,0.22,5,Roll Right
2017,2017,153,0.09,0.98,-0.07,5,Roll Right
2018,2018,154,0.11,0.99,-0.12,5,Roll Right
2019,2019,155,0.07,1.01,-0.14,5,Roll Right
2020,2020,156,0.07,1.01,-0.07,5,Roll Right
2021,2021,157,0.08,0.92,0.14,5,Roll Right
2022,2022,158,0.09,0.84,0.55,5,Roll Right
2023,2023,159,0.03,0.56,0.72,5,Roll Right
2024,2024,160,0.05,0.27,1.04,5,Roll Right
2025,2025,161,0.02,0.19,1.02,5,Roll Right
2026,2026,162,0.02,0.08,1.02,5,Roll Right
2027,2027,163,0.07,0.12,1.0,5,Roll Right
2028,2028,164,0.04,0.06,1.0,5,Roll Right
2029,2029,165,0.01,0.1,1.15,5,Roll Right
2030,2030,166,0.02,0.04,1.0,5,Roll Right
2031,2031,167,0.03,0.03,1.0,5,Roll Right
2032,2032,168,0.04,0.04,1.0,5,Roll Right
2033,2033,169,0.04,0.04,1.0,5,Roll Right
2034,2034,170,0.04,0.04,1.0,5,Roll Right
2035,2035,171,0.04,0.04,1.0,5,Roll Right
2036,2036,172,0.04,0.04,1.0,5,Roll Right
2037,2037,173,0.04,0.04,1.0,5,Roll Right
2038,2038,174,0.04,0.04,1.0,5,Roll Right
2039,2039,175,0.04,0.04,1.0,5,Roll Right
2040,2040,176,0.04,0.04,1.0,5,Roll Right
2041,2041,177,0.04,0.04,1.0,5,Roll Right
2042,2042,178,0.04,0.04,1.0,5,Roll Right
2043,2043,179,0.04,0.04,1.0,5,Roll Right
2044,2044,180,0.04,0.04,1.0,5,Roll Right
2045,2045,181,0.04,0.04,1.0,5,Roll Right
2046,2046,182,0.04,0.04,1.0,5,Roll Right
2047,2047,183,0.04,0.04,1.0,5,Roll Right
2048,2048,184,0.04,0.04,1.01,5,Roll Right
2049,2049,185,0.04,0.04,1.0,5,Roll Right
2050,2050,186,0.04,0.04,1.0,5,Roll Right
2051,2051,187,0.04,0.04,1.0,5,Roll Right
2052,2052,188,0.04,0.04,1.0,5,Roll Right
2053,2053,189,0.04,0.04,1.0,5,Roll Right
2054,2054,190,0.04,0.04,1.0,5,Roll Right
2055,2055,191,0.04,0.04,1.0,5,Roll Right
2056,2056,192,0.04,0.04,1.0,5,Roll Right
2057,2057,193,0.04,0.04,1.0,5,Roll Right
2058,2058,194,0.04,0.04,1.0,5,Roll Right
2059,2059,195,0.04,0.04,1.0,5,Roll Right
2060,2060,196,0.04,0.04,1.0,5,Roll Right
2061,2061,197,0.04,0.04,1.0,5,Roll Right
2062,2062,198,0.04,0.04,1.0,5,Roll Right
2063,2063,199,0.04,0.04,1.0,5,Roll Right
2064,2064,200,0.04,0.04,1.0,5,Roll Right
2065,2065,201,0.07,0.05,1.02,5,Roll Right
2066,2066,202,0.02,0.04,1.01,5,Roll Right
2067,2067,203,0.04,0.07,1.11,5,Roll Right
2068,2068,204,0.06,0.48,1.09,5,Roll Right
2069,2069,205,0.02,0.64,0.64,5,Roll Right
2070,2070,206,0.05,1.09,0.09,5,Roll Right
2071,2071,207,0.14,0.99,-0.09,5,Roll Right
2072,2072,208,0.09,0.93,-0.18,5,Roll Right
2073,2073,209,0.09,0.99,-0.16,5,Roll Right
2074,2074,210,0.06,1.09,0.43,5,Roll Right
2075,2075,211,0.06,0.64,0.84,5,Roll Right
2076,2076,212,0.08,0.33,0.99,5,Roll Right
2077,2077,213,0.04,0.05,1.04,5,Roll Right
2078,2078,214,0.0,0.04,1.02,5,Roll Right
2079,2079,215,0.06,0.12,0.95,5,Roll Right
2080,2080,216,0.05,0.04,0.98,5,Roll Right
2081,2081,217,0.05,0.02,1.0,5,Roll Right
2082,2082,218,0.04,0.03,1.0,5,Roll Right
2083,2083,219,0.04,0.04,1.01,5,Roll Right
2084,2084,220,0.04,0.04,1.0,5,Roll Right
2085,2085,221,0.04,0.03,1.0,5,Roll Right
2086,2086,222,0.04,0.04,1.0,5,Roll Right
2087,2087,223,0.04,0.04,1.0,5,Roll Right
2088,2088,224,0.04,0.04,1.0,5,Roll Right
2089,2089,225,0.04,0.04,1.0,5,Roll Right
2090,2090,226,0.04,0.04,1.0,5,Roll Right
2091,2091,227,0.04,0.04,1.0,5,Roll Right
2092,2092,228,0.04,0.04,1.0,5,Roll Right
2093,2093,229,0.04,0.04,1.0,5,Roll Right
2094,2094,230,0.04,0.04,1.0,5,Roll Right
2095,2095,231,0.04,0.04,1.0,5,Roll Right
2096,2096,232,0.04,0.04,1.0,5,Roll Right
2097,2097,233,0.04,0.04,1.0,5,Roll Right
2098,2098,234,0.04,0.04,1.0,5,Roll Right
2099,2099,235,0.04,0.04,1.0,5,Roll Right
2100,2100,236,0.04,0.04,1.0,5,Roll Right
2101,2101,237,0.04,0.04,1.0,5,Roll Right
2102,2102,238,0.04,0.04,1.0,5,Roll Right
2103,2103,239,0.04,0.04,1.0,5,Roll Right
2104,2104,240,0.04,0.04,1.0,5,Roll Right
2105,2105,241,0.04,0.04,1.0,5,Roll Right
2106,2106,242,0.03,0.04,1.0,5,Roll Right
2107,2107,243,0.04,0.04,1.0,5,Roll Right
2108,2108,244,0.04,0.04,1.0,5,Roll Right
2109,2109,245,0.04,0.04,1.0,5,Roll Right
2110,2110,246,0.04,0.04,1.0,5,Roll Right
2111,2111,247,0.04,0.04,1.0,5,Roll Right
2112,2112,248,0.04,0.04,1.0,5,Roll Right
2113,2113,249,0.03,0.03,1.0,5,Roll Right
2114,2114,250,0.02,0.07,1.0,5,Roll Right
2115,2115,251,0.05,0.16,1.05,5,Roll Right
2116,2116,252,-0.02,0.27,0.82,5,Roll Right
2117,2117,253,0.05,0.92,0.55,5,Roll Right
2118,2118,254,0.1,1.02,0.11,5,Roll Right
2119,2119,255,0.09,1.0,-0.16,5,Roll Right
2120,2120,256,0.1,0.96,-0.16,5,Roll Right
2121,2121,257,0.09,1.02,-0.11,5,Roll Right
2122,2122,258,0.07,0.86,0.16,5,Roll Right
2123,2123,259,0.08,0.78,0.75,5,Roll Right
2124,2124,260,0.03,0.53,0.99,5,Roll Right
2125,2125,261,0.05,0.15,1.08,5,Roll Right
2126,2126,262,0.05,0.12,1.12,5,Roll Right
2127,2127,263,0.08,0.03,0.96,5,Roll Right
2128,2128,264,0.05,0.06,0.98,5,Roll Right
2129,2129,265,0.04,0.02,0.99,5,Roll Right
2130,2130,266,0.04,0.03,1.0,5,Roll Right
2131,2131,267,0.05,0.04,1.0,5,Roll Right
2132,2132,268,0.04,0.04,1.0,5,Roll Right
2133,2133,269,0.04,0.04,1.0,5,Roll Right
2134,2134,270,0.04,0.04,1.0,5,Roll Right
2135,2135,271,0.04,0.04,1.0,5,Roll Right
2136,2136,272,0.04,0.04,1.0,5,Roll Right
2137,2137,273,0.04,0.04,1.0,5,Roll Right
2138,2138,274,0.04,0.04,1.0,5,Roll Right
2139,2139,275,0.04,0.04,1.0,5,Roll Right
2140,2140,276,0.04,0.04,1.0,5,Roll Right
2141,2141,277,0.04,0.04,1.0,5,Roll Right
2142,2142,278,0.04,0.04,1.0,5,Roll Right
2143,2143,279,0.04,0.03,1.0,5,Roll Right
2144,2144,280,0.04,0.04,1.0,5,Roll Right
2145,2145,281,0.04,0.04,1.0,5,Roll Right
2146,2146,282,0.04,0.03,1.0,5,Roll Right
2147,2147,283,0.04,0.04,1.0,5,Roll Right
2148,2148,284,0.04,0.04,1.0,5,Roll Right
2149,2149,285,0.04,0.04,1.0,5,Roll Right
2150,2150,286,0.04,0.04,1.0,5,Roll Right
2151,2151,287,0.04,0.04,1.0,5,Roll Right
2152,2152,288,0.04,0.04,1.0,5,Roll Right
2153,2153,289,0.04,0.04,1.0,5,Roll Right
2154,2154,290,0.04,0.03,1.0,5,Roll Right
2155,2155,291,0.04,0.04,1.0,5,Roll Right
2156,2156,292,0.04,0.04,1.0,5,Roll Right
2157,2157,293,0.04,0.04,1.0,5,Roll Right
2158,2158,294,0.04,0.04,1.0,5,Roll Right
2159,2159,295,0.04,0.04,1.0,5,Roll Right
2160,2160,296,0.03,0.04,1.0,5,Roll Right
2161,2161,297,0.04,0.04,1.0,5,Roll Right
2162,2162,298,0.04,0.04,1.0,5,Roll Right
2163,2163,299,0.04,0.04,1.0,5,Roll Right
2164,2164,300,0.04,0.04,1.0,5,Roll Right
2165,2165,301,0.04,0.04,1.0,5,Roll Right
2166,2166,302,0.04,0.04,1.0,5,Roll Right
2167,2167,303,0.04,0.03,1.0,5,Roll Right
2168,2168,304,0.04,0.04,1.0,5,Roll Right
2169,2169,305,0.03,0.04,1.0,5,Roll Right
2170,2170,306,-0.02,0.33,1.05,5,Roll Right
2171,2171,307,0.0,0.64,0.88,5,Roll Right
2172,2172,308,-0.03,0.86,0.49,5,Roll Right
2173,2173,309,0.05,1.02,-0.11,5,Roll Right
2174,2174,310,0.03,1.03,-0.23,5,Roll Right
2175,2175,311,0.02,0.99,-0.22,5,Roll Right
2176,2176,312,0.01,1.11,0.14,5,Roll Right
2177,2177,313,0.0,0.77,0.63,5,Roll Right
2178,2178,314,0.07,0.51,0.92,5,Roll Right
2179,2179,315,0.05,0.18,1.06,5,Roll Right
2180,2180,316,-0.03,0.08,1.07,5,Roll Right
2181,2181,317,0.0,0.08,0.92,5,Roll Right
2182,2182,318,0.02,0.05,1.06,5,Roll Right
2183,2183,319,0.02,0.07,0.98,5,Roll Right
2184,2184,320,0.05,0.03,1.0,5,Roll Right
2185,2185,321,0.04,0.04,1.0,5,Roll Right
2186,2186,322,0.04,0.04,1.0,5,Roll Right
2187,2187,323,0.04,0.04,1.0,5,Roll Right
2188,2188,324,0.04,0.04,1.0,5,Roll Right
2189,2189,325,0.04,0.04,1.0,5,Roll Right
2190,2190,326,0.04,0.04,1.0,5,Roll Right
2191,2191,327,0.04,0.04,1.0,5,Roll Right
2192,2192,328,0.03,0.04,1.0,5,Roll Right
2193,2193,329,0.04,0.04,1.0,5,Roll Right
2194,2194,330,0.04,0.04,1.0,5,Roll Right
2195,2195,331,0.04,0.04,1.0,5,Roll Right
2196,2196,332,0.04,0.04,1.0,5,Roll Right
2197,2197,333,0.04,0.04,1.0,5,Roll Right
2198,2198,334,0.04,0.03,1.0,5,Roll Right
2199,2199,335,0.04,0.04,1.0,5,Roll Right
2200,2200,336,0.04,0.03,1.0,5,Roll Right
2201,2201,337,0.04,0.03,1.0,5,Roll Right
2202,2202,338,0.04,0.03,1.0,5,Roll Right
2203,2203,339,0.04,0.04,1.0,5,Roll Right
2204,2204,340,0.04,0.04,1.0,5,Roll Right
2205,2205,341,0.04,0.03,1.0,5,Roll Right
2206,2206,342,0.04,0.04,1.0,5,Roll Right
2207,2207,343,0.04,0.04,1.0,5,Roll Right
2208,2208,344,0.04,0.04,1.0,5,Roll Right
2209,2209,345,0.04,0.04,1.0,5,Roll Right
2210,2210,346,0.04,0.04,1.01,5,Roll Right
2211,2211,347,0.04,0.04,1.0,5,Roll Right
2212,2212,348,0.04,0.03,1.0,5,Roll Right
2213,2213,349,0.04,0.04,1.0,5,Roll Right
2214,2214,350,0.04,0.04,1.0,5,Roll Right
2215,2215,351,0.04,0.04,1.0,5,Roll Right
2216,2216,352,0.04,0.04,1.0,5,Roll Right
2217,2217,353,0.04,0.04,1.0,5,Roll Right
2218,2218,354,0.04,0.04,1.0,5,Roll Right
2219,2219,355,0.02,0.04,1.01,5,Roll Right
2220,2220,356,-0.06,0.12,1.07,5,Roll Right
2221,2221,357,-0.05,0.43,1.21,5,Roll Right
2222,2222,358,-0.03,0.51,0.95,5,Roll Right
2223,2223,359,-0.02,0.89,0.25,5,Roll Right
2224,2224,360,0.03,0.99,-0.09,5,Roll Right
2225,2225,361,0.06,0.99,-0.21,5,Roll Right
2226,2226,362,0.04,1.0,-0.1,5,Roll Right
2227,2227,363,-0.09,0.86,0.57,5,Roll Right
2228,2228,364,0.04,0.69,1.0,5,Roll Right
2229,2229,365,0.02,0.45,0.93,5,Roll Right
2230,2230,366,0.02,0.23,1.05,5,Roll Right
2231,2231,367,-0.02,0.07,1.02,5,Roll Right
2232,2232,368,0.0,0.03,1.07,5,Roll Right
2233,2233,369,0.02,0.04,1.01,5,Roll Right
2234,2234,370,0.05,0.02,1.0,5,Roll Right
2235,2235,371,0.04,0.03,1.0,5,Roll Right
2236,2236,372,0.04,0.04,1.0,5,Roll Right
2237,2237,373,0.04,0.04,1.0,5,Roll Right
2238,2238,374,0.04,0.04,1.0,5,Roll Right
2239,2239,375,0.04,0.03,1.0,5,Roll Right
2240,2240,376,0.04,0.04,1.0,5,Roll Right
2241,2241,377,0.04,0.04,1.0,5,Roll Right
2242,2242,378,0.04,0.04,1.0,5,Roll Right
2243,2243,379,0.04,0.04,1.0,5,Roll Right
2244,2244,380,0.04,0.04,1.0,5,Roll Right
2245,2245,381,0.03,0.04,1.0,5,Roll Right
2246,2246,382,0.04,0.04,1.0,5,Roll Right
2247,2247,383,0.04,0.04,1.0,5,Roll Right
2248,2248,384,0.04,0.04,1.0,5,Roll Right
2249,2249,385,0.04,0.04,1.0,5,Roll Right
2250,2250,386,0.04,0.04,1.0,5,Roll Right
2251,2251,387,0.04,0.04,1.0,5,Roll Right
2252,2252,388,0.04,0.04,1.0,5,Roll Right
2253,2253,389,0.03,0.04,1.0,5,Roll Right
2254,2254,390,0.04,0.04,1.0,5,Roll Right
2255,2255,391,0.04,0.04,1.0,5,Roll Right
2256,2256,392,0.04,0.04,1.0,5,Roll Right
2257,2257,393,0.04,0.04,1.0,5,Roll Right
2258,2258,394,0.04,0.04,1.0,5,Roll Right
2259,2259,395,0.04,0.03,1.0,5,Roll Right
2260,2260,396,0.04,0.04,1.0,5,Roll Right
2261,2261,397,0.04,0.04,1.0,5,Roll Right
2262,2262,398,0.04,0.04,1.0,5,Roll Right
2263,2263,399,0.04,0.03,1.0,5,Roll Right
2264,2264,400,0.04,0.04,1.0,5,Roll Right
2265,2265,401,0.04,0.04,1.0,5,Roll Right
2266,2266,402,0.04,0.04,1.0,5,Roll Right
2267,2267,403,0.04,0.03,1.01,5,Roll Right
2268,2268,404,0.05,0.07,1.11,5,Roll Right
2269,2269,405,0.03,0.46,0.93,5,Roll Right
2270,2270,406,-0.04,0.8,0.8,5,Roll Right
2271,2271,407,-0.03,0.89,0.15,5,Roll Right
2272,2272,408,-0.03,1.0,-0.13,5,Roll Right
2273,2273,409,-0.01,1.0,-0.05,5,Roll Right
2274,2274,410,0.05,0.93,0.36,5,Roll Right
2275,2275,411,0.09,0.72,0.65,5,Roll Right
2276,2276,412,0.05,0.43,0.83,5,Roll Right
2277,2277,413,0.05,0.18,1.05,5,Roll Right
2278,2278,414,0.02,0.02,1.07,5,Roll Right
2279,2279,415,0.03,0.07,0.96,5,Roll Right
2280,2280,416,0.01,0.05,1.0,5,Roll Right
2281,2281,417,0.02,0.05,1.0,5,Roll Right
2282,2282,418,0.01,0.05,1.0,5,Roll Right
2283,2283,419,0.05,0.04,1.0,5,Roll Right
2284,2284,420,0.03,0.03,1.0,5,Roll Right
2285,2285,421,0.04,0.04,1.0,5,Roll Right
2286,2286,422,0.04,0.04,1.0,5,Roll Right
2287,2287,423,0.03,0.04,1.0,5,Roll Right
2288,2288,424,0.04,0.04,1.0,5,Roll Right
2289,2289,425,0.04,0.04,1.0,5,Roll Right
2290,2290,426,0.03,0.04,1.0,5,Roll Right
2291,2291,427,0.03,0.04,1.0,5,Roll Right
2292,2292,428,0.04,0.04,1.0,5,Roll Right
2293,2293,429,0.04,0.04,1.0,5,Roll Right
2294,2294,430,0.04,0.04,1.0,5,Roll Right
2295,2295,431,0.03,0.04,1.0,5,Roll Right
2296,2296,432,0.03,0.04,1.0,5,Roll Right
2297,2297,433,0.04,0.04,1.0,5,Roll Right
2298,2298,434,0.04,0.04,1.0,5,Roll Right
2299,2299,435,0.04,0.04,1.0,5,Roll Right
2300,2300,436,0.04,0.04,1.0,5,Roll Right
2301,2301,437,0.04,0.04,1.0,5,Roll Right
2302,2302,438,0.04,0.04,1.0,5,Roll Right
2303,2303,439,0.03,0.04,1.0,5,Roll Right
2304,2304,440,0.04,0.04,1.0,5,Roll Right
2305,2305,441,0.04,0.04,1.0,5,Roll Right
2306,2306,442,0.04,0.04,1.0,5,Roll Right
2307,2307,443,0.04,0.04,1.0,5,Roll Right
2308,2308,444,0.04,0.03,1.0,5,Roll Right
2309,2309,0,0.04,-0.03,1.01,6,Roll Right
2310,2310,1,0.04,-0.04,1.01,6,Roll Right
2311,2311,2,0.03,-0.04,1.01,6,Roll Right
2312,2312,3,0.03,-0.03,1.01,6,Roll Right
2313,2313,4,0.04,-0.04,1.01,6,Roll Right
2314,2314,5,0.04,-0.04,1.01,6,Roll Right
2315,2315,6,0.04,-0.04,1.01,6,Roll Right
2316,2316,7,0.03,-0.04,1.0,6,Roll Right
2317,2317,8,0.04,-0.04,1.01,6,Roll Right
2318,2318,9,0.04,-0.03,1.01,6,Roll Right
2319,2319,10,0.03,-0.03,1.01,6,Roll Right
2320,2320,11,0.04,-0.04,1.01,6,Roll Right
2321,2321,12,0.04,-0.04,1.01,6,Roll Right
2322,2322,13,0.04,-0.04,1.0,6,Roll Right
2323,2323,14,0.04,-0.04,1.01,6,Roll Right
2324,2324,15,0.04,-0.04,1.01,6,Roll Right
2325,2325,16,0.03,-0.03,1.01,6,Roll Right
2326,2326,17,0.04,-0.03,1.01,6,Roll Right
2327,2327,18,0.02,-0.03,1.01,6,Roll Right
2328,2328,19,0.04,-0.03,1.01,6,Roll Right
2329,2329,20,0.02,-0.09,1.0,6,Roll Right
2330,2330,21,0.04,-0.04,1.0,6,Roll Right
2331,2331,22,0.03,-0.03,1.01,6,Roll Right
2332,2332,23,0.01,-0.04,1.01,6,Roll Right
2333,2333,24,0.02,-0.1,0.99,6,Roll Right
2334,2334,25,0.02,-0.11,1.01,6,Roll Right
2335,2335,26,0.0,-0.08,1.0,6,Roll Right
2336,2336,27,0.01,-0.11,1.0,6,Roll Right
2337,2337,28,0.0,-0.11,0.99,6,Roll Right
2338,2338,29,0.02,-0.11,0.96,6,Roll Right
2339,2339,30,0.02,-0.12,0.98,6,Roll Right
2340,2340,31,0.01,-0.09,0.94,6,Roll Right
2341,2341,32,0.01,-0.06,0.99,6,Roll Right
2342,2342,33,0.0,-0.0,1.01,6,Roll Right
2343,2343,34,0.01,-0.07,1.02,6,Roll Right
2344,2344,35,0.04,-0.02,1.02,6,Roll Right
2345,2345,36,0.02,-0.03,1.02,6,Roll Right
2346,2346,37,0.03,-0.11,1.26,6,Roll Right
2347,2347,38,0.04,-0.05,1.05,6,Roll Right
2348,2348,39,0.09,0.02,0.94,6,Roll Right
2349,2349,40,0.13,0.14,0.93,6,Roll Right
2350,2350,41,0.12,0.5,0.65,6,Roll Right
2351,2351,42,0.22,1.01,-0.02,6,Roll Right
2352,2352,43,0.28,0.62,-0.39,6,Roll Right
2353,2353,44,0.2,0.81,-0.71,6,Roll Right
2354,2354,45,0.23,0.87,-0.51,6,Roll Right
2355,2355,46,0.2,0.82,-0.34,6,Roll Right
2356,2356,47,0.31,0.66,0.25,6,Roll Right
2357,2357,48,0.22,0.53,0.84,6,Roll Right
2358,2358,49,0.16,0.01,1.16,6,Roll Right
2359,2359,50,0.12,-0.05,1.09,6,Roll Right
2360,2360,51,0.05,0.02,1.02,6,Roll Right
2361,2361,52,0.04,-0.02,1.05,6,Roll Right
2362,2362,53,0.05,-0.02,0.96,6,Roll Right
2363,2363,54,0.03,-0.04,1.19,6,Roll Right
2364,2364,55,0.05,-0.07,1.02,6,Roll Right
2365,2365,56,0.03,-0.03,1.0,6,Roll Right
2366,2366,57,0.04,-0.03,1.01,6,Roll Right
2367,2367,58,0.03,-0.04,1.02,6,Roll Right
2368,2368,59,0.04,-0.04,1.01,6,Roll Right
2369,2369,60,0.04,-0.04,1.0,6,Roll Right
2370,2370,61,0.04,-0.04,1.01,6,Roll Right
2371,2371,62,0.04,-0.04,1.01,6,Roll Right
2372,2372,63,0.04,-0.04,1.01,6,Roll Right
2373,2373,64,0.03,-0.03,1.01,6,Roll Right
2374,2374,65,0.03,-0.03,1.01,6,Roll Right
2375,2375,66,0.03,-0.03,1.01,6,Roll Right
2376,2376,67,0.04,-0.04,1.01,6,Roll Right
2377,2377,68,0.03,-0.03,1.01,6,Roll Right
2378,2378,69,0.04,-0.04,1.01,6,Roll Right
2379,2379,70,0.04,-0.04,1.0,6,Roll Right
2380,2380,71,0.04,-0.04,1.0,6,Roll Right
2381,2381,72,0.04,-0.04,1.01,6,Roll Right
2382,2382,73,0.04,-0.04,1.01,6,Roll Right
2383,2383,74,0.04,-0.03,1.0,6,Roll Right
2384,2384,75,0.04,-0.04,1.01,6,Roll Right
2385,2385,76,0.03,-0.03,1.01,6,Roll Right
2386,2386,77,0.04,-0.04,1.0,6,Roll Right
2387,2387,78,0.04,-0.03,1.01,6,Roll Right
2388,2388,79,0.04,-0.04,1.01,6,Roll Right
2389,2389,80,0.04,-0.03,1.01,6,Roll Right
2390,2390,81,0.04,-0.03,1.01,6,Roll Right
2391,2391,82,0.04,-0.04,1.01,6,Roll Right
2392,2392,83,0.03,-0.04,1.01,6,Roll Right
2393,2393,84,0.03,-0.03,1.01,6,Roll Right
2394,2394,85,0.04,-0.02,0.99,6,Roll Right
2395,2395,86,0.04,-0.04,1.01,6,Roll Right
2396,2396,87,0.03,-0.03,1.01,6,Roll Right
2397,2397,88,0.03,-0.04,1.01,6,Roll Right
2398,2398,89,0.04,-0.03,1.0,6,Roll Right
2399,2399,90,0.04,-0.04,1.01,6,Roll Right
2400,2400,91,0.04,-0.03,1.01,6,Roll Right
2401,2401,92,0.04,-0.03,1.01,6,Roll Right
2402,2402,93,0.03,-0.05,1.02,6,Roll Right
2403,2403,94,-0.0,0.0,1.02,6,Roll Right
2404,2404,95,0.03,0.04,1.17,6,Roll Right
2405,2405,96,0.1,0.16,1.09,6,Roll Right
2406,2406,97,0.14,0.38,0.92,6,Roll Right
2407,2407,98,0.19,0.67,0.75,6,Roll Right
2408,2408,99,0.03,1.18,-0.04,6,Roll Right
2409,2409,100,0.23,0.77,-0.57,6,Roll Right
2410,2410,101,0.21,0.9,-0.34,6,Roll Right
2411,2411,102,0.19,0.87,-0.39,6,Roll Right
2412,2412,103,0.21,0.98,-0.35,6,Roll Right
2413,2413,104,0.22,0.97,-0.15,6,Roll Right
2414,2414,105,0.25,0.66,0.59,6,Roll Right
2415,2415,106,0.21,0.21,0.85,6,Roll Right
2416,2416,107,0.17,0.01,1.01,6,Roll Right
2417,2417,108,0.09,0.02,1.0,6,Roll Right
2418,2418,109,0.07,0.02,1.07,6,Roll Right
2419,2419,110,0.05,-0.01,1.05,6,Roll Right
2420,2420,111,0.02,-0.08,1.07,6,Roll Right
2421,2421,112,0.0,0.0,1.02,6,Roll Right
2422,2422,113,0.03,-0.02,1.0,6,Roll Right
2423,2423,114,0.02,-0.03,1.02,6,Roll Right
2424,2424,115,0.03,-0.03,1.01,6,Roll Right
2425,2425,116,0.03,-0.04,1.01,6,Roll Right
2426,2426,117,0.04,-0.03,1.0,6,Roll Right
2427,2427,118,0.03,-0.03,1.0,6,Roll Right
2428,2428,119,0.04,-0.04,1.01,6,Roll Right
2429,2429,120,0.04,-0.04,1.02,6,Roll Right
2430,2430,121,0.03,-0.04,1.01,6,Roll Right
2431,2431,122,0.04,-0.03,1.0,6,Roll Right
2432,2432,123,0.03,-0.04,1.01,6,Roll Right
2433,2433,124,0.04,-0.04,1.01,6,Roll Right
2434,2434,125,0.04,-0.03,1.0,6,Roll Right
2435,2435,126,0.04,-0.04,1.01,6,Roll Right
2436,2436,127,0.04,-0.04,1.01,6,Roll Right
2437,2437,128,0.04,-0.04,1.01,6,Roll Right
2438,2438,129,0.04,-0.04,1.01,6,Roll Right
2439,2439,130,0.03,-0.03,1.01,6,Roll Right
2440,2440,131,0.03,-0.04,1.01,6,Roll Right
2441,2441,132,0.03,-0.03,1.01,6,Roll Right
2442,2442,133,0.04,-0.03,1.01,6,Roll Right
2443,2443,134,0.03,-0.04,1.01,6,Roll Right
2444,2444,135,0.03,-0.03,1.01,6,Roll Right
2445,2445,136,0.03,-0.04,1.01,6,Roll Right
2446,2446,137,0.03,-0.04,1.01,6,Roll Right
2447,2447,138,0.04,-0.04,1.01,6,Roll Right
2448,2448,139,0.03,-0.03,1.01,6,Roll Right
2449,2449,140,0.04,-0.04,1.01,6,Roll Right
2450,2450,141,0.04,-0.04,1.0,6,Roll Right
2451,2451,142,0.04,-0.03,1.01,6,Roll Right
2452,2452,143,0.04,-0.04,1.01,6,Roll Right
2453,2453,144,0.04,-0.03,1.01,6,Roll Right
2454,2454,145,0.04,-0.03,1.01,6,Roll Right
2455,2455,146,0.04,-0.04,1.0,6,Roll Right
2456,2456,147,0.04,-0.04,1.01,6,Roll Right
2457,2457,148,0.03,-0.04,1.01,6,Roll Right
2458,2458,149,0.04,-0.04,1.01,6,Roll Right
2459,2459,150,0.04,-0.03,1.0,6,Roll Right
2460,2460,151,0.03,-0.03,1.01,6,Roll Right
2461,2461,152,0.03,-0.03,1.01,6,Roll Right
2462,2462,153,0.03,-0.04,1.01,6,Roll Right
2463,2463,154,0.04,-0.02,0.99,6,Roll Right
2464,2464,155,0.02,-0.05,1.01,6,Roll Right
2465,2465,156,0.06,-0.02,1.05,6,Roll Right
2466,2466,157,0.05,-0.07,1.15,6,Roll Right
2467,2467,158,0.12,0.17,0.95,6,Roll Right
2468,2468,159,0.1,0.6,0.97,6,Roll Right
2469,2469,160,0.18,0.9,0.57,6,Roll Right
2470,2470,161,0.22,0.95,-0.05,6,Roll Right
2471,2471,162,0.27,0.88,-0.32,6,Roll Right
2472,2472,163,0.25,1.02,-0.25,6,Roll Right
2473,2473,164,0.26,0.93,-0.22,6,Roll Right
2474,2474,165,0.31,0.77,0.31,6,Roll Right
2475,2475,166,0.28,0.54,0.86,6,Roll Right
2476,2476,167,0.22,0.09,1.11,6,Roll Right
2477,2477,168,0.16,-0.09,1.03,6,Roll Right
2478,2478,169,0.11,-0.14,1.07,6,Roll Right
2479,2479,170,0.07,-0.09,0.99,6,Roll Right
2480,2480,171,0.07,-0.12,1.12,6,Roll Right
2481,2481,172,0.05,-0.13,1.06,6,Roll Right
2482,2482,173,0.04,-0.03,1.03,6,Roll Right
2483,2483,174,0.02,-0.01,1.02,6,Roll Right
2484,2484,175,0.04,-0.04,1.01,6,Roll Right
2485,2485,176,0.04,-0.03,1.01,6,Roll Right
2486,2486,177,0.04,-0.03,1.01,6,Roll Right
2487,2487,178,0.04,-0.04,1.01,6,Roll Right
2488,2488,179,0.04,-0.04,1.01,6,Roll Right
2489,2489,180,0.03,-0.04,1.01,6,Roll Right
2490,2490,181,0.04,-0.04,1.01,6,Roll Right
2491,2491,182,0.03,-0.04,1.01,6,Roll Right
2492,2492,183,0.04,-0.03,1.0,6,Roll Right
2493,2493,184,0.03,-0.04,1.01,6,Roll Right
2494,2494,185,0.03,-0.04,1.01,6,Roll Right
2495,2495,186,0.03,-0.04,1.0,6,Roll Right
2496,2496,187,0.04,-0.04,1.01,6,Roll Right
2497,2497,188,0.03,-0.04,1.01,6,Roll Right
2498,2498,189,0.04,-0.04,1.01,6,Roll Right
2499,2499,190,0.04,-0.04,1.01,6,Roll Right
2500,2500,191,0.04,-0.04,1.01,6,Roll Right
2501,2501,192,0.04,-0.04,1.01,6,Roll Right
2502,2502,193,0.04,-0.04,1.01,6,Roll Right
2503,2503,194,0.04,-0.04,1.01,6,Roll Right
2504,2504,195,0.04,-0.04,1.01,6,Roll Right
2505,2505,196,0.04,-0.03,1.01,6,Roll Right
2506,2506,197,0.03,-0.03,1.0,6,Roll Right
2507,2507,198,0.04,-0.04,1.01,6,Roll Right
2508,2508,199,0.03,-0.03,1.01,6,Roll Right
2509,2509,200,0.03,-0.04,1.01,6,Roll Right
2510,2510,201,0.04,-0.03,1.01,6,Roll Right
2511,2511,202,0.04,-0.04,1.01,6,Roll Right
2512,2512,203,0.03,-0.04,1.01,6,Roll Right
2513,2513,204,0.04,-0.03,1.01,6,Roll Right
2514,2514,205,0.03,-0.03,1.01,6,Roll Right
2515,2515,206,0.04,-0.03,1.01,6,Roll Right
2516,2516,207,0.03,-0.04,1.01,6,Roll Right
2517,2517,208,0.04,-0.03,1.01,6,Roll Right
2518,2518,209,0.04,-0.03,1.0,6,Roll Right
2519,2519,210,0.04,-0.04,1.01,6,Roll Right
2520,2520,211,0.03,-0.04,1.0,6,Roll Right
2521,2521,212,0.04,-0.03,1.01,6,Roll Right
2522,2522,213,0.05,-0.12,0.97,6,Roll Right
2523,2523,214,0.05,0.09,1.1,6,Roll Right
2524,2524,215,0.09,0.27,0.92,6,Roll Right
2525,2525,216,0.12,0.7,0.77,6,Roll Right
2526,2526,217,0.15,0.92,0.48,6,Roll Right
2527,2527,218,0.17,1.01,-0.02,6,Roll Right
2528,2528,219,0.26,0.66,-0.32,6,Roll Right
2529,2529,220,0.26,0.96,-0.3,6,Roll Right
2530,2530,221,0.25,0.89,-0.37,6,Roll Right
2531,2531,222,0.26,0.95,-0.24,6,Roll Right
2532,2532,223,0.29,1.03,0.34,6,Roll Right
2533,2533,224,0.3,0.56,0.73,6,Roll Right
2534,2534,225,0.18,0.27,1.02,6,Roll Right
2535,2535,226,0.15,0.07,1.05,6,Roll Right
2536,2536,227,0.07,0.04,1.05,6,Roll Right
2537,2537,228,0.04,0.04,1.07,6,Roll Right
2538,2538,229,0.02,-0.06,1.03,6,Roll Right
2539,2539,230,0.0,-0.03,1.05,6,Roll Right
2540,2540,231,0.03,0.0,1.0,6,Roll Right
2541,2541,232,0.05,-0.02,1.06,6,Roll Right
2542,2542,233,0.03,-0.03,1.01,6,Roll Right
2543,2543,234,0.04,-0.04,1.01,6,Roll Right
2544,2544,235,0.04,-0.03,1.01,6,Roll Right
2545,2545,236,0.04,-0.04,1.01,6,Roll Right
2546,2546,237,0.04,-0.04,1.01,6,Roll Right
2547,2547,238,0.04,-0.03,1.01,6,Roll Right
2548,2548,239,0.04,-0.04,1.01,6,Roll Right
2549,2549,240,0.04,-0.04,1.01,6,Roll Right
2550,2550,241,0.04,-0.04,1.01,6,Roll Right
2551,2551,242,0.04,-0.03,1.0,6,Roll Right
2552,2552,243,0.04,-0.03,1.01,6,Roll Right
2553,2553,244,0.04,-0.03,1.01,6,Roll Right
2554,2554,245,0.04,-0.04,1.01,6,Roll Right
2555,2555,246,0.04,-0.04,1.01,6,Roll Right
2556,2556,247,0.03,-0.04,1.01,6,Roll Right
2557,2557,248,0.03,-0.03,1.01,6,Roll Right
2558,2558,249,0.04,-0.04,1.01,6,Roll Right
2559,2559,250,0.04,-0.03,1.01,6,Roll Right
2560,2560,251,0.04,-0.04,1.01,6,Roll Right
2561,2561,252,0.04,-0.03,1.01,6,Roll Right
2562,2562,253,0.04,-0.03,1.01,6,Roll Right
2563,2563,254,0.04,-0.04,1.01,6,Roll Right
2564,2564,255,0.04,-0.04,1.01,6,Roll Right
2565,2565,256,0.04,-0.03,1.01,6,Roll Right
2566,2566,257,0.04,-0.04,1.01,6,Roll Right
2567,2567,258,0.04,-0.04,1.01,6,Roll Right
2568,2568,259,0.03,-0.04,1.01,6,Roll Right
2569,2569,260,0.03,-0.03,1.0,6,Roll Right
2570,2570,261,0.04,-0.03,1.01,6,Roll Right
2571,2571,262,0.03,-0.03,1.0,6,Roll Right
2572,2572,263,0.04,-0.04,1.01,6,Roll Right
2573,2573,264,0.04,-0.03,1.01,6,Roll Right
2574,2574,265,0.03,-0.03,1.01,6,Roll Right
2575,2575,266,0.04,-0.03,1.01,6,Roll Right
2576,2576,267,0.03,-0.03,1.01,6,Roll Right
2577,2577,268,0.04,-0.04,1.01,6,Roll Right
2578,2578,269,0.04,-0.03,1.01,6,Roll Right
2579,2579,270,0.04,-0.04,1.01,6,Roll Right
2580,2580,271,0.04,-0.03,1.01,6,Roll Right
2581,2581,272,0.03,-0.03,1.01,6,Roll Right
2582,2582,273,0.04,-0.04,1.02,6,Roll Right
2583,2583,274,0.04,-0.04,1.01,6,Roll Right
2584,2584,275,0.03,-0.03,1.01,6,Roll Right
2585,2585,276,0.03,-0.03,1.01,6,Roll Right
2586,2586,277,0.02,-0.11,1.03,6,Roll Right
2587,2587,278,-0.02,0.0,0.99,6,Roll Right
2588,2588,279,0.04,0.02,1.11,6,Roll Right
2589,2589,280,0.09,0.27,1.05,6,Roll Right
2590,2590,281,0.13,0.7,0.68,6,Roll Right
2591,2591,282,0.19,0.65,0.21,6,Roll Right
2592,2592,283,0.25,0.89,-0.11,6,Roll Right
2593,2593,284,0.22,0.88,-0.58,6,Roll Right
2594,2594,285,0.22,1.03,-0.41,6,Roll Right
2595,2595,286,0.23,0.92,-0.28,6,Roll Right
2596,2596,287,0.24,0.93,0.22,6,Roll Right
2597,2597,288,0.3,0.59,0.52,6,Roll Right
2598,2598,289,0.24,0.27,0.91,6,Roll Right
2599,2599,290,0.18,0.09,1.16,6,Roll Right
2600,2600,291,0.11,0.02,1.04,6,Roll Right
2601,2601,292,0.05,-0.0,1.07,6,Roll Right
2602,2602,293,0.04,-0.04,1.02,6,Roll Right
2603,2603,294,0.03,0.01,1.02,6,Roll Right
2604,2604,295,0.05,-0.04,0.98,6,Roll Right
2605,2605,296,0.05,-0.0,1.0,6,Roll Right
2606,2606,297,0.05,-0.04,1.01,6,Roll Right
2607,2607,298,0.04,-0.04,1.01,6,Roll Right
2608,2608,299,0.04,-0.03,1.01,6,Roll Right
2609,2609,300,0.04,-0.03,1.01,6,Roll Right
2610,2610,301,0.03,-0.03,1.01,6,Roll Right
2611,2611,302,0.03,-0.04,1.01,6,Roll Right
2612,2612,303,0.04,-0.04,1.01,6,Roll Right
2613,2613,304,0.04,-0.04,1.01,6,Roll Right
2614,2614,305,0.03,-0.04,1.01,6,Roll Right
2615,2615,306,0.04,-0.04,1.01,6,Roll Right
2616,2616,307,0.04,-0.04,1.01,6,Roll Right
2617,2617,308,0.04,-0.03,1.01,6,Roll Right
2618,2618,309,0.04,-0.04,1.01,6,Roll Right
2619,2619,310,0.03,-0.04,1.01,6,Roll Right
2620,2620,311,0.04,-0.04,1.01,6,Roll Right
2621,2621,312,0.04,-0.03,1.01,6,Roll Right
2622,2622,313,0.04,-0.03,1.01,6,Roll Right
2623,2623,314,0.04,-0.04,1.01,6,Roll Right
2624,2624,315,0.04,-0.04,1.01,6,Roll Right
2625,2625,316,0.04,-0.04,1.01,6,Roll Right
2626,2626,317,0.04,-0.04,1.01,6,Roll Right
2627,2627,318,0.04,-0.04,1.01,6,Roll Right
2628,2628,319,0.04,-0.04,1.0,6,Roll Right
2629,2629,320,0.03,-0.04,1.01,6,Roll Right
2630,2630,321,0.04,-0.04,1.0,6,Roll Right
2631,2631,322,0.04,-0.03,1.01,6,Roll Right
2632,2632,323,0.04,-0.03,1.01,6,Roll Right
2633,2633,324,0.04,-0.04,1.01,6,Roll Right
2634,2634,325,0.04,-0.04,1.01,6,Roll Right
2635,2635,326,0.04,-0.04,1.01,6,Roll Right
2636,2636,327,0.03,-0.03,1.01,6,Roll Right
2637,2637,328,0.04,-0.04,1.01,6,Roll Right
2638,2638,329,0.04,-0.04,1.01,6,Roll Right
2639,2639,330,0.04,-0.04,1.01,6,Roll Right
2640,2640,331,0.04,-0.04,1.01,6,Roll Right
2641,2641,332,0.04,-0.03,1.01,6,Roll Right
2642,2642,333,0.04,-0.03,1.01,6,Roll Right
2643,2643,334,0.04,-0.04,1.01,6,Roll Right
2644,2644,335,0.0,0.01,1.0,6,Roll Right
2645,2645,336,0.0,-0.14,1.31,6,Roll Right
2646,2646,337,0.04,-0.06,1.14,6,Roll Right
2647,2647,338,0.07,0.02,1.11,6,Roll Right
2648,2648,339,0.11,0.3,0.91,6,Roll Right
2649,2649,340,0.16,0.91,0.55,6,Roll Right
2650,2650,341,0.18,0.96,0.04,6,Roll Right
2651,2651,342,0.25,0.85,-0.36,6,Roll Right
2652,2652,343,0.27,1.02,-0.27,6,Roll Right
2653,2653,344,0.26,0.95,-0.3,6,Roll Right
2654,2654,345,0.25,0.97,-0.17,6,Roll Right
2655,2655,346,0.3,0.78,0.46,6,Roll Right
2656,2656,347,0.28,0.43,0.92,6,Roll Right
2657,2657,348,0.23,0.02,1.13,6,Roll Right
2658,2658,349,0.19,-0.15,0.97,6,Roll Right
2659,2659,350,0.12,-0.09,1.03,6,Roll Right
2660,2660,351,0.05,-0.08,1.04,6,Roll Right
2661,2661,352,0.03,-0.02,1.05,6,Roll Right
2662,2662,353,0.01,-0.07,1.04,6,Roll Right
2663,2663,354,0.02,-0.02,1.02,6,Roll Right
2664,2664,355,0.02,-0.02,1.02,6,Roll Right
2665,2665,356,0.04,-0.03,1.0,6,Roll Right
2666,2666,357,0.04,-0.04,1.01,6,Roll Right
2667,2667,358,0.04,-0.04,1.01,6,Roll Right
2668,2668,359,0.04,-0.03,1.01,6,Roll Right
2669,2669,360,0.04,-0.04,1.01,6,Roll Right
2670,2670,361,0.04,-0.04,1.01,6,Roll Right
2671,2671,362,0.04,-0.04,1.01,6,Roll Right
2672,2672,363,0.04,-0.04,1.0,6,Roll Right
2673,2673,364,0.04,-0.03,1.01,6,Roll Right
2674,2674,365,0.04,-0.04,1.01,6,Roll Right
2675,2675,366,0.04,-0.04,1.0,6,Roll Right
2676,2676,367,0.04,-0.03,1.01,6,Roll Right
2677,2677,368,0.04,-0.03,1.01,6,Roll Right
2678,2678,369,0.03,-0.03,1.01,6,Roll Right
2679,2679,370,0.04,-0.04,1.01,6,Roll Right
2680,2680,371,0.04,-0.04,1.01,6,Roll Right
2681,2681,372,0.04,-0.04,1.01,6,Roll Right
2682,2682,373,0.04,-0.04,1.0,6,Roll Right
2683,2683,374,0.04,-0.04,1.0,6,Roll Right
2684,2684,375,0.04,-0.04,1.01,6,Roll Right
2685,2685,376,0.04,-0.04,1.01,6,Roll Right
2686,2686,377,0.04,-0.04,1.01,6,Roll Right
2687,2687,378,0.04,-0.03,1.01,6,Roll Right
2688,2688,379,0.04,-0.04,1.01,6,Roll Right
2689,2689,380,0.04,-0.04,1.01,6,Roll Right
2690,2690,381,0.04,-0.04,1.01,6,Roll Right
2691,2691,382,0.04,-0.03,1.01,6,Roll Right
2692,2692,383,0.04,-0.03,1.01,6,Roll Right
2693,2693,384,0.04,-0.04,1.0,6,Roll Right
2694,2694,385,0.04,-0.04,1.01,6,Roll Right
2695,2695,386,0.04,-0.04,1.0,6,Roll Right
2696,2696,387,0.04,-0.04,1.01,6,Roll Right
2697,2697,388,0.03,-0.04,1.01,6,Roll Right
2698,2698,389,0.04,-0.04,1.01,6,Roll Right
2699,2699,390,0.04,-0.04,1.0,6,Roll Right
2700,2700,391,0.04,-0.03,1.01,6,Roll Right
2701,2701,392,0.04,-0.04,1.01,6,Roll Right
2702,2702,393,0.03,-0.03,1.01,6,Roll Right
2703,2703,394,0.03,-0.03,1.0,6,Roll Right
2704,2704,395,0.04,-0.05,1.02,6,Roll Right
2705,2705,396,0.04,-0.02,1.03,6,Roll Right
2706,2706,397,0.02,-0.02,1.09,6,Roll Right
2707,2707,398,0.06,0.08,1.07,6,Roll Right
2708,2708,399,0.11,0.42,0.86,6,Roll Right
2709,2709,400,0.12,1.02,0.52,6,Roll Right
2710,2710,401,0.2,0.82,0.09,6,Roll Right
2711,2711,402,0.24,1.03,-0.34,6,Roll Right
2712,2712,403,0.29,0.7,-0.51,6,Roll Right
2713,2713,404,0.27,0.9,-0.46,6,Roll Right
2714,2714,405,0.29,0.89,-0.37,6,Roll Right
2715,2715,406,0.3,0.82,0.07,6,Roll Right
2716,2716,407,0.28,0.68,0.73,6,Roll Right
2717,2717,408,0.21,0.25,1.0,6,Roll Right
2718,2718,409,0.16,0.07,1.02,6,Roll Right
2719,2719,410,0.09,0.0,1.05,6,Roll Right
2720,2720,411,0.05,-0.09,1.03,6,Roll Right
2721,2721,412,0.01,-0.04,1.05,6,Roll Right
2722,2722,413,0.01,-0.08,1.08,6,Roll Right
2723,2723,414,0.02,-0.03,1.02,6,Roll Right
2724,2724,415,0.03,-0.04,1.01,6,Roll Right
2725,2725,416,0.04,-0.04,1.01,6,Roll Right
2726,2726,417,0.04,-0.03,1.01,6,Roll Right
2727,2727,418,0.04,-0.04,1.01,6,Roll Right
2728,2728,419,0.04,-0.03,1.01,6,Roll Right
2729,2729,420,0.04,-0.03,1.01,6,Roll Right
2730,2730,421,0.03,-0.04,1.01,6,Roll Right
2731,2731,422,0.04,-0.04,1.01,6,Roll Right
2732,2732,423,0.04,-0.04,1.01,6,Roll Right
2733,2733,424,0.04,-0.04,1.01,6,Roll Right
2734,2734,425,0.04,-0.04,1.01,6,Roll Right
2735,2735,426,0.04,-0.03,1.01,6,Roll Right
2736,2736,427,0.04,-0.04,1.01,6,Roll Right
2737,2737,428,0.04,-0.04,1.01,6,Roll Right
2738,2738,429,0.04,-0.04,1.01,6,Roll Right
2739,2739,430,0.03,-0.03,1.01,6,Roll Right
2740,2740,431,0.04,-0.04,1.01,6,Roll Right
2741,2741,432,0.04,-0.04,1.01,6,Roll Right
2742,2742,433,0.04,-0.04,1.01,6,Roll Right
2743,2743,434,0.04,-0.04,1.01,6,Roll Right
2744,2744,435,0.04,-0.04,1.01,6,Roll Right
2745,2745,436,0.04,-0.04,1.01,6,Roll Right
2746,2746,437,0.03,-0.04,1.01,6,Roll Right
2747,2747,438,0.03,-0.03,1.01,6,Roll Right
2748,2748,439,0.04,-0.04,1.01,6,Roll Right
2749,2749,440,0.04,-0.04,1.01,6,Roll Right
2750,2750,441,0.04,-0.03,1.0,6,Roll Right
2751,2751,442,0.03,-0.04,1.01,6,Roll Right
2752,2752,443,0.04,-0.04,1.01,6,Roll Right
2753,2753,444,0.03,-0.03,1.01,6,Roll Right
2754,2754,445,0.04,-0.04,1.0,6,Roll Right
2755,2755,446,0.04,-0.04,1.01,6,Roll Right
2756,2756,447,0.04,-0.04,1.01,6,Roll Right
2757,2757,448,0.04,-0.04,1.01,6,Roll Right
2758,2758,449,0.04,-0.04,1.01,6,Roll Right
2759,2759,450,0.03,-0.03,1.01,6,Roll Right
2760,2760,451,0.04,-0.04,1.0,6,Roll Right
2761,2761,452,0.04,-0.03,1.01,6,Roll Right
2762,2762,453,0.04,-0.04,1.01,6,Roll Right
2763,2763,454,0.04,-0.03,1.01,6,Roll Right
2764,2764,455,0.04,-0.05,1.01,6,Roll Right
2765,2765,456,0.02,-0.03,1.17,6,Roll Right
2766,2766,457,0.04,-0.05,1.12,6,Roll Right
2767,2767,458,0.07,0.24,1.04,6,Roll Right
2768,2768,459,0.08,0.68,0.84,6,Roll Right
2769,2769,460,0.14,0.95,0.37,6,Roll Right
2770,2770,461,0.25,1.02,0.0,6,Roll Right
2771,2771,462,0.24,0.7,-0.53,6,Roll Right
2772,2772,463,0.24,0.93,-0.44,6,Roll Right
2773,2773,464,0.23,0.91,-0.46,6,Roll Right
2774,2774,465,0.23,0.86,-0.39,6,Roll Right
2775,2775,466,0.23,1.04,-0.1,6,Roll Right
2776,2776,467,0.28,0.9,0.36,6,Roll Right
2777,2777,468,0.3,0.32,0.77,6,Roll Right
2778,2778,469,0.18,0.12,0.99,6,Roll Right
2779,2779,470,0.17,-0.05,1.0,6,Roll Right
2780,2780,471,0.12,-0.07,0.96,6,Roll Right
2781,2781,472,0.07,-0.11,1.06,6,Roll Right
2782,2782,473,0.05,-0.09,1.03,6,Roll Right
2783,2783,474,0.03,-0.05,1.03,6,Roll Right
2784,2784,475,0.03,-0.06,0.99,6,Roll Right
2785,2785,476,0.03,-0.04,1.0,6,Roll Right
2786,2786,477,0.03,-0.03,1.02,6,Roll Right
2787,2787,478,0.04,-0.04,1.01,6,Roll Right
2788,2788,479,0.04,-0.04,1.01,6,Roll Right
2789,2789,480,0.04,-0.04,1.01,6,Roll Right
2790,2790,481,0.04,-0.04,1.01,6,Roll Right
2791,2791,482,0.04,-0.03,1.01,6,Roll Right
2792,2792,483,0.04,-0.03,1.01,6,Roll Right
2793,2793,484,0.03,-0.03,1.01,6,Roll Right
2794,2794,485,0.04,-0.04,1.01,6,Roll Right
2795,2795,486,0.04,-0.03,1.01,6,Roll Right
2796,2796,487,0.04,-0.04,1.01,6,Roll Right
2797,2797,488,0.04,-0.04,1.01,6,Roll Right
2798,2798,489,0.04,-0.03,1.0,6,Roll Right
2799,2799,490,0.03,-0.03,1.01,6,Roll Right
2800,2800,491,0.04,-0.03,1.01,6,Roll Right
2801,2801,492,0.03,-0.04,1.0,6,Roll Right
2802,2802,493,0.04,-0.04,1.01,6,Roll Right
2803,2803,494,0.03,-0.04,1.01,6,Roll Right
2804,2804,495,0.04,-0.03,1.01,6,Roll Right
2805,2805,496,0.04,-0.03,1.01,6,Roll Right
2806,2806,497,0.04,-0.04,1.01,6,Roll Right
2807,2807,498,0.04,-0.04,1.01,6,Roll Right
2808,2808,499,0.04,-0.04,1.01,6,Roll Right
2809,2809,500,0.04,-0.03,1.01,6,Roll Right
2810,2810,501,0.04,-0.04,1.01,6,Roll Right
2811,2811,502,0.04,-0.03,1.01,6,Roll Right
2812,2812,503,0.03,-0.03,1.01,6,Roll Right
2813,2813,504,0.03,-0.04,1.01,6,Roll Right
2814,2814,505,0.04,-0.04,1.01,6,Roll Right
2815,2815,506,0.03,-0.03,1.01,6,Roll Right
2816,2816,507,0.04,-0.04,1.01,6,Roll Right
2817,2817,508,0.03,-0.03,1.01,6,Roll Right
2818,2818,509,0.03,-0.03,1.01,6,Roll Right
2819,2819,510,0.04,-0.04,1.01,6,Roll Right
2820,2820,511,0.04,-0.04,1.01,6,Roll Right
2821,2821,512,0.04,-0.04,1.01,6,Roll Right
2822,2822,513,0.04,-0.04,1.01,6,Roll Right
2823,2823,514,0.04,-0.04,1.01,6,Roll Right
2824,2824,515,0.04,-0.03,1.01,6,Roll Right
2825,2825,516,0.04,-0.04,1.01,6,Roll Right
0,0,0,0.04,0.02,1.0,1,Tilt Down
1,1,1,0.04,0.02,1.0,1,Tilt Down
2,2,2,0.04,0.03,1.0,1,Tilt Down
3,3,3,0.04,0.02,1.0,1,Tilt Down
4,4,4,0.04,0.03,1.0,1,Tilt Down
5,5,5,0.04,0.03,1.0,1,Tilt Down
6,6,6,0.04,0.03,1.0,1,Tilt Down
7,7,7,0.04,0.04,1.0,1,Tilt Down
8,8,8,0.04,0.02,1.0,1,Tilt Down
9,9,9,0.04,0.02,1.0,1,Tilt Down
10,10,10,0.04,0.03,1.0,1,Tilt Down
11,11,11,0.04,0.02,1.0,1,Tilt Down
12,12,12,0.04,0.03,1.0,1,Tilt Down
13,13,13,0.04,0.03,1.0,1,Tilt Down
14,14,14,0.04,0.03,1.0,1,Tilt Down
15,15,15,0.04,0.04,1.0,1,Tilt Down
16,16,16,0.04,0.02,1.0,1,Tilt Down
17,17,17,0.04,0.02,1.0,1,Tilt Down
18,18,18,0.04,0.03,1.0,1,Tilt Down
19,19,19,0.04,0.02,1.0,1,Tilt Down
20,20,20,0.04,0.03,1.0,1,Tilt Down
21,21,21,0.04,0.03,1.0,1,Tilt Down
22,22,22,0.04,0.02,1.0,1,Tilt Down
23,23,23,0.04,0.03,1.0,1,Tilt Down
24,24,24,0.04,0.03,1.0,1,Tilt Down
25,25,25,0.04,0.03,1.0,1,Tilt Down
26,26,26,0.04,0.02,1.0,1,Tilt Down
27,27,27,0.04,0.03,1.0,1,Tilt Down
28,28,28,0.04,0.03,1.0,1,Tilt Down
29,29,29,0.04,0.03,1.0,1,Tilt Down
30,30,30,0.04,0.03,1.0,1,Tilt Down
31,31,31,0.04,0.03,1.0,1,Tilt Down
32,32,32,0.04,0.03,1.0,1,Tilt Down
33,33,33,0.04,0.03,1.0,1,Tilt Down
34,34,34,0.04,0.03,1.0,1,Tilt Down
35,35,35,0.04,0.03,1.0,1,Tilt Down
36,36,36,0.04,0.02,1.0,1,Tilt Down
37,37,37,0.04,0.03,1.01,1,Tilt Down
38,38,38,0.04,0.03,1.0,1,Tilt Down
39,39,39,0.04,0.03,1.0,1,Tilt Down
40,40,40,0.04,0.03,1.0,1,Tilt Down
41,41,41,0.04,0.03,1.0,1,Tilt Down
42,42,42,0.04,0.03,1.0,1,Tilt Down
43,43,43,0.04,0.03,1.0,1,Tilt Down
44,44,44,0.06,-0.05,1.0,1,Tilt Down
45,45,45,0.04,0.03,1.0,1,Tilt Down
46,46,46,-0.01,0.03,1.05,1,Tilt Down
47,47,47,0.0,0.05,1.14,1,Tilt Down
48,48,48,-0.11,0.12,0.96,1,Tilt Down
49,49,49,-0.25,-0.15,1.14,1,Tilt Down
50,50,50,-0.28,0.09,1.04,1,Tilt Down
51,51,51,-0.39,-0.05,1.17,1,Tilt Down
52,52,52,-0.51,-0.08,0.75,1,Tilt Down
53,53,53,-0.37,0.17,0.75,1,Tilt Down
54,54,54,-0.5,0.02,1.04,1,Tilt Down
55,55,55,-0.6,-0.05,0.71,1,Tilt Down
56,56,56,-0.61,-0.04,0.69,1,Tilt Down
57,57,57,-0.59,0.04,0.77,1,Tilt Down
58,58,58,-0.68,0.03,0.7,1,Tilt Down
59,59,59,-0.63,0.03,0.85,1,Tilt Down
60,60,60,-0.62,0.04,0.8,1,Tilt Down
61,61,61,-0.52,-0.04,0.89,1,Tilt Down
62,62,62,-0.57,-0.02,0.8,1,Tilt Down
63,63,63,-0.32,0.14,0.85,1,Tilt Down
64,64,64,-0.34,-0.12,0.96,1,Tilt Down
65,65,65,-0.1,0.06,1.05,1,Tilt Down
66,66,66,0.03,-0.02,1.0,1,Tilt Down
67,67,67,0.08,0.02,1.01,1,Tilt Down
68,68,68,0.11,-0.04,0.74,1,Tilt Down
69,69,69,0.1,0.0,1.04,1,Tilt Down
70,70,70,0.1,-0.04,0.87,1,Tilt Down
71,71,71,0.09,0.02,0.99,1,Tilt Down
72,72,72,0.01,0.03,1.15,1,Tilt Down
73,73,73,0.04,0.03,1.0,1,Tilt Down
74,74,74,0.04,0.03,1.0,1,Tilt Down
75,75,75,0.04,0.03,1.0,1,Tilt Down
76,76,76,0.04,0.03,1.0,1,Tilt Down
77,77,77,0.04,0.03,1.0,1,Tilt Down
78,78,78,0.04,0.03,1.0,1,Tilt Down
79,79,79,0.04,0.03,1.0,1,Tilt Down
80,80,80,0.04,0.03,1.0,1,Tilt Down
81,81,81,0.04,0.02,1.0,1,Tilt Down
82,82,82,0.04,0.02,1.0,1,Tilt Down
83,83,83,0.04,0.03,1.0,1,Tilt Down
84,84,84,0.04,0.02,1.01,1,Tilt Down
85,85,85,0.04,0.03,1.01,1,Tilt Down
86,86,86,0.04,0.02,1.0,1,Tilt Down
87,87,87,0.04,0.03,1.0,1,Tilt Down
88,88,88,0.04,0.03,1.0,1,Tilt Down
89,89,89,0.04,0.03,1.0,1,Tilt Down
90,90,90,0.04,0.03,1.0,1,Tilt Down
91,91,91,0.04,0.03,1.0,1,Tilt Down
92,92,92,0.04,0.03,1.0,1,Tilt Down
93,93,93,0.04,0.03,1.0,1,Tilt Down
94,94,94,0.04,0.03,1.0,1,Tilt Down
95,95,95,0.04,0.03,1.0,1,Tilt Down
96,96,96,0.04,0.02,1.0,1,Tilt Down
97,97,97,0.04,0.03,1.0,1,Tilt Down
98,98,98,0.04,0.03,1.0,1,Tilt Down
99,99,99,0.04,0.02,1.0,1,Tilt Down
100,100,100,0.04,0.02,1.0,1,Tilt Down
101,101,101,0.04,0.03,1.0,1,Tilt Down
102,102,102,0.04,0.03,1.01,1,Tilt Down
103,103,103,0.04,0.03,1.0,1,Tilt Down
104,104,104,0.04,0.03,1.0,1,Tilt Down
105,105,105,0.04,0.03,1.0,1,Tilt Down
106,106,106,0.04,0.03,1.0,1,Tilt Down
107,107,107,0.04,0.03,1.0,1,Tilt Down
108,108,108,0.04,0.03,1.0,1,Tilt Down
109,109,109,0.04,0.03,1.0,1,Tilt Down
110,110,110,0.04,0.03,1.01,1,Tilt Down
111,111,111,0.04,0.03,1.0,1,Tilt Down
112,112,112,0.04,0.03,1.0,1,Tilt Down
113,113,113,0.04,0.03,1.0,1,Tilt Down
114,114,114,0.04,0.03,1.0,1,Tilt Down
115,115,115,0.04,0.03,1.0,1,Tilt Down
116,116,116,0.04,0.03,1.0,1,Tilt Down
117,117,117,0.04,0.03,1.0,1,Tilt Down
118,118,118,0.02,0.02,1.0,1,Tilt Down
119,119,119,0.04,0.03,1.0,1,Tilt Down
120,120,120,0.04,0.01,1.01,1,Tilt Down
121,121,121,-0.02,0.02,1.01,1,Tilt Down
122,122,122,-0.1,0.06,1.07,1,Tilt Down
123,123,123,-0.02,0.06,0.95,1,Tilt Down
124,124,124,-0.04,0.04,0.98,1,Tilt Down
125,125,125,-0.06,0.2,0.97,1,Tilt Down
126,126,126,-0.3,0.01,1.08,1,Tilt Down
127,127,127,-0.36,0.16,0.91,1,Tilt Down
128,128,128,-0.5,-0.04,1.04,1,Tilt Down
129,129,129,-0.56,0.01,0.78,1,Tilt Down
130,130,130,-0.58,0.01,0.78,1,Tilt Down
131,131,131,-0.58,0.06,0.71,1,Tilt Down
132,132,132,-0.61,0.01,0.91,1,Tilt Down
133,133,133,-0.59,0.06,0.71,1,Tilt Down
134,134,134,-0.55,0.12,0.9,1,Tilt Down
135,135,135,-0.46,0.07,0.87,1,Tilt Down
136,136,136,-0.31,0.05,0.84,1,Tilt Down
137,137,137,-0.2,0.01,1.04,1,Tilt Down
138,138,138,-0.03,0.06,1.06,1,Tilt Down
139,139,139,0.0,0.03,1.07,1,Tilt Down
140,140,140,0.1,0.02,0.99,1,Tilt Down
141,141,141,0.01,-0.02,1.14,1,Tilt Down
142,142,142,0.09,-0.05,1.18,1,Tilt Down
143,143,143,0.02,-0.01,1.0,1,Tilt Down
144,144,144,0.04,0.03,1.0,1,Tilt Down
145,145,145,0.02,0.04,1.01,1,Tilt Down
146,146,146,0.04,0.03,1.0,1,Tilt Down
147,147,147,0.04,0.03,1.0,1,Tilt Down
148,148,148,0.04,0.03,1.0,1,Tilt Down
149,149,149,0.04,0.03,1.0,1,Tilt Down
150,150,150,0.04,0.03,1.0,1,Tilt Down
151,151,151,0.04,0.03,1.0,1,Tilt Down
152,152,152,0.04,0.03,1.0,1,Tilt Down
153,153,153,0.04,0.03,1.0,1,Tilt Down
154,154,154,0.04,0.03,1.0,1,Tilt Down
155,155,155,0.04,0.03,1.0,1,Tilt Down
156,156,156,0.04,0.03,1.0,1,Tilt Down
157,157,157,0.04,0.03,1.0,1,Tilt Down
158,158,158,0.04,0.03,1.0,1,Tilt Down
159,159,159,0.04,0.03,1.01,1,Tilt Down
160,160,160,0.04,0.03,1.0,1,Tilt Down
161,161,161,0.04,0.03,1.0,1,Tilt Down
162,162,162,0.04,0.03,1.0,1,Tilt Down
163,163,163,0.04,0.03,1.0,1,Tilt Down
164,164,164,0.04,0.03,1.0,1,Tilt Down
165,165,165,0.04,0.03,1.0,1,Tilt Down
166,166,166,0.04,0.03,1.0,1,Tilt Down
167,167,167,0.04,0.03,1.0,1,Tilt Down
168,168,168,0.04,0.03,1.0,1,Tilt Down
169,169,169,0.04,0.03,1.0,1,Tilt Down
170,170,170,0.04,0.03,1.0,1,Tilt Down
171,171,171,0.04,0.03,1.0,1,Tilt Down
172,172,172,0.04,0.02,1.0,1,Tilt Down
173,173,173,0.04,0.03,1.0,1,Tilt Down
174,174,174,0.04,0.02,1.0,1,Tilt Down
175,175,175,0.04,0.03,1.0,1,Tilt Down
176,176,176,0.04,0.03,1.0,1,Tilt Down
177,177,177,0.04,0.03,1.0,1,Tilt Down
178,178,178,0.04,0.03,1.0,1,Tilt Down
179,179,179,0.04,0.03,1.0,1,Tilt Down
180,180,180,0.04,0.03,1.0,1,Tilt Down
181,181,181,0.04,0.03,1.0,1,Tilt Down
182,182,182,0.04,0.03,1.0,1,Tilt Down
183,183,183,0.04,0.03,1.0,1,Tilt Down
184,184,184,0.04,0.03,1.0,1,Tilt Down
185,185,185,0.04,0.03,1.0,1,Tilt Down
186,186,186,0.05,0.02,1.0,1,Tilt Down
187,187,187,0.01,0.07,0.99,1,Tilt Down
188,188,188,-0.02,0.04,1.04,1,Tilt Down
189,189,189,-0.12,0.1,0.88,1,Tilt Down
190,190,190,-0.32,0.0,1.17,1,Tilt Down
191,191,191,-0.33,0.14,0.98,1,Tilt Down
192,192,192,-0.39,0.18,0.92,1,Tilt Down
193,193,193,-0.5,0.09,0.79,1,Tilt Down
194,194,194,-0.59,0.11,0.65,1,Tilt Down
195,195,195,-0.58,0.12,0.79,1,Tilt Down
196,196,196,-0.64,0.01,0.79,1,Tilt Down
197,197,197,-0.62,0.08,0.79,1,Tilt Down
198,198,198,-0.62,0.14,0.76,1,Tilt Down
199,199,199,-0.63,0.07,0.77,1,Tilt Down
200,200,200,-0.64,0.0,0.86,1,Tilt Down
201,201,201,-0.59,0.07,0.95,1,Tilt Down
202,202,202,-0.5,0.13,0.77,1,Tilt Down
203,203,203,-0.34,0.13,0.84,1,Tilt Down
204,204,204,-0.21,0.2,1.04,1,Tilt Down
205,205,205,0.0,0.02,0.91,1,Tilt Down
206,206,206,0.05,0.01,0.97,1,Tilt Down
207,207,207,0.06,0.01,0.99,1,Tilt Down
208,208,208,-0.05,0.06,0.96,1,Tilt Down
209,209,209,0.07,0.01,0.95,1,Tilt Down
210,210,210,0.06,0.07,1.0,1,Tilt Down
211,211,211,0.04,0.03,1.0,1,Tilt Down
212,212,212,0.04,0.03,1.0,1,Tilt Down
213,213,213,0.04,0.03,1.0,1,Tilt Down
214,214,214,0.04,0.03,1.0,1,Tilt Down
215,215,215,0.04,0.03,1.0,1,Tilt Down
216,216,216,0.04,0.03,1.0,1,Tilt Down
217,217,217,0.04,0.03,1.0,1,Tilt Down
218,218,218,0.04,0.02,1.0,1,Tilt Down
219,219,219,0.04,0.03,1.0,1,Tilt Down
220,220,220,0.04,0.02,1.0,1,Tilt Down
221,221,221,0.04,0.03,1.0,1,Tilt Down
222,222,222,0.04,0.03,1.0,1,Tilt Down
223,223,223,0.04,0.03,1.0,1,Tilt Down
224,224,224,0.04,0.02,1.0,1,Tilt Down
225,225,225,0.04,0.03,1.0,1,Tilt Down
226,226,226,0.04,0.03,1.0,1,Tilt Down
227,227,227,0.04,0.03,1.0,1,Tilt Down
228,228,228,0.04,0.03,1.0,1,Tilt Down
229,229,229,0.04,0.03,1.0,1,Tilt Down
230,230,230,0.04,0.03,1.0,1,Tilt Down
231,231,231,0.04,0.03,1.0,1,Tilt Down
232,232,232,0.04,0.03,1.0,1,Tilt Down
233,233,233,0.04,0.03,1.0,1,Tilt Down
234,234,234,0.04,0.03,1.0,1,Tilt Down
235,235,235,0.04,0.03,1.0,1,Tilt Down
236,236,236,0.04,0.03,1.0,1,Tilt Down
237,237,237,0.04,0.03,1.0,1,Tilt Down
238,238,238,0.04,0.03,1.0,1,Tilt Down
239,239,239,0.04,0.03,1.0,1,Tilt Down
240,240,240,0.04,0.03,1.0,1,Tilt Down
241,241,241,0.04,0.03,1.0,1,Tilt Down
242,242,242,0.04,0.03,1.0,1,Tilt Down
243,243,243,0.04,0.03,1.0,1,Tilt Down
244,244,244,0.04,0.03,1.01,1,Tilt Down
245,245,245,0.04,0.02,1.0,1,Tilt Down
246,246,246,0.04,0.03,1.01,1,Tilt Down
247,247,247,0.04,0.03,1.0,1,Tilt Down
248,248,248,0.04,0.02,1.0,1,Tilt Down
249,249,249,0.04,0.03,1.0,1,Tilt Down
250,250,250,0.04,0.03,1.0,1,Tilt Down
251,251,251,0.04,0.03,1.0,1,Tilt Down
252,252,252,0.04,0.03,1.0,1,Tilt Down
253,253,253,0.1,0.14,1.0,1,Tilt Down
254,254,254,0.06,0.01,1.0,1,Tilt Down
255,255,255,0.0,0.05,1.02,1,Tilt Down
256,256,256,-0.08,0.01,1.21,1,Tilt Down
257,257,257,-0.32,0.0,1.44,1,Tilt Down
258,258,258,-0.28,0.04,0.92,1,Tilt Down
259,259,259,-0.43,0.14,1.1,1,Tilt Down
260,260,260,-0.55,0.07,0.72,1,Tilt Down
261,261,261,-0.64,0.1,0.76,1,Tilt Down
262,262,262,-0.57,0.13,0.76,1,Tilt Down
263,263,263,-0.59,0.11,0.87,1,Tilt Down
264,264,264,-0.63,0.12,0.74,1,Tilt Down
265,265,265,-0.63,0.08,0.76,1,Tilt Down
266,266,266,-0.61,0.12,0.75,1,Tilt Down
267,267,267,-0.63,0.13,0.75,1,Tilt Down
268,268,268,-0.52,0.06,0.93,1,Tilt Down
269,269,269,-0.29,0.02,0.91,1,Tilt Down
270,270,270,-0.17,0.11,0.8,1,Tilt Down
271,271,271,-0.02,0.13,1.05,1,Tilt Down
272,272,272,0.02,0.1,1.05,1,Tilt Down
273,273,273,0.05,0.04,1.04,1,Tilt Down
274,274,274,0.08,0.02,0.92,1,Tilt Down
275,275,275,0.06,0.04,0.96,1,Tilt Down
276,276,276,0.05,0.02,1.03,1,Tilt Down
277,277,277,0.04,0.02,1.0,1,Tilt Down
278,278,278,0.04,0.03,1.0,1,Tilt Down
279,279,279,0.04,0.03,1.0,1,Tilt Down
280,280,280,0.04,0.03,1.0,1,Tilt Down
281,281,281,0.04,0.03,1.0,1,Tilt Down
282,282,282,0.04,0.03,1.0,1,Tilt Down
283,283,283,0.04,0.03,1.0,1,Tilt Down
284,284,284,0.04,0.03,1.0,1,Tilt Down
285,285,285,0.04,0.03,1.0,1,Tilt Down
286,286,286,0.04,0.02,1.0,1,Tilt Down
287,287,287,0.04,0.03,1.0,1,Tilt Down
288,288,288,0.04,0.03,1.0,1,Tilt Down
289,289,289,0.04,0.02,1.0,1,Tilt Down
290,290,290,0.04,0.03,1.0,1,Tilt Down
291,291,291,0.04,0.03,1.0,1,Tilt Down
292,292,292,0.04,0.02,1.0,1,Tilt Down
293,293,293,0.04,0.03,1.0,1,Tilt Down
294,294,294,0.04,0.03,1.0,1,Tilt Down
295,295,295,0.04,0.03,1.0,1,Tilt Down
296,296,296,0.04,0.03,1.0,1,Tilt Down
297,297,297,0.04,0.03,1.0,1,Tilt Down
298,298,298,0.04,0.03,1.0,1,Tilt Down
299,299,299,0.04,0.03,1.0,1,Tilt Down
300,300,300,0.04,0.03,1.0,1,Tilt Down
301,301,301,0.04,0.03,1.0,1,Tilt Down
302,302,302,0.04,0.03,1.0,1,Tilt Down
303,303,303,0.04,0.03,1.01,1,Tilt Down
304,304,304,0.04,0.03,1.0,1,Tilt Down
305,305,305,0.04,0.03,1.0,1,Tilt Down
306,306,306,0.04,0.03,1.0,1,Tilt Down
307,307,307,0.04,0.02,1.0,1,Tilt Down
308,308,308,0.04,0.03,1.0,1,Tilt Down
309,309,309,0.04,0.03,1.0,1,Tilt Down
310,310,310,0.04,0.03,1.0,1,Tilt Down
311,311,311,0.04,0.03,1.0,1,Tilt Down
312,312,312,0.04,0.02,1.0,1,Tilt Down
313,313,313,0.04,0.03,1.0,1,Tilt Down
314,314,314,0.04,0.02,1.0,1,Tilt Down
315,315,315,0.04,0.02,1.0,1,Tilt Down
316,316,316,0.04,0.03,1.0,1,Tilt Down
317,317,317,0.05,0.02,1.0,1,Tilt Down
318,318,318,0.02,0.02,1.04,1,Tilt Down
319,319,319,0.01,0.03,1.08,1,Tilt Down
320,320,320,-0.11,0.04,1.21,1,Tilt Down
321,321,321,-0.3,-0.08,1.18,1,Tilt Down
322,322,322,-0.29,0.26,1.04,1,Tilt Down
323,323,323,-0.59,0.13,0.65,1,Tilt Down
324,324,324,-0.62,0.09,0.8,1,Tilt Down
325,325,325,-0.7,0.0,0.88,1,Tilt Down
326,326,326,-0.7,0.0,0.59,1,Tilt Down
327,327,327,-0.66,0.09,0.77,1,Tilt Down
328,328,328,-0.65,0.06,0.75,1,Tilt Down
329,329,329,-0.57,0.06,0.76,1,Tilt Down
330,330,330,-0.6,0.03,0.93,1,Tilt Down
331,331,331,-0.32,0.21,0.88,1,Tilt Down
332,332,332,-0.19,-0.01,1.07,1,Tilt Down
333,333,333,0.05,0.08,1.01,1,Tilt Down
334,334,334,0.15,0.02,0.93,1,Tilt Down
335,335,335,0.08,0.12,1.0,1,Tilt Down
336,336,336,0.05,0.1,1.2,1,Tilt Down
337,337,337,0.06,0.06,0.9,1,Tilt Down
338,338,338,0.04,0.04,1.0,1,Tilt Down
339,339,339,0.04,0.03,1.01,1,Tilt Down
340,340,340,0.04,0.03,1.0,1,Tilt Down
341,341,341,0.04,0.03,1.0,1,Tilt Down
342,342,342,0.04,0.03,1.0,1,Tilt Down
343,343,343,0.04,0.03,1.0,1,Tilt Down
344,344,344,0.04,0.03,1.0,1,Tilt Down
345,345,345,0.04,0.02,1.0,1,Tilt Down
346,346,346,0.04,0.02,1.0,1,Tilt Down
347,347,347,0.04,0.03,1.0,1,Tilt Down
348,348,348,0.04,0.03,1.0,1,Tilt Down
349,349,349,0.04,0.03,1.0,1,Tilt Down
350,350,350,0.04,0.03,1.01,1,Tilt Down
351,351,351,0.04,0.03,1.0,1,Tilt Down
352,352,352,0.04,0.03,1.0,1,Tilt Down
353,353,353,0.04,0.03,1.0,1,Tilt Down
354,354,354,0.04,0.03,1.0,1,Tilt Down
355,355,355,0.04,0.03,1.0,1,Tilt Down
356,356,356,0.04,0.03,1.0,1,Tilt Down
357,357,357,0.04,0.03,1.0,1,Tilt Down
358,358,358,0.04,0.03,1.0,1,Tilt Down
359,359,359,0.04,0.03,1.0,1,Tilt Down
360,360,360,0.04,0.03,1.0,1,Tilt Down
361,361,361,0.04,0.03,1.0,1,Tilt Down
362,362,362,0.04,0.03,1.0,1,Tilt Down
363,363,363,0.04,0.03,1.0,1,Tilt Down
364,364,364,0.04,0.03,1.0,1,Tilt Down
365,365,365,0.04,0.03,1.0,1,Tilt Down
366,366,366,0.04,0.03,1.0,1,Tilt Down
367,367,367,0.04,0.03,1.0,1,Tilt Down
368,368,368,0.04,0.03,1.0,1,Tilt Down
369,369,369,0.04,0.02,1.0,1,Tilt Down
370,370,370,0.04,0.02,1.0,1,Tilt Down
371,371,371,0.04,0.03,1.0,1,Tilt Down
372,372,372,0.04,0.03,1.0,1,Tilt Down
373,373,373,0.04,0.03,1.0,1,Tilt Down
374,374,374,0.04,0.03,1.0,1,Tilt Down
375,375,375,0.04,0.04,1.0,1,Tilt Down
376,376,376,0.0,0.02,1.0,1,Tilt Down
377,377,377,-0.12,-0.01,1.01,1,Tilt Down
378,378,378,-0.17,0.1,1.0,1,Tilt Down
379,379,379,-0.19,-0.01,0.89,1,Tilt Down
380,380,380,-0.23,0.23,0.9,1,Tilt Down
381,381,381,-0.39,0.03,0.82,1,Tilt Down
382,382,382,-0.5,0.06,0.9,1,Tilt Down
383,383,383,-0.63,0.11,0.83,1,Tilt Down
384,384,384,-0.64,0.03,0.88,1,Tilt Down
385,385,385,-0.65,0.06,0.79,1,Tilt Down
386,386,386,-0.63,0.1,0.8,1,Tilt Down
387,387,387,-0.55,0.04,0.91,1,Tilt Down
388,388,388,-0.41,0.15,0.86,1,Tilt Down
389,389,389,-0.15,0.14,0.91,1,Tilt Down
390,390,390,-0.09,0.27,0.96,1,Tilt Down
391,391,391,0.12,-0.02,0.86,1,Tilt Down
392,392,392,0.02,-0.05,0.99,1,Tilt Down
393,393,393,0.07,0.03,1.0,1,Tilt Down
394,394,394,0.01,0.09,0.97,1,Tilt Down
395,395,395,0.06,0.0,0.93,1,Tilt Down
396,396,396,0.04,0.04,1.04,1,Tilt Down
397,397,397,0.03,0.02,1.0,1,Tilt Down
398,398,398,0.04,0.03,1.0,1,Tilt Down
399,399,399,0.04,0.03,1.0,1,Tilt Down
400,400,400,0.04,0.03,1.0,1,Tilt Down
401,401,401,0.04,0.03,1.0,1,Tilt Down
402,402,402,0.05,0.03,1.0,1,Tilt Down
403,403,403,0.04,0.03,1.0,1,Tilt Down
404,404,404,0.04,0.03,1.01,1,Tilt Down
405,405,405,0.04,0.03,1.0,1,Tilt Down
406,406,406,0.04,0.03,1.0,1,Tilt Down
407,407,407,0.04,0.03,1.0,1,Tilt Down
408,408,408,0.04,0.03,1.0,1,Tilt Down
409,409,409,0.04,0.03,1.0,1,Tilt Down
410,410,410,0.04,0.03,1.0,1,Tilt Down
411,411,411,0.04,0.03,1.0,1,Tilt Down
412,412,412,0.04,0.03,1.0,1,Tilt Down
413,413,413,0.04,0.02,1.0,1,Tilt Down
414,414,414,0.04,0.03,1.0,1,Tilt Down
415,415,415,0.04,0.02,1.0,1,Tilt Down
416,416,416,0.04,0.03,1.0,1,Tilt Down
417,417,417,0.04,0.03,1.0,1,Tilt Down
418,418,418,0.04,0.03,1.0,1,Tilt Down
419,419,419,0.04,0.03,1.0,1,Tilt Down
420,420,420,0.04,0.02,1.01,1,Tilt Down
421,421,421,0.04,0.03,1.0,1,Tilt Down
422,422,422,0.04,0.03,1.0,1,Tilt Down
423,423,423,0.04,0.03,1.01,1,Tilt Down
424,424,424,0.04,0.03,1.0,1,Tilt Down
425,425,425,0.04,0.03,1.0,1,Tilt Down
426,426,426,0.04,0.03,1.0,1,Tilt Down
427,427,427,0.04,0.03,1.0,1,Tilt Down
428,428,428,0.04,0.03,1.0,1,Tilt Down
429,429,429,0.04,0.03,1.0,1,Tilt Down
430,430,0,0.04,0.03,1.0,2,Tilt Down
431,431,1,0.04,0.03,1.01,2,Tilt Down
432,432,2,0.04,0.03,1.0,2,Tilt Down
433,433,3,0.04,0.02,1.0,2,Tilt Down
434,434,4,0.04,0.03,1.0,2,Tilt Down
435,435,5,0.04,0.03,1.0,2,Tilt Down
436,436,6,0.04,0.03,1.0,2,Tilt Down
437,437,7,0.04,0.03,1.0,2,Tilt Down
438,438,8,0.04,0.03,1.0,2,Tilt Down
439,439,9,0.04,0.03,1.01,2,Tilt Down
440,440,10,0.04,0.03,1.0,2,Tilt Down
441,441,11,0.04,0.02,1.0,2,Tilt Down
442,442,12,0.04,0.02,1.0,2,Tilt Down
443,443,13,0.04,0.03,1.0,2,Tilt Down
444,444,14,0.04,0.02,1.0,2,Tilt Down
445,445,15,0.04,0.02,1.0,2,Tilt Down
446,446,16,0.04,0.02,1.0,2,Tilt Down
447,447,17,0.04,0.02,1.0,2,Tilt Down
448,448,18,0.04,0.02,1.0,2,Tilt Down
449,449,19,0.04,0.02,1.0,2,Tilt Down
450,450,20,0.04,0.03,1.0,2,Tilt Down
451,451,21,0.04,0.03,1.0,2,Tilt Down
452,452,22,0.04,0.02,1.0,2,Tilt Down
453,453,23,0.04,0.03,1.0,2,Tilt Down
454,454,24,0.04,0.03,1.0,2,Tilt Down
455,455,25,0.04,0.03,1.0,2,Tilt Down
456,456,26,0.04,0.03,1.0,2,Tilt Down
457,457,27,0.04,0.03,1.0,2,Tilt Down
458,458,28,0.04,0.02,1.0,2,Tilt Down
459,459,29,0.04,0.02,1.0,2,Tilt Down
460,460,30,0.04,0.02,1.0,2,Tilt Down
461,461,31,0.04,0.03,1.01,2,Tilt Down
462,462,32,0.04,0.03,1.0,2,Tilt Down
463,463,33,0.04,0.02,1.0,2,Tilt Down
464,464,34,0.04,0.03,1.0,2,Tilt Down
465,465,35,0.04,0.02,1.0,2,Tilt Down
466,466,36,0.04,0.02,1.0,2,Tilt Down
467,467,37,0.04,0.02,1.0,2,Tilt Down
468,468,38,0.04,0.02,1.0,2,Tilt Down
469,469,39,0.04,0.02,1.0,2,Tilt Down
470,470,40,0.04,0.03,1.0,2,Tilt Down
471,471,41,0.04,0.02,1.0,2,Tilt Down
472,472,42,0.04,0.02,1.0,2,Tilt Down
473,473,43,0.04,0.02,1.0,2,Tilt Down
474,474,44,0.04,0.02,1.0,2,Tilt Down
475,475,45,-0.06,0.0,1.01,2,Tilt Down
476,476,46,-0.08,0.01,1.06,2,Tilt Down
477,477,47,-0.52,0.09,1.24,2,Tilt Down
478,478,48,-0.42,0.12,0.99,2,Tilt Down
479,479,49,-0.64,0.25,0.57,2,Tilt Down
480,480,50,-0.91,0.3,0.4,2,Tilt Down
481,481,51,-0.92,0.07,0.35,2,Tilt Down
482,482,52,-0.99,0.25,0.12,2,Tilt Down
483,483,53,-1.0,0.2,0.23,2,Tilt Down
484,484,54,-0.89,0.09,0.51,2,Tilt Down
485,485,55,-0.77,0.39,0.51,2,Tilt Down
486,486,56,-0.4,0.36,0.72,2,Tilt Down
487,487,57,-0.2,0.03,0.73,2,Tilt Down
488,488,58,-0.01,0.31,1.32,2,Tilt Down
489,489,59,-0.03,0.26,1.07,2,Tilt Down
490,490,60,0.02,-0.02,0.89,2,Tilt Down
491,491,61,0.0,0.05,1.0,2,Tilt Down
492,492,62,0.03,0.03,1.0,2,Tilt Down
493,493,63,0.04,0.02,1.0,2,Tilt Down
494,494,64,0.04,0.02,1.0,2,Tilt Down
495,495,65,0.04,0.02,1.0,2,Tilt Down
496,496,66,0.04,0.03,1.0,2,Tilt Down
497,497,67,0.04,0.02,1.0,2,Tilt Down
498,498,68,0.07,0.06,1.0,2,Tilt Down
499,499,69,0.04,0.03,1.0,2,Tilt Down
500,500,70,0.04,0.03,1.0,2,Tilt Down
501,501,71,0.04,0.03,1.0,2,Tilt Down
502,502,72,0.04,0.03,1.0,2,Tilt Down
503,503,73,0.04,0.03,1.0,2,Tilt Down
504,504,74,0.04,0.03,1.0,2,Tilt Down
505,505,75,0.04,0.02,1.0,2,Tilt Down
506,506,76,0.04,0.02,1.0,2,Tilt Down
507,507,77,0.04,0.02,1.0,2,Tilt Down
508,508,78,0.04,0.02,1.0,2,Tilt Down
509,509,79,0.04,0.03,1.0,2,Tilt Down
510,510,80,0.04,0.02,1.0,2,Tilt Down
511,511,81,0.04,0.02,1.0,2,Tilt Down
512,512,82,0.04,0.02,1.0,2,Tilt Down
513,513,83,0.04,0.03,1.0,2,Tilt Down
514,514,84,0.04,0.02,1.0,2,Tilt Down
515,515,85,0.04,0.02,1.0,2,Tilt Down
516,516,86,0.04,0.03,1.0,2,Tilt Down
517,517,87,0.03,0.02,1.0,2,Tilt Down
518,518,88,0.04,0.02,1.0,2,Tilt Down
519,519,89,0.04,0.03,1.0,2,Tilt Down
520,520,90,0.04,0.02,1.0,2,Tilt Down
521,521,91,0.04,0.02,1.0,2,Tilt Down
522,522,92,0.0,0.04,1.05,2,Tilt Down
523,523,93,-0.19,0.08,1.06,2,Tilt Down
524,524,94,-0.34,0.05,1.22,2,Tilt Down
525,525,95,-0.55,0.25,0.68,2,Tilt Down
526,526,96,-0.75,0.13,0.71,2,Tilt Down
527,527,97,-0.9,0.2,0.33,2,Tilt Down
528,528,98,-0.92,0.14,0.27,2,Tilt Down
529,529,99,-0.95,0.16,0.12,2,Tilt Down
530,530,100,-1.02,0.12,0.2,2,Tilt Down
531,531,101,-0.96,0.14,0.24,2,Tilt Down
532,532,102,-0.84,0.07,0.84,2,Tilt Down
533,533,103,-0.38,0.7,0.59,2,Tilt Down
534,534,104,-0.09,-0.01,0.66,2,Tilt Down
535,535,105,-0.1,0.09,1.06,2,Tilt Down
536,536,106,-0.16,0.04,0.98,2,Tilt Down
537,537,107,-0.04,0.06,1.0,2,Tilt Down
538,538,108,0.03,0.0,0.99,2,Tilt Down
539,539,109,0.04,0.02,1.0,2,Tilt Down
540,540,110,0.04,0.02,1.0,2,Tilt Down
541,541,111,0.04,0.03,1.0,2,Tilt Down
542,542,112,0.04,0.02,1.0,2,Tilt Down
543,543,113,0.04,0.02,1.0,2,Tilt Down
544,544,114,0.04,0.03,1.0,2,Tilt Down
545,545,115,0.04,0.02,1.0,2,Tilt Down
546,546,116,0.04,0.02,1.0,2,Tilt Down
547,547,117,0.04,0.03,1.0,2,Tilt Down
548,548,118,0.04,0.03,1.01,2,Tilt Down
549,549,119,0.04,0.02,1.0,2,Tilt Down
550,550,120,0.04,0.02,1.0,2,Tilt Down
551,551,121,0.04,0.03,1.0,2,Tilt Down
552,552,122,0.04,0.03,1.0,2,Tilt Down
553,553,123,0.04,0.02,1.0,2,Tilt Down
554,554,124,0.04,0.03,1.0,2,Tilt Down
555,555,125,0.04,0.02,1.0,2,Tilt Down
556,556,126,0.04,0.02,1.0,2,Tilt Down
557,557,127,0.04,0.02,1.0,2,Tilt Down
558,558,128,0.04,0.02,1.0,2,Tilt Down
559,559,129,0.04,0.02,1.0,2,Tilt Down
560,560,130,0.04,0.02,1.0,2,Tilt Down
561,561,131,0.04,0.03,1.0,2,Tilt Down
562,562,132,0.04,0.02,1.0,2,Tilt Down
563,563,133,0.04,0.02,1.0,2,Tilt Down
564,564,134,0.04,0.02,1.0,2,Tilt Down
565,565,135,0.04,0.03,1.0,2,Tilt Down
566,566,136,0.04,0.03,1.0,2,Tilt Down
567,567,137,0.04,0.03,1.0,2,Tilt Down
568,568,138,0.04,0.03,1.0,2,Tilt Down
569,569,139,0.04,0.02,1.0,2,Tilt Down
570,570,140,0.04,-0.14,1.0,2,Tilt Down
571,571,141,-0.05,0.02,1.02,2,Tilt Down
572,572,142,-0.11,0.17,1.07,2,Tilt Down
573,573,143,-0.34,0.09,1.29,2,Tilt Down
574,574,144,-0.48,0.29,0.82,2,Tilt Down
575,575,145,-0.62,0.14,0.86,2,Tilt Down
576,576,146,-0.91,0.2,0.37,2,Tilt Down
577,577,147,-0.93,0.13,0.26,2,Tilt Down
578,578,148,-0.93,0.18,0.26,2,Tilt Down
579,579,149,-1.0,0.14,0.16,2,Tilt Down
580,580,150,-0.79,0.08,0.41,2,Tilt Down
581,581,151,-0.71,0.27,0.36,2,Tilt Down
582,582,152,-0.81,-0.29,1.08,2,Tilt Down
583,583,153,-0.37,0.38,0.95,2,Tilt Down
584,584,154,-0.02,0.04,0.77,2,Tilt Down
585,585,155,-0.04,0.12,1.12,2,Tilt Down
586,586,156,-0.0,0.11,0.96,2,Tilt Down
587,587,157,0.01,0.05,1.0,2,Tilt Down
588,588,158,0.04,0.03,1.0,2,Tilt Down
589,589,159,0.04,0.02,1.0,2,Tilt Down
590,590,160,0.04,0.03,1.0,2,Tilt Down
591,591,161,0.04,0.02,1.0,2,Tilt Down
592,592,162,0.04,0.02,1.0,2,Tilt Down
593,593,163,0.04,0.02,1.0,2,Tilt Down
594,594,164,0.04,0.03,1.0,2,Tilt Down
595,595,165,0.04,0.02,1.0,2,Tilt Down
596,596,166,0.04,0.02,1.0,2,Tilt Down
597,597,167,0.04,0.02,1.0,2,Tilt Down
598,598,168,0.04,0.03,1.0,2,Tilt Down
599,599,169,0.04,0.02,1.0,2,Tilt Down
600,600,170,0.04,0.02,1.0,2,Tilt Down
601,601,171,0.04,0.02,1.0,2,Tilt Down
602,602,172,0.04,0.03,1.0,2,Tilt Down
603,603,173,0.04,0.03,1.0,2,Tilt Down
604,604,174,0.04,0.03,1.0,2,Tilt Down
605,605,175,0.04,0.02,1.0,2,Tilt Down
606,606,176,0.04,0.03,1.0,2,Tilt Down
607,607,177,0.04,0.02,1.0,2,Tilt Down
608,608,178,0.04,0.02,1.0,2,Tilt Down
609,609,179,0.04,0.02,1.0,2,Tilt Down
610,610,180,0.04,0.03,1.0,2,Tilt Down
611,611,181,0.04,0.02,1.0,2,Tilt Down
612,612,182,0.04,0.02,1.0,2,Tilt Down
613,613,183,0.04,0.02,1.0,2,Tilt Down
614,614,184,0.04,0.02,1.0,2,Tilt Down
615,615,185,0.04,0.03,1.0,2,Tilt Down
616,616,186,0.04,0.03,1.0,2,Tilt Down
617,617,187,0.04,0.03,1.0,2,Tilt Down
618,618,188,0.04,0.02,1.0,2,Tilt Down
619,619,189,0.04,0.03,1.0,2,Tilt Down
620,620,190,0.05,0.07,1.0,2,Tilt Down
621,621,191,0.01,0.0,1.02,2,Tilt Down
622,622,192,-0.15,0.06,1.07,2,Tilt Down
623,623,193,-0.2,0.11,1.13,2,Tilt Down
624,624,194,-0.5,0.34,0.65,2,Tilt Down
625,625,195,-0.65,0.27,0.65,2,Tilt Down
626,626,196,-0.82,0.14,0.5,2,Tilt Down
627,627,197,-0.91,0.21,0.27,2,Tilt Down
628,628,198,-0.96,0.21,0.23,2,Tilt Down
629,629,199,-0.98,0.23,0.12,2,Tilt Down
630,630,200,-0.91,0.14,0.37,2,Tilt Down
631,631,201,-0.89,0.2,0.36,2,Tilt Down
632,632,202,-0.55,0.43,0.69,2,Tilt Down
633,633,203,-0.29,0.12,0.95,2,Tilt Down
634,634,204,-0.16,0.02,0.92,2,Tilt Down
635,635,205,-0.07,0.12,1.25,2,Tilt Down
636,636,206,-0.06,0.18,0.89,2,Tilt Down
637,637,207,-0.03,0.09,0.98,2,Tilt Down
638,638,208,0.03,0.04,1.0,2,Tilt Down
639,639,209,0.08,0.0,0.96,2,Tilt Down
640,640,210,0.04,0.03,1.0,2,Tilt Down
641,641,211,0.04,0.03,1.0,2,Tilt Down
642,642,212,0.04,0.03,1.0,2,Tilt Down
643,643,213,0.04,0.02,1.0,2,Tilt Down
644,644,214,0.04,0.02,1.0,2,Tilt Down
645,645,215,0.04,0.02,1.0,2,Tilt Down
646,646,216,0.04,0.03,1.0,2,Tilt Down
647,647,217,0.04,0.02,1.0,2,Tilt Down
648,648,218,0.04,0.03,1.0,2,Tilt Down
649,649,219,0.04,0.03,1.0,2,Tilt Down
650,650,220,0.04,0.02,1.0,2,Tilt Down
651,651,221,0.04,0.02,1.0,2,Tilt Down
652,652,222,0.04,0.03,1.0,2,Tilt Down
653,653,223,0.04,0.02,1.0,2,Tilt Down
654,654,224,0.04,0.03,1.0,2,Tilt Down
655,655,225,0.04,0.02,1.0,2,Tilt Down
656,656,226,0.03,0.02,1.0,2,Tilt Down
657,657,227,0.04,0.03,1.0,2,Tilt Down
658,658,228,0.04,0.03,1.0,2,Tilt Down
659,659,229,0.04,0.03,1.0,2,Tilt Down
660,660,230,0.04,0.03,1.0,2,Tilt Down
661,661,231,0.04,0.03,1.0,2,Tilt Down
662,662,232,0.04,0.03,1.0,2,Tilt Down
663,663,233,0.04,0.02,1.0,2,Tilt Down
664,664,234,0.04,0.03,1.0,2,Tilt Down
665,665,235,0.04,0.02,1.0,2,Tilt Down
666,666,236,0.04,0.03,1.0,2,Tilt Down
667,667,237,0.04,0.02,1.0,2,Tilt Down
668,668,238,0.04,0.03,1.0,2,Tilt Down
669,669,239,0.04,0.03,1.0,2,Tilt Down
670,670,240,0.04,0.02,1.0,2,Tilt Down
671,671,241,0.0,-0.01,1.02,2,Tilt Down
672,672,242,-0.17,0.0,1.06,2,Tilt Down
673,673,243,-0.39,0.09,0.77,2,Tilt Down
674,674,244,-0.41,0.09,0.62,2,Tilt Down
675,675,245,-0.64,0.03,0.73,2,Tilt Down
676,676,246,-0.66,0.09,0.64,2,Tilt Down
677,677,247,-0.91,0.25,0.35,2,Tilt Down
678,678,248,-0.95,0.25,0.14,2,Tilt Down
679,679,249,-0.94,0.08,0.15,2,Tilt Down
680,680,250,-0.92,0.14,0.3,2,Tilt Down
681,681,251,-0.9,0.31,0.22,2,Tilt Down
682,682,252,-0.56,-0.04,0.88,2,Tilt Down
683,683,253,-0.38,0.93,0.9,2,Tilt Down
684,684,254,-0.23,-0.08,0.69,2,Tilt Down
685,685,255,-0.03,0.13,1.12,2,Tilt Down
686,686,256,-0.08,0.08,0.98,2,Tilt Down
687,687,257,-0.05,0.09,0.99,2,Tilt Down
688,688,258,-0.0,0.05,1.01,2,Tilt Down
689,689,259,0.09,-0.03,0.99,2,Tilt Down
690,690,260,0.04,0.03,1.0,2,Tilt Down
691,691,261,0.04,0.02,1.0,2,Tilt Down
692,692,262,0.04,0.03,1.0,2,Tilt Down
693,693,263,0.04,0.02,1.0,2,Tilt Down
694,694,264,0.04,0.02,1.0,2,Tilt Down
695,695,265,0.04,0.03,1.0,2,Tilt Down
696,696,266,0.04,0.02,1.0,2,Tilt Down
697,697,267,0.04,0.03,1.0,2,Tilt Down
698,698,268,0.04,0.02,1.0,2,Tilt Down
699,699,269,0.04,0.02,1.0,2,Tilt Down
700,700,270,0.04,0.03,1.0,2,Tilt Down
701,701,271,0.04,0.02,1.0,2,Tilt Down
702,702,272,0.04,0.02,1.0,2,Tilt Down
703,703,273,0.04,0.02,1.0,2,Tilt Down
704,704,274,0.04,0.02,1.0,2,Tilt Down
705,705,275,0.04,0.02,1.0,2,Tilt Down
706,706,276,0.04,0.02,1.0,2,Tilt Down
707,707,277,0.04,0.03,1.0,2,Tilt Down
708,708,278,0.04,0.03,1.0,2,Tilt Down
709,709,279,0.04,0.03,1.0,2,Tilt Down
710,710,280,0.04,0.03,1.0,2,Tilt Down
711,711,281,0.04,0.02,1.0,2,Tilt Down
712,712,282,0.04,0.02,1.0,2,Tilt Down
713,713,283,0.04,0.02,1.0,2,Tilt Down
714,714,284,0.04,0.02,1.0,2,Tilt Down
715,715,285,0.04,0.02,1.0,2,Tilt Down
716,716,286,0.04,0.03,1.0,2,Tilt Down
717,717,287,0.04,0.03,1.0,2,Tilt Down
718,718,288,0.04,0.02,1.0,2,Tilt Down
719,719,289,-0.01,0.08,1.03,2,Tilt Down
720,720,290,-0.02,-0.01,1.0,2,Tilt Down
721,721,291,-0.2,0.09,1.25,2,Tilt Down
722,722,292,-0.35,0.15,0.73,2,Tilt Down
723,723,293,-0.55,0.23,0.76,2,Tilt Down
724,724,294,-0.64,0.25,0.48,2,Tilt Down
725,725,295,-0.87,0.2,0.38,2,Tilt Down
726,726,296,-1.0,0.29,0.16,2,Tilt Down
727,727,297,-0.93,0.17,0.06,2,Tilt Down
728,728,298,-0.92,0.16,0.32,2,Tilt Down
729,729,299,-0.97,0.08,0.26,2,Tilt Down
730,730,300,-0.54,0.21,0.82,2,Tilt Down
731,731,301,-0.73,0.43,0.86,2,Tilt Down
732,732,302,-0.13,0.23,0.94,2,Tilt Down
733,733,303,-0.23,0.0,0.99,2,Tilt Down
734,734,304,0.05,-0.06,1.09,2,Tilt Down
735,735,305,0.01,0.01,1.05,2,Tilt Down
736,736,306,0.03,0.07,0.98,2,Tilt Down
737,737,307,0.03,0.03,1.03,2,Tilt Down
738,738,308,0.02,0.02,0.98,2,Tilt Down
739,739,309,0.04,0.02,1.01,2,Tilt Down
740,740,310,0.04,0.02,1.0,2,Tilt Down
741,741,311,0.05,0.02,1.0,2,Tilt Down
742,742,312,0.04,0.02,1.0,2,Tilt Down
743,743,313,0.04,0.03,1.0,2,Tilt Down
744,744,314,0.04,0.03,1.0,2,Tilt Down
745,745,315,0.04,0.02,1.0,2,Tilt Down
746,746,316,0.04,0.03,1.0,2,Tilt Down
747,747,317,0.04,0.02,1.0,2,Tilt Down
748,748,318,0.04,0.03,1.0,2,Tilt Down
749,749,319,0.04,0.02,1.0,2,Tilt Down
750,750,320,0.04,0.03,1.0,2,Tilt Down
751,751,321,0.04,0.02,1.0,2,Tilt Down
752,752,322,0.04,0.03,1.0,2,Tilt Down
753,753,323,0.04,0.02,1.0,2,Tilt Down
754,754,324,0.04,0.03,1.0,2,Tilt Down
755,755,325,0.04,0.02,1.0,2,Tilt Down
756,756,326,0.04,0.02,1.0,2,Tilt Down
757,757,327,0.04,0.02,1.01,2,Tilt Down
758,758,328,0.04,0.02,1.0,2,Tilt Down
759,759,329,0.04,0.02,1.0,2,Tilt Down
760,760,330,0.04,0.02,1.0,2,Tilt Down
761,761,331,0.04,0.03,1.0,2,Tilt Down
762,762,332,0.04,0.03,1.0,2,Tilt Down
763,763,333,0.04,0.03,1.0,2,Tilt Down
764,764,334,0.04,0.02,1.0,2,Tilt Down
765,765,335,0.04,0.03,1.0,2,Tilt Down
766,766,336,0.04,0.03,1.01,2,Tilt Down
767,767,337,-0.0,0.15,1.0,2,Tilt Down
768,768,338,0.07,-0.07,1.14,2,Tilt Down
769,769,339,-0.27,0.2,1.02,2,Tilt Down
770,770,340,-0.36,0.16,0.61,2,Tilt Down
771,771,341,-0.58,0.23,0.64,2,Tilt Down
772,772,342,-0.76,0.26,0.52,2,Tilt Down
773,773,343,-0.85,0.15,0.65,2,Tilt Down
774,774,344,-0.91,0.15,0.22,2,Tilt Down
775,775,345,-0.97,0.18,0.09,2,Tilt Down
776,776,346,-0.88,0.15,0.48,2,Tilt Down
777,777,347,-0.98,0.23,0.62,2,Tilt Down
778,778,348,-0.59,0.25,0.61,2,Tilt Down
779,779,349,-0.53,-0.18,0.71,2,Tilt Down
780,780,350,-0.15,0.41,0.91,2,Tilt Down
781,781,351,-0.06,0.15,1.2,2,Tilt Down
782,782,352,-0.06,0.03,1.11,2,Tilt Down
783,783,353,-0.05,0.0,0.93,2,Tilt Down
784,784,354,0.02,0.03,1.0,2,Tilt Down
785,785,355,0.07,0.07,1.13,2,Tilt Down
786,786,356,0.04,0.02,1.0,2,Tilt Down
787,787,357,0.04,0.03,1.0,2,Tilt Down
788,788,358,0.04,0.02,1.0,2,Tilt Down
789,789,359,0.04,0.02,1.0,2,Tilt Down
790,790,360,0.04,0.02,1.0,2,Tilt Down
791,791,361,0.04,0.03,1.0,2,Tilt Down
792,792,362,0.03,0.03,1.0,2,Tilt Down
793,793,363,0.04,0.02,1.0,2,Tilt Down
794,794,364,0.04,0.03,1.0,2,Tilt Down
795,795,365,0.04,0.02,1.0,2,Tilt Down
796,796,366,0.04,0.02,1.0,2,Tilt Down
797,797,367,0.04,0.02,1.0,2,Tilt Down
798,798,368,0.04,0.02,1.0,2,Tilt Down
799,799,369,0.04,0.02,1.0,2,Tilt Down
800,800,370,0.04,0.03,1.0,2,Tilt Down
801,801,371,0.04,0.02,1.0,2,Tilt Down
802,802,372,0.04,0.02,1.0,2,Tilt Down
803,803,373,0.04,0.02,1.0,2,Tilt Down
804,804,374,0.04,0.02,1.0,2,Tilt Down
805,805,375,0.04,0.03,1.0,2,Tilt Down
806,806,376,0.04,0.02,1.0,2,Tilt Down
807,807,377,0.04,0.03,1.0,2,Tilt Down
808,808,378,0.04,0.02,1.0,2,Tilt Down
809,809,379,0.04,0.02,1.0,2,Tilt Down
810,810,380,0.04,0.03,1.01,2,Tilt Down
811,811,381,0.04,0.02,1.0,2,Tilt Down
812,812,382,0.04,0.02,1.0,2,Tilt Down
813,813,383,0.04,0.03,1.0,2,Tilt Down
814,814,384,0.04,0.03,1.0,2,Tilt Down
815,815,385,0.04,0.02,1.0,2,Tilt Down
816,816,386,0.04,0.02,1.0,2,Tilt Down
817,817,0,0.04,0.02,1.0,3,Tilt Down
818,818,1,0.04,0.03,1.0,3,Tilt Down
819,819,2,0.04,0.03,1.0,3,Tilt Down
820,820,3,0.04,0.02,1.0,3,Tilt Down
821,821,4,0.04,0.02,1.0,3,Tilt Down
822,822,5,0.04,0.03,1.0,3,Tilt Down
823,823,6,0.04,0.02,1.0,3,Tilt Down
824,824,7,0.04,0.03,1.0,3,Tilt Down
825,825,8,0.04,0.02,1.0,3,Tilt Down
826,826,9,0.04,0.03,1.0,3,Tilt Down
827,827,10,0.04,0.03,1.0,3,Tilt Down
828,828,11,0.04,0.02,1.0,3,Tilt Down
829,829,12,0.04,0.02,1.0,3,Tilt Down
830,830,13,0.04,0.03,1.0,3,Tilt Down
831,831,14,0.04,0.02,1.0,3,Tilt Down
832,832,15,0.04,0.03,1.0,3,Tilt Down
833,833,16,0.04,0.02,1.0,3,Tilt Down
834,834,17,0.04,0.03,1.0,3,Tilt Down
835,835,18,0.04,0.03,1.0,3,Tilt Down
836,836,19,0.04,0.02,1.0,3,Tilt Down
837,837,20,0.04,0.02,1.0,3,Tilt Down
838,838,21,0.04,0.03,1.0,3,Tilt Down
839,839,22,0.04,0.02,1.0,3,Tilt Down
840,840,23,0.04,0.02,1.0,3,Tilt Down
841,841,24,0.04,0.02,1.0,3,Tilt Down
842,842,25,0.04,0.02,1.0,3,Tilt Down
843,843,26,0.04,0.02,1.0,3,Tilt Down
844,844,27,0.04,0.03,1.0,3,Tilt Down
845,845,28,0.04,0.03,1.0,3,Tilt Down
846,846,29,0.04,0.02,1.0,3,Tilt Down
847,847,30,0.04,0.03,1.0,3,Tilt Down
848,848,31,0.04,0.02,1.0,3,Tilt Down
849,849,32,0.04,0.03,1.0,3,Tilt Down
850,850,33,0.04,0.03,1.0,3,Tilt Down
851,851,34,0.04,0.02,1.0,3,Tilt Down
852,852,35,0.04,0.02,1.0,3,Tilt Down
853,853,36,0.04,0.03,1.0,3,Tilt Down
854,854,37,0.04,0.02,1.0,3,Tilt Down
855,855,38,0.04,0.02,1.0,3,Tilt Down
856,856,39,0.04,0.02,1.0,3,Tilt Down
857,857,40,0.04,0.03,1.0,3,Tilt Down
858,858,41,0.04,0.03,1.0,3,Tilt Down
859,859,42,0.04,0.03,1.0,3,Tilt Down
860,860,43,0.03,0.02,1.0,3,Tilt Down
861,861,44,0.0,0.02,1.04,3,Tilt Down
862,862,45,-0.1,0.06,1.01,3,Tilt Down
863,863,46,-0.22,0.09,1.0,3,Tilt Down
864,864,47,-0.25,0.09,0.95,3,Tilt Down
865,865,48,-0.28,0.14,1.0,3,Tilt Down
866,866,49,-0.36,0.11,0.88,3,Tilt Down
867,867,50,-0.4,0.1,0.89,3,Tilt Down
868,868,51,-0.45,0.12,0.87,3,Tilt Down
869,869,52,-0.49,0.08,0.89,3,Tilt Down
870,870,53,-0.46,0.12,0.87,3,Tilt Down
871,871,54,-0.44,0.11,0.91,3,Tilt Down
872,872,55,-0.43,0.09,0.89,3,Tilt Down
873,873,56,-0.32,0.13,0.92,3,Tilt Down
874,874,57,-0.16,0.0,1.0,3,Tilt Down
875,875,58,-0.11,0.12,1.0,3,Tilt Down
876,876,59,-0.05,0.08,1.02,3,Tilt Down
877,877,60,0.0,0.02,1.01,3,Tilt Down
878,878,61,0.03,0.04,1.04,3,Tilt Down
879,879,62,0.03,0.03,1.0,3,Tilt Down
880,880,63,0.04,0.02,1.0,3,Tilt Down
881,881,64,0.04,0.02,1.0,3,Tilt Down
882,882,65,0.03,0.02,1.0,3,Tilt Down
883,883,66,0.04,0.02,1.0,3,Tilt Down
884,884,67,0.04,0.02,1.0,3,Tilt Down
885,885,68,0.04,0.03,1.0,3,Tilt Down
886,886,69,0.04,0.03,1.0,3,Tilt Down
887,887,70,0.04,0.03,1.0,3,Tilt Down
888,888,71,0.04,0.03,1.0,3,Tilt Down
889,889,72,0.04,0.03,1.0,3,Tilt Down
890,890,73,0.04,0.03,1.0,3,Tilt Down
891,891,74,0.04,0.03,1.0,3,Tilt Down
892,892,75,0.04,0.03,1.0,3,Tilt Down
893,893,76,0.04,0.02,1.0,3,Tilt Down
894,894,77,0.04,0.03,1.0,3,Tilt Down
895,895,78,0.04,0.02,1.0,3,Tilt Down
896,896,79,0.04,0.02,1.0,3,Tilt Down
897,897,80,0.04,0.02,1.0,3,Tilt Down
898,898,81,0.04,0.03,1.0,3,Tilt Down
899,899,82,0.04,0.02,1.0,3,Tilt Down
900,900,83,0.04,0.03,1.0,3,Tilt Down
901,901,84,0.04,0.03,1.0,3,Tilt Down
902,902,85,0.04,0.03,1.0,3,Tilt Down
903,903,86,0.03,0.03,1.0,3,Tilt Down
904,904,87,0.04,0.03,1.0,3,Tilt Down
905,905,88,0.04,0.02,1.0,3,Tilt Down
906,906,89,0.04,0.02,1.0,3,Tilt Down
907,907,90,0.03,0.03,1.0,3,Tilt Down
908,908,91,0.03,0.03,1.0,3,Tilt Down
909,909,92,0.01,0.04,1.0,3,Tilt Down
910,910,93,-0.03,0.02,1.01,3,Tilt Down
911,911,94,-0.09,0.02,1.01,3,Tilt Down
912,912,95,-0.18,0.04,0.97,3,Tilt Down
913,913,96,-0.23,0.1,1.09,3,Tilt Down
914,914,97,-0.27,0.11,0.93,3,Tilt Down
915,915,98,-0.37,0.05,1.02,3,Tilt Down
916,916,99,-0.43,0.12,0.91,3,Tilt Down
917,917,100,-0.41,0.09,0.8,3,Tilt Down
918,918,101,-0.49,0.09,0.87,3,Tilt Down
919,919,102,-0.48,0.09,0.88,3,Tilt Down
920,920,103,-0.51,0.07,0.85,3,Tilt Down
921,921,104,-0.51,0.09,0.83,3,Tilt Down
922,922,105,-0.49,0.09,0.84,3,Tilt Down
923,923,106,-0.45,0.11,0.85,3,Tilt Down
924,924,107,-0.41,0.16,0.96,3,Tilt Down
925,925,108,-0.29,0.04,0.94,3,Tilt Down
926,926,109,-0.23,0.06,0.87,3,Tilt Down
927,927,110,-0.14,0.11,1.09,3,Tilt Down
928,928,111,-0.07,0.06,0.99,3,Tilt Down
929,929,112,-0.06,0.04,1.06,3,Tilt Down
930,930,113,0.0,0.02,1.0,3,Tilt Down
931,931,114,0.02,0.04,1.0,3,Tilt Down
932,932,115,0.04,0.03,1.0,3,Tilt Down
933,933,116,0.04,0.02,1.01,3,Tilt Down
934,934,117,0.04,0.02,1.0,3,Tilt Down
935,935,118,0.04,0.03,1.0,3,Tilt Down
936,936,119,0.04,0.03,1.0,3,Tilt Down
937,937,120,0.04,0.03,1.0,3,Tilt Down
938,938,121,0.04,0.02,1.0,3,Tilt Down
939,939,122,0.04,0.02,1.0,3,Tilt Down
940,940,123,0.04,0.02,1.0,3,Tilt Down
941,941,124,0.04,0.03,1.0,3,Tilt Down
942,942,125,0.04,0.03,1.0,3,Tilt Down
943,943,126,0.04,0.03,1.0,3,Tilt Down
944,944,127,0.04,0.03,1.0,3,Tilt Down
945,945,128,0.04,0.02,1.0,3,Tilt Down
946,946,129,0.04,0.02,1.0,3,Tilt Down
947,947,130,0.04,0.03,1.0,3,Tilt Down
948,948,131,0.04,0.03,1.0,3,Tilt Down
949,949,132,0.04,0.03,1.0,3,Tilt Down
950,950,133,0.04,0.03,1.0,3,Tilt Down
951,951,134,0.04,0.02,1.0,3,Tilt Down
952,952,135,0.04,0.02,1.0,3,Tilt Down
953,953,136,0.04,0.02,1.0,3,Tilt Down
954,954,137,0.04,0.02,1.0,3,Tilt Down
955,955,138,0.04,0.03,1.0,3,Tilt Down
956,956,139,0.04,0.03,1.0,3,Tilt Down
957,957,140,0.04,0.03,1.0,3,Tilt Down
958,958,141,0.04,0.02,1.0,3,Tilt Down
959,959,142,0.04,0.03,1.0,3,Tilt Down
960,960,143,0.03,0.01,1.0,3,Tilt Down
961,961,144,0.03,0.03,1.05,3,Tilt Down
962,962,145,-0.05,0.03,1.08,3,Tilt Down
963,963,146,-0.15,0.06,0.88,3,Tilt Down
964,964,147,-0.23,0.1,0.88,3,Tilt Down
965,965,148,-0.26,0.12,1.0,3,Tilt Down
966,966,149,-0.29,0.09,0.92,3,Tilt Down
967,967,150,-0.36,0.06,0.86,3,Tilt Down
968,968,151,-0.37,0.09,0.92,3,Tilt Down
969,969,152,-0.41,0.09,0.94,3,Tilt Down
970,970,153,-0.42,0.1,0.86,3,Tilt Down
971,971,154,-0.42,0.1,0.91,3,Tilt Down
972,972,155,-0.46,0.11,0.83,3,Tilt Down
973,973,156,-0.48,0.08,0.89,3,Tilt Down
974,974,157,-0.52,0.09,0.85,3,Tilt Down
975,975,158,-0.54,0.1,0.84,3,Tilt Down
976,976,159,-0.54,0.09,0.81,3,Tilt Down
977,977,160,-0.56,0.07,0.84,3,Tilt Down
978,978,161,-0.53,0.09,0.8,3,Tilt Down
979,979,162,-0.41,0.08,0.91,3,Tilt Down
980,980,163,-0.34,0.12,1.04,3,Tilt Down
981,981,164,-0.18,0.06,0.95,3,Tilt Down
982,982,165,-0.04,0.05,0.93,3,Tilt Down
983,983,166,-0.0,0.16,0.93,3,Tilt Down
984,984,167,-0.03,0.06,1.04,3,Tilt Down
985,985,168,0.04,0.05,1.0,3,Tilt Down
986,986,169,0.04,0.03,1.0,3,Tilt Down
987,987,170,0.0,0.04,1.01,3,Tilt Down
988,988,171,0.04,0.03,1.0,3,Tilt Down
989,989,172,0.04,0.02,1.0,3,Tilt Down
990,990,173,0.04,0.03,1.0,3,Tilt Down
991,991,174,0.04,0.02,1.0,3,Tilt Down
992,992,175,0.04,0.03,1.0,3,Tilt Down
993,993,176,0.04,0.03,1.0,3,Tilt Down
994,994,177,0.03,0.03,1.0,3,Tilt Down
995,995,178,0.04,0.02,1.0,3,Tilt Down
996,996,179,0.04,0.02,1.0,3,Tilt Down
997,997,180,0.04,0.02,1.0,3,Tilt Down
998,998,181,0.04,0.03,1.0,3,Tilt Down
999,999,182,0.04,0.03,1.0,3,Tilt Down
1000,1000,183,0.04,0.03,1.0,3,Tilt Down
1001,1001,184,0.04,0.03,1.0,3,Tilt Down
1002,1002,185,0.04,0.03,1.0,3,Tilt Down
1003,1003,186,0.04,0.03,1.0,3,Tilt Down
1004,1004,187,0.04,0.03,1.0,3,Tilt Down
1005,1005,188,0.04,0.02,1.0,3,Tilt Down
1006,1006,189,0.04,0.02,1.0,3,Tilt Down
1007,1007,190,0.04,0.03,1.0,3,Tilt Down
1008,1008,191,0.04,0.03,1.0,3,Tilt Down
1009,1009,192,0.04,0.03,1.0,3,Tilt Down
1010,1010,193,0.04,0.02,1.0,3,Tilt Down
1011,1011,194,0.04,0.02,1.0,3,Tilt Down
1012,1012,195,0.04,0.02,1.0,3,Tilt Down
1013,1013,196,0.04,0.03,1.0,3,Tilt Down
1014,1014,197,0.04,0.03,1.0,3,Tilt Down
1015,1015,198,0.04,0.02,1.0,3,Tilt Down
1016,1016,199,0.04,0.03,1.0,3,Tilt Down
1017,1017,200,0.03,0.03,1.0,3,Tilt Down
1018,1018,201,-0.05,0.03,1.04,3,Tilt Down
1019,1019,202,-0.18,0.03,0.95,3,Tilt Down
1020,1020,203,-0.26,0.09,0.79,3,Tilt Down
1021,1021,204,-0.39,0.11,0.99,3,Tilt Down
1022,1022,205,-0.41,0.11,0.88,3,Tilt Down
1023,1023,206,-0.48,0.04,0.79,3,Tilt Down
1024,1024,207,-0.55,0.11,0.87,3,Tilt Down
1025,1025,208,-0.62,0.07,0.79,3,Tilt Down
1026,1026,209,-0.65,0.05,0.75,3,Tilt Down
1027,1027,210,-0.65,0.06,0.76,3,Tilt Down
1028,1028,211,-0.66,0.05,0.71,3,Tilt Down
1029,1029,212,-0.66,0.05,0.75,3,Tilt Down
1030,1030,213,-0.64,0.06,0.77,3,Tilt Down
1031,1031,214,-0.69,0.05,0.7,3,Tilt Down
1032,1032,215,-0.68,0.07,0.71,3,Tilt Down
1033,1033,216,-0.69,0.06,0.7,3,Tilt Down
1034,1034,217,-0.56,0.06,0.71,3,Tilt Down
1035,1035,218,-0.37,0.04,0.88,3,Tilt Down
1036,1036,219,-0.2,0.09,0.95,3,Tilt Down
1037,1037,220,-0.13,-0.02,1.09,3,Tilt Down
1038,1038,221,-0.04,0.04,0.99,3,Tilt Down
1039,1039,222,0.03,0.05,1.0,3,Tilt Down
1040,1040,223,0.03,0.02,1.0,3,Tilt Down
1041,1041,224,0.04,0.02,1.0,3,Tilt Down
1042,1042,225,0.04,0.02,1.0,3,Tilt Down
1043,1043,226,0.04,0.02,1.0,3,Tilt Down
1044,1044,227,0.04,0.02,1.0,3,Tilt Down
1045,1045,228,0.04,0.02,1.0,3,Tilt Down
1046,1046,229,0.04,0.02,1.0,3,Tilt Down
1047,1047,230,0.04,0.03,1.0,3,Tilt Down
1048,1048,231,0.04,0.02,1.0,3,Tilt Down
1049,1049,232,0.04,0.03,1.0,3,Tilt Down
1050,1050,233,0.04,0.02,1.0,3,Tilt Down
1051,1051,234,0.04,0.03,1.0,3,Tilt Down
1052,1052,235,0.04,0.03,1.0,3,Tilt Down
1053,1053,236,0.04,0.03,1.0,3,Tilt Down
1054,1054,237,0.04,0.02,1.0,3,Tilt Down
1055,1055,238,0.04,0.02,1.0,3,Tilt Down
1056,1056,239,0.03,0.02,1.0,3,Tilt Down
1057,1057,240,0.04,0.03,1.0,3,Tilt Down
1058,1058,241,0.04,0.02,1.0,3,Tilt Down
1059,1059,242,0.04,0.03,1.0,3,Tilt Down
1060,1060,243,0.04,0.03,1.0,3,Tilt Down
1061,1061,244,0.04,0.03,1.0,3,Tilt Down
1062,1062,245,0.04,0.02,1.0,3,Tilt Down
1063,1063,246,0.04,0.03,1.0,3,Tilt Down
1064,1064,247,0.04,0.02,1.0,3,Tilt Down
1065,1065,248,0.04,0.03,1.0,3,Tilt Down
1066,1066,249,0.04,0.02,1.0,3,Tilt Down
1067,1067,250,0.04,0.03,1.0,3,Tilt Down
1068,1068,251,0.04,0.03,1.0,3,Tilt Down
1069,1069,252,0.03,0.03,1.0,3,Tilt Down
1070,1070,253,0.04,0.02,1.0,3,Tilt Down
1071,1071,254,0.04,0.03,1.0,3,Tilt Down
1072,1072,255,0.04,0.03,1.0,3,Tilt Down
1073,1073,256,0.04,0.02,1.0,3,Tilt Down
1074,1074,257,0.04,0.03,1.0,3,Tilt Down
1075,1075,258,0.01,0.06,1.0,3,Tilt Down
1076,1076,259,0.02,0.08,1.07,3,Tilt Down
1077,1077,260,-0.12,0.08,0.93,3,Tilt Down
1078,1078,261,-0.24,0.13,1.02,3,Tilt Down
1079,1079,262,-0.32,0.09,0.89,3,Tilt Down
1080,1080,263,-0.45,0.1,0.88,3,Tilt Down
1081,1081,264,-0.51,0.06,0.87,3,Tilt Down
1082,1082,265,-0.57,0.05,0.74,3,Tilt Down
1083,1083,266,-0.66,0.08,0.74,3,Tilt Down
1084,1084,267,-0.68,0.07,0.73,3,Tilt Down
1085,1085,268,-0.71,0.07,0.72,3,Tilt Down
1086,1086,269,-0.73,0.08,0.7,3,Tilt Down
1087,1087,270,-0.72,0.05,0.68,3,Tilt Down
1088,1088,271,-0.73,0.05,0.67,3,Tilt Down
1089,1089,272,-0.72,0.07,0.66,3,Tilt Down
1090,1090,273,-0.69,0.05,0.73,3,Tilt Down
1091,1091,274,-0.61,0.12,0.6,3,Tilt Down
1092,1092,275,-0.52,0.04,0.93,3,Tilt Down
1093,1093,276,-0.25,0.07,0.89,3,Tilt Down
1094,1094,277,-0.13,0.07,1.06,3,Tilt Down
1095,1095,278,-0.05,0.09,0.99,3,Tilt Down
1096,1096,279,0.0,0.02,1.01,3,Tilt Down
1097,1097,280,0.02,0.04,1.02,3,Tilt Down
1098,1098,281,0.07,0.01,1.0,3,Tilt Down
1099,1099,282,0.04,0.03,1.0,3,Tilt Down
1100,1100,283,0.04,0.02,1.0,3,Tilt Down
1101,1101,284,0.04,0.02,1.0,3,Tilt Down
1102,1102,285,0.04,0.02,1.0,3,Tilt Down
1103,1103,286,0.04,0.03,1.0,3,Tilt Down
1104,1104,287,0.04,0.02,1.0,3,Tilt Down
1105,1105,288,0.04,0.03,1.0,3,Tilt Down
1106,1106,289,0.04,0.02,1.0,3,Tilt Down
1107,1107,290,0.04,0.03,1.0,3,Tilt Down
1108,1108,291,0.04,0.02,1.0,3,Tilt Down
1109,1109,292,0.04,0.02,1.0,3,Tilt Down
1110,1110,293,0.04,0.02,1.0,3,Tilt Down
1111,1111,294,0.04,0.03,1.0,3,Tilt Down
1112,1112,295,0.04,0.02,1.0,3,Tilt Down
1113,1113,296,0.04,0.02,1.0,3,Tilt Down
1114,1114,297,0.04,0.02,1.0,3,Tilt Down
1115,1115,298,0.04,0.02,1.0,3,Tilt Down
1116,1116,299,0.04,0.03,1.0,3,Tilt Down
1117,1117,300,0.04,0.03,1.0,3,Tilt Down
1118,1118,301,0.04,0.03,1.0,3,Tilt Down
1119,1119,302,0.04,0.03,1.0,3,Tilt Down
1120,1120,303,0.04,0.03,1.0,3,Tilt Down
1121,1121,304,0.04,0.03,1.0,3,Tilt Down
1122,1122,305,0.04,0.03,1.0,3,Tilt Down
1123,1123,306,0.03,0.02,1.0,3,Tilt Down
1124,1124,307,0.04,0.03,1.0,3,Tilt Down
1125,1125,308,0.04,0.03,1.0,3,Tilt Down
1126,1126,309,0.04,0.02,1.0,3,Tilt Down
1127,1127,310,0.04,0.02,1.0,3,Tilt Down
1128,1128,311,0.07,0.04,1.0,3,Tilt Down
1129,1129,312,-0.0,0.07,1.08,3,Tilt Down
1130,1130,313,-0.15,0.04,1.01,3,Tilt Down
1131,1131,314,-0.28,0.05,0.82,3,Tilt Down
1132,1132,315,-0.41,0.11,0.95,3,Tilt Down
1133,1133,316,-0.47,0.07,0.87,3,Tilt Down
1134,1134,317,-0.5,0.09,0.8,3,Tilt Down
1135,1135,318,-0.56,0.07,0.81,3,Tilt Down
1136,1136,319,-0.59,0.07,0.78,3,Tilt Down
1137,1137,320,-0.61,0.09,0.75,3,Tilt Down
1138,1138,321,-0.59,0.1,0.77,3,Tilt Down
1139,1139,322,-0.64,0.06,0.79,3,Tilt Down
1140,1140,323,-0.6,0.09,0.78,3,Tilt Down
1141,1141,324,-0.52,0.09,0.79,3,Tilt Down
1142,1142,325,-0.4,0.1,0.84,3,Tilt Down
1143,1143,326,-0.17,0.02,0.93,3,Tilt Down
1144,1144,327,0.0,0.01,1.03,3,Tilt Down
1145,1145,328,0.02,0.05,1.06,3,Tilt Down
1146,1146,329,0.02,0.02,1.01,3,Tilt Down
1147,1147,330,0.03,0.02,1.0,3,Tilt Down
1148,1148,331,0.03,0.03,1.0,3,Tilt Down
1149,1149,332,0.04,0.03,1.0,3,Tilt Down
1150,1150,333,0.04,0.03,1.0,3,Tilt Down
1151,1151,334,0.04,0.03,1.0,3,Tilt Down
1152,1152,335,0.04,0.02,1.0,3,Tilt Down
1153,1153,336,0.04,0.02,1.0,3,Tilt Down
1154,1154,337,0.04,0.02,1.0,3,Tilt Down
1155,1155,338,0.04,0.03,1.0,3,Tilt Down
1156,1156,339,0.04,0.02,1.0,3,Tilt Down
1157,1157,340,0.04,0.03,1.0,3,Tilt Down
1158,1158,341,0.04,0.02,1.0,3,Tilt Down
1159,1159,342,0.04,0.02,1.0,3,Tilt Down
1160,1160,343,0.04,0.03,1.0,3,Tilt Down
1161,1161,344,0.04,0.03,1.0,3,Tilt Down
1162,1162,345,0.04,0.03,1.0,3,Tilt Down
1163,1163,346,0.04,0.03,1.0,3,Tilt Down
1164,1164,347,0.04,0.03,1.0,3,Tilt Down
1165,1165,348,0.04,0.03,1.0,3,Tilt Down
1166,1166,349,0.04,0.03,1.0,3,Tilt Down
1167,1167,350,0.04,0.02,1.0,3,Tilt Down
1168,1168,351,0.04,0.03,1.0,3,Tilt Down
1169,1169,352,0.04,0.02,1.0,3,Tilt Down
1170,1170,353,0.04,0.03,1.0,3,Tilt Down
1171,1171,354,0.04,0.03,1.0,3,Tilt Down
1172,1172,355,0.04,0.03,1.0,3,Tilt Down
1173,1173,356,0.04,0.02,1.0,3,Tilt Down
1174,1174,357,0.04,0.03,1.0,3,Tilt Down
1175,1175,358,0.04,0.03,1.0,3,Tilt Down
1176,1176,359,0.04,0.03,1.0,3,Tilt Down
1177,1177,360,0.04,0.03,1.0,3,Tilt Down
1178,1178,361,0.05,0.03,1.0,3,Tilt Down
1179,1179,362,0.02,0.03,1.04,3,Tilt Down
1180,1180,363,-0.11,0.07,1.0,3,Tilt Down
1181,1181,364,-0.25,0.03,1.05,3,Tilt Down
1182,1182,365,-0.35,0.05,0.93,3,Tilt Down
1183,1183,366,-0.42,0.11,0.89,3,Tilt Down
1184,1184,367,-0.52,0.03,0.79,3,Tilt Down
1185,1185,368,-0.62,0.11,0.77,3,Tilt Down
1186,1186,369,-0.7,0.02,0.72,3,Tilt Down
1187,1187,370,-0.68,0.03,0.71,3,Tilt Down
1188,1188,371,-0.73,0.04,0.66,3,Tilt Down
1189,1189,372,-0.73,0.02,0.68,3,Tilt Down
1190,1190,373,-0.7,0.04,0.7,3,Tilt Down
1191,1191,374,-0.57,0.08,0.68,3,Tilt Down
1192,1192,375,-0.53,0.11,0.77,3,Tilt Down
1193,1193,376,-0.26,-0.02,0.83,3,Tilt Down
1194,1194,377,-0.12,0.07,1.15,3,Tilt Down
1195,1195,378,-0.04,0.07,1.05,3,Tilt Down
1196,1196,379,-0.01,0.04,1.11,3,Tilt Down
1197,1197,380,0.03,0.02,1.0,3,Tilt Down
1198,1198,381,0.02,0.03,1.0,3,Tilt Down
1199,1199,382,0.1,0.02,1.0,3,Tilt Down
1200,1200,383,0.04,0.02,1.0,3,Tilt Down
1201,1201,384,0.04,0.03,1.0,3,Tilt Down
1202,1202,385,0.04,0.03,1.0,3,Tilt Down
1203,1203,386,0.04,0.02,1.0,3,Tilt Down
1204,1204,387,0.04,0.03,1.0,3,Tilt Down
1205,1205,388,0.04,0.03,1.0,3,Tilt Down
1206,1206,389,0.04,0.03,1.0,3,Tilt Down
1207,1207,390,0.04,0.02,1.0,3,Tilt Down
1208,1208,391,0.04,0.03,1.0,3,Tilt Down
1209,1209,392,0.04,0.03,1.0,3,Tilt Down
1210,1210,393,0.04,0.03,1.0,3,Tilt Down
1211,1211,394,0.04,0.02,1.0,3,Tilt Down
1212,1212,395,0.04,0.03,1.0,3,Tilt Down
1213,1213,396,0.04,0.02,1.0,3,Tilt Down
1214,1214,397,0.04,0.03,1.0,3,Tilt Down
1215,1215,398,0.04,0.02,1.0,3,Tilt Down
1216,1216,399,0.04,0.03,1.0,3,Tilt Down
1217,1217,400,0.04,0.02,1.0,3,Tilt Down
1218,1218,401,0.04,0.02,1.0,3,Tilt Down
1219,1219,402,0.04,0.02,1.0,3,Tilt Down
1220,1220,403,0.04,0.02,1.0,3,Tilt Down
1221,1221,404,0.04,0.02,1.0,3,Tilt Down
1222,1222,405,0.04,0.03,1.0,3,Tilt Down
1223,1223,406,0.04,0.02,1.0,3,Tilt Down
1224,1224,407,0.04,0.03,1.01,3,Tilt Down
1225,1225,408,0.04,0.03,1.0,3,Tilt Down
1226,1226,409,0.04,0.03,1.0,3,Tilt Down
1227,1227,410,0.04,0.02,1.0,3,Tilt Down
1228,1228,411,0.04,0.03,1.0,3,Tilt Down
1229,1229,412,0.05,0.03,1.0,3,Tilt Down
1230,1230,413,0.04,0.03,1.01,3,Tilt Down
1231,1231,414,-0.11,0.07,0.96,3,Tilt Down
1232,1232,415,-0.2,0.12,0.89,3,Tilt Down
1233,1233,416,-0.36,0.06,0.93,3,Tilt Down
1234,1234,417,-0.46,0.09,0.82,3,Tilt Down
1235,1235,418,-0.58,0.07,0.8,3,Tilt Down
1236,1236,419,-0.64,0.08,0.75,3,Tilt Down
1237,1237,420,-0.67,0.09,0.71,3,Tilt Down
1238,1238,421,-0.73,0.11,0.68,3,Tilt Down
1239,1239,422,-0.72,0.05,0.66,3,Tilt Down
1240,1240,423,-0.72,0.05,0.66,3,Tilt Down
1241,1241,424,-0.72,0.06,0.66,3,Tilt Down
1242,1242,425,-0.67,0.07,0.72,3,Tilt Down
1243,1243,426,-0.59,0.12,0.79,3,Tilt Down
1244,1244,427,-0.4,-0.08,0.85,3,Tilt Down
1245,1245,428,-0.13,0.22,1.03,3,Tilt Down
1246,1246,429,-0.02,0.08,1.14,3,Tilt Down
1247,1247,430,0.0,0.02,0.89,3,Tilt Down
1248,1248,431,0.01,0.03,1.0,3,Tilt Down
1249,1249,432,0.05,0.03,1.01,3,Tilt Down
1250,1250,433,0.03,0.02,1.01,3,Tilt Down
1251,1251,434,0.04,0.03,1.0,3,Tilt Down
1252,1252,435,0.04,0.02,1.0,3,Tilt Down
1253,1253,436,0.04,0.02,1.0,3,Tilt Down
1254,1254,437,0.04,0.02,1.0,3,Tilt Down
1255,1255,438,0.04,0.03,1.0,3,Tilt Down
1256,1256,439,0.04,0.02,1.0,3,Tilt Down
1257,1257,440,0.04,0.02,1.0,3,Tilt Down
1258,1258,441,0.04,0.03,1.0,3,Tilt Down
1259,1259,442,0.04,0.03,1.0,3,Tilt Down
1260,1260,443,0.04,0.03,1.0,3,Tilt Down
1261,1261,444,0.04,0.02,1.0,3,Tilt Down
1262,1262,445,0.04,0.03,1.0,3,Tilt Down
1263,1263,446,0.04,0.02,1.0,3,Tilt Down
1264,1264,447,0.04,0.02,1.0,3,Tilt Down
1265,1265,448,0.04,0.03,1.0,3,Tilt Down
1266,1266,449,0.04,0.02,1.0,3,Tilt Down
1267,1267,450,0.04,0.03,1.0,3,Tilt Down
1268,1268,451,0.04,0.03,1.0,3,Tilt Down
1269,1269,452,0.04,0.02,1.0,3,Tilt Down
1270,1270,453,0.04,0.02,1.0,3,Tilt Down
1271,1271,454,0.04,0.02,1.0,3,Tilt Down
1272,1272,455,0.03,0.03,1.0,3,Tilt Down
1273,1273,456,0.04,0.03,1.0,3,Tilt Down
1274,1274,457,0.04,0.03,1.0,3,Tilt Down
1275,1275,458,0.04,0.03,1.0,3,Tilt Down
1276,1276,459,0.04,0.03,1.0,3,Tilt Down
1277,1277,460,0.04,0.02,1.0,3,Tilt Down
1278,1278,461,0.04,0.03,1.0,3,Tilt Down
1279,1279,462,0.04,0.03,1.0,3,Tilt Down
1280,1280,463,0.04,0.03,1.0,3,Tilt Down
1281,1281,464,0.0,0.04,1.0,3,Tilt Down
1282,1282,465,-0.02,0.07,1.08,3,Tilt Down
1283,1283,466,-0.17,0.09,0.86,3,Tilt Down
1284,1284,467,-0.33,0.09,0.84,3,Tilt Down
1285,1285,468,-0.43,0.12,0.88,3,Tilt Down
1286,1286,469,-0.57,0.07,0.82,3,Tilt Down
1287,1287,470,-0.65,0.16,0.69,3,Tilt Down
1288,1288,471,-0.74,0.1,0.69,3,Tilt Down
1289,1289,472,-0.74,0.09,0.61,3,Tilt Down
1290,1290,473,-0.76,0.1,0.64,3,Tilt Down
1291,1291,474,-0.77,0.06,0.6,3,Tilt Down
1292,1292,475,-0.76,0.07,0.62,3,Tilt Down
1293,1293,476,-0.68,0.08,0.75,3,Tilt Down
1294,1294,477,-0.68,0.14,0.67,3,Tilt Down
1295,1295,478,-0.28,0.11,1.0,3,Tilt Down
1296,1296,479,-0.24,0.04,0.89,3,Tilt Down
1297,1297,480,-0.01,0.07,1.09,3,Tilt Down
1298,1298,481,-0.02,0.0,1.0,3,Tilt Down
1299,1299,482,0.03,0.01,1.01,3,Tilt Down
1300,1300,483,0.04,0.03,1.0,3,Tilt Down
1301,1301,484,0.04,0.02,1.0,3,Tilt Down
1302,1302,485,0.04,0.02,1.0,3,Tilt Down
1303,1303,486,0.04,0.03,1.0,3,Tilt Down
1304,1304,487,0.04,0.02,1.0,3,Tilt Down
1305,1305,488,0.04,0.03,1.0,3,Tilt Down
1306,1306,489,0.04,0.02,1.0,3,Tilt Down
1307,1307,490,0.04,0.02,1.0,3,Tilt Down
1308,1308,491,0.04,0.03,1.0,3,Tilt Down
1309,1309,492,0.04,0.03,1.0,3,Tilt Down
1310,1310,493,0.04,0.03,1.0,3,Tilt Down
1311,1311,494,0.04,0.03,1.0,3,Tilt Down
1312,1312,495,0.04,0.02,1.0,3,Tilt Down
1313,1313,496,0.04,0.03,1.0,3,Tilt Down
1314,1314,497,0.04,0.02,1.0,3,Tilt Down
1315,1315,498,0.04,0.03,1.0,3,Tilt Down
1316,1316,499,0.04,0.02,1.0,3,Tilt Down
1317,1317,500,0.04,0.02,1.0,3,Tilt Down
1318,1318,501,0.04,0.03,1.0,3,Tilt Down
1319,1319,502,0.04,0.03,1.0,3,Tilt Down
1320,1320,503,0.04,0.02,1.0,3,Tilt Down
1321,1321,504,0.04,0.03,1.0,3,Tilt Down
1322,1322,505,0.04,0.02,1.0,3,Tilt Down
1323,1323,506,0.04,0.02,1.0,3,Tilt Down
1324,1324,507,0.04,0.02,1.0,3,Tilt Down
1325,1325,508,0.04,0.03,1.0,3,Tilt Down
1326,1326,509,0.04,0.03,1.0,3,Tilt Down
1327,1327,510,0.04,0.03,1.0,3,Tilt Down
1328,1328,511,0.04,0.03,1.0,3,Tilt Down
1329,1329,512,0.04,0.03,1.0,3,Tilt Down
1330,1330,513,0.04,0.03,1.0,3,Tilt Down
1331,1331,514,0.04,0.03,1.0,3,Tilt Down
1332,1332,515,0.04,0.03,1.0,3,Tilt Down
1333,1333,516,0.02,0.02,1.01,3,Tilt Down
1334,1334,517,-0.07,0.03,1.03,3,Tilt Down
1335,1335,518,-0.26,0.04,1.14,3,Tilt Down
1336,1336,519,-0.37,0.09,0.84,3,Tilt Down
1337,1337,520,-0.53,0.14,0.93,3,Tilt Down
1338,1338,521,-0.55,0.14,0.75,3,Tilt Down
1339,1339,522,-0.65,0.11,0.71,3,Tilt Down
1340,1340,523,-0.73,0.06,0.68,3,Tilt Down
1341,1341,524,-0.77,0.07,0.63,3,Tilt Down
1342,1342,525,-0.78,0.08,0.63,3,Tilt Down
1343,1343,526,-0.78,0.08,0.57,3,Tilt Down
1344,1344,527,-0.76,0.08,0.6,3,Tilt Down
1345,1345,528,-0.75,0.07,0.66,3,Tilt Down
1346,1346,529,-0.73,0.12,0.51,3,Tilt Down
1347,1347,530,-0.59,0.16,0.77,3,Tilt Down
1348,1348,531,-0.3,0.06,0.9,3,Tilt Down
1349,1349,532,0.0,0.16,1.0,3,Tilt Down
1350,1350,533,-0.06,0.0,1.04,3,Tilt Down
1351,1351,534,0.01,0.04,0.99,3,Tilt Down
1352,1352,535,0.02,0.04,1.0,3,Tilt Down
1353,1353,536,0.04,0.02,1.0,3,Tilt Down
1354,1354,537,0.04,0.03,1.0,3,Tilt Down
1355,1355,538,0.04,0.02,1.0,3,Tilt Down
1356,1356,539,0.04,0.03,1.0,3,Tilt Down
1357,1357,540,0.04,0.03,1.0,3,Tilt Down
1358,1358,541,0.04,0.03,1.0,3,Tilt Down
1359,1359,542,0.04,0.02,1.0,3,Tilt Down
1360,1360,543,0.04,0.03,1.0,3,Tilt Down
1361,1361,544,0.04,0.02,1.0,3,Tilt Down
1362,1362,545,0.04,0.02,1.0,3,Tilt Down
1363,1363,546,0.04,0.03,1.0,3,Tilt Down
1364,1364,547,0.04,0.02,1.0,3,Tilt Down
1365,1365,548,0.04,0.02,1.0,3,Tilt Down
1366,1366,549,0.04,0.02,1.0,3,Tilt Down
1367,1367,550,0.04,0.03,1.0,3,Tilt Down
1368,1368,551,0.04,0.02,1.0,3,Tilt Down
1369,1369,552,0.04,0.03,1.0,3,Tilt Down
1370,1370,553,0.04,0.02,1.0,3,Tilt Down
1371,1371,554,0.04,0.03,1.0,3,Tilt Down
1372,1372,555,0.04,0.02,1.0,3,Tilt Down
1373,1373,556,0.04,0.03,1.0,3,Tilt Down
1374,1374,557,0.04,0.03,1.0,3,Tilt Down
1375,1375,558,0.04,0.03,1.0,3,Tilt Down
1376,1376,559,0.04,0.03,1.0,3,Tilt Down
1377,1377,560,0.04,0.02,1.0,3,Tilt Down
1378,1378,561,0.04,0.02,1.0,3,Tilt Down
1379,1379,0,0.04,0.05,1.0,4,Tilt Down
1380,1380,1,0.04,0.05,1.0,4,Tilt Down
1381,1381,2,0.04,0.05,1.0,4,Tilt Down
1382,1382,3,0.04,0.04,1.0,4,Tilt Down
1383,1383,4,0.04,0.05,1.0,4,Tilt Down
1384,1384,5,0.04,0.05,1.0,4,Tilt Down
1385,1385,6,0.03,0.05,1.0,4,Tilt Down
1386,1386,7,0.04,0.05,1.0,4,Tilt Down
1387,1387,8,0.04,0.05,1.0,4,Tilt Down
1388,1388,9,0.04,0.05,1.0,4,Tilt Down
1389,1389,10,0.04,0.05,1.0,4,Tilt Down
1390,1390,11,0.04,0.04,1.0,4,Tilt Down
1391,1391,12,0.04,0.05,1.0,4,Tilt Down
1392,1392,13,0.04,0.04,1.0,4,Tilt Down
1393,1393,14,0.04,0.05,1.0,4,Tilt Down
1394,1394,15,0.04,0.05,1.0,4,Tilt Down
1395,1395,16,0.04,0.05,1.0,4,Tilt Down
1396,1396,17,0.04,0.04,1.0,4,Tilt Down
1397,1397,18,0.04,0.05,1.0,4,Tilt Down
1398,1398,19,0.04,0.05,1.0,4,Tilt Down
1399,1399,20,0.04,0.05,1.0,4,Tilt Down
1400,1400,21,0.04,0.04,1.0,4,Tilt Down
1401,1401,22,0.04,0.05,1.0,4,Tilt Down
1402,1402,23,0.04,0.05,1.0,4,Tilt Down
1403,1403,24,0.04,0.05,1.0,4,Tilt Down
1404,1404,25,0.04,0.05,1.0,4,Tilt Down
1405,1405,26,0.04,0.05,1.0,4,Tilt Down
1406,1406,27,0.04,0.05,1.0,4,Tilt Down
1407,1407,28,0.04,0.05,1.0,4,Tilt Down
1408,1408,29,0.04,0.05,1.0,4,Tilt Down
1409,1409,30,0.04,0.05,1.0,4,Tilt Down
1410,1410,31,0.04,0.05,1.0,4,Tilt Down
1411,1411,32,0.04,0.05,1.0,4,Tilt Down
1412,1412,33,0.04,0.05,1.0,4,Tilt Down
1413,1413,34,0.04,0.04,1.0,4,Tilt Down
1414,1414,35,0.04,0.05,1.0,4,Tilt Down
1415,1415,36,0.04,0.05,1.0,4,Tilt Down
1416,1416,37,0.04,0.05,1.0,4,Tilt Down
1417,1417,38,0.04,0.05,1.0,4,Tilt Down
1418,1418,39,0.04,0.05,1.0,4,Tilt Down
1419,1419,40,0.03,0.05,1.0,4,Tilt Down
1420,1420,41,0.02,0.03,1.07,4,Tilt Down
1421,1421,42,-0.07,0.13,0.98,4,Tilt Down
1422,1422,43,-0.12,0.08,1.04,4,Tilt Down
1423,1423,44,-0.15,0.06,1.0,4,Tilt Down
1424,1424,45,-0.23,0.04,0.95,4,Tilt Down
1425,1425,46,-0.29,0.05,1.02,4,Tilt Down
1426,1426,47,-0.41,0.11,0.98,4,Tilt Down
1427,1427,48,-0.47,0.04,0.84,4,Tilt Down
1428,1428,49,-0.54,0.15,0.9,4,Tilt Down
1429,1429,50,-0.66,0.03,1.14,4,Tilt Down
1430,1430,51,-0.58,0.07,0.8,4,Tilt Down
1431,1431,52,-0.53,0.07,0.89,4,Tilt Down
1432,1432,53,-0.38,0.09,0.89,4,Tilt Down
1433,1433,54,-0.16,0.09,0.97,4,Tilt Down
1434,1434,55,-0.1,0.07,0.97,4,Tilt Down
1435,1435,56,0.07,-0.01,0.99,4,Tilt Down
1436,1436,57,0.05,0.04,0.88,4,Tilt Down
1437,1437,58,0.12,0.08,0.91,4,Tilt Down
1438,1438,59,0.05,0.01,1.04,4,Tilt Down
1439,1439,60,0.01,-0.01,1.05,4,Tilt Down
1440,1440,61,0.0,-0.08,1.03,4,Tilt Down
1441,1441,62,0.03,0.01,0.94,4,Tilt Down
1442,1442,63,0.05,0.05,1.0,4,Tilt Down
1443,1443,64,0.04,0.04,1.0,4,Tilt Down
1444,1444,65,0.03,0.05,1.0,4,Tilt Down
1445,1445,66,0.04,0.05,1.0,4,Tilt Down
1446,1446,67,0.04,0.05,1.0,4,Tilt Down
1447,1447,68,0.04,0.04,1.0,4,Tilt Down
1448,1448,69,0.04,0.04,1.0,4,Tilt Down
1449,1449,70,0.04,0.05,1.01,4,Tilt Down
1450,1450,71,0.04,0.05,1.0,4,Tilt Down
1451,1451,72,0.04,0.05,1.0,4,Tilt Down
1452,1452,73,0.04,0.05,1.0,4,Tilt Down
1453,1453,74,0.04,0.05,1.0,4,Tilt Down
1454,1454,75,0.04,0.05,1.02,4,Tilt Down
1455,1455,76,0.03,0.05,1.0,4,Tilt Down
1456,1456,77,0.04,0.05,1.0,4,Tilt Down
1457,1457,78,0.04,0.05,1.0,4,Tilt Down
1458,1458,79,0.04,0.05,1.0,4,Tilt Down
1459,1459,80,0.04,0.05,1.0,4,Tilt Down
1460,1460,81,0.04,0.04,1.0,4,Tilt Down
1461,1461,82,0.04,0.05,1.0,4,Tilt Down
1462,1462,83,0.05,0.05,0.91,4,Tilt Down
1463,1463,84,0.04,0.04,1.0,4,Tilt Down
1464,1464,85,0.03,0.05,1.0,4,Tilt Down
1465,1465,86,0.04,0.04,1.0,4,Tilt Down
1466,1466,87,0.04,0.05,1.0,4,Tilt Down
1467,1467,88,0.05,0.04,0.97,4,Tilt Down
1468,1468,89,0.04,0.05,1.0,4,Tilt Down
1469,1469,90,0.04,0.05,1.0,4,Tilt Down
1470,1470,91,0.04,0.05,1.0,4,Tilt Down
1471,1471,92,0.04,0.05,1.0,4,Tilt Down
1472,1472,93,0.04,0.05,0.99,4,Tilt Down
1473,1473,94,0.04,0.05,1.0,4,Tilt Down
1474,1474,95,0.04,0.05,1.0,4,Tilt Down
1475,1475,96,0.04,0.04,1.0,4,Tilt Down
1476,1476,97,0.04,0.05,1.0,4,Tilt Down
1477,1477,98,0.05,0.03,1.0,4,Tilt Down
1478,1478,99,0.03,0.05,1.02,4,Tilt Down
1479,1479,100,-0.06,0.08,1.2,4,Tilt Down
1480,1480,101,-0.02,0.07,1.0,4,Tilt Down
1481,1481,102,0.0,0.0,0.98,4,Tilt Down
1482,1482,103,0.05,0.01,0.95,4,Tilt Down
1483,1483,104,-0.01,0.05,0.91,4,Tilt Down
1484,1484,105,-0.13,0.01,0.93,4,Tilt Down
1485,1485,106,-0.28,0.04,1.06,4,Tilt Down
1486,1486,107,-0.41,0.1,0.89,4,Tilt Down
1487,1487,108,-0.5,0.09,0.88,4,Tilt Down
1488,1488,109,-0.56,0.11,0.79,4,Tilt Down
1489,1489,110,-0.51,0.11,0.83,4,Tilt Down
1490,1490,111,-0.55,0.15,0.97,4,Tilt Down
1491,1491,112,-0.42,0.15,0.83,4,Tilt Down
1492,1492,113,-0.19,0.08,1.02,4,Tilt Down
1493,1493,114,-0.06,0.02,0.94,4,Tilt Down
1494,1494,115,0.02,0.05,0.95,4,Tilt Down
1495,1495,116,0.02,0.05,0.98,4,Tilt Down
1496,1496,117,0.0,0.05,1.04,4,Tilt Down
1497,1497,118,-0.02,-0.07,1.56,4,Tilt Down
1498,1498,119,0.06,0.05,1.05,4,Tilt Down
1499,1499,120,0.04,0.05,1.0,4,Tilt Down
1500,1500,121,0.02,0.06,1.0,4,Tilt Down
1501,1501,122,0.04,0.05,1.0,4,Tilt Down
1502,1502,123,0.04,0.04,1.0,4,Tilt Down
1503,1503,124,0.04,0.05,1.0,4,Tilt Down
1504,1504,125,0.04,0.05,1.0,4,Tilt Down
1505,1505,126,0.04,0.04,1.0,4,Tilt Down
1506,1506,127,0.04,0.05,1.0,4,Tilt Down
1507,1507,128,0.04,0.05,1.0,4,Tilt Down
1508,1508,129,0.04,0.05,1.0,4,Tilt Down
1509,1509,130,0.04,0.05,1.0,4,Tilt Down
1510,1510,131,0.04,0.05,1.0,4,Tilt Down
1511,1511,132,0.04,0.05,1.0,4,Tilt Down
1512,1512,133,0.04,0.05,1.0,4,Tilt Down
1513,1513,134,0.04,0.05,1.0,4,Tilt Down
1514,1514,135,0.04,0.04,1.0,4,Tilt Down
1515,1515,136,0.04,0.05,1.0,4,Tilt Down
1516,1516,137,0.04,0.05,1.0,4,Tilt Down
1517,1517,138,0.04,0.05,1.0,4,Tilt Down
1518,1518,139,0.04,0.04,1.0,4,Tilt Down
1519,1519,140,0.04,0.05,1.0,4,Tilt Down
1520,1520,141,0.04,0.05,1.0,4,Tilt Down
1521,1521,142,0.04,0.05,1.0,4,Tilt Down
1522,1522,143,0.04,0.04,1.0,4,Tilt Down
1523,1523,144,0.04,0.05,1.0,4,Tilt Down
1524,1524,145,0.04,0.05,1.0,4,Tilt Down
1525,1525,146,0.04,0.05,1.0,4,Tilt Down
1526,1526,147,0.04,0.06,1.0,4,Tilt Down
1527,1527,148,0.04,0.05,1.0,4,Tilt Down
1528,1528,149,0.04,0.04,1.0,4,Tilt Down
1529,1529,150,0.04,0.05,1.0,4,Tilt Down
1530,1530,151,0.04,0.05,1.0,4,Tilt Down
1531,1531,152,0.04,0.05,1.0,4,Tilt Down
1532,1532,153,0.01,0.05,1.02,4,Tilt Down
1533,1533,154,-0.02,-0.04,1.06,4,Tilt Down
1534,1534,155,-0.03,0.0,0.91,4,Tilt Down
1535,1535,156,-0.01,0.02,1.0,4,Tilt Down
1536,1536,157,0.03,0.06,0.99,4,Tilt Down
1537,1537,158,0.03,0.04,0.99,4,Tilt Down
1538,1538,159,0.03,0.05,0.89,4,Tilt Down
1539,1539,160,-0.04,0.11,0.95,4,Tilt Down
1540,1540,161,-0.16,0.01,0.98,4,Tilt Down
1541,1541,162,-0.32,0.04,0.99,4,Tilt Down
1542,1542,163,-0.49,0.08,0.86,4,Tilt Down
1543,1543,164,-0.55,0.15,0.88,4,Tilt Down
1544,1544,165,-0.63,0.06,0.78,4,Tilt Down
1545,1545,166,-0.63,0.11,0.77,4,Tilt Down
1546,1546,167,-0.66,0.1,0.73,4,Tilt Down
1547,1547,168,-0.67,0.14,0.7,4,Tilt Down
1548,1548,169,-0.48,0.07,0.92,4,Tilt Down
1549,1549,170,-0.33,0.08,0.9,4,Tilt Down
1550,1550,171,-0.12,0.04,1.0,4,Tilt Down
1551,1551,172,-0.05,0.03,0.91,4,Tilt Down
1552,1552,173,0.02,0.04,0.9,4,Tilt Down
1553,1553,174,0.03,0.01,1.0,4,Tilt Down
1554,1554,175,-0.01,-0.0,1.05,4,Tilt Down
1555,1555,176,-0.0,-0.0,1.09,4,Tilt Down
1556,1556,177,0.02,-0.0,0.94,4,Tilt Down
1557,1557,178,0.03,0.03,0.98,4,Tilt Down
1558,1558,179,0.02,0.01,0.98,4,Tilt Down
1559,1559,180,0.04,0.04,1.0,4,Tilt Down
1560,1560,181,0.04,0.04,1.0,4,Tilt Down
1561,1561,182,0.04,0.05,1.0,4,Tilt Down
1562,1562,183,0.04,0.05,1.0,4,Tilt Down
1563,1563,184,0.04,0.05,1.0,4,Tilt Down
1564,1564,185,0.04,0.04,1.0,4,Tilt Down
1565,1565,186,0.04,0.05,1.0,4,Tilt Down
1566,1566,187,0.03,0.05,1.0,4,Tilt Down
1567,1567,188,0.04,0.05,1.0,4,Tilt Down
1568,1568,189,0.04,0.05,1.0,4,Tilt Down
1569,1569,190,0.04,0.05,1.0,4,Tilt Down
1570,1570,191,0.04,0.05,1.0,4,Tilt Down
1571,1571,192,0.04,0.05,1.0,4,Tilt Down
1572,1572,193,0.04,0.04,1.0,4,Tilt Down
1573,1573,194,0.04,0.04,1.0,4,Tilt Down
1574,1574,195,0.04,0.05,1.0,4,Tilt Down
1575,1575,196,0.04,0.05,1.0,4,Tilt Down
1576,1576,197,0.04,0.04,1.0,4,Tilt Down
1577,1577,198,0.04,0.05,1.0,4,Tilt Down
1578,1578,199,0.04,0.05,1.0,4,Tilt Down
1579,1579,200,0.04,0.05,1.0,4,Tilt Down
1580,1580,201,0.04,0.04,1.0,4,Tilt Down
1581,1581,202,0.04,0.04,1.0,4,Tilt Down
1582,1582,203,0.04,0.05,1.0,4,Tilt Down
1583,1583,204,0.04,0.05,1.0,4,Tilt Down
1584,1584,205,0.04,0.05,1.0,4,Tilt Down
1585,1585,206,0.04,0.05,1.0,4,Tilt Down
1586,1586,207,0.04,0.05,1.0,4,Tilt Down
1587,1587,208,0.04,0.05,1.0,4,Tilt Down
1588,1588,209,0.04,0.05,1.0,4,Tilt Down
1589,1589,210,0.06,0.03,1.03,4,Tilt Down
1590,1590,211,-0.08,0.04,1.11,4,Tilt Down
1591,1591,212,-0.02,0.07,0.95,4,Tilt Down
1592,1592,213,0.01,0.01,0.98,4,Tilt Down
1593,1593,214,0.02,-0.01,0.94,4,Tilt Down
1594,1594,215,0.02,0.03,1.02,4,Tilt Down
1595,1595,216,0.04,0.03,0.95,4,Tilt Down
1596,1596,217,0.02,0.07,0.91,4,Tilt Down
1597,1597,218,-0.05,0.03,0.96,4,Tilt Down
1598,1598,219,-0.22,0.06,1.02,4,Tilt Down
1599,1599,220,-0.37,0.05,1.04,4,Tilt Down
1600,1600,221,-0.49,0.11,0.87,4,Tilt Down
1601,1601,222,-0.59,0.04,0.84,4,Tilt Down
1602,1602,223,-0.68,0.1,0.76,4,Tilt Down
1603,1603,224,-0.71,0.15,0.64,4,Tilt Down
1604,1604,225,-0.75,0.12,0.63,4,Tilt Down
1605,1605,226,-0.75,0.12,0.63,4,Tilt Down
1606,1606,227,-0.72,0.13,0.71,4,Tilt Down
1607,1607,228,-0.61,0.04,0.95,4,Tilt Down
1608,1608,229,-0.57,0.11,0.86,4,Tilt Down
1609,1609,230,-0.39,-0.02,1.06,4,Tilt Down
1610,1610,231,-0.15,0.02,0.89,4,Tilt Down
1611,1611,232,-0.01,0.0,0.96,4,Tilt Down
1612,1612,233,0.05,-0.01,0.95,4,Tilt Down
1613,1613,234,0.06,-0.01,1.0,4,Tilt Down
1614,1614,235,0.05,-0.01,0.96,4,Tilt Down
1615,1615,236,0.07,0.0,1.0,4,Tilt Down
1616,1616,237,0.06,-0.02,0.95,4,Tilt Down
1617,1617,238,0.02,0.1,1.06,4,Tilt Down
1618,1618,239,0.03,0.02,1.07,4,Tilt Down
1619,1619,240,0.03,0.04,1.03,4,Tilt Down
1620,1620,241,-0.02,0.03,0.96,4,Tilt Down
1621,1621,242,0.07,0.14,0.89,4,Tilt Down
1622,1622,243,-0.04,0.04,1.06,4,Tilt Down
1623,1623,244,0.03,0.05,1.02,4,Tilt Down
1624,1624,245,0.03,0.1,1.02,4,Tilt Down
1625,1625,246,0.04,0.04,1.0,4,Tilt Down
1626,1626,247,0.04,0.05,1.0,4,Tilt Down
1627,1627,248,0.04,0.05,1.0,4,Tilt Down
1628,1628,249,0.04,0.05,1.0,4,Tilt Down
1629,1629,250,0.03,0.05,1.0,4,Tilt Down
1630,1630,251,0.04,0.05,1.0,4,Tilt Down
1631,1631,252,0.04,0.05,1.0,4,Tilt Down
1632,1632,253,0.04,0.05,1.0,4,Tilt Down
1633,1633,254,0.04,0.05,1.0,4,Tilt Down
1634,1634,255,0.04,0.05,1.0,4,Tilt Down
1635,1635,256,0.04,0.05,1.0,4,Tilt Down
1636,1636,257,0.04,0.05,1.0,4,Tilt Down
1637,1637,258,0.04,0.05,1.0,4,Tilt Down
1638,1638,259,0.04,0.05,1.0,4,Tilt Down
1639,1639,260,0.04,0.05,1.0,4,Tilt Down
1640,1640,261,0.04,0.05,1.0,4,Tilt Down
1641,1641,262,0.04,0.05,1.0,4,Tilt Down
1642,1642,263,0.04,0.04,1.0,4,Tilt Down
1643,1643,264,0.04,0.05,1.0,4,Tilt Down
1644,1644,265,0.04,0.05,1.0,4,Tilt Down
1645,1645,266,0.04,0.05,1.0,4,Tilt Down
1646,1646,267,0.04,0.05,1.0,4,Tilt Down
1647,1647,268,0.04,0.05,1.0,4,Tilt Down
1648,1648,269,0.04,0.05,1.0,4,Tilt Down
1649,1649,270,0.04,0.05,1.0,4,Tilt Down
1650,1650,271,0.04,0.04,1.0,4,Tilt Down
1651,1651,272,0.04,0.04,1.0,4,Tilt Down
1652,1652,273,0.04,0.05,1.0,4,Tilt Down
1653,1653,274,0.04,0.05,1.0,4,Tilt Down
1654,1654,275,0.04,0.05,1.0,4,Tilt Down
1655,1655,276,0.04,0.04,1.0,4,Tilt Down
1656,1656,277,0.04,0.04,1.0,4,Tilt Down
1657,1657,278,0.04,0.05,1.0,4,Tilt Down
1658,1658,279,0.04,0.05,1.0,4,Tilt Down
1659,1659,280,0.04,0.04,1.0,4,Tilt Down
1660,1660,281,0.04,0.05,1.0,4,Tilt Down
1661,1661,282,0.04,0.05,1.0,4,Tilt Down
1662,1662,283,0.03,0.05,1.0,4,Tilt Down
1663,1663,284,0.04,0.05,1.0,4,Tilt Down
1664,1664,285,0.03,0.05,1.01,4,Tilt Down
1665,1665,286,-0.01,0.05,1.03,4,Tilt Down
1666,1666,287,-0.05,0.05,1.06,4,Tilt Down
1667,1667,288,-0.03,0.02,0.95,4,Tilt Down
1668,1668,289,0.01,0.09,0.94,4,Tilt Down
1669,1669,290,0.02,0.0,1.0,4,Tilt Down
1670,1670,291,0.07,0.04,0.96,4,Tilt Down
1671,1671,292,0.13,0.05,0.93,4,Tilt Down
1672,1672,293,0.16,0.1,0.9,4,Tilt Down
1673,1673,294,0.1,0.07,0.92,4,Tilt Down
1674,1674,295,0.0,0.07,0.94,4,Tilt Down
1675,1675,296,-0.15,0.07,0.98,4,Tilt Down
1676,1676,297,-0.32,0.08,0.97,4,Tilt Down
1677,1677,298,-0.46,0.16,0.9,4,Tilt Down
1678,1678,299,-0.54,0.1,0.82,4,Tilt Down
1679,1679,300,-0.68,0.09,0.79,4,Tilt Down
1680,1680,301,-0.74,0.18,0.65,4,Tilt Down
1681,1681,302,-0.82,0.16,0.55,4,Tilt Down
1682,1682,303,-0.77,0.15,0.59,4,Tilt Down
1683,1683,304,-0.8,0.15,0.57,4,Tilt Down
1684,1684,305,-0.71,0.14,0.64,4,Tilt Down
1685,1685,306,-0.64,0.05,0.83,4,Tilt Down
1686,1686,307,-0.56,0.03,0.83,4,Tilt Down
1687,1687,308,-0.33,0.11,0.78,4,Tilt Down
1688,1688,309,-0.22,-0.0,0.96,4,Tilt Down
1689,1689,310,-0.19,0.07,0.97,4,Tilt Down
1690,1690,311,-0.08,-0.04,0.95,4,Tilt Down
1691,1691,312,-0.04,0.01,1.1,4,Tilt Down
1692,1692,313,-0.01,0.09,1.02,4,Tilt Down
1693,1693,314,0.02,0.0,0.97,4,Tilt Down
1694,1694,315,0.06,0.06,0.95,4,Tilt Down
1695,1695,316,0.04,0.07,0.98,4,Tilt Down
1696,1696,317,0.02,0.08,1.02,4,Tilt Down
1697,1697,318,0.05,0.06,1.01,4,Tilt Down
1698,1698,319,0.04,0.05,1.0,4,Tilt Down
1699,1699,320,0.04,0.05,1.0,4,Tilt Down
1700,1700,321,0.04,0.05,1.0,4,Tilt Down
1701,1701,322,0.04,0.05,1.0,4,Tilt Down
1702,1702,323,0.03,0.05,1.0,4,Tilt Down
1703,1703,324,0.04,0.05,1.0,4,Tilt Down
1704,1704,325,0.04,0.05,1.0,4,Tilt Down
1705,1705,326,0.04,0.04,1.0,4,Tilt Down
1706,1706,327,0.03,0.05,1.0,4,Tilt Down
1707,1707,328,0.04,0.05,1.0,4,Tilt Down
1708,1708,329,0.04,0.05,1.0,4,Tilt Down
1709,1709,330,0.04,0.05,1.0,4,Tilt Down
1710,1710,331,0.04,0.04,1.0,4,Tilt Down
1711,1711,332,0.04,0.04,1.0,4,Tilt Down
1712,1712,333,0.04,0.05,1.0,4,Tilt Down
1713,1713,334,0.04,0.05,1.0,4,Tilt Down
1714,1714,335,0.04,0.05,1.0,4,Tilt Down
1715,1715,336,0.04,0.05,1.0,4,Tilt Down
1716,1716,337,0.04,0.05,1.0,4,Tilt Down
1717,1717,338,0.04,0.04,1.0,4,Tilt Down
1718,1718,339,0.04,0.05,1.0,4,Tilt Down
1719,1719,340,0.04,0.05,1.0,4,Tilt Down
1720,1720,341,0.03,0.05,1.0,4,Tilt Down
1721,1721,342,0.04,0.05,1.0,4,Tilt Down
1722,1722,343,0.04,0.05,1.0,4,Tilt Down
1723,1723,344,0.04,0.05,1.0,4,Tilt Down
1724,1724,345,0.04,0.05,1.0,4,Tilt Down
1725,1725,346,0.04,0.05,1.0,4,Tilt Down
1726,1726,347,0.04,0.05,1.0,4,Tilt Down
1727,1727,348,0.04,0.05,1.0,4,Tilt Down
1728,1728,349,0.04,0.05,1.0,4,Tilt Down
1729,1729,350,0.04,0.05,1.0,4,Tilt Down
1730,1730,351,0.03,0.14,1.01,4,Tilt Down
1731,1731,352,0.02,0.04,1.1,4,Tilt Down
1732,1732,353,0.0,0.09,0.97,4,Tilt Down
1733,1733,354,-0.02,0.14,1.0,4,Tilt Down
1734,1734,355,0.0,0.0,0.94,4,Tilt Down
1735,1735,356,0.01,-0.02,0.96,4,Tilt Down
1736,1736,357,0.02,-0.0,0.96,4,Tilt Down
1737,1737,358,0.03,0.11,1.01,4,Tilt Down
1738,1738,359,0.05,0.05,0.81,4,Tilt Down
1739,1739,360,-0.07,0.09,1.01,4,Tilt Down
1740,1740,361,-0.23,0.11,1.0,4,Tilt Down
1741,1741,362,-0.37,0.11,0.96,4,Tilt Down
1742,1742,363,-0.51,0.08,0.8,4,Tilt Down
1743,1743,364,-0.6,0.09,0.87,4,Tilt Down
1744,1744,365,-0.64,0.13,0.74,4,Tilt Down
1745,1745,366,-0.68,0.15,0.75,4,Tilt Down
1746,1746,367,-0.73,0.13,0.65,4,Tilt Down
1747,1747,368,-0.73,0.11,0.66,4,Tilt Down
1748,1748,369,-0.75,0.11,0.63,4,Tilt Down
1749,1749,370,-0.73,0.09,0.79,4,Tilt Down
1750,1750,371,-0.7,0.03,0.76,4,Tilt Down
1751,1751,372,-0.56,0.02,0.77,4,Tilt Down
1752,1752,373,-0.41,0.0,0.97,4,Tilt Down
1753,1753,374,-0.25,0.04,0.86,4,Tilt Down
1754,1754,375,-0.12,0.0,0.92,4,Tilt Down
1755,1755,376,-0.05,-0.03,0.96,4,Tilt Down
1756,1756,377,-0.04,-0.05,1.06,4,Tilt Down
1757,1757,378,-0.01,-0.01,0.96,4,Tilt Down
1758,1758,379,-0.0,0.09,1.02,4,Tilt Down
1759,1759,380,0.01,0.05,1.05,4,Tilt Down
1760,1760,381,0.04,-0.03,1.09,4,Tilt Down
1761,1761,382,0.07,0.02,0.95,4,Tilt Down
1762,1762,383,0.05,0.05,1.0,4,Tilt Down
1763,1763,384,0.04,0.07,1.02,4,Tilt Down
1764,1764,385,0.04,0.05,1.0,4,Tilt Down
1765,1765,386,0.04,0.05,1.0,4,Tilt Down
1766,1766,387,0.04,0.05,1.0,4,Tilt Down
1767,1767,388,0.04,0.05,1.0,4,Tilt Down
1768,1768,389,0.04,0.04,1.0,4,Tilt Down
1769,1769,390,0.04,0.05,1.0,4,Tilt Down
1770,1770,391,0.04,0.05,1.0,4,Tilt Down
1771,1771,392,0.04,0.05,1.0,4,Tilt Down
1772,1772,393,0.04,0.05,1.0,4,Tilt Down
1773,1773,394,0.04,0.04,1.0,4,Tilt Down
1774,1774,395,0.04,0.05,1.0,4,Tilt Down
1775,1775,396,0.04,0.05,1.0,4,Tilt Down
1776,1776,397,0.04,0.05,1.0,4,Tilt Down
1777,1777,398,0.04,0.05,1.0,4,Tilt Down
1778,1778,399,0.04,0.05,1.0,4,Tilt Down
1779,1779,400,0.03,0.05,1.0,4,Tilt Down
1780,1780,401,0.04,0.05,1.0,4,Tilt Down
1781,1781,402,0.04,0.04,1.0,4,Tilt Down
1782,1782,403,0.04,0.05,1.0,4,Tilt Down
1783,1783,404,0.04,0.05,1.0,4,Tilt Down
1784,1784,405,0.04,0.05,1.0,4,Tilt Down
1785,1785,406,0.03,0.05,1.0,4,Tilt Down
1786,1786,407,0.03,0.05,1.0,4,Tilt Down
1787,1787,408,0.04,0.05,1.0,4,Tilt Down
1788,1788,409,0.04,0.05,1.0,4,Tilt Down
1789,1789,410,0.04,0.05,1.0,4,Tilt Down
1790,1790,411,0.05,0.05,1.01,4,Tilt Down
1791,1791,412,0.02,0.02,1.05,4,Tilt Down
1792,1792,413,-0.01,0.05,0.94,4,Tilt Down
1793,1793,414,0.02,0.13,0.86,4,Tilt Down
1794,1794,415,-0.03,0.0,1.05,4,Tilt Down
1795,1795,416,0.01,-0.01,1.03,4,Tilt Down
1796,1796,417,0.04,0.08,0.96,4,Tilt Down
1797,1797,418,0.06,0.12,0.95,4,Tilt Down
1798,1798,419,0.02,0.13,0.87,4,Tilt Down
1799,1799,420,-0.1,0.1,0.92,4,Tilt Down
1800,1800,421,-0.24,0.08,1.06,4,Tilt Down
1801,1801,422,-0.4,0.09,0.93,4,Tilt Down
1802,1802,423,-0.53,0.1,0.85,4,Tilt Down
1803,1803,424,-0.65,0.1,0.66,4,Tilt Down
1804,1804,425,-0.69,0.17,0.68,4,Tilt Down
1805,1805,426,-0.71,0.14,0.65,4,Tilt Down
1806,1806,427,-0.73,0.14,0.71,4,Tilt Down
1807,1807,428,-0.76,0.13,0.64,4,Tilt Down
1808,1808,429,-0.77,0.13,0.61,4,Tilt Down
1809,1809,430,-0.76,0.13,0.61,4,Tilt Down
1810,1810,431,-0.68,0.2,0.75,4,Tilt Down
1811,1811,432,-0.56,0.02,0.85,4,Tilt Down
1812,1812,433,-0.41,-0.0,0.91,4,Tilt Down
1813,1813,434,-0.26,0.03,0.98,4,Tilt Down
1814,1814,435,-0.09,-0.02,0.93,4,Tilt Down
1815,1815,436,-0.06,0.08,0.87,4,Tilt Down
1816,1816,437,-0.09,0.0,1.0,4,Tilt Down
1817,1817,438,-0.03,-0.04,0.99,4,Tilt Down
1818,1818,439,-0.02,-0.07,0.98,4,Tilt Down
1819,1819,440,0.03,-0.08,1.02,4,Tilt Down
1820,1820,441,-0.11,0.03,1.12,4,Tilt Down
1821,1821,442,0.06,0.03,0.89,4,Tilt Down
1822,1822,443,0.04,0.05,1.02,4,Tilt Down
1823,1823,444,0.04,0.04,1.01,4,Tilt Down
1824,1824,445,0.04,0.04,1.01,4,Tilt Down
1825,1825,446,0.04,0.05,1.0,4,Tilt Down
1826,1826,447,0.04,0.04,1.0,4,Tilt Down
1827,1827,448,0.04,0.05,1.0,4,Tilt Down
1828,1828,449,0.04,0.05,1.01,4,Tilt Down
1829,1829,450,0.04,0.05,1.0,4,Tilt Down
1830,1830,451,0.03,0.05,1.0,4,Tilt Down
1831,1831,452,0.04,0.04,1.0,4,Tilt Down
1832,1832,453,0.03,0.05,1.0,4,Tilt Down
1833,1833,454,0.04,0.05,1.0,4,Tilt Down
1834,1834,455,0.04,0.05,1.0,4,Tilt Down
1835,1835,456,0.04,0.05,1.0,4,Tilt Down
1836,1836,457,0.04,0.05,1.0,4,Tilt Down
1837,1837,458,0.03,0.05,1.0,4,Tilt Down
1838,1838,459,0.04,0.05,1.0,4,Tilt Down
1839,1839,460,0.04,0.05,1.0,4,Tilt Down
1840,1840,461,0.04,0.05,1.0,4,Tilt Down
1841,1841,462,0.04,0.05,1.0,4,Tilt Down
1842,1842,463,0.03,0.05,1.0,4,Tilt Down
1843,1843,464,0.04,0.05,1.0,4,Tilt Down
1844,1844,465,0.04,0.05,1.0,4,Tilt Down
1845,1845,466,0.04,0.05,1.0,4,Tilt Down
1846,1846,467,0.04,0.05,1.0,4,Tilt Down
1847,1847,468,0.04,0.05,1.0,4,Tilt Down
1848,1848,469,0.04,0.05,1.0,4,Tilt Down
1849,1849,470,0.04,0.04,1.0,4,Tilt Down
1850,1850,471,0.04,0.05,1.0,4,Tilt Down
1851,1851,472,0.04,0.05,1.0,4,Tilt Down
1852,1852,473,0.04,0.05,1.0,4,Tilt Down
1853,1853,474,0.04,0.05,1.0,4,Tilt Down
1854,1854,475,0.04,0.05,1.0,4,Tilt Down
1855,1855,476,0.04,0.05,1.0,4,Tilt Down
1856,1856,477,0.04,0.05,1.0,4,Tilt Down
1857,1857,478,0.04,0.05,1.0,4,Tilt Down
1858,1858,479,0.04,0.05,1.0,4,Tilt Down
1859,1859,480,0.04,0.05,1.0,4,Tilt Down
1860,1860,481,0.0,0.04,1.01,4,Tilt Down
1861,1861,482,0.05,0.02,1.05,4,Tilt Down
1862,1862,483,-0.01,0.02,1.0,4,Tilt Down
1863,1863,484,0.01,0.1,1.05,4,Tilt Down
1864,1864,485,0.02,0.09,0.95,4,Tilt Down
1865,1865,486,0.05,0.01,0.92,4,Tilt Down
1866,1866,487,0.04,0.05,1.01,4,Tilt Down
1867,1867,488,0.04,0.08,0.94,4,Tilt Down
1868,1868,489,0.01,0.08,0.88,4,Tilt Down
1869,1869,490,-0.14,0.06,0.93,4,Tilt Down
1870,1870,491,-0.28,0.11,0.99,4,Tilt Down
1871,1871,492,-0.45,0.04,1.0,4,Tilt Down
1872,1872,493,-0.56,0.07,0.81,4,Tilt Down
1873,1873,494,-0.69,0.18,0.7,4,Tilt Down
1874,1874,495,-0.79,0.05,0.73,4,Tilt Down
1875,1875,496,-0.82,0.14,0.5,4,Tilt Down
1876,1876,497,-0.87,0.12,0.48,4,Tilt Down
1877,1877,498,-0.84,0.14,0.5,4,Tilt Down
1878,1878,499,-0.88,0.13,0.42,4,Tilt Down
1879,1879,500,-0.86,0.18,0.54,4,Tilt Down
1880,1880,501,-0.75,0.1,0.64,4,Tilt Down
1881,1881,502,-0.65,0.18,0.65,4,Tilt Down
1882,1882,503,-0.48,0.11,0.83,4,Tilt Down
1883,1883,504,-0.36,0.03,0.91,4,Tilt Down
1884,1884,505,-0.1,0.03,0.88,4,Tilt Down
1885,1885,506,-0.0,-0.07,1.01,4,Tilt Down
1886,1886,507,0.02,-0.01,0.91,4,Tilt Down
1887,1887,508,0.05,-0.02,1.0,4,Tilt Down
1888,1888,509,0.07,0.02,1.03,4,Tilt Down
1889,1889,510,0.07,0.02,1.06,4,Tilt Down
1890,1890,511,0.08,-0.06,1.05,4,Tilt Down
1891,1891,512,0.07,0.01,1.06,4,Tilt Down
1892,1892,513,0.08,-0.01,0.96,4,Tilt Down
1893,1893,514,0.13,0.05,0.96,4,Tilt Down
1894,1894,515,0.09,0.05,0.98,4,Tilt Down
1895,1895,516,0.03,0.05,1.05,4,Tilt Down
1896,1896,517,0.04,0.04,1.0,4,Tilt Down
1897,1897,518,0.04,0.05,1.0,4,Tilt Down
1898,1898,519,0.04,0.05,1.0,4,Tilt Down
1899,1899,520,0.04,0.05,1.0,4,Tilt Down
1900,1900,521,0.03,0.05,1.0,4,Tilt Down
1901,1901,522,0.04,0.05,1.0,4,Tilt Down
1902,1902,523,0.03,0.05,1.0,4,Tilt Down
1903,1903,524,0.04,0.05,1.0,4,Tilt Down
1904,1904,525,0.03,0.05,1.0,4,Tilt Down
1905,1905,526,0.04,0.04,1.0,4,Tilt Down
1906,1906,527,0.03,0.05,1.0,4,Tilt Down
1907,1907,528,0.04,0.05,1.0,4,Tilt Down
1908,1908,529,0.04,0.05,1.0,4,Tilt Down
1909,1909,530,0.04,0.04,1.0,4,Tilt Down
1910,1910,531,0.04,0.05,1.0,4,Tilt Down
1911,1911,532,0.04,0.05,1.0,4,Tilt Down
1912,1912,533,0.04,0.05,1.0,4,Tilt Down
1913,1913,534,0.04,0.05,1.0,4,Tilt Down
1914,1914,535,0.04,0.05,1.0,4,Tilt Down
1915,1915,536,0.04,0.04,1.0,4,Tilt Down
1916,1916,537,0.04,0.05,1.0,4,Tilt Down
1917,1917,538,0.04,0.05,1.0,4,Tilt Down
1918,1918,539,0.04,0.05,1.0,4,Tilt Down
1919,1919,540,0.04,0.05,1.0,4,Tilt Down
1920,1920,541,0.04,0.04,1.0,4,Tilt Down
1921,1921,542,0.03,0.05,1.0,4,Tilt Down
1922,1922,543,0.04,0.05,1.0,4,Tilt Down
1923,1923,544,0.04,0.05,1.0,4,Tilt Down
1924,1924,545,0.04,0.05,1.0,4,Tilt Down
1925,1925,546,0.03,0.05,1.0,4,Tilt Down
1926,1926,547,0.04,0.05,1.0,4,Tilt Down
1927,1927,548,0.04,0.05,1.0,4,Tilt Down
1928,1928,549,0.04,0.04,1.0,4,Tilt Down
1929,1929,550,0.04,0.05,1.0,4,Tilt Down
1930,1930,0,0.04,0.05,1.0,5,Tilt Down
1931,1931,1,0.04,0.05,1.0,5,Tilt Down
1932,1932,2,0.04,0.05,1.0,5,Tilt Down
1933,1933,3,0.04,0.04,1.0,5,Tilt Down
1934,1934,4,0.04,0.05,1.0,5,Tilt Down
1935,1935,5,0.04,0.05,1.0,5,Tilt Down
1936,1936,6,0.04,0.05,1.0,5,Tilt Down
1937,1937,7,0.04,0.05,1.0,5,Tilt Down
1938,1938,8,0.04,0.04,1.0,5,Tilt Down
1939,1939,9,0.04,0.05,1.0,5,Tilt Down
1940,1940,10,0.04,0.04,1.0,5,Tilt Down
1941,1941,11,0.04,0.05,1.0,5,Tilt Down
1942,1942,12,0.04,0.05,1.0,5,Tilt Down
1943,1943,13,0.04,0.04,1.0,5,Tilt Down
1944,1944,14,0.04,0.05,1.0,5,Tilt Down
1945,1945,15,0.04,0.05,1.0,5,Tilt Down
1946,1946,16,0.04,0.05,1.0,5,Tilt Down
1947,1947,17,0.04,0.05,1.0,5,Tilt Down
1948,1948,18,0.04,0.05,1.0,5,Tilt Down
1949,1949,19,0.04,0.05,1.0,5,Tilt Down
1950,1950,20,0.04,0.04,1.0,5,Tilt Down
1951,1951,21,0.04,0.04,1.0,5,Tilt Down
1952,1952,22,0.04,0.04,1.0,5,Tilt Down
1953,1953,23,0.04,0.04,1.0,5,Tilt Down
1954,1954,24,0.04,0.05,1.0,5,Tilt Down
1955,1955,25,0.04,0.05,1.0,5,Tilt Down
1956,1956,26,0.04,0.04,1.0,5,Tilt Down
1957,1957,27,0.04,0.05,1.0,5,Tilt Down
1958,1958,28,0.04,0.04,1.0,5,Tilt Down
1959,1959,29,0.04,0.04,1.0,5,Tilt Down
1960,1960,30,0.04,0.05,1.0,5,Tilt Down
1961,1961,31,0.04,0.05,1.0,5,Tilt Down
1962,1962,32,0.04,0.05,1.0,5,Tilt Down
1963,1963,33,0.04,0.05,1.0,5,Tilt Down
1964,1964,34,0.04,0.04,1.0,5,Tilt Down
1965,1965,35,0.04,0.05,1.0,5,Tilt Down
1966,1966,36,0.04,0.05,1.0,5,Tilt Down
1967,1967,37,0.04,0.04,1.0,5,Tilt Down
1968,1968,38,0.04,0.05,1.01,5,Tilt Down
1969,1969,39,0.04,0.05,1.0,5,Tilt Down
1970,1970,40,0.04,0.04,1.0,5,Tilt Down
1971,1971,41,0.04,0.03,1.01,5,Tilt Down
1972,1972,42,-0.09,0.09,1.07,5,Tilt Down
1973,1973,43,-0.2,0.16,1.23,5,Tilt Down
1974,1974,44,-0.23,0.05,0.82,5,Tilt Down
1975,1975,45,-0.47,0.15,0.8,5,Tilt Down
1976,1976,46,-0.63,0.19,1.0,5,Tilt Down
1977,1977,47,-0.6,0.19,0.96,5,Tilt Down
1978,1978,48,-0.73,0.01,0.86,5,Tilt Down
1979,1979,49,-0.66,0.14,0.98,5,Tilt Down
1980,1980,50,-0.66,0.1,0.8,5,Tilt Down
1981,1981,51,-0.57,0.04,0.84,5,Tilt Down
1982,1982,52,-0.43,0.05,0.66,5,Tilt Down
1983,1983,53,-0.11,0.11,0.86,5,Tilt Down
1984,1984,54,-0.12,0.01,0.98,5,Tilt Down
1985,1985,55,0.02,-0.1,1.12,5,Tilt Down
1986,1986,56,-0.01,0.1,1.01,5,Tilt Down
1987,1987,57,0.09,0.0,1.04,5,Tilt Down
1988,1988,58,0.07,0.02,0.99,5,Tilt Down
1989,1989,59,0.06,0.07,1.12,5,Tilt Down
1990,1990,60,0.05,0.04,1.0,5,Tilt Down
1991,1991,61,0.04,0.04,1.0,5,Tilt Down
1992,1992,62,0.05,0.05,1.0,5,Tilt Down
1993,1993,63,0.04,0.04,1.0,5,Tilt Down
1994,1994,64,0.04,0.04,1.0,5,Tilt Down
1995,1995,65,0.04,0.04,1.0,5,Tilt Down
1996,1996,66,0.04,0.05,1.0,5,Tilt Down
1997,1997,67,0.04,0.05,1.0,5,Tilt Down
1998,1998,68,0.04,0.04,1.0,5,Tilt Down
1999,1999,69,0.04,0.05,1.0,5,Tilt Down
2000,2000,70,0.05,0.04,1.0,5,Tilt Down
2001,2001,71,0.04,0.05,1.0,5,Tilt Down
2002,2002,72,0.04,0.04,1.0,5,Tilt Down
2003,2003,73,0.04,0.05,1.0,5,Tilt Down
2004,2004,74,0.04,0.05,1.0,5,Tilt Down
2005,2005,75,0.04,0.05,1.0,5,Tilt Down
2006,2006,76,0.04,0.04,1.0,5,Tilt Down
2007,2007,77,0.04,0.05,1.0,5,Tilt Down
2008,2008,78,0.04,0.05,1.0,5,Tilt Down
2009,2009,79,0.04,0.04,1.0,5,Tilt Down
2010,2010,80,0.04,0.05,1.0,5,Tilt Down
2011,2011,81,0.04,0.05,1.0,5,Tilt Down
2012,2012,82,0.04,0.05,1.0,5,Tilt Down
2013,2013,83,0.04,0.04,1.0,5,Tilt Down
2014,2014,84,0.04,0.05,1.0,5,Tilt Down
2015,2015,85,0.05,0.05,1.0,5,Tilt Down
2016,2016,86,0.04,0.05,1.0,5,Tilt Down
2017,2017,87,0.04,0.05,1.0,5,Tilt Down
2018,2018,88,0.04,0.05,1.0,5,Tilt Down
2019,2019,89,0.04,0.05,1.0,5,Tilt Down
2020,2020,90,0.04,0.05,1.0,5,Tilt Down
2021,2021,91,0.04,0.04,1.0,5,Tilt Down
2022,2022,92,0.04,0.05,1.0,5,Tilt Down
2023,2023,93,0.04,0.04,1.0,5,Tilt Down
2024,2024,94,0.04,0.05,1.0,5,Tilt Down
2025,2025,95,0.04,0.05,1.0,5,Tilt Down
2026,2026,96,-0.04,0.14,1.08,5,Tilt Down
2027,2027,97,-0.13,0.03,1.06,5,Tilt Down
2028,2028,98,-0.22,0.17,0.57,5,Tilt Down
2029,2029,99,-0.29,0.12,0.96,5,Tilt Down
2030,2030,100,-0.51,0.09,0.79,5,Tilt Down
2031,2031,101,-0.59,0.1,0.88,5,Tilt Down
2032,2032,102,-0.65,0.12,0.84,5,Tilt Down
2033,2033,103,-0.72,0.12,0.7,5,Tilt Down
2034,2034,104,-0.73,0.12,0.72,5,Tilt Down
2035,2035,105,-0.72,0.07,0.76,5,Tilt Down
2036,2036,106,-0.61,0.12,0.6,5,Tilt Down
2037,2037,107,-0.41,0.11,0.95,5,Tilt Down
2038,2038,108,-0.12,0.03,0.85,5,Tilt Down
2039,2039,109,0.03,0.06,1.09,5,Tilt Down
2040,2040,110,0.1,0.03,0.98,5,Tilt Down
2041,2041,111,0.11,0.0,1.02,5,Tilt Down
2042,2042,112,0.07,-0.02,1.26,5,Tilt Down
2043,2043,113,0.05,0.0,0.97,5,Tilt Down
2044,2044,114,0.07,0.06,1.14,5,Tilt Down
2045,2045,115,0.09,0.08,1.03,5,Tilt Down
2046,2046,116,0.04,0.04,1.0,5,Tilt Down
2047,2047,117,0.05,0.05,1.0,5,Tilt Down
2048,2048,118,0.04,0.04,1.0,5,Tilt Down
2049,2049,119,0.04,0.04,1.0,5,Tilt Down
2050,2050,120,0.04,0.04,1.0,5,Tilt Down
2051,2051,121,0.04,0.04,1.0,5,Tilt Down
2052,2052,122,0.04,0.05,1.0,5,Tilt Down
2053,2053,123,0.04,0.05,1.0,5,Tilt Down
2054,2054,124,0.04,0.05,1.0,5,Tilt Down
2055,2055,125,0.04,0.05,1.0,5,Tilt Down
2056,2056,126,0.04,0.05,1.0,5,Tilt Down
2057,2057,127,0.05,0.04,1.0,5,Tilt Down
2058,2058,128,0.04,0.05,1.0,5,Tilt Down
2059,2059,129,0.05,0.04,1.0,5,Tilt Down
2060,2060,130,0.04,0.04,1.0,5,Tilt Down
2061,2061,131,0.04,0.04,1.0,5,Tilt Down
2062,2062,132,0.04,0.05,1.0,5,Tilt Down
2063,2063,133,0.04,0.05,1.0,5,Tilt Down
2064,2064,134,0.04,0.04,1.0,5,Tilt Down
2065,2065,135,0.04,0.05,1.0,5,Tilt Down
2066,2066,136,0.04,0.04,1.0,5,Tilt Down
2067,2067,137,0.04,0.05,1.0,5,Tilt Down
2068,2068,138,0.04,0.05,1.0,5,Tilt Down
2069,2069,139,0.04,0.05,1.0,5,Tilt Down
2070,2070,140,0.04,0.04,1.0,5,Tilt Down
2071,2071,141,0.04,0.05,1.0,5,Tilt Down
2072,2072,142,0.04,0.05,1.0,5,Tilt Down
2073,2073,143,0.04,0.05,1.0,5,Tilt Down
2074,2074,144,0.04,0.05,1.0,5,Tilt Down
2075,2075,145,0.04,0.05,1.0,5,Tilt Down
2076,2076,146,0.04,0.04,1.0,5,Tilt Down
2077,2077,147,0.01,0.02,1.0,5,Tilt Down
2078,2078,148,-0.11,0.02,1.04,5,Tilt Down
2079,2079,149,-0.16,0.09,1.12,5,Tilt Down
2080,2080,150,-0.25,0.25,1.05,5,Tilt Down
2081,2081,151,-0.36,0.17,0.65,5,Tilt Down
2082,2082,152,-0.58,0.01,0.89,5,Tilt Down
2083,2083,153,-0.62,0.23,0.7,5,Tilt Down
2084,2084,154,-0.75,0.23,0.57,5,Tilt Down
2085,2085,155,-0.85,0.21,0.43,5,Tilt Down
2086,2086,156,-0.76,0.14,0.55,5,Tilt Down
2087,2087,157,-0.65,0.28,0.49,5,Tilt Down
2088,2088,158,-0.58,0.13,0.86,5,Tilt Down
2089,2089,159,-0.32,0.04,0.92,5,Tilt Down
2090,2090,160,-0.11,0.04,0.94,5,Tilt Down
2091,2091,161,-0.09,0.0,0.95,5,Tilt Down
2092,2092,162,-0.09,-0.01,1.03,5,Tilt Down
2093,2093,163,-0.1,0.0,0.95,5,Tilt Down
2094,2094,164,-0.03,0.03,1.01,5,Tilt Down
2095,2095,165,-0.01,0.04,0.99,5,Tilt Down
2096,2096,166,0.0,0.06,1.01,5,Tilt Down
2097,2097,167,0.04,0.05,1.0,5,Tilt Down
2098,2098,168,0.04,0.05,1.0,5,Tilt Down
2099,2099,169,0.04,0.05,1.0,5,Tilt Down
2100,2100,170,0.05,0.03,1.0,5,Tilt Down
2101,2101,171,0.04,0.04,1.0,5,Tilt Down
2102,2102,172,0.04,0.05,1.0,5,Tilt Down
2103,2103,173,0.04,0.05,1.0,5,Tilt Down
2104,2104,174,0.04,0.04,1.0,5,Tilt Down
2105,2105,175,0.04,0.05,1.0,5,Tilt Down
2106,2106,176,0.04,0.04,1.0,5,Tilt Down
2107,2107,177,0.04,0.05,1.0,5,Tilt Down
2108,2108,178,0.04,0.04,1.0,5,Tilt Down
2109,2109,179,0.04,0.04,1.0,5,Tilt Down
2110,2110,180,0.04,0.05,1.0,5,Tilt Down
2111,2111,181,0.04,0.05,1.0,5,Tilt Down
2112,2112,182,0.04,0.05,1.0,5,Tilt Down
2113,2113,183,0.04,0.05,1.0,5,Tilt Down
2114,2114,184,0.04,0.05,1.0,5,Tilt Down
2115,2115,185,0.04,0.05,1.0,5,Tilt Down
2116,2116,186,0.04,0.04,1.0,5,Tilt Down
2117,2117,187,0.04,0.05,1.0,5,Tilt Down
2118,2118,188,0.04,0.04,1.0,5,Tilt Down
2119,2119,189,0.04,0.05,1.0,5,Tilt Down
2120,2120,190,0.04,0.05,1.0,5,Tilt Down
2121,2121,191,0.04,0.05,1.0,5,Tilt Down
2122,2122,192,0.04,0.04,1.0,5,Tilt Down
2123,2123,193,0.04,0.05,1.0,5,Tilt Down
2124,2124,194,0.04,0.04,1.0,5,Tilt Down
2125,2125,195,0.04,0.04,1.0,5,Tilt Down
2126,2126,196,0.04,0.05,1.0,5,Tilt Down
2127,2127,197,0.04,0.05,1.0,5,Tilt Down
2128,2128,198,0.04,0.04,1.0,5,Tilt Down
2129,2129,199,0.04,0.04,1.0,5,Tilt Down
2130,2130,200,0.04,0.05,1.0,5,Tilt Down
2131,2131,201,0.04,0.05,1.0,5,Tilt Down
2132,2132,202,0.04,0.04,1.0,5,Tilt Down
2133,2133,203,0.04,0.05,1.0,5,Tilt Down
2134,2134,204,0.05,0.06,1.0,5,Tilt Down
2135,2135,205,-0.02,-0.0,1.02,5,Tilt Down
2136,2136,206,-0.07,0.13,1.11,5,Tilt Down
2137,2137,207,-0.21,0.13,0.79,5,Tilt Down
2138,2138,208,-0.4,0.17,0.89,5,Tilt Down
2139,2139,209,-0.43,0.14,0.84,5,Tilt Down
2140,2140,210,-0.4,0.09,0.88,5,Tilt Down
2141,2141,211,-0.65,0.07,0.83,5,Tilt Down
2142,2142,212,-0.71,0.14,0.68,5,Tilt Down
2143,2143,213,-0.75,0.14,0.54,5,Tilt Down
2144,2144,214,-0.77,0.14,0.58,5,Tilt Down
2145,2145,215,-0.78,0.05,0.63,5,Tilt Down
2146,2146,216,-0.63,0.12,0.91,5,Tilt Down
2147,2147,217,-0.25,0.09,1.02,5,Tilt Down
2148,2148,218,-0.09,0.02,0.93,5,Tilt Down
2149,2149,219,0.0,0.0,0.92,5,Tilt Down
2150,2150,220,0.05,-0.01,1.01,5,Tilt Down
2151,2151,221,0.01,0.11,1.01,5,Tilt Down
2152,2152,222,-0.01,-0.02,1.1,5,Tilt Down
2153,2153,223,0.04,0.03,1.0,5,Tilt Down
2154,2154,224,0.02,0.05,0.98,5,Tilt Down
2155,2155,225,0.02,0.04,1.0,5,Tilt Down
2156,2156,226,0.04,0.05,1.0,5,Tilt Down
2157,2157,227,0.04,0.05,1.0,5,Tilt Down
2158,2158,228,0.05,0.05,1.0,5,Tilt Down
2159,2159,229,0.04,0.04,1.0,5,Tilt Down
2160,2160,230,0.04,0.05,1.0,5,Tilt Down
2161,2161,231,0.04,0.04,1.0,5,Tilt Down
2162,2162,232,0.04,0.04,1.0,5,Tilt Down
2163,2163,233,0.04,0.04,1.0,5,Tilt Down
2164,2164,234,0.04,0.04,1.0,5,Tilt Down
2165,2165,235,0.04,0.05,1.0,5,Tilt Down
2166,2166,236,0.04,0.05,1.0,5,Tilt Down
2167,2167,237,0.04,0.04,1.0,5,Tilt Down
2168,2168,238,0.04,0.05,1.0,5,Tilt Down
2169,2169,239,0.04,0.04,1.0,5,Tilt Down
2170,2170,240,0.04,0.04,1.0,5,Tilt Down
2171,2171,241,0.04,0.05,1.0,5,Tilt Down
2172,2172,242,0.04,0.04,1.0,5,Tilt Down
2173,2173,243,0.04,0.04,1.0,5,Tilt Down
2174,2174,244,0.04,0.04,1.0,5,Tilt Down
2175,2175,245,0.04,0.05,1.0,5,Tilt Down
2176,2176,246,0.04,0.04,1.0,5,Tilt Down
2177,2177,247,0.04,0.04,1.0,5,Tilt Down
2178,2178,248,0.04,0.04,1.0,5,Tilt Down
2179,2179,249,0.04,0.05,1.0,5,Tilt Down
2180,2180,250,0.04,0.05,1.0,5,Tilt Down
2181,2181,251,0.04,0.05,1.0,5,Tilt Down
2182,2182,252,0.04,0.04,1.0,5,Tilt Down
2183,2183,253,0.04,0.05,1.0,5,Tilt Down
2184,2184,254,0.04,0.05,1.0,5,Tilt Down
2185,2185,255,0.04,0.04,1.0,5,Tilt Down
2186,2186,256,0.05,0.04,1.0,5,Tilt Down
2187,2187,257,0.04,0.05,1.0,5,Tilt Down
2188,2188,258,0.04,0.05,1.0,5,Tilt Down
2189,2189,259,0.04,0.04,1.0,5,Tilt Down
2190,2190,260,0.03,0.03,1.04,5,Tilt Down
2191,2191,261,-0.07,-0.0,1.16,5,Tilt Down
2192,2192,262,-0.05,0.11,1.01,5,Tilt Down
2193,2193,263,-0.2,0.13,0.96,5,Tilt Down
2194,2194,264,-0.25,0.16,0.87,5,Tilt Down
2195,2195,265,-0.33,0.21,0.97,5,Tilt Down
2196,2196,266,-0.45,0.08,0.99,5,Tilt Down
2197,2197,267,-0.57,0.09,0.79,5,Tilt Down
2198,2198,268,-0.65,0.09,0.77,5,Tilt Down
2199,2199,269,-0.67,0.12,0.71,5,Tilt Down
2200,2200,270,-0.66,0.09,0.71,5,Tilt Down
2201,2201,271,-0.55,0.09,0.93,5,Tilt Down
2202,2202,272,-0.44,0.07,0.97,5,Tilt Down
2203,2203,273,-0.22,0.04,0.98,5,Tilt Down
2204,2204,274,-0.07,0.07,1.05,5,Tilt Down
2205,2205,275,0.04,0.01,1.02,5,Tilt Down
2206,2206,276,0.05,0.14,0.97,5,Tilt Down
2207,2207,277,0.05,0.05,0.97,5,Tilt Down
2208,2208,278,0.06,0.07,1.06,5,Tilt Down
2209,2209,279,0.06,0.03,1.0,5,Tilt Down
2210,2210,280,0.05,0.07,1.03,5,Tilt Down
2211,2211,281,0.05,0.06,0.98,5,Tilt Down
2212,2212,282,0.05,0.03,1.0,5,Tilt Down
2213,2213,283,0.04,0.04,1.0,5,Tilt Down
2214,2214,284,0.04,0.05,1.0,5,Tilt Down
2215,2215,285,0.04,0.04,1.0,5,Tilt Down
2216,2216,286,0.04,0.04,1.0,5,Tilt Down
2217,2217,287,0.04,0.05,1.0,5,Tilt Down
2218,2218,288,0.04,0.05,1.0,5,Tilt Down
2219,2219,289,0.04,0.05,1.0,5,Tilt Down
2220,2220,290,0.04,0.04,1.0,5,Tilt Down
2221,2221,291,0.04,0.04,1.0,5,Tilt Down
2222,2222,292,0.04,0.05,1.0,5,Tilt Down
2223,2223,293,0.04,0.04,1.0,5,Tilt Down
2224,2224,294,0.04,0.04,1.0,5,Tilt Down
2225,2225,295,0.04,0.04,1.0,5,Tilt Down
2226,2226,296,0.04,0.05,1.0,5,Tilt Down
2227,2227,297,0.04,0.04,1.0,5,Tilt Down
2228,2228,298,0.04,0.04,1.0,5,Tilt Down
2229,2229,299,0.04,0.04,1.0,5,Tilt Down
2230,2230,300,0.04,0.04,1.0,5,Tilt Down
2231,2231,301,0.04,0.04,1.0,5,Tilt Down
2232,2232,302,0.04,0.05,1.0,5,Tilt Down
2233,2233,303,0.04,0.04,1.0,5,Tilt Down
2234,2234,304,0.04,0.05,1.0,5,Tilt Down
2235,2235,305,0.04,0.04,1.0,5,Tilt Down
2236,2236,306,0.04,0.05,1.0,5,Tilt Down
2237,2237,307,0.04,0.04,1.01,5,Tilt Down
2238,2238,308,0.04,0.04,1.0,5,Tilt Down
2239,2239,309,0.04,0.05,1.0,5,Tilt Down
2240,2240,310,0.04,0.05,1.0,5,Tilt Down
2241,2241,311,0.04,0.05,1.0,5,Tilt Down
2242,2242,312,0.05,0.04,1.0,5,Tilt Down
2243,2243,313,0.04,0.04,1.0,5,Tilt Down
2244,2244,314,0.04,0.05,1.0,5,Tilt Down
2245,2245,315,0.04,0.04,1.0,5,Tilt Down
2246,2246,316,0.04,0.05,1.0,5,Tilt Down
2247,2247,317,-0.05,-0.13,1.0,5,Tilt Down
2248,2248,318,-0.13,0.04,1.02,5,Tilt Down
2249,2249,319,-0.14,0.07,1.08,5,Tilt Down
2250,2250,320,-0.37,0.11,0.74,5,Tilt Down
2251,2251,321,-0.38,0.14,0.93,5,Tilt Down
2252,2252,322,-0.63,0.2,0.7,5,Tilt Down
2253,2253,323,-0.72,0.14,0.59,5,Tilt Down
2254,2254,324,-0.74,0.17,0.76,5,Tilt Down
2255,2255,325,-0.63,0.12,0.79,5,Tilt Down
2256,2256,326,-0.68,0.09,0.77,5,Tilt Down
2257,2257,327,-0.63,0.11,0.76,5,Tilt Down
2258,2258,328,-0.53,0.09,0.77,5,Tilt Down
2259,2259,329,-0.45,0.09,0.87,5,Tilt Down
2260,2260,330,-0.19,0.05,0.9,5,Tilt Down
2261,2261,331,-0.12,-0.08,1.0,5,Tilt Down
2262,2262,332,-0.09,0.02,1.01,5,Tilt Down
2263,2263,333,-0.05,-0.03,1.04,5,Tilt Down
2264,2264,334,0.0,0.06,0.94,5,Tilt Down
2265,2265,335,0.04,0.06,0.98,5,Tilt Down
2266,2266,336,0.09,0.05,1.12,5,Tilt Down
2267,2267,337,0.03,0.04,0.99,5,Tilt Down
2268,2268,338,0.04,0.02,1.02,5,Tilt Down
2269,2269,339,0.04,0.04,1.0,5,Tilt Down
2270,2270,340,0.05,0.04,1.0,5,Tilt Down
2271,2271,341,0.04,0.04,1.0,5,Tilt Down
2272,2272,342,0.03,0.04,1.0,5,Tilt Down
2273,2273,343,0.04,0.04,1.0,5,Tilt Down
2274,2274,344,0.04,0.04,1.0,5,Tilt Down
2275,2275,345,0.04,0.04,1.0,5,Tilt Down
2276,2276,346,0.04,0.04,1.0,5,Tilt Down
2277,2277,347,0.03,0.04,1.0,5,Tilt Down
2278,2278,348,0.04,0.04,1.0,5,Tilt Down
2279,2279,349,0.03,0.04,1.0,5,Tilt Down
2280,2280,350,0.04,0.04,1.0,5,Tilt Down
2281,2281,351,0.04,0.04,1.0,5,Tilt Down
2282,2282,352,0.04,0.04,1.0,5,Tilt Down
2283,2283,353,0.04,0.04,1.0,5,Tilt Down
2284,2284,354,0.04,0.04,1.0,5,Tilt Down
2285,2285,355,0.04,0.04,1.0,5,Tilt Down
2286,2286,356,0.04,0.04,1.0,5,Tilt Down
2287,2287,357,0.04,0.04,1.0,5,Tilt Down
2288,2288,358,0.04,0.04,1.0,5,Tilt Down
2289,2289,359,0.04,0.04,1.0,5,Tilt Down
2290,2290,360,0.04,0.04,1.0,5,Tilt Down
2291,2291,361,0.04,0.04,1.0,5,Tilt Down
2292,2292,362,0.04,0.04,1.0,5,Tilt Down
2293,2293,363,0.04,0.04,1.0,5,Tilt Down
2294,2294,364,0.04,0.04,1.0,5,Tilt Down
2295,2295,365,0.04,0.04,1.0,5,Tilt Down
2296,2296,366,0.04,0.04,1.0,5,Tilt Down
2297,2297,367,0.03,0.04,1.01,5,Tilt Down
2298,2298,368,-0.05,0.02,1.02,5,Tilt Down
2299,2299,369,-0.11,0.02,1.03,5,Tilt Down
2300,2300,370,-0.2,0.09,1.14,5,Tilt Down
2301,2301,371,-0.29,0.21,0.91,5,Tilt Down
2302,2302,372,-0.49,0.21,0.8,5,Tilt Down
2303,2303,373,-0.6,0.18,0.8,5,Tilt Down
2304,2304,374,-0.66,0.08,0.72,5,Tilt Down
2305,2305,375,-0.71,0.21,0.61,5,Tilt Down
2306,2306,376,-0.76,0.1,0.65,5,Tilt Down
2307,2307,377,-0.8,0.12,0.55,5,Tilt Down
2308,2308,378,-0.8,0.07,0.66,5,Tilt Down
2309,2309,379,-0.7,0.1,0.83,5,Tilt Down
2310,2310,380,-0.46,0.04,0.77,5,Tilt Down
2311,2311,381,-0.47,0.13,0.78,5,Tilt Down
2312,2312,382,-0.24,0.08,0.91,5,Tilt Down
2313,2313,383,-0.14,0.03,1.0,5,Tilt Down
2314,2314,384,-0.09,-0.0,0.89,5,Tilt Down
2315,2315,385,-0.03,0.07,1.09,5,Tilt Down
2316,2316,386,0.0,0.07,0.93,5,Tilt Down
2317,2317,387,0.02,0.07,1.03,5,Tilt Down
2318,2318,388,0.03,-0.05,1.17,5,Tilt Down
2319,2319,389,0.03,0.04,1.01,5,Tilt Down
2320,2320,390,0.04,0.04,1.0,5,Tilt Down
2321,2321,391,0.04,0.04,1.0,5,Tilt Down
2322,2322,392,0.04,0.04,1.0,5,Tilt Down
2323,2323,393,0.04,0.04,1.0,5,Tilt Down
2324,2324,394,0.04,0.04,1.0,5,Tilt Down
2325,2325,395,0.04,0.04,1.0,5,Tilt Down
2326,2326,396,0.04,0.04,1.01,5,Tilt Down
2327,2327,397,0.04,0.04,1.0,5,Tilt Down
2328,2328,398,0.04,0.04,1.0,5,Tilt Down
2329,2329,399,0.04,0.04,1.0,5,Tilt Down
2330,2330,400,0.04,0.05,1.0,5,Tilt Down
2331,2331,401,0.04,0.04,1.0,5,Tilt Down
2332,2332,402,0.04,0.04,1.0,5,Tilt Down
2333,2333,403,0.04,0.04,1.0,5,Tilt Down
2334,2334,404,0.04,0.04,1.0,5,Tilt Down
2335,2335,405,0.04,0.04,1.0,5,Tilt Down
2336,2336,406,0.04,0.04,1.0,5,Tilt Down
2337,2337,407,0.04,0.04,1.0,5,Tilt Down
2338,2338,408,0.04,0.04,1.0,5,Tilt Down
2339,2339,409,0.04,0.05,1.0,5,Tilt Down
2340,2340,410,0.04,0.04,1.0,5,Tilt Down
2341,2341,411,0.04,0.04,1.0,5,Tilt Down
2342,2342,412,0.04,0.04,1.0,5,Tilt Down
2343,2343,413,0.04,0.04,1.0,5,Tilt Down
2344,2344,414,0.04,0.04,1.0,5,Tilt Down
2345,2345,415,0.04,0.04,1.0,5,Tilt Down
2346,2346,416,0.04,0.04,1.0,5,Tilt Down
2347,2347,417,0.04,0.04,1.0,5,Tilt Down
2348,2348,418,0.04,0.04,1.0,5,Tilt Down
2349,2349,419,0.04,0.04,1.0,5,Tilt Down
2350,2350,420,0.04,0.04,1.0,5,Tilt Down
2351,2351,421,0.04,0.03,1.04,5,Tilt Down
2352,2352,422,-0.09,0.12,1.08,5,Tilt Down
2353,2353,423,-0.13,0.08,0.67,5,Tilt Down
2354,2354,424,-0.27,0.24,0.8,5,Tilt Down
2355,2355,425,-0.36,0.26,0.75,5,Tilt Down
2356,2356,426,-0.48,0.24,0.74,5,Tilt Down
2357,2357,427,-0.62,0.12,0.76,5,Tilt Down
2358,2358,428,-0.72,0.11,0.76,5,Tilt Down
2359,2359,429,-0.74,0.07,0.77,5,Tilt Down
2360,2360,430,-0.7,0.05,0.73,5,Tilt Down
2361,2361,431,-0.64,0.05,0.87,5,Tilt Down
2362,2362,432,-0.54,0.08,0.86,5,Tilt Down
2363,2363,433,-0.29,0.06,0.88,5,Tilt Down
2364,2364,434,-0.24,0.09,0.87,5,Tilt Down
2365,2365,435,-0.1,-0.05,1.0,5,Tilt Down
2366,2366,436,-0.07,-0.03,1.0,5,Tilt Down
2367,2367,437,-0.02,0.01,1.04,5,Tilt Down
2368,2368,438,0.01,0.04,1.02,5,Tilt Down
2369,2369,439,0.08,0.08,1.07,5,Tilt Down
2370,2370,440,0.07,0.0,1.04,5,Tilt Down
2371,2371,441,0.05,0.01,0.96,5,Tilt Down
2372,2372,442,0.04,0.04,1.0,5,Tilt Down
2373,2373,443,0.04,0.04,1.0,5,Tilt Down
2374,2374,444,0.04,0.04,1.0,5,Tilt Down
2375,2375,445,0.04,0.04,1.0,5,Tilt Down
2376,2376,446,0.04,0.04,1.0,5,Tilt Down
2377,2377,447,0.04,0.04,1.0,5,Tilt Down
2378,2378,448,0.04,0.04,1.0,5,Tilt Down
2379,2379,449,0.04,0.04,1.0,5,Tilt Down
2380,2380,450,0.04,0.04,1.0,5,Tilt Down
2381,2381,451,0.04,0.04,1.0,5,Tilt Down
2382,2382,452,0.04,0.04,1.0,5,Tilt Down
2383,2383,453,0.04,0.04,1.0,5,Tilt Down
2384,2384,454,0.03,0.04,1.0,5,Tilt Down
2385,2385,455,0.04,0.04,1.0,5,Tilt Down
2386,2386,456,0.04,0.04,1.0,5,Tilt Down
2387,2387,457,0.04,0.04,1.0,5,Tilt Down
2388,2388,458,0.04,0.04,1.0,5,Tilt Down
2389,2389,459,0.04,0.04,1.0,5,Tilt Down
2390,2390,460,0.04,0.04,1.0,5,Tilt Down
2391,2391,461,0.04,0.04,1.0,5,Tilt Down
2392,2392,462,0.04,0.04,1.0,5,Tilt Down
2393,2393,463,0.03,0.04,1.0,5,Tilt Down
2394,2394,464,0.04,0.04,1.0,5,Tilt Down
2395,2395,465,0.04,0.04,1.0,5,Tilt Down
2396,2396,466,0.04,0.04,1.0,5,Tilt Down
2397,2397,467,0.04,0.04,1.0,5,Tilt Down
2398,2398,468,0.04,0.04,1.0,5,Tilt Down
2399,2399,469,0.04,0.04,1.0,5,Tilt Down
2400,2400,470,0.04,0.04,1.0,5,Tilt Down
2401,2401,471,0.04,0.04,1.0,5,Tilt Down
2402,2402,472,0.04,0.04,1.0,5,Tilt Down
2403,2403,473,-0.08,0.03,1.0,5,Tilt Down
2404,2404,474,0.04,0.05,1.0,5,Tilt Down
2405,2405,475,0.01,0.09,1.25,5,Tilt Down
2406,2406,476,-0.07,0.12,0.92,5,Tilt Down
2407,2407,477,-0.12,0.03,1.08,5,Tilt Down
2408,2408,478,-0.2,0.14,1.05,5,Tilt Down
2409,2409,479,-0.5,0.15,0.78,5,Tilt Down
2410,2410,480,-0.53,0.13,0.75,5,Tilt Down
2411,2411,481,-0.69,0.13,0.62,5,Tilt Down
2412,2412,482,-0.76,0.12,0.55,5,Tilt Down
2413,2413,483,-0.75,0.12,0.72,5,Tilt Down
2414,2414,484,-0.77,0.05,0.55,5,Tilt Down
2415,2415,485,-0.75,0.05,0.72,5,Tilt Down
2416,2416,486,-0.55,0.05,0.75,5,Tilt Down
2417,2417,487,-0.39,-0.03,0.92,5,Tilt Down
2418,2418,488,-0.27,0.12,0.99,5,Tilt Down
2419,2419,489,-0.1,-0.0,1.07,5,Tilt Down
2420,2420,490,0.0,-0.05,1.02,5,Tilt Down
2421,2421,491,0.04,0.05,1.08,5,Tilt Down
2422,2422,492,0.06,0.02,1.02,5,Tilt Down
2423,2423,493,0.07,0.06,1.0,5,Tilt Down
2424,2424,494,0.09,0.01,0.92,5,Tilt Down
2425,2425,495,0.06,0.06,1.08,5,Tilt Down
2426,2426,496,0.04,0.04,1.0,5,Tilt Down
2427,2427,497,0.05,0.04,1.0,5,Tilt Down
2428,2428,498,0.04,0.04,1.0,5,Tilt Down
2429,2429,499,0.04,0.04,1.0,5,Tilt Down
2430,2430,500,0.04,0.04,1.0,5,Tilt Down
2431,2431,501,0.04,0.04,1.0,5,Tilt Down
2432,2432,502,0.04,0.04,1.0,5,Tilt Down
2433,2433,503,0.04,0.04,1.0,5,Tilt Down
2434,2434,504,0.04,0.04,1.0,5,Tilt Down
2435,2435,505,0.04,0.04,1.0,5,Tilt Down
2436,2436,506,0.04,0.04,1.0,5,Tilt Down
2437,2437,507,0.04,0.04,1.0,5,Tilt Down
2438,2438,508,0.04,0.04,1.0,5,Tilt Down
2439,2439,509,0.04,0.05,1.0,5,Tilt Down
2440,2440,510,0.04,0.04,1.0,5,Tilt Down
2441,2441,511,0.04,0.04,1.0,5,Tilt Down
2442,2442,512,0.04,0.04,1.0,5,Tilt Down
2443,2443,513,0.05,0.04,1.0,5,Tilt Down
2444,2444,514,0.04,0.04,1.0,5,Tilt Down
2445,2445,515,0.04,0.04,1.0,5,Tilt Down
2446,2446,516,0.04,0.04,1.0,5,Tilt Down
2447,2447,517,0.04,0.04,1.0,5,Tilt Down
2448,2448,518,0.04,0.04,1.0,5,Tilt Down
2449,2449,519,0.04,0.04,1.0,5,Tilt Down
2450,2450,520,0.04,0.04,1.0,5,Tilt Down
2451,2451,521,0.04,0.04,1.0,5,Tilt Down
2452,2452,522,0.04,0.04,1.0,5,Tilt Down
2453,2453,523,0.04,0.04,1.0,5,Tilt Down
2454,2454,0,0.04,-0.04,1.01,6,Tilt Down
2455,2455,1,0.03,-0.04,1.01,6,Tilt Down
2456,2456,2,0.04,-0.03,1.0,6,Tilt Down
2457,2457,3,0.04,-0.04,1.01,6,Tilt Down
2458,2458,4,0.04,-0.04,1.01,6,Tilt Down
2459,2459,5,0.04,-0.03,1.01,6,Tilt Down
2460,2460,6,0.04,-0.04,1.01,6,Tilt Down
2461,2461,7,0.03,-0.04,1.01,6,Tilt Down
2462,2462,8,0.04,-0.04,1.01,6,Tilt Down
2463,2463,9,0.04,-0.04,1.01,6,Tilt Down
2464,2464,10,0.04,-0.03,1.01,6,Tilt Down
2465,2465,11,0.04,-0.04,1.01,6,Tilt Down
2466,2466,12,0.04,-0.04,1.01,6,Tilt Down
2467,2467,13,0.04,-0.04,1.01,6,Tilt Down
2468,2468,14,0.03,-0.04,1.01,6,Tilt Down
2469,2469,15,0.04,-0.04,1.01,6,Tilt Down
2470,2470,16,0.04,-0.04,1.01,6,Tilt Down
2471,2471,17,0.03,-0.04,1.01,6,Tilt Down
2472,2472,18,0.04,-0.04,1.01,6,Tilt Down
2473,2473,19,0.04,-0.04,1.01,6,Tilt Down
2474,2474,20,0.03,-0.03,1.01,6,Tilt Down
2475,2475,21,0.03,-0.04,1.01,6,Tilt Down
2476,2476,22,0.04,-0.04,1.01,6,Tilt Down
2477,2477,23,0.04,-0.04,1.01,6,Tilt Down
2478,2478,24,0.04,-0.03,1.0,6,Tilt Down
2479,2479,25,0.03,-0.04,1.01,6,Tilt Down
2480,2480,26,0.03,-0.04,1.0,6,Tilt Down
2481,2481,27,0.03,-0.04,1.01,6,Tilt Down
2482,2482,28,0.03,-0.04,1.01,6,Tilt Down
2483,2483,29,0.04,-0.03,1.01,6,Tilt Down
2484,2484,30,0.04,-0.03,1.01,6,Tilt Down
2485,2485,31,0.04,-0.04,1.0,6,Tilt Down
2486,2486,32,0.04,-0.03,1.01,6,Tilt Down
2487,2487,33,0.04,-0.03,0.99,6,Tilt Down
2488,2488,34,0.0,-0.04,1.1,6,Tilt Down
2489,2489,35,-0.0,-0.08,1.13,6,Tilt Down
2490,2490,36,-0.01,-0.14,1.05,6,Tilt Down
2491,2491,37,-0.14,-0.12,0.92,6,Tilt Down
2492,2492,38,-0.45,-0.01,0.85,6,Tilt Down
2493,2493,39,-0.73,0.0,0.65,6,Tilt Down
2494,2494,40,-0.91,-0.06,0.59,6,Tilt Down
2495,2495,41,-0.92,0.18,0.21,6,Tilt Down
2496,2496,42,-0.92,0.02,0.32,6,Tilt Down
2497,2497,43,-0.88,0.03,0.39,6,Tilt Down
2498,2498,44,-0.93,0.02,0.44,6,Tilt Down
2499,2499,45,-0.75,0.06,0.76,6,Tilt Down
2500,2500,46,-0.46,0.0,0.85,6,Tilt Down
2501,2501,47,-0.21,0.16,0.83,6,Tilt Down
2502,2502,48,-0.03,0.08,0.89,6,Tilt Down
2503,2503,49,0.08,-0.04,1.11,6,Tilt Down
2504,2504,50,0.03,0.04,0.99,6,Tilt Down
2505,2505,51,0.05,-0.04,1.04,6,Tilt Down
2506,2506,52,0.06,-0.09,1.03,6,Tilt Down
2507,2507,53,0.05,-0.06,1.01,6,Tilt Down
2508,2508,54,0.04,-0.03,1.01,6,Tilt Down
2509,2509,55,0.03,-0.04,1.01,6,Tilt Down
2510,2510,56,0.03,-0.04,1.01,6,Tilt Down
2511,2511,57,0.04,-0.03,1.01,6,Tilt Down
2512,2512,58,0.04,-0.04,1.01,6,Tilt Down
2513,2513,59,0.04,-0.04,1.01,6,Tilt Down
2514,2514,60,0.04,-0.04,1.01,6,Tilt Down
2515,2515,61,0.03,-0.04,1.01,6,Tilt Down
2516,2516,62,0.04,-0.04,1.01,6,Tilt Down
2517,2517,63,0.03,-0.04,1.01,6,Tilt Down
2518,2518,64,0.04,-0.03,1.0,6,Tilt Down
2519,2519,65,0.04,-0.03,1.01,6,Tilt Down
2520,2520,66,0.03,-0.04,1.01,6,Tilt Down
2521,2521,67,0.04,-0.04,1.01,6,Tilt Down
2522,2522,68,0.04,-0.03,1.0,6,Tilt Down
2523,2523,69,0.04,-0.03,1.01,6,Tilt Down
2524,2524,70,0.04,-0.04,1.01,6,Tilt Down
2525,2525,71,0.03,-0.04,1.01,6,Tilt Down
2526,2526,72,0.04,-0.04,1.0,6,Tilt Down
2527,2527,73,0.04,-0.03,1.01,6,Tilt Down
2528,2528,74,0.03,-0.03,1.01,6,Tilt Down
2529,2529,75,0.04,-0.04,1.01,6,Tilt Down
2530,2530,76,0.04,-0.03,1.01,6,Tilt Down
2531,2531,77,0.04,-0.04,1.01,6,Tilt Down
2532,2532,78,0.03,-0.04,1.0,6,Tilt Down
2533,2533,79,0.03,-0.03,1.01,6,Tilt Down
2534,2534,80,0.04,-0.04,1.01,6,Tilt Down
2535,2535,81,0.04,-0.04,1.01,6,Tilt Down
2536,2536,82,0.04,-0.03,1.01,6,Tilt Down
2537,2537,83,0.04,-0.03,1.01,6,Tilt Down
2538,2538,84,0.04,-0.04,1.01,6,Tilt Down
2539,2539,85,0.02,-0.05,1.03,6,Tilt Down
2540,2540,86,-0.05,0.02,1.07,6,Tilt Down
2541,2541,87,-0.13,0.04,1.0,6,Tilt Down
2542,2542,88,-0.27,0.03,0.89,6,Tilt Down
2543,2543,89,-0.43,0.13,0.89,6,Tilt Down
2544,2544,90,-0.68,0.12,0.7,6,Tilt Down
2545,2545,91,-0.82,0.07,0.45,6,Tilt Down
2546,2546,92,-0.8,0.07,0.48,6,Tilt Down
2547,2547,93,-0.83,0.0,0.52,6,Tilt Down
2548,2548,94,-0.84,0.07,0.49,6,Tilt Down
2549,2549,95,-0.81,0.11,0.48,6,Tilt Down
2550,2550,96,-0.63,0.26,0.74,6,Tilt Down
2551,2551,97,-0.45,0.0,0.98,6,Tilt Down
2552,2552,98,-0.19,0.23,1.01,6,Tilt Down
2553,2553,99,0.0,-0.07,1.18,6,Tilt Down
2554,2554,100,0.0,0.09,0.98,6,Tilt Down
2555,2555,101,0.06,-0.07,1.02,6,Tilt Down
2556,2556,102,0.05,-0.07,1.07,6,Tilt Down
2557,2557,103,0.07,-0.02,0.81,6,Tilt Down
2558,2558,104,0.01,-0.01,1.01,6,Tilt Down
2559,2559,105,0.03,-0.03,1.01,6,Tilt Down
2560,2560,106,0.04,-0.04,1.01,6,Tilt Down
2561,2561,107,0.04,-0.04,1.01,6,Tilt Down
2562,2562,108,0.04,-0.04,1.01,6,Tilt Down
2563,2563,109,0.04,-0.04,1.01,6,Tilt Down
2564,2564,110,0.04,-0.04,1.01,6,Tilt Down
2565,2565,111,0.04,-0.03,1.01,6,Tilt Down
2566,2566,112,0.04,-0.04,1.01,6,Tilt Down
2567,2567,113,0.04,-0.04,1.01,6,Tilt Down
2568,2568,114,0.04,-0.04,1.01,6,Tilt Down
2569,2569,115,0.04,-0.04,1.01,6,Tilt Down
2570,2570,116,0.04,-0.04,1.01,6,Tilt Down
2571,2571,117,0.04,-0.03,1.01,6,Tilt Down
2572,2572,118,0.04,-0.04,1.01,6,Tilt Down
2573,2573,119,0.04,-0.03,1.01,6,Tilt Down
2574,2574,120,0.04,-0.04,1.01,6,Tilt Down
2575,2575,121,0.04,-0.03,1.01,6,Tilt Down
2576,2576,122,0.04,-0.04,1.01,6,Tilt Down
2577,2577,123,0.04,-0.04,1.01,6,Tilt Down
2578,2578,124,0.04,-0.03,1.01,6,Tilt Down
2579,2579,125,0.04,-0.03,1.01,6,Tilt Down
2580,2580,126,0.04,-0.03,1.01,6,Tilt Down
2581,2581,127,0.04,-0.04,1.01,6,Tilt Down
2582,2582,128,0.04,-0.04,1.01,6,Tilt Down
2583,2583,129,0.04,-0.04,1.01,6,Tilt Down
2584,2584,130,0.04,-0.04,1.0,6,Tilt Down
2585,2585,131,0.04,-0.03,1.0,6,Tilt Down
2586,2586,132,0.04,-0.03,1.01,6,Tilt Down
2587,2587,133,0.04,-0.04,1.01,6,Tilt Down
2588,2588,134,0.03,-0.04,1.0,6,Tilt Down
2589,2589,135,0.04,-0.03,1.0,6,Tilt Down
2590,2590,136,0.03,-0.01,1.04,6,Tilt Down
2591,2591,137,0.0,-0.05,1.05,6,Tilt Down
2592,2592,138,-0.02,-0.04,1.04,6,Tilt Down
2593,2593,139,0.01,0.0,0.86,6,Tilt Down
2594,2594,140,-0.05,-0.02,1.16,6,Tilt Down
2595,2595,141,-0.16,-0.04,1.12,6,Tilt Down
2596,2596,142,-0.29,0.07,0.9,6,Tilt Down
2597,2597,143,-0.52,-0.05,0.73,6,Tilt Down
2598,2598,144,-0.83,0.12,0.7,6,Tilt Down
2599,2599,145,-0.84,0.12,0.36,6,Tilt Down
2600,2600,146,-0.91,0.18,0.43,6,Tilt Down
2601,2601,147,-0.88,0.05,0.47,6,Tilt Down
2602,2602,148,-0.88,0.02,0.43,6,Tilt Down
2603,2603,149,-0.81,0.09,0.49,6,Tilt Down
2604,2604,150,-0.73,0.11,0.78,6,Tilt Down
2605,2605,151,-0.63,0.12,0.57,6,Tilt Down
2606,2606,152,-0.35,0.36,0.86,6,Tilt Down
2607,2607,153,-0.12,-0.28,1.0,6,Tilt Down
2608,2608,154,0.0,0.03,0.87,6,Tilt Down
2609,2609,155,0.09,0.09,1.11,6,Tilt Down
2610,2610,156,0.05,0.03,0.95,6,Tilt Down
2611,2611,157,0.04,0.14,1.03,6,Tilt Down
2612,2612,158,0.08,-0.02,0.88,6,Tilt Down
2613,2613,159,0.04,-0.06,0.97,6,Tilt Down
2614,2614,160,0.03,-0.03,1.01,6,Tilt Down
2615,2615,161,0.04,-0.04,1.0,6,Tilt Down
2616,2616,162,0.04,-0.04,1.01,6,Tilt Down
2617,2617,163,0.04,-0.04,1.01,6,Tilt Down
2618,2618,164,0.04,-0.04,1.01,6,Tilt Down
2619,2619,165,0.04,-0.04,1.01,6,Tilt Down
2620,2620,166,0.03,-0.04,1.01,6,Tilt Down
2621,2621,167,0.04,-0.04,1.01,6,Tilt Down
2622,2622,168,0.04,-0.04,1.01,6,Tilt Down
2623,2623,169,0.03,-0.03,1.0,6,Tilt Down
2624,2624,170,0.04,-0.04,1.01,6,Tilt Down
2625,2625,171,0.04,-0.03,1.01,6,Tilt Down
2626,2626,172,0.04,-0.04,1.01,6,Tilt Down
2627,2627,173,0.04,-0.03,1.0,6,Tilt Down
2628,2628,174,0.04,-0.04,1.01,6,Tilt Down
2629,2629,175,0.04,-0.03,1.01,6,Tilt Down
2630,2630,176,0.04,-0.04,1.0,6,Tilt Down
2631,2631,177,0.04,-0.04,1.01,6,Tilt Down
2632,2632,178,0.04,-0.04,1.01,6,Tilt Down
2633,2633,179,0.04,-0.03,1.0,6,Tilt Down
2634,2634,180,0.04,-0.04,1.01,6,Tilt Down
2635,2635,181,0.04,-0.04,1.01,6,Tilt Down
2636,2636,182,0.03,-0.04,1.01,6,Tilt Down
2637,2637,183,0.04,-0.04,1.01,6,Tilt Down
2638,2638,184,0.04,-0.04,1.01,6,Tilt Down
2639,2639,185,0.04,-0.04,1.01,6,Tilt Down
2640,2640,186,0.03,-0.04,1.01,6,Tilt Down
2641,2641,187,0.04,-0.03,1.0,6,Tilt Down
2642,2642,188,0.02,-0.01,1.32,6,Tilt Down
2643,2643,189,0.0,-0.04,1.02,6,Tilt Down
2644,2644,190,-0.05,-0.02,1.11,6,Tilt Down
2645,2645,191,-0.21,-0.09,1.09,6,Tilt Down
2646,2646,192,-0.39,0.07,0.84,6,Tilt Down
2647,2647,193,-0.56,0.06,0.82,6,Tilt Down
2648,2648,194,-0.67,0.07,0.65,6,Tilt Down
2649,2649,195,-0.74,0.02,0.63,6,Tilt Down
2650,2650,196,-0.86,0.17,0.46,6,Tilt Down
2651,2651,197,-0.84,0.1,0.58,6,Tilt Down
2652,2652,198,-0.83,0.05,0.55,6,Tilt Down
2653,2653,199,-0.86,0.08,0.5,6,Tilt Down
2654,2654,200,-0.87,0.12,0.5,6,Tilt Down
2655,2655,201,-0.85,0.12,0.45,6,Tilt Down
2656,2656,202,-0.85,0.15,0.48,6,Tilt Down
2657,2657,203,-0.82,0.16,0.57,6,Tilt Down
2658,2658,204,-0.77,0.16,0.64,6,Tilt Down
2659,2659,205,-0.59,0.17,0.68,6,Tilt Down
2660,2660,206,-0.28,0.24,0.82,6,Tilt Down
2661,2661,207,-0.21,0.14,1.04,6,Tilt Down
2662,2662,208,-0.09,0.0,1.14,6,Tilt Down
2663,2663,209,0.05,0.11,0.97,6,Tilt Down
2664,2664,210,0.05,-0.12,1.05,6,Tilt Down
2665,2665,211,0.04,-0.1,1.19,6,Tilt Down
2666,2666,212,0.03,-0.03,1.01,6,Tilt Down
2667,2667,213,0.04,-0.04,1.01,6,Tilt Down
2668,2668,214,0.04,-0.03,1.01,6,Tilt Down
2669,2669,215,0.04,-0.03,1.01,6,Tilt Down
2670,2670,216,0.04,-0.04,1.01,6,Tilt Down
2671,2671,217,0.04,-0.03,1.01,6,Tilt Down
2672,2672,218,0.04,-0.04,1.01,6,Tilt Down
2673,2673,219,0.04,-0.03,1.01,6,Tilt Down
2674,2674,220,0.04,-0.04,1.01,6,Tilt Down
2675,2675,221,0.04,-0.03,1.01,6,Tilt Down
2676,2676,222,0.03,-0.04,1.01,6,Tilt Down
2677,2677,223,0.04,-0.04,1.0,6,Tilt Down
2678,2678,224,0.04,-0.04,1.01,6,Tilt Down
2679,2679,225,0.04,-0.03,1.01,6,Tilt Down
2680,2680,226,0.04,-0.04,1.01,6,Tilt Down
2681,2681,227,0.04,-0.04,1.01,6,Tilt Down
2682,2682,228,0.04,-0.03,1.01,6,Tilt Down
2683,2683,229,0.03,-0.04,1.01,6,Tilt Down
2684,2684,230,0.04,-0.03,1.01,6,Tilt Down
2685,2685,231,0.04,-0.03,1.01,6,Tilt Down
2686,2686,232,0.04,-0.04,1.01,6,Tilt Down
2687,2687,233,0.03,-0.03,1.0,6,Tilt Down
2688,2688,234,0.04,-0.03,1.0,6,Tilt Down
2689,2689,235,0.04,-0.04,1.01,6,Tilt Down
2690,2690,236,0.04,-0.04,1.01,6,Tilt Down
2691,2691,237,0.04,-0.04,1.01,6,Tilt Down
2692,2692,238,0.04,-0.04,1.01,6,Tilt Down
2693,2693,239,0.04,-0.04,1.01,6,Tilt Down
2694,2694,240,0.03,-0.03,1.01,6,Tilt Down
2695,2695,241,0.03,-0.04,1.01,6,Tilt Down
2696,2696,242,-0.01,-0.0,1.09,6,Tilt Down
2697,2697,243,-0.01,-0.05,0.98,6,Tilt Down
2698,2698,244,-0.06,0.01,1.0,6,Tilt Down
2699,2699,245,-0.14,0.07,0.85,6,Tilt Down
2700,2700,246,-0.39,0.04,0.88,6,Tilt Down
2701,2701,247,-0.59,0.11,0.83,6,Tilt Down
2702,2702,248,-0.76,0.13,0.75,6,Tilt Down
2703,2703,249,-0.82,0.14,0.57,6,Tilt Down
2704,2704,250,-0.83,0.08,0.52,6,Tilt Down
2705,2705,251,-0.84,0.08,0.47,6,Tilt Down
2706,2706,252,-0.83,0.04,0.52,6,Tilt Down
2707,2707,253,-0.76,0.11,0.61,6,Tilt Down
2708,2708,254,-0.54,0.11,0.57,6,Tilt Down
2709,2709,255,-0.36,0.12,0.83,6,Tilt Down
2710,2710,256,-0.25,0.14,1.04,6,Tilt Down
2711,2711,257,-0.14,-0.02,0.99,6,Tilt Down
2712,2712,258,0.0,-0.04,1.08,6,Tilt Down
2713,2713,259,-0.03,-0.03,0.92,6,Tilt Down
2714,2714,260,0.02,-0.02,1.02,6,Tilt Down
2715,2715,261,0.04,-0.04,1.02,6,Tilt Down
2716,2716,262,0.04,-0.04,1.01,6,Tilt Down
2717,2717,263,0.03,-0.04,1.01,6,Tilt Down
2718,2718,264,0.04,-0.04,1.0,6,Tilt Down
2719,2719,265,0.04,-0.03,1.01,6,Tilt Down
2720,2720,266,0.04,-0.04,1.01,6,Tilt Down
2721,2721,267,0.03,-0.04,1.01,6,Tilt Down
2722,2722,268,0.03,-0.03,1.01,6,Tilt Down
2723,2723,269,0.03,-0.04,1.01,6,Tilt Down
2724,2724,270,0.04,-0.04,1.01,6,Tilt Down
2725,2725,271,0.04,-0.04,1.01,6,Tilt Down
2726,2726,272,0.04,-0.03,1.01,6,Tilt Down
2727,2727,273,0.04,-0.03,1.0,6,Tilt Down
2728,2728,274,0.04,-0.04,1.01,6,Tilt Down
2729,2729,275,0.04,-0.04,1.01,6,Tilt Down
2730,2730,276,0.04,-0.04,1.01,6,Tilt Down
2731,2731,277,0.04,-0.04,1.0,6,Tilt Down
2732,2732,278,0.03,-0.04,1.01,6,Tilt Down
2733,2733,279,0.04,-0.04,1.01,6,Tilt Down
2734,2734,280,0.04,-0.03,1.01,6,Tilt Down
2735,2735,281,0.04,-0.04,1.0,6,Tilt Down
2736,2736,282,0.04,-0.04,1.01,6,Tilt Down
2737,2737,283,0.04,-0.04,1.01,6,Tilt Down
2738,2738,284,0.04,-0.04,1.01,6,Tilt Down
2739,2739,285,0.04,-0.03,1.01,6,Tilt Down
2740,2740,286,0.04,-0.03,1.01,6,Tilt Down
2741,2741,287,0.03,-0.04,1.0,6,Tilt Down
2742,2742,288,0.03,-0.04,1.01,6,Tilt Down
2743,2743,289,0.03,-0.04,1.0,6,Tilt Down
2744,2744,290,0.03,-0.04,1.01,6,Tilt Down
2745,2745,291,0.02,-0.02,1.01,6,Tilt Down
2746,2746,292,0.01,-0.01,1.06,6,Tilt Down
2747,2747,293,0.04,-0.02,1.09,6,Tilt Down
2748,2748,294,0.02,0.0,1.03,6,Tilt Down
2749,2749,295,0.01,-0.01,0.95,6,Tilt Down
2750,2750,296,-0.09,0.02,1.1,6,Tilt Down
2751,2751,297,-0.28,0.04,0.8,6,Tilt Down
2752,2752,298,-0.55,0.0,0.95,6,Tilt Down
2753,2753,299,-0.74,0.07,0.52,6,Tilt Down
2754,2754,300,-0.88,0.14,0.31,6,Tilt Down
2755,2755,301,-0.88,0.0,0.37,6,Tilt Down
2756,2756,302,-0.93,0.07,0.39,6,Tilt Down
2757,2757,303,-0.91,0.17,0.39,6,Tilt Down
2758,2758,304,-0.91,0.1,0.39,6,Tilt Down
2759,2759,305,-0.85,0.06,0.45,6,Tilt Down
2760,2760,306,-0.84,0.16,0.46,6,Tilt Down
2761,2761,307,-0.64,0.11,0.75,6,Tilt Down
2762,2762,308,-0.47,-0.04,0.78,6,Tilt Down
2763,2763,309,-0.33,0.11,0.8,6,Tilt Down
2764,2764,310,-0.18,-0.16,1.03,6,Tilt Down
2765,2765,311,-0.05,-0.09,1.08,6,Tilt Down
2766,2766,312,0.05,-0.13,1.02,6,Tilt Down
2767,2767,313,0.05,-0.07,1.12,6,Tilt Down
2768,2768,314,0.05,-0.04,0.91,6,Tilt Down
2769,2769,315,0.04,-0.03,1.01,6,Tilt Down
2770,2770,316,0.04,-0.03,1.01,6,Tilt Down
2771,2771,317,0.03,-0.03,1.01,6,Tilt Down
2772,2772,318,0.03,-0.04,1.01,6,Tilt Down
2773,2773,319,0.03,-0.04,1.01,6,Tilt Down
2774,2774,320,0.04,-0.03,1.0,6,Tilt Down
2775,2775,321,0.04,-0.04,1.01,6,Tilt Down
2776,2776,322,0.04,-0.04,1.01,6,Tilt Down
2777,2777,323,0.04,-0.03,1.01,6,Tilt Down
2778,2778,324,0.04,-0.04,1.0,6,Tilt Down
2779,2779,325,0.03,-0.03,1.01,6,Tilt Down
2780,2780,326,0.04,-0.04,1.01,6,Tilt Down
2781,2781,327,0.04,-0.04,1.0,6,Tilt Down
2782,2782,328,0.03,-0.03,1.01,6,Tilt Down
2783,2783,329,0.04,-0.04,1.01,6,Tilt Down
2784,2784,330,0.03,-0.04,1.0,6,Tilt Down
2785,2785,331,0.04,-0.04,1.01,6,Tilt Down
2786,2786,332,0.04,-0.04,1.01,6,Tilt Down
2787,2787,333,0.04,-0.04,1.01,6,Tilt Down
2788,2788,334,0.04,-0.04,1.01,6,Tilt Down
2789,2789,335,0.04,-0.04,1.01,6,Tilt Down
2790,2790,336,0.04,-0.04,1.01,6,Tilt Down
2791,2791,337,0.03,-0.03,1.01,6,Tilt Down
2792,2792,338,0.04,-0.04,1.0,6,Tilt Down
2793,2793,339,0.04,-0.04,1.01,6,Tilt Down
2794,2794,340,0.04,-0.04,1.01,6,Tilt Down
2795,2795,341,0.03,-0.04,1.01,6,Tilt Down
2796,2796,342,0.04,-0.04,1.01,6,Tilt Down
2797,2797,343,0.03,-0.04,1.01,6,Tilt Down
2798,2798,344,0.04,-0.04,1.01,6,Tilt Down
2799,2799,345,0.02,-0.02,1.02,6,Tilt Down
2800,2800,346,0.03,-0.05,1.02,6,Tilt Down
2801,2801,347,-0.01,-0.07,1.18,6,Tilt Down
2802,2802,348,0.02,-0.04,1.02,6,Tilt Down
2803,2803,349,0.01,0.09,0.86,6,Tilt Down
2804,2804,350,-0.11,0.04,0.82,6,Tilt Down
2805,2805,351,-0.42,0.05,0.91,6,Tilt Down
2806,2806,352,-0.64,0.18,0.78,6,Tilt Down
2807,2807,353,-0.7,-0.01,0.58,6,Tilt Down
2808,2808,354,-0.83,0.1,0.41,6,Tilt Down
2809,2809,355,-0.87,0.05,0.39,6,Tilt Down
2810,2810,356,-0.86,0.02,0.45,6,Tilt Down
2811,2811,357,-0.86,0.07,0.47,6,Tilt Down
2812,2812,358,-0.87,0.09,0.55,6,Tilt Down
2813,2813,359,-0.76,0.07,0.63,6,Tilt Down
2814,2814,360,-0.54,0.08,0.7,6,Tilt Down
2815,2815,361,-0.35,0.04,0.68,6,Tilt Down
2816,2816,362,-0.15,0.25,1.07,6,Tilt Down
2817,2817,363,-0.01,-0.06,1.0,6,Tilt Down
2818,2818,364,0.07,0.1,1.02,6,Tilt Down
2819,2819,365,0.06,-0.08,1.08,6,Tilt Down
2820,2820,366,0.05,-0.0,1.08,6,Tilt Down
2821,2821,367,0.02,-0.03,1.12,6,Tilt Down
2822,2822,368,0.0,0.02,1.14,6,Tilt Down
2823,2823,369,0.04,-0.03,1.01,6,Tilt Down
2824,2824,370,0.04,-0.03,1.01,6,Tilt Down
2825,2825,371,0.04,-0.04,1.01,6,Tilt Down
2826,2826,372,0.04,-0.04,1.0,6,Tilt Down
2827,2827,373,0.04,-0.04,1.01,6,Tilt Down
2828,2828,374,0.04,-0.04,1.01,6,Tilt Down
2829,2829,375,0.03,-0.03,1.01,6,Tilt Down
2830,2830,376,0.04,-0.04,1.01,6,Tilt Down
2831,2831,377,0.04,-0.04,1.0,6,Tilt Down
2832,2832,378,0.04,-0.04,1.01,6,Tilt Down
2833,2833,379,0.04,-0.04,1.01,6,Tilt Down
2834,2834,380,0.04,-0.04,1.01,6,Tilt Down
2835,2835,381,0.04,-0.04,1.0,6,Tilt Down
2836,2836,382,0.04,-0.04,1.01,6,Tilt Down
2837,2837,383,0.04,-0.04,1.01,6,Tilt Down
2838,2838,384,0.04,-0.04,1.01,6,Tilt Down
2839,2839,385,0.04,-0.04,1.01,6,Tilt Down
2840,2840,386,0.04,-0.03,1.01,6,Tilt Down
2841,2841,387,0.04,-0.04,1.01,6,Tilt Down
2842,2842,388,0.04,-0.03,1.01,6,Tilt Down
2843,2843,389,0.03,-0.04,1.01,6,Tilt Down
2844,2844,390,0.04,-0.03,1.01,6,Tilt Down
2845,2845,391,0.04,-0.03,1.01,6,Tilt Down
2846,2846,392,0.04,-0.04,1.01,6,Tilt Down
2847,2847,393,0.03,-0.04,1.01,6,Tilt Down
2848,2848,394,0.03,-0.02,1.02,6,Tilt Down
2849,2849,395,0.04,-0.06,1.02,6,Tilt Down
2850,2850,396,0.0,0.09,1.09,6,Tilt Down
2851,2851,397,-0.0,-0.1,1.04,6,Tilt Down
2852,2852,398,-0.13,0.06,0.96,6,Tilt Down
2853,2853,399,-0.21,0.07,0.78,6,Tilt Down
2854,2854,400,-0.36,0.08,0.82,6,Tilt Down
2855,2855,401,-0.66,0.04,0.88,6,Tilt Down
2856,2856,402,-0.75,0.1,0.57,6,Tilt Down
2857,2857,403,-0.84,0.13,0.52,6,Tilt Down
2858,2858,404,-0.88,0.08,0.41,6,Tilt Down
2859,2859,405,-0.87,0.08,0.44,6,Tilt Down
2860,2860,406,-0.85,0.11,0.48,6,Tilt Down
2861,2861,407,-0.87,0.16,0.71,6,Tilt Down
2862,2862,408,-0.67,0.12,0.75,6,Tilt Down
2863,2863,409,-0.36,0.03,0.91,6,Tilt Down
2864,2864,410,-0.17,0.24,0.88,6,Tilt Down
2865,2865,411,0.09,0.08,0.99,6,Tilt Down
2866,2866,412,0.18,-0.0,0.82,6,Tilt Down
2867,2867,413,0.11,-0.05,1.16,6,Tilt Down
2868,2868,414,0.04,0.07,0.97,6,Tilt Down
2869,2869,415,0.04,-0.05,1.06,6,Tilt Down
2870,2870,416,0.03,0.0,1.03,6,Tilt Down
2871,2871,417,0.02,0.03,0.92,6,Tilt Down
2872,2872,418,0.03,-0.04,1.03,6,Tilt Down
2873,2873,419,0.04,-0.04,1.01,6,Tilt Down
2874,2874,420,0.04,-0.04,1.01,6,Tilt Down
2875,2875,421,0.04,-0.04,1.0,6,Tilt Down
2876,2876,422,0.04,-0.04,1.0,6,Tilt Down
2877,2877,423,0.04,-0.04,1.02,6,Tilt Down
2878,2878,424,0.04,-0.04,1.01,6,Tilt Down
2879,2879,425,0.04,-0.04,1.01,6,Tilt Down
2880,2880,426,0.04,-0.04,1.01,6,Tilt Down
2881,2881,427,0.04,-0.03,1.01,6,Tilt Down
2882,2882,428,0.04,-0.04,1.01,6,Tilt Down
2883,2883,429,0.04,-0.04,1.0,6,Tilt Down
2884,2884,430,0.04,-0.04,1.01,6,Tilt Down
2885,2885,431,0.03,-0.03,1.01,6,Tilt Down
2886,2886,432,0.03,-0.04,1.01,6,Tilt Down
2887,2887,433,0.04,-0.04,1.01,6,Tilt Down
2888,2888,434,0.04,-0.04,1.0,6,Tilt Down
2889,2889,435,0.04,-0.04,1.01,6,Tilt Down
2890,2890,436,0.04,-0.04,1.0,6,Tilt Down
2891,2891,437,0.04,-0.04,1.01,6,Tilt Down
2892,2892,438,0.04,-0.03,1.01,6,Tilt Down
2893,2893,439,0.04,-0.03,1.0,6,Tilt Down
2894,2894,440,0.04,-0.04,1.01,6,Tilt Down
0,0,0,0.04,0.02,1.0,1,Tilt Up
1,1,1,0.04,0.02,1.0,1,Tilt Up
2,2,2,0.05,0.03,1.01,1,Tilt Up
3,3,3,0.05,0.03,1.02,1,Tilt Up
4,4,4,0.05,0.02,1.0,1,Tilt Up
5,5,5,0.05,0.04,1.0,1,Tilt Up
6,6,6,0.05,0.04,1.01,1,Tilt Up
7,7,7,0.04,0.02,1.0,1,Tilt Up
8,8,8,0.04,0.03,1.0,1,Tilt Up
9,9,9,0.04,0.03,1.0,1,Tilt Up
10,10,10,0.04,0.03,1.0,1,Tilt Up
11,11,11,0.04,0.03,1.0,1,Tilt Up
12,12,12,0.04,0.03,1.0,1,Tilt Up
13,13,13,0.04,0.03,1.0,1,Tilt Up
14,14,14,0.04,0.03,1.0,1,Tilt Up
15,15,15,0.04,0.03,1.0,1,Tilt Up
16,16,16,0.04,0.03,1.0,1,Tilt Up
17,17,17,0.05,0.02,1.0,1,Tilt Up
18,18,18,0.04,0.03,1.0,1,Tilt Up
19,19,19,0.04,0.02,1.0,1,Tilt Up
20,20,20,0.04,0.03,1.0,1,Tilt Up
21,21,21,0.04,0.03,1.0,1,Tilt Up
22,22,22,0.03,0.02,1.0,1,Tilt Up
23,23,23,0.04,0.03,1.0,1,Tilt Up
24,24,24,0.04,0.02,1.0,1,Tilt Up
25,25,25,0.03,0.03,1.0,1,Tilt Up
26,26,26,0.02,0.03,1.0,1,Tilt Up
27,27,27,0.01,0.02,1.0,1,Tilt Up
28,28,28,0.0,0.07,1.13,1,Tilt Up
29,29,29,0.07,0.03,1.02,1,Tilt Up
30,30,30,0.05,0.04,1.07,1,Tilt Up
31,31,31,0.07,0.06,0.99,1,Tilt Up
32,32,32,0.15,0.0,1.05,1,Tilt Up
33,33,33,0.25,0.01,0.88,1,Tilt Up
34,34,34,0.46,0.19,1.12,1,Tilt Up
35,35,35,0.61,0.0,0.58,1,Tilt Up
36,36,36,0.66,0.09,0.86,1,Tilt Up
37,37,37,0.65,0.11,0.79,1,Tilt Up
38,38,38,0.64,0.0,0.8,1,Tilt Up
39,39,39,0.59,0.07,0.86,1,Tilt Up
40,40,40,0.52,0.02,0.98,1,Tilt Up
41,41,41,0.43,0.05,0.82,1,Tilt Up
42,42,42,0.35,0.03,1.01,1,Tilt Up
43,43,43,0.24,0.07,0.9,1,Tilt Up
44,44,44,0.14,-0.01,1.17,1,Tilt Up
45,45,45,0.09,0.03,1.06,1,Tilt Up
46,46,46,0.04,0.07,0.98,1,Tilt Up
47,47,47,0.03,0.02,0.99,1,Tilt Up
48,48,48,0.01,0.04,1.0,1,Tilt Up
49,49,49,0.04,0.01,0.96,1,Tilt Up
50,50,50,0.04,0.06,1.03,1,Tilt Up
51,51,51,0.09,0.0,1.0,1,Tilt Up
52,52,52,0.04,0.03,1.0,1,Tilt Up
53,53,53,0.04,0.03,1.01,1,Tilt Up
54,54,54,0.04,0.03,1.0,1,Tilt Up
55,55,55,0.04,0.02,1.0,1,Tilt Up
56,56,56,0.04,0.03,1.0,1,Tilt Up
57,57,57,0.04,0.03,1.0,1,Tilt Up
58,58,58,0.04,0.03,1.01,1,Tilt Up
59,59,59,0.04,0.03,1.0,1,Tilt Up
60,60,60,0.04,0.03,1.0,1,Tilt Up
61,61,61,0.04,0.03,1.0,1,Tilt Up
62,62,62,0.04,0.03,1.0,1,Tilt Up
63,63,63,0.04,0.03,1.0,1,Tilt Up
64,64,64,0.04,0.02,1.0,1,Tilt Up
65,65,65,0.04,0.02,1.0,1,Tilt Up
66,66,66,0.04,0.03,1.0,1,Tilt Up
67,67,67,0.04,0.03,1.0,1,Tilt Up
68,68,68,0.04,0.03,1.0,1,Tilt Up
69,69,69,0.04,0.03,1.0,1,Tilt Up
70,70,70,0.04,0.03,1.0,1,Tilt Up
71,71,71,0.04,0.03,1.0,1,Tilt Up
72,72,72,0.04,0.03,1.0,1,Tilt Up
73,73,73,0.04,0.03,1.0,1,Tilt Up
74,74,74,0.04,0.03,1.0,1,Tilt Up
75,75,75,0.04,0.02,1.01,1,Tilt Up
76,76,76,0.04,0.03,1.0,1,Tilt Up
77,77,77,0.04,0.03,1.0,1,Tilt Up
78,78,78,0.04,0.02,1.0,1,Tilt Up
79,79,79,0.04,0.03,1.0,1,Tilt Up
80,80,80,0.04,0.03,1.0,1,Tilt Up
81,81,81,0.04,0.03,1.0,1,Tilt Up
82,82,82,0.04,0.03,1.0,1,Tilt Up
83,83,83,0.04,0.03,0.99,1,Tilt Up
84,84,84,0.04,0.03,1.0,1,Tilt Up
85,85,85,0.04,0.03,1.0,1,Tilt Up
86,86,86,0.04,0.03,1.0,1,Tilt Up
87,87,87,0.04,0.03,1.0,1,Tilt Up
88,88,88,0.04,0.03,1.0,1,Tilt Up
89,89,89,0.04,0.03,1.0,1,Tilt Up
90,90,90,0.04,0.03,1.0,1,Tilt Up
91,91,91,0.04,0.03,1.0,1,Tilt Up
92,92,92,0.04,0.03,1.0,1,Tilt Up
93,93,93,0.04,0.03,1.0,1,Tilt Up
94,94,94,0.04,0.03,1.0,1,Tilt Up
95,95,95,0.04,0.03,1.0,1,Tilt Up
96,96,96,0.04,0.03,1.0,1,Tilt Up
97,97,97,0.02,0.04,1.01,1,Tilt Up
98,98,98,0.03,0.0,1.02,1,Tilt Up
99,99,99,0.06,0.03,1.06,1,Tilt Up
100,100,100,0.17,0.07,1.01,1,Tilt Up
101,101,101,0.18,0.12,1.1,1,Tilt Up
102,102,102,0.36,0.19,1.0,1,Tilt Up
103,103,103,0.58,0.08,0.74,1,Tilt Up
104,104,104,0.68,0.13,0.9,1,Tilt Up
105,105,105,0.71,0.18,0.59,1,Tilt Up
106,106,106,0.73,0.11,0.63,1,Tilt Up
107,107,107,0.71,0.18,0.68,1,Tilt Up
108,108,108,0.74,0.16,0.69,1,Tilt Up
109,109,109,0.73,0.16,0.61,1,Tilt Up
110,110,110,0.72,0.18,0.65,1,Tilt Up
111,111,111,0.75,0.14,0.63,1,Tilt Up
112,112,112,0.7,0.21,0.59,1,Tilt Up
113,113,113,0.64,0.21,0.7,1,Tilt Up
114,114,114,0.53,0.15,0.88,1,Tilt Up
115,115,115,0.46,0.11,0.82,1,Tilt Up
116,116,116,0.38,0.23,0.88,1,Tilt Up
117,117,117,0.25,0.09,0.93,1,Tilt Up
118,118,118,0.13,0.11,1.05,1,Tilt Up
119,119,119,0.1,0.06,1.01,1,Tilt Up
120,120,120,0.07,0.08,1.03,1,Tilt Up
121,121,121,0.05,0.09,1.01,1,Tilt Up
122,122,122,0.05,0.04,1.01,1,Tilt Up
123,123,123,0.04,0.06,0.98,1,Tilt Up
124,124,124,0.05,0.02,1.0,1,Tilt Up
125,125,125,0.04,0.03,1.0,1,Tilt Up
126,126,126,0.04,0.03,1.0,1,Tilt Up
127,127,127,0.04,0.03,1.0,1,Tilt Up
128,128,128,0.04,0.03,1.0,1,Tilt Up
129,129,129,0.04,0.02,1.0,1,Tilt Up
130,130,130,0.04,0.03,1.0,1,Tilt Up
131,131,131,0.04,0.03,1.0,1,Tilt Up
132,132,132,0.04,0.03,1.0,1,Tilt Up
133,133,133,0.04,0.03,1.0,1,Tilt Up
134,134,134,0.04,0.02,1.0,1,Tilt Up
135,135,135,0.04,0.03,1.0,1,Tilt Up
136,136,136,0.04,0.03,1.0,1,Tilt Up
137,137,137,0.03,0.03,1.0,1,Tilt Up
138,138,138,0.04,0.03,1.0,1,Tilt Up
139,139,139,0.04,0.03,1.0,1,Tilt Up
140,140,140,0.04,0.03,1.0,1,Tilt Up
141,141,141,0.04,0.03,1.0,1,Tilt Up
142,142,142,0.04,0.02,1.0,1,Tilt Up
143,143,143,0.04,0.03,1.0,1,Tilt Up
144,144,144,0.04,0.03,1.0,1,Tilt Up
145,145,145,0.04,0.02,1.0,1,Tilt Up
146,146,146,0.04,0.02,1.0,1,Tilt Up
147,147,147,0.04,0.03,1.0,1,Tilt Up
148,148,148,0.04,0.02,1.0,1,Tilt Up
149,149,149,0.04,0.03,1.0,1,Tilt Up
150,150,150,0.04,0.03,1.0,1,Tilt Up
151,151,151,0.04,0.03,1.0,1,Tilt Up
152,152,152,0.04,0.03,1.0,1,Tilt Up
153,153,153,0.04,0.03,1.0,1,Tilt Up
154,154,154,0.04,0.02,1.0,1,Tilt Up
155,155,155,0.04,0.03,1.0,1,Tilt Up
156,156,156,0.04,0.03,1.0,1,Tilt Up
157,157,157,0.04,0.03,1.0,1,Tilt Up
158,158,158,0.04,0.03,1.0,1,Tilt Up
159,159,159,0.04,0.03,1.0,1,Tilt Up
160,160,160,0.04,0.03,1.0,1,Tilt Up
161,161,161,0.04,0.02,1.0,1,Tilt Up
162,162,162,0.04,0.03,1.0,1,Tilt Up
163,163,163,0.04,0.03,1.0,1,Tilt Up
164,164,164,0.03,0.02,1.0,1,Tilt Up
165,165,165,0.04,-0.0,1.0,1,Tilt Up
166,166,166,0.06,0.02,1.01,1,Tilt Up
167,167,167,-0.07,0.03,1.01,1,Tilt Up
168,168,168,0.03,0.05,1.01,1,Tilt Up
169,169,169,0.25,0.16,1.13,1,Tilt Up
170,170,170,0.36,0.03,0.89,1,Tilt Up
171,171,171,0.35,0.11,0.84,1,Tilt Up
172,172,172,0.6,0.12,0.89,1,Tilt Up
173,173,173,0.66,0.05,0.83,1,Tilt Up
174,174,174,0.65,0.08,0.85,1,Tilt Up
175,175,175,0.68,0.07,0.79,1,Tilt Up
176,176,176,0.73,0.12,0.68,1,Tilt Up
177,177,177,0.69,0.09,0.75,1,Tilt Up
178,178,178,0.73,0.05,0.78,1,Tilt Up
179,179,179,0.71,0.09,0.69,1,Tilt Up
180,180,180,0.71,0.14,0.68,1,Tilt Up
181,181,181,0.64,0.09,0.82,1,Tilt Up
182,182,182,0.65,0.12,0.48,1,Tilt Up
183,183,183,0.44,0.09,0.87,1,Tilt Up
184,184,184,0.4,0.13,0.85,1,Tilt Up
185,185,185,0.21,0.09,0.97,1,Tilt Up
186,186,186,0.11,0.01,1.09,1,Tilt Up
187,187,187,0.07,0.07,0.96,1,Tilt Up
188,188,188,0.05,0.06,1.02,1,Tilt Up
189,189,189,0.04,0.05,0.97,1,Tilt Up
190,190,190,0.06,0.04,1.0,1,Tilt Up
191,191,191,0.03,0.02,1.0,1,Tilt Up
192,192,192,0.04,0.03,1.0,1,Tilt Up
193,193,193,0.04,0.03,1.0,1,Tilt Up
194,194,194,0.04,0.03,1.0,1,Tilt Up
195,195,195,0.04,0.03,1.0,1,Tilt Up
196,196,196,0.04,0.03,1.0,1,Tilt Up
197,197,197,0.04,0.03,1.0,1,Tilt Up
198,198,198,0.04,0.03,1.0,1,Tilt Up
199,199,199,0.04,0.03,1.0,1,Tilt Up
200,200,200,0.04,0.03,1.01,1,Tilt Up
201,201,201,0.04,0.03,1.0,1,Tilt Up
202,202,202,0.04,0.03,1.0,1,Tilt Up
203,203,203,0.04,0.03,1.0,1,Tilt Up
204,204,204,0.04,0.03,1.0,1,Tilt Up
205,205,205,0.04,0.03,1.0,1,Tilt Up
206,206,206,0.04,0.02,1.0,1,Tilt Up
207,207,207,0.04,0.03,1.0,1,Tilt Up
208,208,208,0.04,0.03,1.0,1,Tilt Up
209,209,209,0.04,0.02,1.0,1,Tilt Up
210,210,210,0.04,0.03,1.0,1,Tilt Up
211,211,211,0.04,0.03,1.0,1,Tilt Up
212,212,212,0.04,0.02,1.0,1,Tilt Up
213,213,213,0.04,0.03,1.0,1,Tilt Up
214,214,214,0.04,0.03,1.0,1,Tilt Up
215,215,215,0.04,0.03,1.0,1,Tilt Up
216,216,216,0.04,0.03,1.0,1,Tilt Up
217,217,217,0.04,0.02,1.0,1,Tilt Up
218,218,218,0.04,0.03,1.0,1,Tilt Up
219,219,219,0.04,0.03,1.0,1,Tilt Up
220,220,220,0.04,0.02,1.0,1,Tilt Up
221,221,221,0.04,0.03,1.0,1,Tilt Up
222,222,222,0.04,0.03,1.0,1,Tilt Up
223,223,223,0.04,0.03,1.0,1,Tilt Up
224,224,224,0.04,0.02,1.0,1,Tilt Up
225,225,225,0.04,0.03,1.0,1,Tilt Up
226,226,226,0.04,0.03,1.0,1,Tilt Up
227,227,227,0.04,0.03,1.0,1,Tilt Up
228,228,228,0.04,0.03,1.0,1,Tilt Up
229,229,229,0.04,0.03,1.0,1,Tilt Up
230,230,230,0.04,0.03,1.0,1,Tilt Up
231,231,231,0.04,0.03,1.0,1,Tilt Up
232,232,232,0.04,0.03,1.0,1,Tilt Up
233,233,233,0.01,0.02,1.0,1,Tilt Up
234,234,234,0.03,0.02,1.0,1,Tilt Up
235,235,235,0.05,0.03,0.99,1,Tilt Up
236,236,236,-0.01,0.01,1.04,1,Tilt Up
237,237,237,0.14,0.07,1.02,1,Tilt Up
238,238,238,0.2,0.05,1.0,1,Tilt Up
239,239,239,0.4,0.12,0.88,1,Tilt Up
240,240,240,0.49,0.09,0.9,1,Tilt Up
241,241,241,0.53,0.04,0.83,1,Tilt Up
242,242,242,0.68,0.14,0.71,1,Tilt Up
243,243,243,0.72,0.09,0.75,1,Tilt Up
244,244,244,0.73,0.21,0.62,1,Tilt Up
245,245,245,0.77,0.11,0.63,1,Tilt Up
246,246,246,0.77,0.15,0.7,1,Tilt Up
247,247,247,0.8,0.2,0.63,1,Tilt Up
248,248,248,0.85,0.17,0.71,1,Tilt Up
249,249,249,0.77,0.14,0.66,1,Tilt Up
250,250,250,0.74,0.15,0.86,1,Tilt Up
251,251,251,0.6,0.13,0.91,1,Tilt Up
252,252,252,0.5,0.19,1.05,1,Tilt Up
253,253,253,0.26,0.2,1.04,1,Tilt Up
254,254,254,0.12,0.1,1.16,1,Tilt Up
255,255,255,0.09,0.1,1.02,1,Tilt Up
256,256,256,0.07,0.14,1.01,1,Tilt Up
257,257,257,0.05,0.06,0.97,1,Tilt Up
258,258,258,0.05,0.1,0.99,1,Tilt Up
259,259,259,0.04,0.03,1.0,1,Tilt Up
260,260,260,0.04,0.03,1.0,1,Tilt Up
261,261,261,0.03,0.02,1.0,1,Tilt Up
262,262,262,0.04,0.02,1.0,1,Tilt Up
263,263,263,0.04,0.02,1.0,1,Tilt Up
264,264,264,0.04,0.03,1.0,1,Tilt Up
265,265,265,0.04,0.03,1.0,1,Tilt Up
266,266,266,0.04,0.03,1.0,1,Tilt Up
267,267,267,0.04,0.03,1.0,1,Tilt Up
268,268,268,0.04,0.03,1.0,1,Tilt Up
269,269,269,0.04,0.03,1.0,1,Tilt Up
270,270,270,0.04,0.02,1.0,1,Tilt Up
271,271,271,0.04,0.03,1.0,1,Tilt Up
272,272,272,0.04,0.03,1.0,1,Tilt Up
273,273,273,0.04,0.02,1.0,1,Tilt Up
274,274,274,0.04,0.02,1.0,1,Tilt Up
275,275,275,0.04,0.03,1.0,1,Tilt Up
276,276,276,0.04,0.03,1.0,1,Tilt Up
277,277,277,0.04,0.03,1.0,1,Tilt Up
278,278,278,0.04,0.03,1.0,1,Tilt Up
279,279,279,0.04,0.02,1.0,1,Tilt Up
280,280,280,0.04,0.03,1.0,1,Tilt Up
281,281,281,0.04,0.03,1.0,1,Tilt Up
282,282,282,0.03,0.03,1.0,1,Tilt Up
283,283,283,0.04,0.03,1.0,1,Tilt Up
284,284,284,0.04,0.02,1.0,1,Tilt Up
285,285,285,0.04,0.03,1.0,1,Tilt Up
286,286,286,0.04,0.02,1.0,1,Tilt Up
287,287,287,0.04,0.03,1.0,1,Tilt Up
288,288,288,0.04,0.03,1.0,1,Tilt Up
289,289,289,0.04,0.03,1.0,1,Tilt Up
290,290,290,0.04,0.03,1.0,1,Tilt Up
291,291,291,0.04,0.02,1.0,1,Tilt Up
292,292,292,0.04,0.03,1.0,1,Tilt Up
293,293,293,0.04,0.02,1.0,1,Tilt Up
294,294,294,0.04,0.02,1.0,1,Tilt Up
295,295,295,0.04,0.02,1.0,1,Tilt Up
296,296,296,0.04,0.03,1.0,1,Tilt Up
297,297,297,0.04,0.03,1.0,1,Tilt Up
298,298,298,0.04,0.03,1.01,1,Tilt Up
299,299,299,0.04,0.03,1.0,1,Tilt Up
300,300,300,0.04,0.03,1.0,1,Tilt Up
301,301,301,0.04,0.03,1.0,1,Tilt Up
302,302,302,0.04,0.03,1.0,1,Tilt Up
303,303,303,0.04,0.03,1.0,1,Tilt Up
304,304,304,0.05,0.03,1.0,1,Tilt Up
305,305,305,0.04,0.04,1.0,1,Tilt Up
306,306,306,0.01,0.04,1.01,1,Tilt Up
307,307,307,0.01,0.04,1.01,1,Tilt Up
308,308,308,0.12,0.12,1.14,1,Tilt Up
309,309,309,0.15,0.04,0.94,1,Tilt Up
310,310,310,0.37,0.22,0.82,1,Tilt Up
311,311,311,0.59,0.12,0.66,1,Tilt Up
312,312,312,0.74,0.23,0.61,1,Tilt Up
313,313,313,0.7,0.25,0.53,1,Tilt Up
314,314,314,0.82,0.23,0.55,1,Tilt Up
315,315,315,0.77,0.23,0.54,1,Tilt Up
316,316,316,0.79,0.22,0.64,1,Tilt Up
317,317,317,0.79,0.19,0.66,1,Tilt Up
318,318,318,0.75,0.22,0.59,1,Tilt Up
319,319,319,0.69,0.25,0.89,1,Tilt Up
320,320,320,0.66,0.1,0.74,1,Tilt Up
321,321,321,0.46,0.16,0.75,1,Tilt Up
322,322,322,0.32,-0.01,1.17,1,Tilt Up
323,323,323,0.26,0.16,0.84,1,Tilt Up
324,324,324,0.12,0.07,1.11,1,Tilt Up
325,325,325,0.05,0.04,1.0,1,Tilt Up
326,326,326,0.02,0.17,1.29,1,Tilt Up
327,327,327,0.05,0.05,0.94,1,Tilt Up
328,328,328,0.04,0.03,1.0,1,Tilt Up
329,329,329,0.04,0.02,1.0,1,Tilt Up
330,330,330,0.04,0.03,1.0,1,Tilt Up
331,331,331,0.04,0.03,1.0,1,Tilt Up
332,332,332,0.04,0.03,1.0,1,Tilt Up
333,333,333,0.04,0.03,1.0,1,Tilt Up
334,334,334,0.04,0.03,1.0,1,Tilt Up
335,335,335,0.04,0.03,1.0,1,Tilt Up
336,336,336,0.04,0.03,1.0,1,Tilt Up
337,337,337,0.04,0.03,1.0,1,Tilt Up
338,338,338,0.04,0.03,1.0,1,Tilt Up
339,339,339,0.04,0.02,1.0,1,Tilt Up
340,340,340,0.04,0.03,1.0,1,Tilt Up
341,341,341,0.04,0.03,1.0,1,Tilt Up
342,342,342,0.04,0.03,1.0,1,Tilt Up
343,343,343,0.04,0.03,1.0,1,Tilt Up
344,344,344,0.04,0.03,1.0,1,Tilt Up
345,345,345,0.04,0.03,1.0,1,Tilt Up
346,346,346,0.04,0.03,1.0,1,Tilt Up
347,347,347,0.04,0.03,1.0,1,Tilt Up
348,348,348,0.04,0.03,1.0,1,Tilt Up
349,349,349,0.04,0.03,1.0,1,Tilt Up
350,350,350,0.04,0.03,1.0,1,Tilt Up
351,351,351,0.04,0.03,1.0,1,Tilt Up
352,352,352,0.04,0.03,1.0,1,Tilt Up
353,353,353,0.04,0.03,1.0,1,Tilt Up
354,354,354,0.04,0.03,1.0,1,Tilt Up
355,355,355,0.04,0.03,1.0,1,Tilt Up
356,356,356,0.04,0.03,1.0,1,Tilt Up
357,357,357,0.04,0.03,1.0,1,Tilt Up
358,358,358,0.04,0.02,1.0,1,Tilt Up
359,359,359,0.04,0.03,1.0,1,Tilt Up
360,360,360,0.04,0.03,1.0,1,Tilt Up
361,361,361,0.04,0.03,1.0,1,Tilt Up
362,362,362,0.04,0.03,1.0,1,Tilt Up
363,363,363,0.04,0.03,1.0,1,Tilt Up
364,364,364,0.04,0.03,1.0,1,Tilt Up
365,365,365,0.04,0.03,1.0,1,Tilt Up
366,366,366,0.04,0.03,1.0,1,Tilt Up
367,367,367,0.06,0.05,1.0,1,Tilt Up
368,368,368,0.03,0.03,1.0,1,Tilt Up
369,369,369,0.0,0.02,1.01,1,Tilt Up
370,370,370,0.11,0.01,1.12,1,Tilt Up
371,371,371,0.21,0.09,1.11,1,Tilt Up
372,372,372,0.33,0.0,1.02,1,Tilt Up
373,373,373,0.63,-0.04,0.54,1,Tilt Up
374,374,374,0.73,0.1,0.7,1,Tilt Up
375,375,375,0.75,0.22,0.68,1,Tilt Up
376,376,376,0.75,0.07,0.67,1,Tilt Up
377,377,377,0.73,0.16,0.62,1,Tilt Up
378,378,378,0.74,0.1,0.73,1,Tilt Up
379,379,379,0.65,0.09,0.64,1,Tilt Up
380,380,380,0.5,0.12,0.99,1,Tilt Up
381,381,381,0.45,0.18,0.89,1,Tilt Up
382,382,382,0.25,0.12,0.96,1,Tilt Up
383,383,383,0.16,0.04,1.15,1,Tilt Up
384,384,384,0.1,0.13,1.09,1,Tilt Up
385,385,385,0.07,0.12,0.99,1,Tilt Up
386,386,386,0.03,0.07,1.01,1,Tilt Up
387,387,387,0.04,0.02,1.0,1,Tilt Up
388,388,388,0.05,0.04,1.0,1,Tilt Up
389,389,389,0.04,0.02,1.0,1,Tilt Up
390,390,390,0.04,0.03,1.0,1,Tilt Up
391,391,391,0.04,0.03,1.0,1,Tilt Up
392,392,392,0.04,0.03,1.0,1,Tilt Up
393,393,393,0.04,0.03,1.0,1,Tilt Up
394,394,394,0.04,0.03,1.0,1,Tilt Up
395,395,395,0.04,0.03,1.0,1,Tilt Up
396,396,396,0.04,0.03,1.01,1,Tilt Up
397,397,397,0.04,0.03,1.0,1,Tilt Up
398,398,398,0.04,0.02,1.0,1,Tilt Up
399,399,399,0.04,0.02,1.0,1,Tilt Up
400,400,400,0.04,0.03,1.0,1,Tilt Up
401,401,401,0.04,0.03,1.0,1,Tilt Up
402,402,402,0.04,0.03,1.0,1,Tilt Up
403,403,403,0.04,0.03,1.0,1,Tilt Up
404,404,404,0.04,0.03,1.0,1,Tilt Up
405,405,405,0.04,0.03,1.0,1,Tilt Up
406,406,406,0.04,0.03,1.0,1,Tilt Up
407,407,407,0.04,0.03,1.0,1,Tilt Up
408,408,408,0.04,0.03,1.0,1,Tilt Up
409,409,409,0.04,0.03,1.0,1,Tilt Up
410,410,410,0.04,0.03,1.0,1,Tilt Up
411,411,411,0.04,0.03,1.0,1,Tilt Up
412,412,412,0.04,0.03,1.0,1,Tilt Up
413,413,413,0.04,0.03,1.0,1,Tilt Up
414,414,414,0.04,0.03,1.0,1,Tilt Up
415,415,415,0.04,0.03,1.0,1,Tilt Up
416,416,416,0.04,0.02,1.0,1,Tilt Up
417,417,417,0.04,0.02,1.0,1,Tilt Up
418,418,418,0.04,0.03,1.0,1,Tilt Up
419,419,419,0.04,0.03,1.0,1,Tilt Up
420,420,420,0.04,0.03,1.0,1,Tilt Up
421,421,421,0.04,0.03,1.0,1,Tilt Up
422,422,422,0.04,0.02,1.0,1,Tilt Up
423,423,423,0.04,0.03,1.0,1,Tilt Up
424,424,424,0.04,0.02,1.0,1,Tilt Up
425,425,425,0.04,0.03,1.0,1,Tilt Up
426,426,426,0.04,0.03,1.0,1,Tilt Up
427,427,0,0.04,0.02,1.0,2,Tilt Up
428,428,1,0.04,0.03,1.0,2,Tilt Up
429,429,2,0.04,0.03,1.0,2,Tilt Up
430,430,3,0.04,0.02,1.0,2,Tilt Up
431,431,4,0.04,0.03,1.0,2,Tilt Up
432,432,5,0.04,0.02,1.0,2,Tilt Up
433,433,6,0.04,0.03,1.0,2,Tilt Up
434,434,7,0.04,0.03,1.0,2,Tilt Up
435,435,8,0.04,0.02,1.0,2,Tilt Up
436,436,9,0.04,0.03,1.0,2,Tilt Up
437,437,10,0.04,0.03,1.0,2,Tilt Up
438,438,11,0.04,0.02,1.0,2,Tilt Up
439,439,12,0.04,0.03,1.0,2,Tilt Up
440,440,13,0.04,0.02,1.0,2,Tilt Up
441,441,14,0.04,0.03,1.0,2,Tilt Up
442,442,15,0.04,0.03,1.0,2,Tilt Up
443,443,16,0.04,0.02,1.0,2,Tilt Up
444,444,17,0.04,0.03,1.0,2,Tilt Up
445,445,18,0.04,0.02,1.0,2,Tilt Up
446,446,19,0.04,0.03,1.0,2,Tilt Up
447,447,20,0.04,0.02,1.0,2,Tilt Up
448,448,21,0.04,0.03,1.0,2,Tilt Up
449,449,22,0.04,0.03,1.0,2,Tilt Up
450,450,23,0.04,0.03,1.0,2,Tilt Up
451,451,24,0.03,0.03,1.0,2,Tilt Up
452,452,25,0.04,0.03,1.0,2,Tilt Up
453,453,26,0.04,0.02,1.0,2,Tilt Up
454,454,27,0.04,0.03,1.0,2,Tilt Up
455,455,28,0.04,0.03,1.0,2,Tilt Up
456,456,29,0.04,0.02,1.0,2,Tilt Up
457,457,30,0.04,0.03,1.0,2,Tilt Up
458,458,31,0.03,0.03,1.0,2,Tilt Up
459,459,32,0.04,0.07,1.0,2,Tilt Up
460,460,33,0.07,-0.11,1.02,2,Tilt Up
461,461,34,0.0,0.02,1.2,2,Tilt Up
462,462,35,0.2,0.04,0.95,2,Tilt Up
463,463,36,0.38,-0.02,0.87,2,Tilt Up
464,464,37,0.65,0.09,0.8,2,Tilt Up
465,465,38,0.8,0.26,0.75,2,Tilt Up
466,466,39,0.79,0.02,0.25,2,Tilt Up
467,467,40,1.05,0.15,0.72,2,Tilt Up
468,468,41,0.96,0.13,0.3,2,Tilt Up
469,469,42,0.95,0.07,-0.0,2,Tilt Up
470,470,43,0.96,0.28,0.19,2,Tilt Up
471,471,44,0.95,-0.08,0.27,2,Tilt Up
472,472,45,0.76,0.08,1.0,2,Tilt Up
473,473,46,0.64,0.1,0.8,2,Tilt Up
474,474,47,0.45,0.08,0.86,2,Tilt Up
475,475,48,0.35,-0.02,0.93,2,Tilt Up
476,476,49,0.21,0.01,1.17,2,Tilt Up
477,477,50,0.14,0.09,1.07,2,Tilt Up
478,478,51,0.08,0.04,0.96,2,Tilt Up
479,479,52,0.04,0.07,1.0,2,Tilt Up
480,480,53,0.04,0.01,1.0,2,Tilt Up
481,481,54,0.04,0.02,1.0,2,Tilt Up
482,482,55,0.04,0.02,1.0,2,Tilt Up
483,483,56,0.04,0.03,1.0,2,Tilt Up
484,484,57,0.04,0.02,1.0,2,Tilt Up
485,485,58,0.04,0.03,1.0,2,Tilt Up
486,486,59,0.04,0.02,1.0,2,Tilt Up
487,487,60,0.04,0.02,1.0,2,Tilt Up
488,488,61,0.04,0.02,1.0,2,Tilt Up
489,489,62,0.04,0.02,1.0,2,Tilt Up
490,490,63,0.04,0.03,1.0,2,Tilt Up
491,491,64,0.04,0.03,1.0,2,Tilt Up
492,492,65,0.04,0.02,1.0,2,Tilt Up
493,493,66,0.04,0.03,1.0,2,Tilt Up
494,494,67,0.04,0.03,1.0,2,Tilt Up
495,495,68,0.04,0.02,1.0,2,Tilt Up
496,496,69,0.04,0.03,1.0,2,Tilt Up
497,497,70,0.04,0.02,1.0,2,Tilt Up
498,498,71,0.04,0.02,1.0,2,Tilt Up
499,499,72,0.04,0.02,1.0,2,Tilt Up
500,500,73,0.04,0.02,1.0,2,Tilt Up
501,501,74,0.04,0.02,1.0,2,Tilt Up
502,502,75,0.04,0.02,1.01,2,Tilt Up
503,503,76,0.04,0.03,1.0,2,Tilt Up
504,504,77,0.04,0.03,1.0,2,Tilt Up
505,505,78,0.04,0.02,1.0,2,Tilt Up
506,506,79,0.04,0.02,1.0,2,Tilt Up
507,507,80,0.04,0.02,1.0,2,Tilt Up
508,508,81,0.04,0.02,1.0,2,Tilt Up
509,509,82,0.04,0.02,1.0,2,Tilt Up
510,510,83,0.04,0.02,1.0,2,Tilt Up
511,511,84,0.03,0.05,1.01,2,Tilt Up
512,512,85,0.03,0.0,1.01,2,Tilt Up
513,513,86,0.07,0.05,0.95,2,Tilt Up
514,514,87,0.23,0.02,1.39,2,Tilt Up
515,515,88,0.45,0.02,0.82,2,Tilt Up
516,516,89,0.64,0.19,0.86,2,Tilt Up
517,517,90,0.82,0.27,0.43,2,Tilt Up
518,518,91,0.91,0.11,0.37,2,Tilt Up
519,519,92,0.95,0.29,0.05,2,Tilt Up
520,520,93,1.01,0.19,0.0,2,Tilt Up
521,521,94,1.0,0.28,-0.16,2,Tilt Up
522,522,95,0.86,0.14,0.25,2,Tilt Up
523,523,96,0.95,0.36,0.61,2,Tilt Up
524,524,97,0.5,0.11,0.71,2,Tilt Up
525,525,98,0.3,0.0,1.24,2,Tilt Up
526,526,99,0.25,-0.03,0.93,2,Tilt Up
527,527,100,0.16,0.02,1.12,2,Tilt Up
528,528,101,0.12,0.06,0.89,2,Tilt Up
529,529,102,0.06,0.04,0.99,2,Tilt Up
530,530,103,0.04,0.02,1.0,2,Tilt Up
531,531,104,0.09,0.09,1.0,2,Tilt Up
532,532,105,0.04,0.03,1.0,2,Tilt Up
533,533,106,0.04,0.02,1.0,2,Tilt Up
534,534,107,0.04,0.03,1.0,2,Tilt Up
535,535,108,0.04,0.02,1.0,2,Tilt Up
536,536,109,0.04,0.03,1.0,2,Tilt Up
537,537,110,0.04,0.03,1.0,2,Tilt Up
538,538,111,0.04,0.02,1.0,2,Tilt Up
539,539,112,0.04,0.02,1.0,2,Tilt Up
540,540,113,0.04,0.02,1.0,2,Tilt Up
541,541,114,0.04,0.02,1.0,2,Tilt Up
542,542,115,0.04,0.02,1.0,2,Tilt Up
543,543,116,0.04,0.03,1.0,2,Tilt Up
544,544,117,0.04,0.03,1.0,2,Tilt Up
545,545,118,0.04,0.03,1.0,2,Tilt Up
546,546,119,0.04,0.02,1.0,2,Tilt Up
547,547,120,0.04,0.02,1.0,2,Tilt Up
548,548,121,0.04,0.03,1.0,2,Tilt Up
549,549,122,0.03,0.03,1.0,2,Tilt Up
550,550,123,0.04,0.03,1.0,2,Tilt Up
551,551,124,0.03,0.03,1.0,2,Tilt Up
552,552,125,0.04,0.02,1.0,2,Tilt Up
553,553,126,0.04,0.02,1.0,2,Tilt Up
554,554,127,0.04,0.02,1.0,2,Tilt Up
555,555,128,0.04,0.03,1.0,2,Tilt Up
556,556,129,0.04,0.02,1.0,2,Tilt Up
557,557,130,0.04,0.02,1.0,2,Tilt Up
558,558,131,0.04,0.02,1.0,2,Tilt Up
559,559,132,0.04,0.03,1.0,2,Tilt Up
560,560,133,0.03,-0.03,1.04,2,Tilt Up
561,561,134,0.03,0.07,1.04,2,Tilt Up
562,562,135,0.2,-0.07,1.11,2,Tilt Up
563,563,136,0.46,-0.08,0.76,2,Tilt Up
564,564,137,0.68,0.04,0.94,2,Tilt Up
565,565,138,0.84,0.05,0.45,2,Tilt Up
566,566,139,0.91,0.19,0.27,2,Tilt Up
567,567,140,0.98,0.34,0.03,2,Tilt Up
568,568,141,0.87,0.2,-0.22,2,Tilt Up
569,569,142,1.03,0.21,-0.01,2,Tilt Up
570,570,143,1.01,0.12,0.06,2,Tilt Up
571,571,144,0.83,-0.18,-0.13,2,Tilt Up
572,572,145,0.55,0.3,1.25,2,Tilt Up
573,573,146,0.48,-0.14,0.59,2,Tilt Up
574,574,147,0.26,0.04,1.37,2,Tilt Up
575,575,148,0.25,0.01,1.09,2,Tilt Up
576,576,149,0.12,-0.07,1.24,2,Tilt Up
577,577,150,0.1,0.11,1.14,2,Tilt Up
578,578,151,0.04,-0.01,1.23,2,Tilt Up
579,579,152,0.09,0.09,1.01,2,Tilt Up
580,580,153,0.04,0.02,1.0,2,Tilt Up
581,581,154,0.04,0.02,1.0,2,Tilt Up
582,582,155,0.03,0.02,1.0,2,Tilt Up
583,583,156,0.04,0.03,1.0,2,Tilt Up
584,584,157,0.04,0.03,1.0,2,Tilt Up
585,585,158,0.04,0.03,1.0,2,Tilt Up
586,586,159,0.04,0.02,1.0,2,Tilt Up
587,587,160,0.04,0.02,1.0,2,Tilt Up
588,588,161,0.04,0.02,1.0,2,Tilt Up
589,589,162,0.04,0.02,1.0,2,Tilt Up
590,590,163,0.04,0.03,1.0,2,Tilt Up
591,591,164,0.04,0.02,1.0,2,Tilt Up
592,592,165,0.04,0.03,1.0,2,Tilt Up
593,593,166,0.04,0.02,1.0,2,Tilt Up
594,594,167,0.04,0.02,1.0,2,Tilt Up
595,595,168,0.04,0.03,1.0,2,Tilt Up
596,596,169,0.04,0.02,1.0,2,Tilt Up
597,597,170,0.04,0.02,1.0,2,Tilt Up
598,598,171,0.04,0.03,1.0,2,Tilt Up
599,599,172,0.04,0.03,1.0,2,Tilt Up
600,600,173,0.04,0.02,1.0,2,Tilt Up
601,601,174,0.04,0.02,1.0,2,Tilt Up
602,602,175,0.04,0.03,1.0,2,Tilt Up
603,603,176,0.04,0.02,1.0,2,Tilt Up
604,604,177,0.04,0.03,1.0,2,Tilt Up
605,605,178,0.04,0.03,1.0,2,Tilt Up
606,606,179,0.04,0.03,1.0,2,Tilt Up
607,607,180,0.0,0.11,1.0,2,Tilt Up
608,608,181,0.0,0.18,1.21,2,Tilt Up
609,609,182,0.19,-0.03,1.16,2,Tilt Up
610,610,183,0.45,-0.04,0.83,2,Tilt Up
611,611,184,0.68,-0.02,0.6,2,Tilt Up
612,612,185,0.82,0.1,0.41,2,Tilt Up
613,613,186,0.93,0.12,0.16,2,Tilt Up
614,614,187,1.0,0.2,0.19,2,Tilt Up
615,615,188,0.99,0.14,-0.22,2,Tilt Up
616,616,189,0.96,-0.03,0.02,2,Tilt Up
617,617,190,0.84,0.13,0.39,2,Tilt Up
618,618,191,0.51,0.09,1.12,2,Tilt Up
619,619,192,0.46,0.13,0.63,2,Tilt Up
620,620,193,0.24,-0.15,1.0,2,Tilt Up
621,621,194,0.14,-0.09,0.97,2,Tilt Up
622,622,195,0.07,0.06,1.02,2,Tilt Up
623,623,196,0.09,0.1,0.91,2,Tilt Up
624,624,197,-0.0,0.13,0.89,2,Tilt Up
625,625,198,0.06,0.06,1.0,2,Tilt Up
626,626,199,0.04,0.03,1.0,2,Tilt Up
627,627,200,0.04,0.02,1.0,2,Tilt Up
628,628,201,0.04,0.02,1.0,2,Tilt Up
629,629,202,0.04,0.03,1.0,2,Tilt Up
630,630,203,0.04,0.03,1.0,2,Tilt Up
631,631,204,0.04,0.03,1.0,2,Tilt Up
632,632,205,0.04,0.02,1.0,2,Tilt Up
633,633,206,0.04,0.03,1.0,2,Tilt Up
634,634,207,0.04,0.02,1.0,2,Tilt Up
635,635,208,0.04,0.03,1.0,2,Tilt Up
636,636,209,0.04,0.03,1.0,2,Tilt Up
637,637,210,0.04,0.03,1.0,2,Tilt Up
638,638,211,0.04,0.03,1.0,2,Tilt Up
639,639,212,0.04,0.02,1.0,2,Tilt Up
640,640,213,0.04,0.02,1.0,2,Tilt Up
641,641,214,0.04,0.02,1.0,2,Tilt Up
642,642,215,0.04,0.02,1.0,2,Tilt Up
643,643,216,0.04,0.03,1.0,2,Tilt Up
644,644,217,0.04,0.03,1.0,2,Tilt Up
645,645,218,0.04,0.02,1.0,2,Tilt Up
646,646,219,0.04,0.02,1.0,2,Tilt Up
647,647,220,0.04,0.02,1.0,2,Tilt Up
648,648,221,0.04,0.02,1.0,2,Tilt Up
649,649,222,0.04,0.03,1.01,2,Tilt Up
650,650,223,0.04,0.02,1.0,2,Tilt Up
651,651,224,0.04,0.03,1.0,2,Tilt Up
652,652,225,0.04,0.03,1.0,2,Tilt Up
653,653,226,0.04,0.03,1.0,2,Tilt Up
654,654,227,0.04,0.03,1.0,2,Tilt Up
655,655,228,0.05,0.01,0.99,2,Tilt Up
656,656,229,0.11,-0.06,1.41,2,Tilt Up
657,657,230,0.22,0.08,0.91,2,Tilt Up
658,658,231,0.54,0.06,0.78,2,Tilt Up
659,659,232,0.77,0.11,0.54,2,Tilt Up
660,660,233,0.93,0.12,0.46,2,Tilt Up
661,661,234,0.84,0.08,-0.03,2,Tilt Up
662,662,235,0.96,0.07,-0.14,2,Tilt Up
663,663,236,1.02,0.11,-0.13,2,Tilt Up
664,664,237,0.99,0.07,0.04,2,Tilt Up
665,665,238,0.75,-0.17,-0.27,2,Tilt Up
666,666,239,0.63,0.4,1.28,2,Tilt Up
667,667,240,0.57,-0.16,0.92,2,Tilt Up
668,668,241,0.43,-0.05,0.96,2,Tilt Up
669,669,242,0.27,0.1,1.12,2,Tilt Up
670,670,243,0.19,0.14,1.02,2,Tilt Up
671,671,244,0.12,-0.04,1.1,2,Tilt Up
672,672,245,0.08,0.05,1.12,2,Tilt Up
673,673,246,0.05,0.01,0.99,2,Tilt Up
674,674,247,0.04,0.05,1.0,2,Tilt Up
675,675,248,0.04,0.02,1.0,2,Tilt Up
676,676,249,0.04,0.03,1.0,2,Tilt Up
677,677,250,0.04,0.03,1.0,2,Tilt Up
678,678,251,0.04,0.02,1.0,2,Tilt Up
679,679,252,0.04,0.02,1.0,2,Tilt Up
680,680,253,0.04,0.02,1.0,2,Tilt Up
681,681,254,0.04,0.03,1.0,2,Tilt Up
682,682,255,0.04,0.02,1.0,2,Tilt Up
683,683,256,0.04,0.02,1.0,2,Tilt Up
684,684,257,0.04,0.02,1.0,2,Tilt Up
685,685,258,0.04,0.03,1.0,2,Tilt Up
686,686,259,0.04,0.02,1.0,2,Tilt Up
687,687,260,0.04,0.03,1.0,2,Tilt Up
688,688,261,0.04,0.02,1.0,2,Tilt Up
689,689,262,0.04,0.02,1.0,2,Tilt Up
690,690,263,0.04,0.03,1.0,2,Tilt Up
691,691,264,0.04,0.02,1.0,2,Tilt Up
692,692,265,0.04,0.03,1.0,2,Tilt Up
693,693,266,0.04,0.02,1.0,2,Tilt Up
694,694,267,0.04,0.03,1.0,2,Tilt Up
695,695,268,0.04,0.02,1.0,2,Tilt Up
696,696,269,0.04,0.02,1.0,2,Tilt Up
697,697,270,0.04,0.03,1.0,2,Tilt Up
698,698,271,0.04,0.02,1.0,2,Tilt Up
699,699,272,0.04,0.02,1.0,2,Tilt Up
700,700,273,0.04,0.02,1.0,2,Tilt Up
701,701,274,0.04,0.02,1.0,2,Tilt Up
702,702,275,0.04,0.03,1.0,2,Tilt Up
703,703,276,0.03,0.03,1.02,2,Tilt Up
704,704,277,0.06,0.0,1.07,2,Tilt Up
705,705,278,0.21,0.05,1.13,2,Tilt Up
706,706,279,0.5,0.09,0.78,2,Tilt Up
707,707,280,0.64,0.0,0.48,2,Tilt Up
708,708,281,0.88,0.12,0.34,2,Tilt Up
709,709,282,0.98,-0.04,0.15,2,Tilt Up
710,710,283,0.94,0.07,-0.21,2,Tilt Up
711,711,284,0.98,0.21,-0.11,2,Tilt Up
712,712,285,0.98,0.19,-0.07,2,Tilt Up
713,713,286,0.91,0.11,0.13,2,Tilt Up
714,714,287,0.85,0.27,0.77,2,Tilt Up
715,715,288,0.6,-0.11,0.97,2,Tilt Up
716,716,289,0.35,-0.11,1.4,2,Tilt Up
717,717,290,0.25,0.04,0.75,2,Tilt Up
718,718,291,0.15,-0.09,0.91,2,Tilt Up
719,719,292,0.13,0.0,1.08,2,Tilt Up
720,720,293,0.12,0.02,0.8,2,Tilt Up
721,721,294,0.0,-0.06,1.55,2,Tilt Up
722,722,295,0.04,0.02,1.0,2,Tilt Up
723,723,296,0.04,0.02,1.0,2,Tilt Up
724,724,297,0.04,0.03,1.0,2,Tilt Up
725,725,298,0.04,0.03,1.0,2,Tilt Up
726,726,299,0.04,0.03,1.0,2,Tilt Up
727,727,300,0.04,0.03,1.0,2,Tilt Up
728,728,301,0.04,0.03,1.0,2,Tilt Up
729,729,302,0.04,0.03,1.0,2,Tilt Up
730,730,303,0.04,0.03,1.0,2,Tilt Up
731,731,304,0.04,0.03,1.0,2,Tilt Up
732,732,305,0.04,0.03,1.0,2,Tilt Up
733,733,306,0.04,0.03,1.0,2,Tilt Up
734,734,307,0.04,0.03,1.0,2,Tilt Up
735,735,308,0.04,0.03,1.0,2,Tilt Up
736,736,309,0.04,0.03,1.0,2,Tilt Up
737,737,310,0.04,0.03,1.0,2,Tilt Up
738,738,311,0.04,0.03,1.0,2,Tilt Up
739,739,312,0.04,0.02,1.0,2,Tilt Up
740,740,313,0.04,0.03,1.0,2,Tilt Up
741,741,314,0.04,0.02,1.0,2,Tilt Up
742,742,315,0.04,0.02,1.0,2,Tilt Up
743,743,316,0.04,0.03,1.0,2,Tilt Up
744,744,317,0.04,0.02,1.0,2,Tilt Up
745,745,318,0.04,0.03,1.0,2,Tilt Up
746,746,319,0.04,0.02,1.0,2,Tilt Up
747,747,320,0.04,0.03,1.0,2,Tilt Up
748,748,321,0.04,0.01,1.0,2,Tilt Up
749,749,322,0.02,0.06,1.03,2,Tilt Up
750,750,323,0.09,-0.03,1.27,2,Tilt Up
751,751,324,0.23,0.0,0.96,2,Tilt Up
752,752,325,0.53,0.04,0.77,2,Tilt Up
753,753,326,0.78,0.13,0.59,2,Tilt Up
754,754,327,0.89,0.2,0.34,2,Tilt Up
755,755,328,0.92,0.2,0.05,2,Tilt Up
756,756,329,0.99,0.15,-0.08,2,Tilt Up
757,757,330,1.0,0.18,-0.18,2,Tilt Up
758,758,331,1.02,0.44,0.01,2,Tilt Up
759,759,332,0.84,0.26,0.29,2,Tilt Up
760,760,333,0.59,0.06,1.03,2,Tilt Up
761,761,334,0.44,-0.18,0.88,2,Tilt Up
762,762,335,0.38,0.16,0.96,2,Tilt Up
763,763,336,0.24,-0.05,1.13,2,Tilt Up
764,764,337,0.14,0.08,1.14,2,Tilt Up
765,765,338,0.05,0.04,0.89,2,Tilt Up
766,766,339,0.02,0.04,1.0,2,Tilt Up
767,767,340,0.03,0.01,1.0,2,Tilt Up
768,768,341,0.04,0.03,1.0,2,Tilt Up
769,769,342,0.04,0.02,1.0,2,Tilt Up
770,770,343,0.04,0.03,1.0,2,Tilt Up
771,771,344,0.04,0.02,1.0,2,Tilt Up
772,772,345,0.04,0.03,1.0,2,Tilt Up
773,773,346,0.04,0.02,1.0,2,Tilt Up
774,774,347,0.04,0.03,1.0,2,Tilt Up
775,775,348,0.04,0.02,1.0,2,Tilt Up
776,776,349,0.04,0.02,1.0,2,Tilt Up
777,777,350,0.04,0.02,1.0,2,Tilt Up
778,778,351,0.04,0.03,1.0,2,Tilt Up
779,779,352,0.04,0.02,1.0,2,Tilt Up
780,780,353,0.04,0.02,1.0,2,Tilt Up
781,781,354,0.04,0.03,1.0,2,Tilt Up
782,782,355,0.04,0.03,1.0,2,Tilt Up
783,783,356,0.04,0.02,1.0,2,Tilt Up
784,784,357,0.04,0.03,1.0,2,Tilt Up
785,785,358,0.04,0.02,1.0,2,Tilt Up
786,786,359,0.04,0.02,1.0,2,Tilt Up
787,787,360,0.04,0.02,1.0,2,Tilt Up
788,788,361,0.04,0.02,1.0,2,Tilt Up
789,789,0,0.04,0.02,1.0,3,Tilt Up
790,790,1,0.04,0.03,1.0,3,Tilt Up
791,791,2,0.04,0.03,1.0,3,Tilt Up
792,792,3,0.04,0.03,1.0,3,Tilt Up
793,793,4,0.04,0.02,1.0,3,Tilt Up
794,794,5,0.04,0.03,1.0,3,Tilt Up
795,795,6,0.04,0.02,1.0,3,Tilt Up
796,796,7,0.04,0.02,1.0,3,Tilt Up
797,797,8,0.04,0.02,1.0,3,Tilt Up
798,798,9,0.04,0.03,1.0,3,Tilt Up
799,799,10,0.04,0.03,1.0,3,Tilt Up
800,800,11,0.04,0.03,1.0,3,Tilt Up
801,801,12,0.04,0.02,1.0,3,Tilt Up
802,802,13,0.04,0.02,1.0,3,Tilt Up
803,803,14,0.04,0.03,1.0,3,Tilt Up
804,804,15,0.04,0.03,1.0,3,Tilt Up
805,805,16,0.04,0.02,1.0,3,Tilt Up
806,806,17,0.04,0.02,1.0,3,Tilt Up
807,807,18,0.04,0.02,1.0,3,Tilt Up
808,808,19,0.04,0.02,1.0,3,Tilt Up
809,809,20,0.04,0.03,1.0,3,Tilt Up
810,810,21,0.04,0.03,1.0,3,Tilt Up
811,811,22,0.04,0.03,1.0,3,Tilt Up
812,812,23,0.04,0.02,1.0,3,Tilt Up
813,813,24,0.04,0.02,1.0,3,Tilt Up
814,814,25,0.04,0.02,1.0,3,Tilt Up
815,815,26,0.04,0.03,1.0,3,Tilt Up
816,816,27,0.04,0.02,1.0,3,Tilt Up
817,817,28,0.04,0.03,1.0,3,Tilt Up
818,818,29,0.04,0.03,1.0,3,Tilt Up
819,819,30,0.04,0.03,1.0,3,Tilt Up
820,820,31,0.04,0.02,1.0,3,Tilt Up
821,821,32,0.04,0.02,1.0,3,Tilt Up
822,822,33,0.04,0.03,1.0,3,Tilt Up
823,823,34,0.04,0.02,1.0,3,Tilt Up
824,824,35,0.04,0.03,1.0,3,Tilt Up
825,825,36,0.04,0.03,1.0,3,Tilt Up
826,826,37,0.05,0.03,1.0,3,Tilt Up
827,827,38,0.04,0.02,1.01,3,Tilt Up
828,828,39,0.03,0.04,1.01,3,Tilt Up
829,829,40,0.05,0.1,1.07,3,Tilt Up
830,830,41,0.15,0.05,1.04,3,Tilt Up
831,831,42,0.25,0.11,0.95,3,Tilt Up
832,832,43,0.37,0.05,0.89,3,Tilt Up
833,833,44,0.49,0.08,0.87,3,Tilt Up
834,834,45,0.54,0.12,0.8,3,Tilt Up
835,835,46,0.54,0.1,0.84,3,Tilt Up
836,836,47,0.51,0.13,0.79,3,Tilt Up
837,837,48,0.37,0.11,1.02,3,Tilt Up
838,838,49,0.28,0.11,0.91,3,Tilt Up
839,839,50,0.19,0.11,1.0,3,Tilt Up
840,840,51,0.14,0.05,1.02,3,Tilt Up
841,841,52,0.09,0.04,0.96,3,Tilt Up
842,842,53,0.05,0.02,1.0,3,Tilt Up
843,843,54,0.04,0.0,1.0,3,Tilt Up
844,844,55,0.04,0.09,1.02,3,Tilt Up
845,845,56,0.04,0.03,1.0,3,Tilt Up
846,846,57,0.04,0.03,1.0,3,Tilt Up
847,847,58,0.04,0.03,1.0,3,Tilt Up
848,848,59,0.04,0.03,1.0,3,Tilt Up
849,849,60,0.04,0.03,1.0,3,Tilt Up
850,850,61,0.04,0.02,1.0,3,Tilt Up
851,851,62,0.04,0.03,1.0,3,Tilt Up
852,852,63,0.04,0.03,1.0,3,Tilt Up
853,853,64,0.04,0.03,1.0,3,Tilt Up
854,854,65,0.04,0.03,1.0,3,Tilt Up
855,855,66,0.04,0.02,1.0,3,Tilt Up
856,856,67,0.04,0.02,1.0,3,Tilt Up
857,857,68,0.04,0.02,1.0,3,Tilt Up
858,858,69,0.04,0.03,1.0,3,Tilt Up
859,859,70,0.04,0.03,1.0,3,Tilt Up
860,860,71,0.04,0.02,1.01,3,Tilt Up
861,861,72,0.04,0.02,1.0,3,Tilt Up
862,862,73,0.04,0.02,1.0,3,Tilt Up
863,863,74,0.04,0.02,1.0,3,Tilt Up
864,864,75,0.04,0.02,1.0,3,Tilt Up
865,865,76,0.04,0.03,1.0,3,Tilt Up
866,866,77,0.04,0.03,1.0,3,Tilt Up
867,867,78,0.04,0.02,1.0,3,Tilt Up
868,868,79,0.04,0.02,1.0,3,Tilt Up
869,869,80,0.04,0.03,1.0,3,Tilt Up
870,870,81,0.04,0.02,1.0,3,Tilt Up
871,871,82,0.04,0.02,1.0,3,Tilt Up
872,872,83,0.04,0.02,1.0,3,Tilt Up
873,873,84,0.04,0.03,1.0,3,Tilt Up
874,874,85,0.04,0.03,1.0,3,Tilt Up
875,875,86,0.04,0.03,1.0,3,Tilt Up
876,876,87,0.03,0.05,1.01,3,Tilt Up
877,877,88,0.14,0.05,1.17,3,Tilt Up
878,878,89,0.24,0.05,0.9,3,Tilt Up
879,879,90,0.41,0.05,0.97,3,Tilt Up
880,880,91,0.48,0.05,0.8,3,Tilt Up
881,881,92,0.6,0.11,0.75,3,Tilt Up
882,882,93,0.65,0.09,0.72,3,Tilt Up
883,883,94,0.67,0.12,0.74,3,Tilt Up
884,884,95,0.67,0.08,0.82,3,Tilt Up
885,885,96,0.66,0.1,0.71,3,Tilt Up
886,886,97,0.68,0.11,0.82,3,Tilt Up
887,887,98,0.68,0.11,0.75,3,Tilt Up
888,888,99,0.62,0.08,0.67,3,Tilt Up
889,889,100,0.44,0.04,0.79,3,Tilt Up
890,890,101,0.32,0.21,1.13,3,Tilt Up
891,891,102,0.17,0.13,1.01,3,Tilt Up
892,892,103,0.12,0.07,1.04,3,Tilt Up
893,893,104,0.07,0.12,0.96,3,Tilt Up
894,894,105,0.06,0.01,1.02,3,Tilt Up
895,895,106,0.04,0.03,1.0,3,Tilt Up
896,896,107,0.04,0.03,1.0,3,Tilt Up
897,897,108,0.04,0.03,1.0,3,Tilt Up
898,898,109,0.04,0.03,1.0,3,Tilt Up
899,899,110,0.04,0.02,1.0,3,Tilt Up
900,900,111,0.04,0.02,1.0,3,Tilt Up
901,901,112,0.04,0.03,1.0,3,Tilt Up
902,902,113,0.04,0.02,1.0,3,Tilt Up
903,903,114,0.04,0.02,1.0,3,Tilt Up
904,904,115,0.04,0.02,1.0,3,Tilt Up
905,905,116,0.04,0.03,1.0,3,Tilt Up
906,906,117,0.04,0.02,1.0,3,Tilt Up
907,907,118,0.04,0.03,1.0,3,Tilt Up
908,908,119,0.04,0.03,1.0,3,Tilt Up
909,909,120,0.04,0.02,1.0,3,Tilt Up
910,910,121,0.04,0.03,1.0,3,Tilt Up
911,911,122,0.04,0.03,1.0,3,Tilt Up
912,912,123,0.04,0.02,1.0,3,Tilt Up
913,913,124,0.04,0.02,1.0,3,Tilt Up
914,914,125,0.04,0.03,1.0,3,Tilt Up
915,915,126,0.04,0.03,1.0,3,Tilt Up
916,916,127,0.04,0.03,1.0,3,Tilt Up
917,917,128,0.04,0.03,1.0,3,Tilt Up
918,918,129,0.04,0.02,1.0,3,Tilt Up
919,919,130,0.04,0.03,1.0,3,Tilt Up
920,920,131,0.04,0.02,1.0,3,Tilt Up
921,921,132,0.04,0.02,1.0,3,Tilt Up
922,922,133,0.04,0.03,1.0,3,Tilt Up
923,923,134,0.04,0.03,1.0,3,Tilt Up
924,924,135,0.04,0.03,1.0,3,Tilt Up
925,925,136,0.04,0.02,1.0,3,Tilt Up
926,926,137,0.01,0.09,1.0,3,Tilt Up
927,927,138,0.15,0.01,1.13,3,Tilt Up
928,928,139,0.25,0.05,0.98,3,Tilt Up
929,929,140,0.39,0.11,0.82,3,Tilt Up
930,930,141,0.52,0.09,0.75,3,Tilt Up
931,931,142,0.66,0.12,0.77,3,Tilt Up
932,932,143,0.72,0.11,0.64,3,Tilt Up
933,933,144,0.75,0.13,0.66,3,Tilt Up
934,934,145,0.77,0.13,0.66,3,Tilt Up
935,935,146,0.75,0.14,0.66,3,Tilt Up
936,936,147,0.68,0.12,0.67,3,Tilt Up
937,937,148,0.49,0.08,0.8,3,Tilt Up
938,938,149,0.32,0.14,0.95,3,Tilt Up
939,939,150,0.2,0.09,1.03,3,Tilt Up
940,940,151,0.12,0.14,1.03,3,Tilt Up
941,941,152,0.07,0.09,0.99,3,Tilt Up
942,942,153,0.08,0.14,1.06,3,Tilt Up
943,943,154,0.02,0.03,0.98,3,Tilt Up
944,944,155,0.04,0.01,1.0,3,Tilt Up
945,945,156,0.04,0.02,1.0,3,Tilt Up
946,946,157,0.04,0.02,1.0,3,Tilt Up
947,947,158,0.04,0.02,1.0,3,Tilt Up
948,948,159,0.04,0.03,1.0,3,Tilt Up
949,949,160,0.04,0.03,1.0,3,Tilt Up
950,950,161,0.04,0.03,1.0,3,Tilt Up
951,951,162,0.04,0.03,1.0,3,Tilt Up
952,952,163,0.04,0.02,1.0,3,Tilt Up
953,953,164,0.04,0.02,1.0,3,Tilt Up
954,954,165,0.04,0.02,1.0,3,Tilt Up
955,955,166,0.04,0.03,1.0,3,Tilt Up
956,956,167,0.04,0.03,1.0,3,Tilt Up
957,957,168,0.04,0.02,1.0,3,Tilt Up
958,958,169,0.04,0.02,1.0,3,Tilt Up
959,959,170,0.04,0.03,1.0,3,Tilt Up
960,960,171,0.04,0.02,1.0,3,Tilt Up
961,961,172,0.04,0.03,1.0,3,Tilt Up
962,962,173,0.04,0.02,1.0,3,Tilt Up
963,963,174,0.04,0.03,1.0,3,Tilt Up
964,964,175,0.04,0.02,1.0,3,Tilt Up
965,965,176,0.04,0.03,1.0,3,Tilt Up
966,966,177,0.04,0.02,1.0,3,Tilt Up
967,967,178,0.04,0.02,1.0,3,Tilt Up
968,968,179,0.04,0.02,1.0,3,Tilt Up
969,969,180,0.04,0.03,1.0,3,Tilt Up
970,970,181,0.03,0.03,1.0,3,Tilt Up
971,971,182,0.04,0.02,1.0,3,Tilt Up
972,972,183,0.04,0.03,1.0,3,Tilt Up
973,973,184,0.04,0.02,1.0,3,Tilt Up
974,974,185,0.04,0.02,1.0,3,Tilt Up
975,975,186,0.04,0.03,1.0,3,Tilt Up
976,976,187,0.0,0.04,1.02,3,Tilt Up
977,977,188,0.18,0.03,1.2,3,Tilt Up
978,978,189,0.28,0.04,0.98,3,Tilt Up
979,979,190,0.51,0.04,0.77,3,Tilt Up
980,980,191,0.65,0.05,0.79,3,Tilt Up
981,981,192,0.71,0.16,0.71,3,Tilt Up
982,982,193,0.72,0.1,0.64,3,Tilt Up
983,983,194,0.74,0.12,0.63,3,Tilt Up
984,984,195,0.7,0.12,0.64,3,Tilt Up
985,985,196,0.65,0.16,0.74,3,Tilt Up
986,986,197,0.5,0.16,0.68,3,Tilt Up
987,987,198,0.36,0.15,1.05,3,Tilt Up
988,988,199,0.2,0.14,0.97,3,Tilt Up
989,989,200,0.13,0.14,1.09,3,Tilt Up
990,990,201,0.09,0.07,1.02,3,Tilt Up
991,991,202,0.04,0.02,1.02,3,Tilt Up
992,992,203,0.03,0.06,1.0,3,Tilt Up
993,993,204,0.04,0.04,1.0,3,Tilt Up
994,994,205,0.04,0.03,1.0,3,Tilt Up
995,995,206,0.04,0.02,1.0,3,Tilt Up
996,996,207,0.04,0.03,1.0,3,Tilt Up
997,997,208,0.04,0.02,1.0,3,Tilt Up
998,998,209,0.04,0.03,1.0,3,Tilt Up
999,999,210,0.04,0.03,1.0,3,Tilt Up
1000,1000,211,0.04,0.02,1.0,3,Tilt Up
1001,1001,212,0.04,0.03,1.0,3,Tilt Up
1002,1002,213,0.04,0.03,1.0,3,Tilt Up
1003,1003,214,0.04,0.03,1.0,3,Tilt Up
1004,1004,215,0.04,0.03,1.0,3,Tilt Up
1005,1005,216,0.04,0.02,1.0,3,Tilt Up
1006,1006,217,0.04,0.03,1.0,3,Tilt Up
1007,1007,218,0.04,0.03,1.0,3,Tilt Up
1008,1008,219,0.04,0.02,1.0,3,Tilt Up
1009,1009,220,0.04,0.02,1.0,3,Tilt Up
1010,1010,221,0.04,0.03,1.0,3,Tilt Up
1011,1011,222,0.04,0.02,1.0,3,Tilt Up
1012,1012,223,0.04,0.03,1.0,3,Tilt Up
1013,1013,224,0.04,0.02,1.0,3,Tilt Up
1014,1014,225,0.04,0.02,1.0,3,Tilt Up
1015,1015,226,0.04,0.03,1.0,3,Tilt Up
1016,1016,227,0.04,0.03,1.0,3,Tilt Up
1017,1017,228,0.04,0.03,1.0,3,Tilt Up
1018,1018,229,0.04,0.02,1.0,3,Tilt Up
1019,1019,230,0.04,0.03,1.0,3,Tilt Up
1020,1020,231,0.04,0.02,1.0,3,Tilt Up
1021,1021,232,0.04,0.03,1.0,3,Tilt Up
1022,1022,233,0.04,0.03,1.0,3,Tilt Up
1023,1023,234,0.04,0.03,1.0,3,Tilt Up
1024,1024,235,0.04,0.02,1.0,3,Tilt Up
1025,1025,236,0.01,0.04,1.03,3,Tilt Up
1026,1026,237,0.11,0.03,1.05,3,Tilt Up
1027,1027,238,0.2,0.08,1.03,3,Tilt Up
1028,1028,239,0.39,0.09,0.86,3,Tilt Up
1029,1029,240,0.55,0.12,0.79,3,Tilt Up
1030,1030,241,0.62,0.13,0.77,3,Tilt Up
1031,1031,242,0.66,0.19,0.75,3,Tilt Up
1032,1032,243,0.68,0.13,0.73,3,Tilt Up
1033,1033,244,0.68,0.13,0.78,3,Tilt Up
1034,1034,245,0.61,0.14,0.66,3,Tilt Up
1035,1035,246,0.54,0.14,0.88,3,Tilt Up
1036,1036,247,0.39,0.18,0.87,3,Tilt Up
1037,1037,248,0.22,0.11,1.05,3,Tilt Up
1038,1038,249,0.12,0.16,0.98,3,Tilt Up
1039,1039,250,0.07,0.06,1.01,3,Tilt Up
1040,1040,251,0.06,0.11,0.96,3,Tilt Up
1041,1041,252,0.04,0.04,1.0,3,Tilt Up
1042,1042,253,0.03,0.04,1.0,3,Tilt Up
1043,1043,254,0.04,0.03,1.0,3,Tilt Up
1044,1044,255,0.04,0.02,1.0,3,Tilt Up
1045,1045,256,0.04,0.03,1.0,3,Tilt Up
1046,1046,257,0.04,0.02,1.0,3,Tilt Up
1047,1047,258,0.04,0.03,1.0,3,Tilt Up
1048,1048,259,0.04,0.02,1.0,3,Tilt Up
1049,1049,260,0.04,0.03,1.0,3,Tilt Up
1050,1050,261,0.04,0.03,1.0,3,Tilt Up
1051,1051,262,0.04,0.03,1.0,3,Tilt Up
1052,1052,263,0.04,0.02,1.0,3,Tilt Up
1053,1053,264,0.04,0.02,1.0,3,Tilt Up
1054,1054,265,0.04,0.03,1.0,3,Tilt Up
1055,1055,266,0.04,0.02,1.0,3,Tilt Up
1056,1056,267,0.04,0.02,1.0,3,Tilt Up
1057,1057,268,0.04,0.02,1.0,3,Tilt Up
1058,1058,269,0.04,0.03,1.0,3,Tilt Up
1059,1059,270,0.04,0.02,1.0,3,Tilt Up
1060,1060,271,0.04,0.03,1.0,3,Tilt Up
1061,1061,272,0.04,0.03,1.0,3,Tilt Up
1062,1062,273,0.04,0.03,1.0,3,Tilt Up
1063,1063,274,0.04,0.02,1.0,3,Tilt Up
1064,1064,275,0.04,0.03,1.0,3,Tilt Up
1065,1065,276,0.04,0.03,1.0,3,Tilt Up
1066,1066,277,0.04,0.02,1.0,3,Tilt Up
1067,1067,278,0.04,0.03,1.0,3,Tilt Up
1068,1068,279,0.04,0.03,1.0,3,Tilt Up
1069,1069,280,0.04,0.03,1.0,3,Tilt Up
1070,1070,281,0.04,0.02,1.0,3,Tilt Up
1071,1071,282,0.04,0.02,1.0,3,Tilt Up
1072,1072,283,0.04,0.02,1.0,3,Tilt Up
1073,1073,284,0.01,0.03,1.0,3,Tilt Up
1074,1074,285,0.07,0.02,1.06,3,Tilt Up
1075,1075,286,0.24,0.07,1.11,3,Tilt Up
1076,1076,287,0.37,0.17,0.79,3,Tilt Up
1077,1077,288,0.68,0.11,0.74,3,Tilt Up
1078,1078,289,0.74,0.19,0.64,3,Tilt Up
1079,1079,290,0.73,0.16,0.6,3,Tilt Up
1080,1080,291,0.75,0.11,0.61,3,Tilt Up
1081,1081,292,0.68,0.15,0.71,3,Tilt Up
1082,1082,293,0.53,0.25,0.7,3,Tilt Up
1083,1083,294,0.32,0.07,1.34,3,Tilt Up
1084,1084,295,0.2,0.15,0.85,3,Tilt Up
1085,1085,296,0.1,0.1,1.09,3,Tilt Up
1086,1086,297,0.08,0.09,1.01,3,Tilt Up
1087,1087,298,0.07,0.14,1.1,3,Tilt Up
1088,1088,299,0.03,0.05,0.99,3,Tilt Up
1089,1089,300,0.04,0.02,1.02,3,Tilt Up
1090,1090,301,0.04,0.03,1.0,3,Tilt Up
1091,1091,302,0.04,0.03,1.0,3,Tilt Up
1092,1092,303,0.04,0.03,1.0,3,Tilt Up
1093,1093,304,0.04,0.03,1.0,3,Tilt Up
1094,1094,305,0.04,0.03,1.0,3,Tilt Up
1095,1095,306,0.04,0.02,1.0,3,Tilt Up
1096,1096,307,0.04,0.03,1.0,3,Tilt Up
1097,1097,308,0.04,0.02,1.0,3,Tilt Up
1098,1098,309,0.04,0.02,1.0,3,Tilt Up
1099,1099,310,0.04,0.02,1.0,3,Tilt Up
1100,1100,311,0.04,0.02,1.0,3,Tilt Up
1101,1101,312,0.04,0.03,1.0,3,Tilt Up
1102,1102,313,0.04,0.03,1.0,3,Tilt Up
1103,1103,314,0.04,0.03,1.0,3,Tilt Up
1104,1104,315,0.04,0.02,1.0,3,Tilt Up
1105,1105,316,0.04,0.03,1.0,3,Tilt Up
1106,1106,317,0.04,0.03,1.0,3,Tilt Up
1107,1107,318,0.04,0.03,1.0,3,Tilt Up
1108,1108,319,0.04,0.02,1.0,3,Tilt Up
1109,1109,320,0.04,0.02,1.0,3,Tilt Up
1110,1110,321,0.04,0.02,1.0,3,Tilt Up
1111,1111,322,0.04,0.03,1.0,3,Tilt Up
1112,1112,323,0.04,0.03,1.0,3,Tilt Up
1113,1113,324,0.04,0.02,1.0,3,Tilt Up
1114,1114,325,0.04,0.03,1.0,3,Tilt Up
1115,1115,326,0.04,0.02,1.0,3,Tilt Up
1116,1116,327,0.04,0.02,1.0,3,Tilt Up
1117,1117,328,0.04,0.03,1.0,3,Tilt Up
1118,1118,329,0.04,0.02,1.01,3,Tilt Up
1119,1119,330,0.02,0.03,1.0,3,Tilt Up
1120,1120,331,0.09,0.06,1.07,3,Tilt Up
1121,1121,332,0.23,0.09,1.02,3,Tilt Up
1122,1122,333,0.43,-0.03,0.78,3,Tilt Up
1123,1123,334,0.6,0.04,0.8,3,Tilt Up
1124,1124,335,0.68,0.14,0.65,3,Tilt Up
1125,1125,336,0.69,0.14,0.7,3,Tilt Up
1126,1126,337,0.71,0.11,0.75,3,Tilt Up
1127,1127,338,0.68,0.11,0.65,3,Tilt Up
1128,1128,339,0.54,0.12,0.86,3,Tilt Up
1129,1129,340,0.45,0.13,0.92,3,Tilt Up
1130,1130,341,0.25,0.08,0.91,3,Tilt Up
1131,1131,342,0.17,0.12,1.06,3,Tilt Up
1132,1132,343,0.11,0.13,1.0,3,Tilt Up
1133,1133,344,0.08,0.08,1.0,3,Tilt Up
1134,1134,345,0.07,0.06,1.01,3,Tilt Up
1135,1135,346,0.04,0.02,1.0,3,Tilt Up
1136,1136,347,0.04,0.03,1.0,3,Tilt Up
1137,1137,348,0.04,0.02,1.0,3,Tilt Up
1138,1138,349,0.04,0.02,1.0,3,Tilt Up
1139,1139,350,0.04,0.02,1.0,3,Tilt Up
1140,1140,351,0.04,0.02,1.0,3,Tilt Up
1141,1141,352,0.04,0.03,1.0,3,Tilt Up
1142,1142,353,0.04,0.02,1.0,3,Tilt Up
1143,1143,354,0.04,0.03,1.0,3,Tilt Up
1144,1144,355,0.04,0.03,1.0,3,Tilt Up
1145,1145,356,0.04,0.03,1.0,3,Tilt Up
1146,1146,357,0.04,0.02,1.0,3,Tilt Up
1147,1147,358,0.04,0.03,1.0,3,Tilt Up
1148,1148,359,0.04,0.03,1.0,3,Tilt Up
1149,1149,360,0.04,0.03,1.0,3,Tilt Up
1150,1150,361,0.04,0.02,1.0,3,Tilt Up
1151,1151,362,0.04,0.03,1.0,3,Tilt Up
1152,1152,363,0.04,0.03,1.0,3,Tilt Up
1153,1153,364,0.04,0.03,1.0,3,Tilt Up
1154,1154,365,0.04,0.02,1.0,3,Tilt Up
1155,1155,366,0.04,0.03,1.0,3,Tilt Up
1156,1156,367,0.04,0.02,1.0,3,Tilt Up
1157,1157,368,0.04,0.03,1.0,3,Tilt Up
1158,1158,369,0.04,0.03,1.0,3,Tilt Up
1159,1159,370,0.04,0.02,1.0,3,Tilt Up
1160,1160,371,0.04,0.03,1.0,3,Tilt Up
1161,1161,372,0.04,0.03,1.0,3,Tilt Up
1162,1162,373,0.04,0.03,1.0,3,Tilt Up
1163,1163,374,0.04,0.03,1.0,3,Tilt Up
1164,1164,375,0.04,0.03,1.0,3,Tilt Up
1165,1165,376,0.04,0.02,1.0,3,Tilt Up
1166,1166,377,0.02,0.03,1.01,3,Tilt Up
1167,1167,378,0.02,0.07,1.2,3,Tilt Up
1168,1168,379,0.15,0.03,1.04,3,Tilt Up
1169,1169,380,0.3,0.07,0.91,3,Tilt Up
1170,1170,381,0.5,0.06,0.91,3,Tilt Up
1171,1171,382,0.61,0.13,0.77,3,Tilt Up
1172,1172,383,0.67,0.11,0.61,3,Tilt Up
1173,1173,384,0.71,0.13,0.73,3,Tilt Up
1174,1174,385,0.74,0.09,0.73,3,Tilt Up
1175,1175,386,0.72,0.1,0.7,3,Tilt Up
1176,1176,387,0.72,0.11,0.7,3,Tilt Up
1177,1177,388,0.62,0.09,0.55,3,Tilt Up
1178,1178,389,0.5,0.17,0.95,3,Tilt Up
1179,1179,390,0.32,0.11,0.85,3,Tilt Up
1180,1180,391,0.2,0.06,1.1,3,Tilt Up
1181,1181,392,0.12,0.09,1.02,3,Tilt Up
1182,1182,393,0.07,0.08,1.01,3,Tilt Up
1183,1183,394,0.04,0.05,0.99,3,Tilt Up
1184,1184,395,0.04,0.03,1.0,3,Tilt Up
1185,1185,396,0.04,0.03,1.0,3,Tilt Up
1186,1186,397,0.04,0.03,1.0,3,Tilt Up
1187,1187,398,0.04,0.02,1.0,3,Tilt Up
1188,1188,399,0.04,0.03,1.0,3,Tilt Up
1189,1189,400,0.04,0.03,1.0,3,Tilt Up
1190,1190,401,0.04,0.03,1.0,3,Tilt Up
1191,1191,402,0.04,0.03,1.0,3,Tilt Up
1192,1192,403,0.04,0.02,1.0,3,Tilt Up
1193,1193,404,0.04,0.03,1.0,3,Tilt Up
1194,1194,405,0.04,0.03,1.0,3,Tilt Up
1195,1195,406,0.04,0.02,1.0,3,Tilt Up
1196,1196,407,0.04,0.03,1.0,3,Tilt Up
1197,1197,408,0.04,0.02,1.0,3,Tilt Up
1198,1198,409,0.04,0.03,1.0,3,Tilt Up
1199,1199,410,0.04,0.03,1.0,3,Tilt Up
1200,1200,411,0.04,0.02,1.0,3,Tilt Up
1201,1201,412,0.04,0.02,1.0,3,Tilt Up
1202,1202,413,0.04,0.02,1.0,3,Tilt Up
1203,1203,414,0.04,0.03,1.0,3,Tilt Up
1204,1204,415,0.04,0.02,1.0,3,Tilt Up
1205,1205,416,0.04,0.03,1.0,3,Tilt Up
1206,1206,417,0.04,0.03,1.0,3,Tilt Up
1207,1207,418,0.04,0.02,1.0,3,Tilt Up
1208,1208,419,0.04,0.03,1.0,3,Tilt Up
1209,1209,420,0.04,0.02,1.0,3,Tilt Up
1210,1210,421,0.04,0.02,1.0,3,Tilt Up
1211,1211,422,0.04,0.02,1.0,3,Tilt Up
1212,1212,423,0.04,0.03,1.0,3,Tilt Up
1213,1213,424,0.04,0.03,1.0,3,Tilt Up
1214,1214,425,0.04,0.03,1.0,3,Tilt Up
1215,1215,426,0.05,0.03,1.0,3,Tilt Up
1216,1216,427,0.01,0.04,1.0,3,Tilt Up
1217,1217,428,0.11,-0.02,1.02,3,Tilt Up
1218,1218,429,0.24,0.11,1.01,3,Tilt Up
1219,1219,430,0.43,0.04,0.78,3,Tilt Up
1220,1220,431,0.6,0.05,0.71,3,Tilt Up
1221,1221,432,0.68,0.1,0.71,3,Tilt Up
1222,1222,433,0.71,0.14,0.67,3,Tilt Up
1223,1223,434,0.7,0.1,0.68,3,Tilt Up
1224,1224,435,0.59,0.12,0.64,3,Tilt Up
1225,1225,436,0.41,0.13,0.94,3,Tilt Up
1226,1226,437,0.25,0.08,1.06,3,Tilt Up
1227,1227,438,0.14,0.15,1.06,3,Tilt Up
1228,1228,439,0.05,0.1,0.98,3,Tilt Up
1229,1229,440,0.04,0.05,1.14,3,Tilt Up
1230,1230,441,0.03,0.03,1.0,3,Tilt Up
1231,1231,442,0.04,0.02,1.0,3,Tilt Up
1232,1232,443,0.04,0.02,1.0,3,Tilt Up
1233,1233,444,0.04,0.02,1.0,3,Tilt Up
1234,1234,445,0.04,0.02,1.0,3,Tilt Up
1235,1235,446,0.04,0.02,1.0,3,Tilt Up
1236,1236,447,0.04,0.02,1.0,3,Tilt Up
1237,1237,448,0.04,0.03,1.0,3,Tilt Up
1238,1238,449,0.04,0.02,1.0,3,Tilt Up
1239,1239,450,0.04,0.02,1.0,3,Tilt Up
1240,1240,451,0.04,0.03,1.0,3,Tilt Up
1241,1241,452,0.04,0.03,1.0,3,Tilt Up
1242,1242,453,0.04,0.03,1.01,3,Tilt Up
1243,1243,454,0.04,0.03,1.0,3,Tilt Up
1244,1244,455,0.03,0.03,1.0,3,Tilt Up
1245,1245,456,0.04,0.03,1.0,3,Tilt Up
1246,1246,457,0.04,0.04,1.0,3,Tilt Up
1247,1247,458,0.04,0.02,1.0,3,Tilt Up
1248,1248,459,0.04,0.03,1.0,3,Tilt Up
1249,1249,460,0.04,0.03,1.0,3,Tilt Up
1250,1250,461,0.04,0.03,1.0,3,Tilt Up
1251,1251,462,0.04,0.03,1.0,3,Tilt Up
1252,1252,463,0.04,0.02,1.0,3,Tilt Up
1253,1253,464,0.04,0.03,1.0,3,Tilt Up
1254,1254,465,0.04,0.03,1.0,3,Tilt Up
1255,1255,466,0.04,0.03,1.0,3,Tilt Up
1256,1256,467,0.04,0.02,1.0,3,Tilt Up
1257,1257,0,0.04,0.05,1.0,4,Tilt Up
1258,1258,1,0.04,0.05,1.0,4,Tilt Up
1259,1259,2,0.04,0.05,1.0,4,Tilt Up
1260,1260,3,0.04,0.05,1.0,4,Tilt Up
1261,1261,4,0.04,0.04,1.0,4,Tilt Up
1262,1262,5,0.04,0.05,1.0,4,Tilt Up
1263,1263,6,0.05,0.05,1.0,4,Tilt Up
1264,1264,7,0.04,0.05,1.0,4,Tilt Up
1265,1265,8,0.04,0.05,1.0,4,Tilt Up
1266,1266,9,0.04,0.05,1.0,4,Tilt Up
1267,1267,10,0.04,0.05,1.0,4,Tilt Up
1268,1268,11,0.04,0.05,1.0,4,Tilt Up
1269,1269,12,0.04,0.04,1.0,4,Tilt Up
1270,1270,13,0.04,0.05,1.0,4,Tilt Up
1271,1271,14,0.05,0.05,1.0,4,Tilt Up
1272,1272,15,0.04,0.05,1.0,4,Tilt Up
1273,1273,16,0.04,0.04,1.0,4,Tilt Up
1274,1274,17,0.04,0.05,1.0,4,Tilt Up
1275,1275,18,0.04,0.05,1.0,4,Tilt Up
1276,1276,19,0.04,0.05,1.0,4,Tilt Up
1277,1277,20,0.04,0.04,1.0,4,Tilt Up
1278,1278,21,0.04,0.05,1.0,4,Tilt Up
1279,1279,22,0.04,0.05,1.0,4,Tilt Up
1280,1280,23,0.04,0.05,1.0,4,Tilt Up
1281,1281,24,0.04,0.05,1.0,4,Tilt Up
1282,1282,25,0.04,0.05,1.0,4,Tilt Up
1283,1283,26,0.04,0.04,1.0,4,Tilt Up
1284,1284,27,0.04,0.05,1.0,4,Tilt Up
1285,1285,28,0.04,0.05,1.0,4,Tilt Up
1286,1286,29,0.04,0.05,1.0,4,Tilt Up
1287,1287,30,0.04,0.05,1.0,4,Tilt Up
1288,1288,31,0.04,0.04,1.0,4,Tilt Up
1289,1289,32,0.04,0.05,1.0,4,Tilt Up
1290,1290,33,0.04,0.04,1.0,4,Tilt Up
1291,1291,34,0.04,0.05,1.0,4,Tilt Up
1292,1292,35,0.04,0.05,1.0,4,Tilt Up
1293,1293,36,0.04,0.05,1.0,4,Tilt Up
1294,1294,37,0.04,0.04,1.0,4,Tilt Up
1295,1295,38,0.04,0.05,1.0,4,Tilt Up
1296,1296,39,0.04,0.04,1.0,4,Tilt Up
1297,1297,40,0.04,0.05,1.0,4,Tilt Up
1298,1298,41,0.04,0.05,1.0,4,Tilt Up
1299,1299,42,0.04,0.05,1.0,4,Tilt Up
1300,1300,43,0.04,0.04,1.0,4,Tilt Up
1301,1301,44,0.04,0.04,1.0,4,Tilt Up
1302,1302,45,0.04,0.04,1.0,4,Tilt Up
1303,1303,46,0.04,0.04,1.0,4,Tilt Up
1304,1304,47,0.02,0.06,1.0,4,Tilt Up
1305,1305,48,0.01,-0.04,1.08,4,Tilt Up
1306,1306,49,0.04,0.09,1.06,4,Tilt Up
1307,1307,50,0.12,0.06,0.95,4,Tilt Up
1308,1308,51,0.18,0.06,1.04,4,Tilt Up
1309,1309,52,0.29,0.12,1.03,4,Tilt Up
1310,1310,53,0.45,0.17,0.8,4,Tilt Up
1311,1311,54,0.67,0.14,0.75,4,Tilt Up
1312,1312,55,0.78,0.09,0.54,4,Tilt Up
1313,1313,56,0.88,0.02,0.6,4,Tilt Up
1314,1314,57,0.9,0.06,0.36,4,Tilt Up
1315,1315,58,0.99,0.15,0.31,4,Tilt Up
1316,1316,59,0.93,0.05,0.24,4,Tilt Up
1317,1317,60,0.91,0.06,0.27,4,Tilt Up
1318,1318,61,0.91,0.05,0.56,4,Tilt Up
1319,1319,62,0.8,0.12,0.64,4,Tilt Up
1320,1320,63,0.66,0.11,0.52,4,Tilt Up
1321,1321,64,0.49,0.09,0.87,4,Tilt Up
1322,1322,65,0.36,0.14,1.05,4,Tilt Up
1323,1323,66,0.29,0.18,0.98,4,Tilt Up
1324,1324,67,0.23,0.12,0.91,4,Tilt Up
1325,1325,68,0.15,0.08,1.08,4,Tilt Up
1326,1326,69,0.12,0.07,1.03,4,Tilt Up
1327,1327,70,0.07,0.04,0.95,4,Tilt Up
1328,1328,71,0.07,0.05,0.84,4,Tilt Up
1329,1329,72,-0.02,0.1,0.96,4,Tilt Up
1330,1330,73,0.05,0.05,1.0,4,Tilt Up
1331,1331,74,0.04,0.04,1.0,4,Tilt Up
1332,1332,75,0.04,0.04,1.0,4,Tilt Up
1333,1333,76,0.04,0.04,1.0,4,Tilt Up
1334,1334,77,0.02,0.05,0.97,4,Tilt Up
1335,1335,78,0.04,0.04,1.0,4,Tilt Up
1336,1336,79,0.04,0.05,1.0,4,Tilt Up
1337,1337,80,0.04,0.05,1.0,4,Tilt Up
1338,1338,81,0.04,0.05,1.0,4,Tilt Up
1339,1339,82,0.04,0.07,0.96,4,Tilt Up
1340,1340,83,0.04,0.05,1.0,4,Tilt Up
1341,1341,84,0.04,0.04,1.0,4,Tilt Up
1342,1342,85,0.04,0.04,1.0,4,Tilt Up
1343,1343,86,0.04,0.04,1.0,4,Tilt Up
1344,1344,87,0.04,0.05,1.0,4,Tilt Up
1345,1345,88,0.04,0.05,1.0,4,Tilt Up
1346,1346,89,0.04,0.05,1.0,4,Tilt Up
1347,1347,90,0.04,0.05,1.0,4,Tilt Up
1348,1348,91,0.04,0.05,1.0,4,Tilt Up
1349,1349,92,0.04,0.04,1.0,4,Tilt Up
1350,1350,93,0.04,0.05,1.0,4,Tilt Up
1351,1351,94,0.04,0.04,1.0,4,Tilt Up
1352,1352,95,0.04,0.04,1.0,4,Tilt Up
1353,1353,96,0.04,0.04,1.0,4,Tilt Up
1354,1354,97,0.04,0.05,1.0,4,Tilt Up
1355,1355,98,0.04,0.04,1.0,4,Tilt Up
1356,1356,99,0.04,0.05,1.0,4,Tilt Up
1357,1357,100,0.04,0.04,1.0,4,Tilt Up
1358,1358,101,0.04,0.04,1.0,4,Tilt Up
1359,1359,102,0.04,0.04,1.0,4,Tilt Up
1360,1360,103,0.02,0.05,1.0,4,Tilt Up
1361,1361,104,0.02,0.01,1.09,4,Tilt Up
1362,1362,105,0.02,0.07,1.08,4,Tilt Up
1363,1363,106,0.05,0.1,1.02,4,Tilt Up
1364,1364,107,0.16,-0.03,1.1,4,Tilt Up
1365,1365,108,0.25,0.03,0.88,4,Tilt Up
1366,1366,109,0.37,-0.02,0.86,4,Tilt Up
1367,1367,110,0.56,-0.04,0.68,4,Tilt Up
1368,1368,111,0.79,-0.03,0.62,4,Tilt Up
1369,1369,112,0.94,0.05,0.62,4,Tilt Up
1370,1370,113,0.88,0.18,0.26,4,Tilt Up
1371,1371,114,1.01,-0.01,0.06,4,Tilt Up
1372,1372,115,0.98,-0.0,0.14,4,Tilt Up
1373,1373,116,0.91,0.09,0.05,4,Tilt Up
1374,1374,117,0.96,0.02,0.4,4,Tilt Up
1375,1375,118,0.67,0.01,0.41,4,Tilt Up
1376,1376,119,0.54,0.16,1.01,4,Tilt Up
1377,1377,120,0.42,0.11,0.97,4,Tilt Up
1378,1378,121,0.29,0.09,0.92,4,Tilt Up
1379,1379,122,0.17,0.08,1.11,4,Tilt Up
1380,1380,123,0.11,0.09,0.97,4,Tilt Up
1381,1381,124,0.1,0.06,0.97,4,Tilt Up
1382,1382,125,0.07,0.06,1.0,4,Tilt Up
1383,1383,126,0.05,0.05,1.0,4,Tilt Up
1384,1384,127,0.01,0.04,1.03,4,Tilt Up
1385,1385,128,0.03,0.05,1.0,4,Tilt Up
1386,1386,129,0.04,0.05,1.0,4,Tilt Up
1387,1387,130,0.04,0.05,1.0,4,Tilt Up
1388,1388,131,0.04,0.05,1.0,4,Tilt Up
1389,1389,132,0.04,0.05,1.0,4,Tilt Up
1390,1390,133,0.04,0.05,1.0,4,Tilt Up
1391,1391,134,0.04,0.05,1.0,4,Tilt Up
1392,1392,135,0.04,0.04,1.0,4,Tilt Up
1393,1393,136,0.04,0.05,1.0,4,Tilt Up
1394,1394,137,0.03,0.05,1.0,4,Tilt Up
1395,1395,138,0.04,0.05,1.0,4,Tilt Up
1396,1396,139,0.03,0.05,1.0,4,Tilt Up
1397,1397,140,0.04,0.04,1.0,4,Tilt Up
1398,1398,141,0.04,0.04,1.0,4,Tilt Up
1399,1399,142,0.04,0.05,1.0,4,Tilt Up
1400,1400,143,0.04,0.05,1.0,4,Tilt Up
1401,1401,144,0.04,0.04,1.0,4,Tilt Up
1402,1402,145,0.04,0.05,1.0,4,Tilt Up
1403,1403,146,0.04,0.05,1.0,4,Tilt Up
1404,1404,147,0.04,0.04,1.0,4,Tilt Up
1405,1405,148,0.04,0.04,1.0,4,Tilt Up
1406,1406,149,0.04,0.05,1.0,4,Tilt Up
1407,1407,150,0.04,0.04,1.0,4,Tilt Up
1408,1408,151,0.04,0.04,1.0,4,Tilt Up
1409,1409,152,0.04,0.05,1.01,4,Tilt Up
1410,1410,153,0.04,0.04,1.0,4,Tilt Up
1411,1411,154,0.04,0.04,1.0,4,Tilt Up
1412,1412,155,0.04,0.05,1.0,4,Tilt Up
1413,1413,156,0.04,0.04,1.0,4,Tilt Up
1414,1414,157,0.04,0.04,1.0,4,Tilt Up
1415,1415,158,0.04,0.05,1.0,4,Tilt Up
1416,1416,159,0.04,0.04,1.0,4,Tilt Up
1417,1417,160,0.04,0.05,1.01,4,Tilt Up
1418,1418,161,-0.01,0.04,1.14,4,Tilt Up
1419,1419,162,0.06,0.04,1.03,4,Tilt Up
1420,1420,163,0.13,0.1,0.89,4,Tilt Up
1421,1421,164,0.26,-0.02,0.91,4,Tilt Up
1422,1422,165,0.33,0.01,0.98,4,Tilt Up
1423,1423,166,0.58,0.05,0.76,4,Tilt Up
1424,1424,167,0.7,0.15,0.8,4,Tilt Up
1425,1425,168,0.77,-0.04,0.6,4,Tilt Up
1426,1426,169,0.87,0.16,0.39,4,Tilt Up
1427,1427,170,0.99,0.12,0.34,4,Tilt Up
1428,1428,171,0.94,0.07,-0.02,4,Tilt Up
1429,1429,172,1.02,0.12,0.18,4,Tilt Up
1430,1430,173,0.96,-0.01,0.11,4,Tilt Up
1431,1431,174,1.02,0.0,0.17,4,Tilt Up
1432,1432,175,0.97,0.11,0.37,4,Tilt Up
1433,1433,176,0.87,0.07,0.44,4,Tilt Up
1434,1434,177,0.66,0.02,0.51,4,Tilt Up
1435,1435,178,0.53,0.18,0.95,4,Tilt Up
1436,1436,179,0.35,0.18,1.06,4,Tilt Up
1437,1437,180,0.22,0.07,0.99,4,Tilt Up
1438,1438,181,0.12,0.11,1.01,4,Tilt Up
1439,1439,182,0.1,0.08,1.04,4,Tilt Up
1440,1440,183,0.1,0.06,0.99,4,Tilt Up
1441,1441,184,0.04,0.05,1.01,4,Tilt Up
1442,1442,185,0.05,0.05,1.02,4,Tilt Up
1443,1443,186,0.04,0.05,1.0,4,Tilt Up
1444,1444,187,0.04,0.05,1.0,4,Tilt Up
1445,1445,188,0.04,0.04,1.0,4,Tilt Up
1446,1446,189,0.04,0.05,1.0,4,Tilt Up
1447,1447,190,0.04,0.04,1.0,4,Tilt Up
1448,1448,191,0.04,0.05,1.0,4,Tilt Up
1449,1449,192,0.04,0.05,1.0,4,Tilt Up
1450,1450,193,0.04,0.04,1.0,4,Tilt Up
1451,1451,194,0.04,0.05,1.0,4,Tilt Up
1452,1452,195,0.04,0.05,1.0,4,Tilt Up
1453,1453,196,0.04,0.05,1.0,4,Tilt Up
1454,1454,197,0.04,0.05,1.0,4,Tilt Up
1455,1455,198,0.04,0.05,1.0,4,Tilt Up
1456,1456,199,0.04,0.05,1.0,4,Tilt Up
1457,1457,200,0.04,0.05,1.0,4,Tilt Up
1458,1458,201,0.04,0.04,1.0,4,Tilt Up
1459,1459,202,0.04,0.05,1.0,4,Tilt Up
1460,1460,203,0.04,0.05,1.0,4,Tilt Up
1461,1461,204,0.04,0.05,1.0,4,Tilt Up
1462,1462,205,0.04,0.05,1.0,4,Tilt Up
1463,1463,206,0.04,0.05,1.0,4,Tilt Up
1464,1464,207,0.04,0.05,1.0,4,Tilt Up
1465,1465,208,0.04,0.04,1.0,4,Tilt Up
1466,1466,209,0.04,0.05,1.0,4,Tilt Up
1467,1467,210,0.04,0.05,1.0,4,Tilt Up
1468,1468,211,0.04,0.05,1.0,4,Tilt Up
1469,1469,212,0.04,0.05,1.0,4,Tilt Up
1470,1470,213,0.02,0.05,1.0,4,Tilt Up
1471,1471,214,0.0,0.04,1.05,4,Tilt Up
1472,1472,215,0.0,0.05,1.02,4,Tilt Up
1473,1473,216,0.02,0.07,0.96,4,Tilt Up
1474,1474,217,0.09,0.0,0.96,4,Tilt Up
1475,1475,218,0.16,0.03,1.04,4,Tilt Up
1476,1476,219,0.23,-0.11,1.01,4,Tilt Up
1477,1477,220,0.4,0.09,0.85,4,Tilt Up
1478,1478,221,0.62,0.08,0.83,4,Tilt Up
1479,1479,222,0.75,0.02,0.63,4,Tilt Up
1480,1480,223,0.84,0.05,0.49,4,Tilt Up
1481,1481,224,0.91,0.16,0.21,4,Tilt Up
1482,1482,225,1.03,0.14,0.19,4,Tilt Up
1483,1483,226,1.0,-0.01,0.17,4,Tilt Up
1484,1484,227,0.98,-0.02,0.07,4,Tilt Up
1485,1485,228,0.94,0.02,-0.07,4,Tilt Up
1486,1486,229,0.98,0.05,0.28,4,Tilt Up
1487,1487,230,0.98,0.08,0.58,4,Tilt Up
1488,1488,231,0.77,0.03,0.51,4,Tilt Up
1489,1489,232,0.5,0.14,0.82,4,Tilt Up
1490,1490,233,0.42,0.18,0.97,4,Tilt Up
1491,1491,234,0.23,0.1,0.95,4,Tilt Up
1492,1492,235,0.15,0.09,1.12,4,Tilt Up
1493,1493,236,0.1,0.09,1.0,4,Tilt Up
1494,1494,237,0.05,0.19,0.96,4,Tilt Up
1495,1495,238,0.05,0.06,0.93,4,Tilt Up
1496,1496,239,0.04,0.05,1.0,4,Tilt Up
1497,1497,240,0.04,0.05,1.0,4,Tilt Up
1498,1498,241,0.04,0.04,1.0,4,Tilt Up
1499,1499,242,0.04,0.05,1.0,4,Tilt Up
1500,1500,243,0.04,0.04,1.0,4,Tilt Up
1501,1501,244,0.04,0.04,1.0,4,Tilt Up
1502,1502,245,0.04,0.05,1.0,4,Tilt Up
1503,1503,246,0.04,0.05,1.0,4,Tilt Up
1504,1504,247,0.04,0.04,1.0,4,Tilt Up
1505,1505,248,0.04,0.05,1.0,4,Tilt Up
1506,1506,249,0.04,0.05,1.0,4,Tilt Up
1507,1507,250,0.04,0.05,1.0,4,Tilt Up
1508,1508,251,0.04,0.05,1.0,4,Tilt Up
1509,1509,252,0.04,0.05,1.0,4,Tilt Up
1510,1510,253,0.04,0.05,1.0,4,Tilt Up
1511,1511,254,0.04,0.05,1.0,4,Tilt Up
1512,1512,255,0.04,0.05,1.0,4,Tilt Up
1513,1513,256,0.04,0.04,1.0,4,Tilt Up
1514,1514,257,0.04,0.05,1.0,4,Tilt Up
1515,1515,258,0.04,0.05,1.0,4,Tilt Up
1516,1516,259,0.04,0.05,1.0,4,Tilt Up
1517,1517,260,0.04,0.05,1.0,4,Tilt Up
1518,1518,261,0.04,0.05,1.0,4,Tilt Up
1519,1519,262,0.04,0.05,1.0,4,Tilt Up
1520,1520,263,0.04,0.05,1.0,4,Tilt Up
1521,1521,264,0.04,0.05,1.0,4,Tilt Up
1522,1522,265,0.04,0.05,1.0,4,Tilt Up
1523,1523,266,0.04,0.04,1.0,4,Tilt Up
1524,1524,267,0.04,0.05,1.0,4,Tilt Up
1525,1525,268,0.04,0.04,1.0,4,Tilt Up
1526,1526,269,0.04,0.05,1.0,4,Tilt Up
1527,1527,270,0.04,0.04,1.0,4,Tilt Up
1528,1528,271,0.03,0.05,1.01,4,Tilt Up
1529,1529,272,0.01,0.02,1.08,4,Tilt Up
1530,1530,273,0.06,0.06,1.11,4,Tilt Up
1531,1531,274,0.16,0.06,1.02,4,Tilt Up
1532,1532,275,0.31,0.06,0.97,4,Tilt Up
1533,1533,276,0.5,0.12,0.88,4,Tilt Up
1534,1534,277,0.63,0.08,0.73,4,Tilt Up
1535,1535,278,0.8,0.14,0.68,4,Tilt Up
1536,1536,279,0.88,0.08,0.55,4,Tilt Up
1537,1537,280,0.96,0.07,0.36,4,Tilt Up
1538,1538,281,0.95,0.09,0.13,4,Tilt Up
1539,1539,282,1.0,0.01,0.06,4,Tilt Up
1540,1540,283,0.96,0.02,-0.09,4,Tilt Up
1541,1541,284,1.0,-0.0,-0.11,4,Tilt Up
1542,1542,285,0.95,-0.02,-0.12,4,Tilt Up
1543,1543,286,1.0,-0.01,0.05,4,Tilt Up
1544,1544,287,0.88,0.05,0.13,4,Tilt Up
1545,1545,288,0.87,0.05,0.57,4,Tilt Up
1546,1546,289,0.71,0.09,0.57,4,Tilt Up
1547,1547,290,0.53,0.19,0.89,4,Tilt Up
1548,1548,291,0.34,0.16,1.04,4,Tilt Up
1549,1549,292,0.18,0.14,1.0,4,Tilt Up
1550,1550,293,0.1,0.08,0.94,4,Tilt Up
1551,1551,294,0.08,0.09,1.03,4,Tilt Up
1552,1552,295,0.04,0.04,1.04,4,Tilt Up
1553,1553,296,0.0,0.08,1.01,4,Tilt Up
1554,1554,297,0.04,0.06,1.0,4,Tilt Up
1555,1555,298,0.04,0.05,1.0,4,Tilt Up
1556,1556,299,0.04,0.04,1.0,4,Tilt Up
1557,1557,300,0.04,0.05,1.0,4,Tilt Up
1558,1558,301,0.04,0.05,1.0,4,Tilt Up
1559,1559,302,0.04,0.04,1.0,4,Tilt Up
1560,1560,303,0.04,0.05,1.0,4,Tilt Up
1561,1561,304,0.04,0.04,1.0,4,Tilt Up
1562,1562,305,0.04,0.04,1.0,4,Tilt Up
1563,1563,306,0.04,0.05,1.0,4,Tilt Up
1564,1564,307,0.04,0.05,1.0,4,Tilt Up
1565,1565,308,0.04,0.04,1.0,4,Tilt Up
1566,1566,309,0.04,0.04,1.0,4,Tilt Up
1567,1567,310,0.04,0.05,1.0,4,Tilt Up
1568,1568,311,0.04,0.04,1.0,4,Tilt Up
1569,1569,312,0.04,0.05,1.0,4,Tilt Up
1570,1570,313,0.04,0.04,1.0,4,Tilt Up
1571,1571,314,0.04,0.04,1.0,4,Tilt Up
1572,1572,315,0.04,0.05,1.0,4,Tilt Up
1573,1573,316,0.04,0.05,1.0,4,Tilt Up
1574,1574,317,0.04,0.05,1.0,4,Tilt Up
1575,1575,318,0.04,0.05,1.0,4,Tilt Up
1576,1576,319,0.04,0.05,1.0,4,Tilt Up
1577,1577,320,0.04,0.05,1.0,4,Tilt Up
1578,1578,321,0.04,0.05,1.0,4,Tilt Up
1579,1579,322,0.04,0.05,1.0,4,Tilt Up
1580,1580,323,0.04,0.05,1.0,4,Tilt Up
1581,1581,324,0.04,0.05,1.0,4,Tilt Up
1582,1582,325,0.04,0.04,1.0,4,Tilt Up
1583,1583,326,0.04,0.05,1.0,4,Tilt Up
1584,1584,327,0.04,0.04,1.0,4,Tilt Up
1585,1585,328,0.04,0.05,1.0,4,Tilt Up
1586,1586,329,0.04,0.04,1.0,4,Tilt Up
1587,1587,330,0.04,0.05,1.0,4,Tilt Up
1588,1588,331,0.04,0.05,1.0,4,Tilt Up
1589,1589,332,0.02,0.04,1.0,4,Tilt Up
1590,1590,333,0.0,0.06,1.0,4,Tilt Up
1591,1591,334,0.04,0.04,1.11,4,Tilt Up
1592,1592,335,0.08,0.04,0.98,4,Tilt Up
1593,1593,336,0.19,0.0,1.02,4,Tilt Up
1594,1594,337,0.3,0.05,0.99,4,Tilt Up
1595,1595,338,0.46,0.08,0.93,4,Tilt Up
1596,1596,339,0.61,0.11,0.77,4,Tilt Up
1597,1597,340,0.71,0.1,0.7,4,Tilt Up
1598,1598,341,0.86,0.1,0.6,4,Tilt Up
1599,1599,342,0.92,0.05,0.39,4,Tilt Up
1600,1600,343,0.95,0.07,0.33,4,Tilt Up
1601,1601,344,0.91,0.0,0.13,4,Tilt Up
1602,1602,345,1.07,0.16,0.05,4,Tilt Up
1603,1603,346,1.0,0.01,-0.04,4,Tilt Up
1604,1604,347,1.03,0.05,-0.03,4,Tilt Up
1605,1605,348,1.02,-0.02,0.01,4,Tilt Up
1606,1606,349,0.95,0.07,0.13,4,Tilt Up
1607,1607,350,0.89,0.04,0.3,4,Tilt Up
1608,1608,351,0.76,0.02,0.59,4,Tilt Up
1609,1609,352,0.65,0.08,0.78,4,Tilt Up
1610,1610,353,0.51,0.11,0.95,4,Tilt Up
1611,1611,354,0.31,0.05,0.93,4,Tilt Up
1612,1612,355,0.23,0.08,1.03,4,Tilt Up
1613,1613,356,0.16,0.08,1.02,4,Tilt Up
1614,1614,357,0.09,0.08,0.98,4,Tilt Up
1615,1615,358,0.11,0.01,1.05,4,Tilt Up
1616,1616,359,0.07,0.06,0.92,4,Tilt Up
1617,1617,360,0.04,0.04,1.0,4,Tilt Up
1618,1618,361,0.04,0.04,1.02,4,Tilt Up
1619,1619,362,0.04,0.05,1.0,4,Tilt Up
1620,1620,363,0.04,0.04,1.0,4,Tilt Up
1621,1621,364,0.04,0.05,1.0,4,Tilt Up
1622,1622,365,0.04,0.04,1.0,4,Tilt Up
1623,1623,366,0.04,0.05,1.0,4,Tilt Up
1624,1624,367,0.04,0.04,1.0,4,Tilt Up
1625,1625,368,0.04,0.05,1.0,4,Tilt Up
1626,1626,369,0.04,0.05,1.0,4,Tilt Up
1627,1627,370,0.04,0.05,1.0,4,Tilt Up
1628,1628,371,0.04,0.04,1.0,4,Tilt Up
1629,1629,372,0.04,0.04,1.0,4,Tilt Up
1630,1630,373,0.04,0.04,1.0,4,Tilt Up
1631,1631,374,0.04,0.04,1.0,4,Tilt Up
1632,1632,375,0.04,0.04,1.0,4,Tilt Up
1633,1633,376,0.04,0.04,1.0,4,Tilt Up
1634,1634,377,0.04,0.05,1.0,4,Tilt Up
1635,1635,378,0.04,0.04,1.0,4,Tilt Up
1636,1636,379,0.04,0.05,1.0,4,Tilt Up
1637,1637,380,0.04,0.04,1.0,4,Tilt Up
1638,1638,381,0.04,0.05,1.0,4,Tilt Up
1639,1639,382,0.04,0.05,1.0,4,Tilt Up
1640,1640,383,0.04,0.04,1.0,4,Tilt Up
1641,1641,384,0.04,0.04,1.0,4,Tilt Up
1642,1642,385,0.04,0.05,1.0,4,Tilt Up
1643,1643,386,0.04,0.05,1.0,4,Tilt Up
1644,1644,387,0.04,0.05,1.0,4,Tilt Up
1645,1645,388,0.04,0.05,1.0,4,Tilt Up
1646,1646,389,0.03,0.05,1.0,4,Tilt Up
1647,1647,390,0.04,0.05,1.0,4,Tilt Up
1648,1648,391,0.04,0.05,1.0,4,Tilt Up
1649,1649,392,0.04,0.05,1.0,4,Tilt Up
1650,1650,393,0.04,0.05,1.0,4,Tilt Up
1651,1651,394,0.04,0.05,1.0,4,Tilt Up
1652,1652,395,0.03,0.05,1.0,4,Tilt Up
1653,1653,396,0.03,0.06,1.02,4,Tilt Up
1654,1654,397,0.05,0.09,1.02,4,Tilt Up
1655,1655,398,0.14,0.07,1.03,4,Tilt Up
1656,1656,399,0.26,0.07,0.96,4,Tilt Up
1657,1657,400,0.38,0.02,0.92,4,Tilt Up
1658,1658,401,0.56,0.08,0.86,4,Tilt Up
1659,1659,402,0.73,0.11,0.68,4,Tilt Up
1660,1660,403,0.79,0.05,0.63,4,Tilt Up
1661,1661,404,0.89,0.08,0.48,4,Tilt Up
1662,1662,405,0.92,0.05,0.34,4,Tilt Up
1663,1663,406,0.99,0.11,0.28,4,Tilt Up
1664,1664,407,1.02,0.02,0.13,4,Tilt Up
1665,1665,408,0.97,0.04,0.08,4,Tilt Up
1666,1666,409,1.0,0.03,-0.05,4,Tilt Up
1667,1667,410,1.03,0.02,0.06,4,Tilt Up
1668,1668,411,0.99,0.03,0.2,4,Tilt Up
1669,1669,412,0.89,0.06,0.26,4,Tilt Up
1670,1670,413,0.75,0.06,0.52,4,Tilt Up
1671,1671,414,0.68,0.09,0.84,4,Tilt Up
1672,1672,415,0.46,0.05,0.73,4,Tilt Up
1673,1673,416,0.31,0.11,1.16,4,Tilt Up
1674,1674,417,0.21,0.14,0.96,4,Tilt Up
1675,1675,418,0.12,0.12,0.99,4,Tilt Up
1676,1676,419,0.09,0.12,0.98,4,Tilt Up
1677,1677,420,0.09,0.14,1.18,4,Tilt Up
1678,1678,421,0.05,0.05,1.0,4,Tilt Up
1679,1679,422,0.02,0.05,1.0,4,Tilt Up
1680,1680,423,0.02,0.04,1.0,4,Tilt Up
1681,1681,424,0.04,0.05,1.0,4,Tilt Up
1682,1682,425,0.04,0.05,1.0,4,Tilt Up
1683,1683,426,0.04,0.05,1.0,4,Tilt Up
1684,1684,427,0.04,0.05,1.01,4,Tilt Up
1685,1685,428,0.04,0.05,1.0,4,Tilt Up
1686,1686,429,0.04,0.05,1.0,4,Tilt Up
1687,1687,430,0.04,0.05,1.0,4,Tilt Up
1688,1688,431,0.04,0.04,1.0,4,Tilt Up
1689,1689,432,0.04,0.05,1.0,4,Tilt Up
1690,1690,433,0.04,0.04,1.0,4,Tilt Up
1691,1691,434,0.04,0.05,1.0,4,Tilt Up
1692,1692,435,0.04,0.05,1.0,4,Tilt Up
1693,1693,436,0.04,0.04,1.0,4,Tilt Up
1694,1694,437,0.04,0.05,1.0,4,Tilt Up
1695,1695,438,0.04,0.05,1.0,4,Tilt Up
1696,1696,439,0.04,0.04,1.0,4,Tilt Up
1697,1697,440,0.04,0.05,1.0,4,Tilt Up
1698,1698,441,0.04,0.05,1.0,4,Tilt Up
1699,1699,442,0.04,0.05,1.0,4,Tilt Up
1700,1700,443,0.04,0.05,1.0,4,Tilt Up
1701,1701,444,0.04,0.05,1.0,4,Tilt Up
1702,1702,445,0.04,0.05,1.0,4,Tilt Up
1703,1703,446,0.04,0.05,1.0,4,Tilt Up
1704,1704,447,0.04,0.05,1.0,4,Tilt Up
1705,1705,448,0.04,0.05,1.0,4,Tilt Up
1706,1706,449,0.04,0.04,1.0,4,Tilt Up
1707,1707,450,0.04,0.04,1.0,4,Tilt Up
1708,1708,451,0.04,0.05,1.0,4,Tilt Up
1709,1709,452,0.04,0.05,1.0,4,Tilt Up
1710,1710,453,0.04,0.04,1.0,4,Tilt Up
1711,1711,454,0.04,0.05,1.0,4,Tilt Up
1712,1712,455,0.04,0.04,1.01,4,Tilt Up
1713,1713,456,0.04,0.05,1.0,4,Tilt Up
1714,1714,457,0.03,0.04,1.0,4,Tilt Up
1715,1715,458,0.03,0.05,1.0,4,Tilt Up
1716,1716,459,0.05,0.02,1.16,4,Tilt Up
1717,1717,460,0.07,0.04,1.04,4,Tilt Up
1718,1718,461,0.16,0.05,0.97,4,Tilt Up
1719,1719,462,0.24,0.02,1.01,4,Tilt Up
1720,1720,463,0.35,0.02,0.96,4,Tilt Up
1721,1721,464,0.48,0.09,0.88,4,Tilt Up
1722,1722,465,0.6,0.07,0.82,4,Tilt Up
1723,1723,466,0.76,0.1,0.74,4,Tilt Up
1724,1724,467,0.85,0.03,0.61,4,Tilt Up
1725,1725,468,0.9,0.02,0.35,4,Tilt Up
1726,1726,469,0.95,0.06,0.16,4,Tilt Up
1727,1727,470,1.0,0.02,0.13,4,Tilt Up
1728,1728,471,1.0,0.02,0.06,4,Tilt Up
1729,1729,472,0.98,0.02,-0.04,4,Tilt Up
1730,1730,473,0.93,0.02,-0.11,4,Tilt Up
1731,1731,474,1.02,0.02,0.24,4,Tilt Up
1732,1732,475,0.98,0.11,0.44,4,Tilt Up
1733,1733,476,0.87,0.17,0.57,4,Tilt Up
1734,1734,477,0.61,0.19,0.49,4,Tilt Up
1735,1735,478,0.51,0.14,0.92,4,Tilt Up
1736,1736,479,0.36,0.12,0.91,4,Tilt Up
1737,1737,480,0.18,0.12,1.05,4,Tilt Up
1738,1738,481,0.11,0.15,1.01,4,Tilt Up
1739,1739,482,0.06,0.11,1.0,4,Tilt Up
1740,1740,483,0.03,0.12,1.02,4,Tilt Up
1741,1741,484,0.04,0.07,0.96,4,Tilt Up
1742,1742,485,0.02,0.03,1.01,4,Tilt Up
1743,1743,486,0.05,0.04,1.0,4,Tilt Up
1744,1744,487,0.04,0.04,1.0,4,Tilt Up
1745,1745,488,0.04,0.05,1.0,4,Tilt Up
1746,1746,489,0.04,0.04,1.0,4,Tilt Up
1747,1747,490,0.04,0.04,1.0,4,Tilt Up
1748,1748,491,0.04,0.04,1.0,4,Tilt Up
1749,1749,492,0.04,0.05,1.0,4,Tilt Up
1750,1750,493,0.04,0.05,1.0,4,Tilt Up
1751,1751,494,0.04,0.04,1.0,4,Tilt Up
1752,1752,495,0.04,0.04,1.0,4,Tilt Up
1753,1753,496,0.04,0.05,1.0,4,Tilt Up
1754,1754,497,0.04,0.05,1.0,4,Tilt Up
1755,1755,498,0.04,0.05,1.0,4,Tilt Up
1756,1756,499,0.04,0.04,1.0,4,Tilt Up
1757,1757,500,0.04,0.05,1.0,4,Tilt Up
1758,1758,501,0.04,0.04,1.0,4,Tilt Up
1759,1759,502,0.04,0.05,1.0,4,Tilt Up
1760,1760,503,0.04,0.04,1.0,4,Tilt Up
1761,1761,504,0.04,0.04,1.0,4,Tilt Up
1762,1762,505,0.04,0.05,1.0,4,Tilt Up
1763,1763,506,0.04,0.05,1.0,4,Tilt Up
1764,1764,507,0.04,0.04,1.0,4,Tilt Up
1765,1765,508,0.04,0.05,1.0,4,Tilt Up
1766,1766,0,0.04,0.04,1.0,5,Tilt Up
1767,1767,1,0.04,0.04,1.0,5,Tilt Up
1768,1768,2,0.04,0.04,1.0,5,Tilt Up
1769,1769,3,0.04,0.04,1.0,5,Tilt Up
1770,1770,4,0.04,0.04,1.0,5,Tilt Up
1771,1771,5,0.05,0.04,1.0,5,Tilt Up
1772,1772,6,0.04,0.04,1.0,5,Tilt Up
1773,1773,7,0.04,0.04,1.0,5,Tilt Up
1774,1774,8,0.04,0.04,1.0,5,Tilt Up
1775,1775,9,0.04,0.04,1.0,5,Tilt Up
1776,1776,10,0.04,0.04,1.0,5,Tilt Up
1777,1777,11,0.04,0.04,1.0,5,Tilt Up
1778,1778,12,0.04,0.04,1.0,5,Tilt Up
1779,1779,13,0.04,0.04,1.0,5,Tilt Up
1780,1780,14,0.04,0.04,1.0,5,Tilt Up
1781,1781,15,0.04,0.04,1.0,5,Tilt Up
1782,1782,16,0.04,0.04,1.0,5,Tilt Up
1783,1783,17,0.04,0.04,1.0,5,Tilt Up
1784,1784,18,0.04,0.04,1.0,5,Tilt Up
1785,1785,19,0.04,0.04,1.0,5,Tilt Up
1786,1786,20,0.04,0.04,1.0,5,Tilt Up
1787,1787,21,0.04,0.04,1.0,5,Tilt Up
1788,1788,22,0.04,0.04,1.0,5,Tilt Up
1789,1789,23,0.04,0.04,1.0,5,Tilt Up
1790,1790,24,0.04,0.04,1.0,5,Tilt Up
1791,1791,25,0.04,0.04,1.0,5,Tilt Up
1792,1792,26,0.04,0.04,1.0,5,Tilt Up
1793,1793,27,0.04,0.04,1.0,5,Tilt Up
1794,1794,28,0.04,0.04,1.0,5,Tilt Up
1795,1795,29,0.04,0.04,1.0,5,Tilt Up
1796,1796,30,0.04,0.04,1.0,5,Tilt Up
1797,1797,31,0.04,0.04,1.0,5,Tilt Up
1798,1798,32,0.04,0.04,1.0,5,Tilt Up
1799,1799,33,0.04,0.04,1.0,5,Tilt Up
1800,1800,34,0.04,0.04,1.0,5,Tilt Up
1801,1801,35,0.04,0.04,1.0,5,Tilt Up
1802,1802,36,0.04,0.03,1.0,5,Tilt Up
1803,1803,37,0.04,0.04,1.0,5,Tilt Up
1804,1804,38,0.04,0.04,1.01,5,Tilt Up
1805,1805,39,0.02,0.04,1.04,5,Tilt Up
1806,1806,40,0.08,0.13,1.19,5,Tilt Up
1807,1807,41,0.19,0.11,1.04,5,Tilt Up
1808,1808,42,0.41,0.12,0.77,5,Tilt Up
1809,1809,43,0.54,0.14,0.72,5,Tilt Up
1810,1810,44,0.68,0.12,0.66,5,Tilt Up
1811,1811,45,0.67,0.14,0.75,5,Tilt Up
1812,1812,46,0.49,0.12,0.93,5,Tilt Up
1813,1813,47,0.3,0.15,1.12,5,Tilt Up
1814,1814,48,0.18,0.12,1.0,5,Tilt Up
1815,1815,49,0.13,0.03,1.04,5,Tilt Up
1816,1816,50,0.05,0.01,1.03,5,Tilt Up
1817,1817,51,0.03,0.05,1.04,5,Tilt Up
1818,1818,52,0.05,-0.0,0.98,5,Tilt Up
1819,1819,53,0.03,0.04,1.03,5,Tilt Up
1820,1820,54,0.03,0.04,1.0,5,Tilt Up
1821,1821,55,0.04,0.06,1.01,5,Tilt Up
1822,1822,56,0.03,0.03,1.0,5,Tilt Up
1823,1823,57,0.04,0.04,1.0,5,Tilt Up
1824,1824,58,0.04,0.04,1.0,5,Tilt Up
1825,1825,59,0.04,0.04,1.0,5,Tilt Up
1826,1826,60,0.04,0.04,1.0,5,Tilt Up
1827,1827,61,0.04,0.04,1.0,5,Tilt Up
1828,1828,62,0.04,0.04,1.0,5,Tilt Up
1829,1829,63,0.04,0.04,1.0,5,Tilt Up
1830,1830,64,0.04,0.03,1.0,5,Tilt Up
1831,1831,65,0.04,0.04,1.0,5,Tilt Up
1832,1832,66,0.04,0.04,1.0,5,Tilt Up
1833,1833,67,0.03,0.04,1.0,5,Tilt Up
1834,1834,68,0.04,0.04,1.0,5,Tilt Up
1835,1835,69,0.04,0.04,1.0,5,Tilt Up
1836,1836,70,0.04,0.04,1.0,5,Tilt Up
1837,1837,71,0.04,0.03,1.0,5,Tilt Up
1838,1838,72,0.04,0.04,1.0,5,Tilt Up
1839,1839,73,0.04,0.04,1.0,5,Tilt Up
1840,1840,74,0.03,0.04,1.0,5,Tilt Up
1841,1841,75,0.04,0.04,1.0,5,Tilt Up
1842,1842,76,0.04,0.04,1.0,5,Tilt Up
1843,1843,77,0.04,0.04,1.0,5,Tilt Up
1844,1844,78,0.04,0.04,1.0,5,Tilt Up
1845,1845,79,0.04,0.04,1.0,5,Tilt Up
1846,1846,80,0.04,0.04,1.0,5,Tilt Up
1847,1847,81,0.03,0.04,1.0,5,Tilt Up
1848,1848,82,0.04,0.04,1.0,5,Tilt Up
1849,1849,83,0.04,0.03,1.0,5,Tilt Up
1850,1850,84,0.04,0.04,1.0,5,Tilt Up
1851,1851,85,0.04,0.04,1.0,5,Tilt Up
1852,1852,86,0.04,0.04,1.0,5,Tilt Up
1853,1853,87,0.04,0.04,1.0,5,Tilt Up
1854,1854,88,0.04,0.04,1.0,5,Tilt Up
1855,1855,89,0.04,0.04,1.0,5,Tilt Up
1856,1856,90,0.04,0.04,1.0,5,Tilt Up
1857,1857,91,0.04,0.04,1.0,5,Tilt Up
1858,1858,92,0.04,0.04,1.0,5,Tilt Up
1859,1859,93,0.04,0.04,1.0,5,Tilt Up
1860,1860,94,0.04,0.04,1.0,5,Tilt Up
1861,1861,95,0.04,0.04,1.0,5,Tilt Up
1862,1862,96,0.04,0.04,1.0,5,Tilt Up
1863,1863,97,0.04,0.04,1.0,5,Tilt Up
1864,1864,98,0.03,0.02,1.01,5,Tilt Up
1865,1865,99,0.01,0.1,1.0,5,Tilt Up
1866,1866,100,0.06,0.06,1.2,5,Tilt Up
1867,1867,101,0.19,0.03,1.03,5,Tilt Up
1868,1868,102,0.4,0.17,0.9,5,Tilt Up
1869,1869,103,0.63,0.06,0.69,5,Tilt Up
1870,1870,104,0.73,0.11,0.7,5,Tilt Up
1871,1871,105,0.79,0.07,0.56,5,Tilt Up
1872,1872,106,0.75,0.07,0.52,5,Tilt Up
1873,1873,107,0.64,0.08,0.86,5,Tilt Up
1874,1874,108,0.47,0.08,1.02,5,Tilt Up
1875,1875,109,0.31,0.0,0.99,5,Tilt Up
1876,1876,110,0.2,-0.03,1.11,5,Tilt Up
1877,1877,111,0.11,0.0,1.08,5,Tilt Up
1878,1878,112,0.07,0.02,1.07,5,Tilt Up
1879,1879,113,0.02,0.01,1.01,5,Tilt Up
1880,1880,114,0.05,0.05,0.93,5,Tilt Up
1881,1881,115,0.05,-0.08,1.16,5,Tilt Up
1882,1882,116,0.02,0.04,1.01,5,Tilt Up
1883,1883,117,0.03,0.03,1.0,5,Tilt Up
1884,1884,118,0.04,0.04,1.0,5,Tilt Up
1885,1885,119,0.04,0.04,1.0,5,Tilt Up
1886,1886,120,0.04,0.04,1.0,5,Tilt Up
1887,1887,121,0.03,0.04,1.0,5,Tilt Up
1888,1888,122,0.04,0.04,1.0,5,Tilt Up
1889,1889,123,0.03,0.04,1.0,5,Tilt Up
1890,1890,124,0.04,0.04,1.0,5,Tilt Up
1891,1891,125,0.04,0.04,1.0,5,Tilt Up
1892,1892,126,0.04,0.04,1.0,5,Tilt Up
1893,1893,127,0.04,0.04,1.0,5,Tilt Up
1894,1894,128,0.04,0.04,1.0,5,Tilt Up
1895,1895,129,0.04,0.04,1.0,5,Tilt Up
1896,1896,130,0.04,0.04,1.0,5,Tilt Up
1897,1897,131,0.04,0.04,1.0,5,Tilt Up
1898,1898,132,0.04,0.04,1.0,5,Tilt Up
1899,1899,133,0.04,0.03,1.0,5,Tilt Up
1900,1900,134,0.04,0.04,1.0,5,Tilt Up
1901,1901,135,0.04,0.04,1.0,5,Tilt Up
1902,1902,136,0.04,0.04,1.0,5,Tilt Up
1903,1903,137,0.04,0.04,1.0,5,Tilt Up
1904,1904,138,0.04,0.04,1.0,5,Tilt Up
1905,1905,139,0.04,0.04,1.0,5,Tilt Up
1906,1906,140,0.04,0.03,1.0,5,Tilt Up
1907,1907,141,0.04,0.04,1.0,5,Tilt Up
1908,1908,142,0.04,0.04,1.0,5,Tilt Up
1909,1909,143,0.04,0.04,1.0,5,Tilt Up
1910,1910,144,0.04,0.04,1.0,5,Tilt Up
1911,1911,145,0.03,0.04,1.0,5,Tilt Up
1912,1912,146,0.04,0.04,1.0,5,Tilt Up
1913,1913,147,0.04,0.04,1.0,5,Tilt Up
1914,1914,148,0.04,0.04,1.0,5,Tilt Up
1915,1915,149,0.04,0.04,1.0,5,Tilt Up
1916,1916,150,0.04,0.04,1.0,5,Tilt Up
1917,1917,151,0.03,0.04,1.0,5,Tilt Up
1918,1918,152,0.03,0.04,1.0,5,Tilt Up
1919,1919,153,0.04,0.04,1.0,5,Tilt Up
1920,1920,154,0.04,0.04,1.0,5,Tilt Up
1921,1921,155,0.03,0.04,1.0,5,Tilt Up
1922,1922,156,0.04,0.04,1.0,5,Tilt Up
1923,1923,157,0.05,0.07,1.02,5,Tilt Up
1924,1924,158,0.02,0.07,1.09,5,Tilt Up
1925,1925,159,0.24,0.07,1.05,5,Tilt Up
1926,1926,160,0.5,0.05,0.75,5,Tilt Up
1927,1927,161,0.74,0.12,0.49,5,Tilt Up
1928,1928,162,0.79,0.05,0.42,5,Tilt Up
1929,1929,163,0.9,0.07,0.41,5,Tilt Up
1930,1930,164,0.76,0.01,0.39,5,Tilt Up
1931,1931,165,0.66,0.12,0.78,5,Tilt Up
1932,1932,166,0.5,0.07,1.06,5,Tilt Up
1933,1933,167,0.26,0.08,0.91,5,Tilt Up
1934,1934,168,0.14,0.11,0.95,5,Tilt Up
1935,1935,169,0.06,0.07,1.02,5,Tilt Up
1936,1936,170,0.03,0.03,0.92,5,Tilt Up
1937,1937,171,0.04,0.01,1.01,5,Tilt Up
1938,1938,172,0.05,0.04,1.0,5,Tilt Up
1939,1939,173,0.04,0.03,1.0,5,Tilt Up
1940,1940,174,0.03,0.02,1.0,5,Tilt Up
1941,1941,175,0.05,0.04,1.0,5,Tilt Up
1942,1942,176,0.04,0.04,1.0,5,Tilt Up
1943,1943,177,0.04,0.05,1.0,5,Tilt Up
1944,1944,178,0.04,0.05,1.0,5,Tilt Up
1945,1945,179,0.04,0.04,1.0,5,Tilt Up
1946,1946,180,0.04,0.05,1.0,5,Tilt Up
1947,1947,181,0.04,0.04,1.0,5,Tilt Up
1948,1948,182,0.04,0.04,1.0,5,Tilt Up
1949,1949,183,0.04,0.05,1.0,5,Tilt Up
1950,1950,184,0.04,0.04,1.0,5,Tilt Up
1951,1951,185,0.04,0.04,1.0,5,Tilt Up
1952,1952,186,0.04,0.04,1.0,5,Tilt Up
1953,1953,187,0.04,0.04,1.0,5,Tilt Up
1954,1954,188,0.04,0.04,1.0,5,Tilt Up
1955,1955,189,0.04,0.04,1.0,5,Tilt Up
1956,1956,190,0.04,0.04,1.0,5,Tilt Up
1957,1957,191,0.04,0.05,1.0,5,Tilt Up
1958,1958,192,0.04,0.04,1.0,5,Tilt Up
1959,1959,193,0.04,0.04,1.0,5,Tilt Up
1960,1960,194,0.04,0.04,1.0,5,Tilt Up
1961,1961,195,0.04,0.04,1.0,5,Tilt Up
1962,1962,196,0.04,0.04,1.0,5,Tilt Up
1963,1963,197,0.04,0.05,1.0,5,Tilt Up
1964,1964,198,0.04,0.04,1.0,5,Tilt Up
1965,1965,199,0.04,0.04,1.0,5,Tilt Up
1966,1966,200,0.04,0.04,1.0,5,Tilt Up
1967,1967,201,0.04,0.05,1.0,5,Tilt Up
1968,1968,202,0.04,0.04,1.0,5,Tilt Up
1969,1969,203,0.04,0.04,1.0,5,Tilt Up
1970,1970,204,0.05,0.04,1.0,5,Tilt Up
1971,1971,205,0.04,0.04,1.0,5,Tilt Up
1972,1972,206,0.04,0.04,1.0,5,Tilt Up
1973,1973,207,0.04,0.04,1.0,5,Tilt Up
1974,1974,208,0.05,0.04,1.0,5,Tilt Up
1975,1975,209,0.04,0.03,0.99,5,Tilt Up
1976,1976,210,0.04,0.03,1.02,5,Tilt Up
1977,1977,211,0.09,0.08,1.16,5,Tilt Up
1978,1978,212,0.24,0.11,1.14,5,Tilt Up
1979,1979,213,0.47,0.07,0.57,5,Tilt Up
1980,1980,214,0.73,0.07,0.47,5,Tilt Up
1981,1981,215,0.77,0.07,0.55,5,Tilt Up
1982,1982,216,0.76,0.02,0.41,5,Tilt Up
1983,1983,217,0.63,0.08,0.47,5,Tilt Up
1984,1984,218,0.45,0.05,0.68,5,Tilt Up
1985,1985,219,0.26,0.13,0.96,5,Tilt Up
1986,1986,220,0.12,0.0,1.12,5,Tilt Up
1987,1987,221,0.08,-0.09,1.14,5,Tilt Up
1988,1988,222,0.08,0.05,0.91,5,Tilt Up
1989,1989,223,0.07,0.05,1.0,5,Tilt Up
1990,1990,224,0.05,0.05,1.01,5,Tilt Up
1991,1991,225,0.06,0.04,1.0,5,Tilt Up
1992,1992,226,0.05,0.04,0.99,5,Tilt Up
1993,1993,227,0.04,0.05,1.0,5,Tilt Up
1994,1994,228,0.04,0.05,1.0,5,Tilt Up
1995,1995,229,0.04,0.05,1.0,5,Tilt Up
1996,1996,230,0.04,0.05,1.0,5,Tilt Up
1997,1997,231,0.04,0.05,1.0,5,Tilt Up
1998,1998,232,0.04,0.05,1.0,5,Tilt Up
1999,1999,233,0.04,0.05,1.0,5,Tilt Up
2000,2000,234,0.04,0.05,1.0,5,Tilt Up
2001,2001,235,0.04,0.05,1.0,5,Tilt Up
2002,2002,236,0.04,0.05,1.0,5,Tilt Up
2003,2003,237,0.04,0.05,1.0,5,Tilt Up
2004,2004,238,0.04,0.05,1.0,5,Tilt Up
2005,2005,239,0.04,0.05,1.0,5,Tilt Up
2006,2006,240,0.04,0.05,1.0,5,Tilt Up
2007,2007,241,0.04,0.05,1.0,5,Tilt Up
2008,2008,242,0.04,0.05,1.0,5,Tilt Up
2009,2009,243,0.04,0.05,1.0,5,Tilt Up
2010,2010,244,0.04,0.05,1.0,5,Tilt Up
2011,2011,245,0.04,0.05,1.0,5,Tilt Up
2012,2012,246,0.04,0.05,1.0,5,Tilt Up
2013,2013,247,0.04,0.05,1.0,5,Tilt Up
2014,2014,248,0.04,0.05,1.0,5,Tilt Up
2015,2015,249,0.04,0.05,1.0,5,Tilt Up
2016,2016,250,0.04,0.05,1.0,5,Tilt Up
2017,2017,251,0.04,0.05,1.0,5,Tilt Up
2018,2018,252,0.04,0.05,1.0,5,Tilt Up
2019,2019,253,0.04,0.05,1.0,5,Tilt Up
2020,2020,254,0.04,0.05,1.0,5,Tilt Up
2021,2021,255,0.04,0.05,1.0,5,Tilt Up
2022,2022,256,0.04,0.05,1.0,5,Tilt Up
2023,2023,257,0.04,0.05,1.0,5,Tilt Up
2024,2024,258,0.04,0.05,0.99,5,Tilt Up
2025,2025,259,0.04,0.05,1.0,5,Tilt Up
2026,2026,260,0.04,0.05,1.0,5,Tilt Up
2027,2027,261,0.04,0.05,1.0,5,Tilt Up
2028,2028,262,0.04,0.05,1.0,5,Tilt Up
2029,2029,263,0.05,0.05,1.0,5,Tilt Up
2030,2030,264,0.01,0.09,1.19,5,Tilt Up
2031,2031,265,0.17,0.06,1.16,5,Tilt Up
2032,2032,266,0.43,0.06,0.77,5,Tilt Up
2033,2033,267,0.65,0.03,0.6,5,Tilt Up
2034,2034,268,0.77,-0.1,0.56,5,Tilt Up
2035,2035,269,0.78,0.08,0.44,5,Tilt Up
2036,2036,270,0.7,-0.01,0.45,5,Tilt Up
2037,2037,271,0.52,-0.03,0.75,5,Tilt Up
2038,2038,272,0.35,0.04,1.39,5,Tilt Up
2039,2039,273,0.17,-0.02,1.09,5,Tilt Up
2040,2040,274,0.11,0.01,1.09,5,Tilt Up
2041,2041,275,0.05,0.06,1.02,5,Tilt Up
2042,2042,276,0.05,0.06,1.01,5,Tilt Up
2043,2043,277,0.05,0.05,1.0,5,Tilt Up
2044,2044,278,0.04,0.05,1.0,5,Tilt Up
2045,2045,279,0.04,0.05,1.0,5,Tilt Up
2046,2046,280,0.05,0.05,1.0,5,Tilt Up
2047,2047,281,0.05,0.05,1.0,5,Tilt Up
2048,2048,282,0.05,0.05,1.0,5,Tilt Up
2049,2049,283,0.04,0.05,1.0,5,Tilt Up
2050,2050,284,0.04,0.05,1.0,5,Tilt Up
2051,2051,285,0.04,0.05,1.0,5,Tilt Up
2052,2052,286,0.05,0.04,1.0,5,Tilt Up
2053,2053,287,0.04,0.05,1.0,5,Tilt Up
2054,2054,288,0.04,0.05,1.0,5,Tilt Up
2055,2055,289,0.05,0.05,1.0,5,Tilt Up
2056,2056,290,0.05,0.05,1.0,5,Tilt Up
2057,2057,291,0.05,0.05,1.0,5,Tilt Up
2058,2058,292,0.05,0.05,1.0,5,Tilt Up
2059,2059,293,0.04,0.05,1.0,5,Tilt Up
2060,2060,294,0.04,0.05,1.0,5,Tilt Up
2061,2061,295,0.04,0.05,1.0,5,Tilt Up
2062,2062,296,0.04,0.05,1.0,5,Tilt Up
2063,2063,297,0.05,0.05,1.0,5,Tilt Up
2064,2064,298,0.04,0.05,1.0,5,Tilt Up
2065,2065,299,0.04,0.05,1.0,5,Tilt Up
2066,2066,300,0.04,0.05,1.0,5,Tilt Up
2067,2067,301,0.04,0.05,1.0,5,Tilt Up
2068,2068,302,0.04,0.05,1.0,5,Tilt Up
2069,2069,303,0.05,0.05,1.0,5,Tilt Up
2070,2070,304,0.05,0.05,1.0,5,Tilt Up
2071,2071,305,0.04,0.05,1.0,5,Tilt Up
2072,2072,306,0.05,0.05,1.0,5,Tilt Up
2073,2073,307,0.04,0.05,1.0,5,Tilt Up
2074,2074,308,0.04,0.05,1.0,5,Tilt Up
2075,2075,309,0.04,0.05,1.0,5,Tilt Up
2076,2076,310,0.05,0.05,1.0,5,Tilt Up
2077,2077,311,0.04,0.05,1.0,5,Tilt Up
2078,2078,312,0.04,0.05,1.0,5,Tilt Up
2079,2079,313,0.05,0.04,1.0,5,Tilt Up
2080,2080,314,0.05,0.05,1.0,5,Tilt Up
2081,2081,315,0.04,0.05,1.0,5,Tilt Up
2082,2082,316,0.04,0.05,1.0,5,Tilt Up
2083,2083,317,0.05,0.05,1.0,5,Tilt Up
2084,2084,318,0.04,0.05,1.0,5,Tilt Up
2085,2085,319,0.04,0.05,1.0,5,Tilt Up
2086,2086,320,0.05,0.05,1.0,5,Tilt Up
2087,2087,321,0.09,0.07,1.21,5,Tilt Up
2088,2088,322,0.25,0.05,1.17,5,Tilt Up
2089,2089,323,0.46,0.12,0.87,5,Tilt Up
2090,2090,324,0.66,0.01,0.61,5,Tilt Up
2091,2091,325,0.77,0.12,0.5,5,Tilt Up
2092,2092,326,0.77,0.03,0.5,5,Tilt Up
2093,2093,327,0.7,0.07,0.82,5,Tilt Up
2094,2094,328,0.52,0.07,1.07,5,Tilt Up
2095,2095,329,0.38,0.07,0.85,5,Tilt Up
2096,2096,330,0.21,-0.0,1.06,5,Tilt Up
2097,2097,331,0.11,0.02,1.17,5,Tilt Up
2098,2098,332,0.05,0.09,1.05,5,Tilt Up
2099,2099,333,0.09,0.06,1.14,5,Tilt Up
2100,2100,334,0.03,0.04,1.0,5,Tilt Up
2101,2101,335,0.04,0.05,1.0,5,Tilt Up
2102,2102,336,0.05,0.05,1.0,5,Tilt Up
2103,2103,337,0.04,0.05,1.0,5,Tilt Up
2104,2104,338,0.05,0.05,1.0,5,Tilt Up
2105,2105,339,0.04,0.05,1.0,5,Tilt Up
2106,2106,340,0.04,0.05,1.0,5,Tilt Up
2107,2107,341,0.04,0.05,1.0,5,Tilt Up
2108,2108,342,0.04,0.05,1.0,5,Tilt Up
2109,2109,343,0.04,0.05,1.0,5,Tilt Up
2110,2110,344,0.04,0.05,1.0,5,Tilt Up
2111,2111,345,0.05,0.05,1.0,5,Tilt Up
2112,2112,346,0.04,0.05,1.0,5,Tilt Up
2113,2113,347,0.04,0.05,1.0,5,Tilt Up
2114,2114,348,0.05,0.05,1.0,5,Tilt Up
2115,2115,349,0.04,0.05,1.0,5,Tilt Up
2116,2116,350,0.04,0.05,1.0,5,Tilt Up
2117,2117,351,0.04,0.05,1.0,5,Tilt Up
2118,2118,352,0.04,0.05,1.0,5,Tilt Up
2119,2119,353,0.04,0.05,1.0,5,Tilt Up
2120,2120,354,0.04,0.05,1.0,5,Tilt Up
2121,2121,355,0.04,0.05,1.0,5,Tilt Up
2122,2122,356,0.04,0.05,1.0,5,Tilt Up
2123,2123,357,0.04,0.05,1.0,5,Tilt Up
2124,2124,358,0.05,0.05,1.0,5,Tilt Up
2125,2125,359,0.04,0.05,1.0,5,Tilt Up
2126,2126,360,0.04,0.05,1.0,5,Tilt Up
2127,2127,361,0.04,0.05,1.0,5,Tilt Up
2128,2128,362,0.04,0.05,1.0,5,Tilt Up
2129,2129,363,0.04,0.05,1.0,5,Tilt Up
2130,2130,364,0.04,0.05,1.0,5,Tilt Up
2131,2131,365,0.04,0.05,1.0,5,Tilt Up
2132,2132,366,0.04,0.05,1.0,5,Tilt Up
2133,2133,367,0.04,0.05,1.0,5,Tilt Up
2134,2134,368,0.04,0.05,1.0,5,Tilt Up
2135,2135,369,0.04,0.05,1.0,5,Tilt Up
2136,2136,370,0.04,0.05,1.0,5,Tilt Up
2137,2137,371,0.04,0.05,1.0,5,Tilt Up
2138,2138,372,0.05,0.05,1.0,5,Tilt Up
2139,2139,373,0.04,0.04,1.02,5,Tilt Up
2140,2140,374,0.01,0.12,1.25,5,Tilt Up
2141,2141,375,0.17,0.11,1.1,5,Tilt Up
2142,2142,376,0.42,0.05,0.94,5,Tilt Up
2143,2143,377,0.6,0.08,0.7,5,Tilt Up
2144,2144,378,0.71,0.05,0.55,5,Tilt Up
2145,2145,379,0.79,0.03,0.6,5,Tilt Up
2146,2146,380,0.77,0.01,0.57,5,Tilt Up
2147,2147,381,0.61,0.03,0.69,5,Tilt Up
2148,2148,382,0.45,-0.05,0.94,5,Tilt Up
2149,2149,383,0.3,0.08,0.96,5,Tilt Up
2150,2150,384,0.19,0.02,1.04,5,Tilt Up
2151,2151,385,0.08,0.1,1.02,5,Tilt Up
2152,2152,386,0.03,0.05,0.99,5,Tilt Up
2153,2153,387,0.04,0.04,0.93,5,Tilt Up
2154,2154,388,0.04,0.05,1.0,5,Tilt Up
2155,2155,389,0.03,0.04,1.01,5,Tilt Up
2156,2156,390,0.05,0.04,1.0,5,Tilt Up
2157,2157,391,0.04,0.05,1.0,5,Tilt Up
2158,2158,392,0.04,0.05,1.0,5,Tilt Up
2159,2159,393,0.04,0.05,1.0,5,Tilt Up
2160,2160,394,0.04,0.04,1.0,5,Tilt Up
2161,2161,395,0.04,0.05,1.0,5,Tilt Up
2162,2162,396,0.04,0.05,1.0,5,Tilt Up
2163,2163,397,0.04,0.04,1.0,5,Tilt Up
2164,2164,398,0.04,0.05,1.0,5,Tilt Up
2165,2165,399,0.04,0.05,1.0,5,Tilt Up
2166,2166,400,0.04,0.05,1.0,5,Tilt Up
2167,2167,401,0.04,0.05,1.0,5,Tilt Up
2168,2168,402,0.04,0.05,1.0,5,Tilt Up
2169,2169,403,0.04,0.05,1.0,5,Tilt Up
2170,2170,404,0.04,0.05,1.0,5,Tilt Up
2171,2171,405,0.04,0.05,1.0,5,Tilt Up
2172,2172,406,0.05,0.05,1.0,5,Tilt Up
2173,2173,407,0.04,0.04,1.0,5,Tilt Up
2174,2174,408,0.04,0.05,1.0,5,Tilt Up
2175,2175,409,0.04,0.05,1.0,5,Tilt Up
2176,2176,410,0.04,0.05,1.0,5,Tilt Up
2177,2177,411,0.04,0.05,1.0,5,Tilt Up
2178,2178,412,0.05,0.05,1.0,5,Tilt Up
2179,2179,413,0.04,0.05,1.0,5,Tilt Up
2180,2180,414,0.04,0.05,1.0,5,Tilt Up
2181,2181,415,0.04,0.05,1.0,5,Tilt Up
2182,2182,416,0.05,0.05,1.0,5,Tilt Up
2183,2183,0,0.04,-0.03,1.01,6,Tilt Up
2184,2184,1,0.04,-0.04,1.01,6,Tilt Up
2185,2185,2,0.04,-0.04,1.01,6,Tilt Up
2186,2186,3,0.04,-0.04,1.01,6,Tilt Up
2187,2187,4,0.04,-0.03,1.01,6,Tilt Up
2188,2188,5,0.03,-0.04,1.0,6,Tilt Up
2189,2189,6,0.04,-0.03,1.01,6,Tilt Up
2190,2190,7,0.04,-0.03,1.01,6,Tilt Up
2191,2191,8,0.04,-0.04,1.01,6,Tilt Up
2192,2192,9,0.04,-0.04,1.01,6,Tilt Up
2193,2193,10,0.04,-0.04,1.01,6,Tilt Up
2194,2194,11,0.04,-0.03,1.01,6,Tilt Up
2195,2195,12,0.04,-0.04,1.0,6,Tilt Up
2196,2196,13,0.04,-0.04,1.0,6,Tilt Up
2197,2197,14,0.04,-0.04,1.01,6,Tilt Up
2198,2198,15,0.04,-0.04,1.0,6,Tilt Up
2199,2199,16,0.04,-0.03,1.01,6,Tilt Up
2200,2200,17,0.04,-0.04,1.01,6,Tilt Up
2201,2201,18,0.04,-0.04,1.01,6,Tilt Up
2202,2202,19,0.03,-0.04,1.01,6,Tilt Up
2203,2203,20,0.03,-0.03,1.01,6,Tilt Up
2204,2204,21,0.04,-0.03,1.01,6,Tilt Up
2205,2205,22,0.04,-0.04,1.01,6,Tilt Up
2206,2206,23,0.03,-0.03,1.0,6,Tilt Up
2207,2207,24,0.04,-0.03,1.01,6,Tilt Up
2208,2208,25,0.04,-0.04,1.01,6,Tilt Up
2209,2209,26,0.03,-0.04,1.01,6,Tilt Up
2210,2210,27,0.04,-0.04,1.01,6,Tilt Up
2211,2211,28,0.04,-0.03,1.01,6,Tilt Up
2212,2212,29,0.04,-0.04,1.01,6,Tilt Up
2213,2213,30,0.04,-0.04,1.01,6,Tilt Up
2214,2214,31,0.04,-0.04,1.02,6,Tilt Up
2215,2215,32,0.04,-0.03,1.01,6,Tilt Up
2216,2216,33,0.04,-0.04,1.01,6,Tilt Up
2217,2217,34,0.04,-0.04,1.01,6,Tilt Up
2218,2218,35,0.04,-0.04,1.01,6,Tilt Up
2219,2219,36,0.03,-0.03,1.01,6,Tilt Up
2220,2220,37,0.04,-0.03,1.01,6,Tilt Up
2221,2221,38,0.03,-0.03,1.01,6,Tilt Up
2222,2222,39,0.04,-0.03,1.0,6,Tilt Up
2223,2223,40,0.03,-0.03,1.01,6,Tilt Up
2224,2224,41,0.05,-0.02,1.03,6,Tilt Up
2225,2225,42,0.12,0.01,0.97,6,Tilt Up
2226,2226,43,0.27,-0.05,1.06,6,Tilt Up
2227,2227,44,0.42,-0.02,1.05,6,Tilt Up
2228,2228,45,0.63,0.01,0.78,6,Tilt Up
2229,2229,46,0.76,-0.07,0.74,6,Tilt Up
2230,2230,47,0.91,-0.08,0.25,6,Tilt Up
2231,2231,48,0.91,-0.06,0.37,6,Tilt Up
2232,2232,49,0.95,-0.04,0.57,6,Tilt Up
2233,2233,50,0.91,-0.04,0.43,6,Tilt Up
2234,2234,51,0.89,-0.03,0.51,6,Tilt Up
2235,2235,52,0.75,-0.02,0.58,6,Tilt Up
2236,2236,53,0.55,0.01,0.71,6,Tilt Up
2237,2237,54,0.36,0.03,1.08,6,Tilt Up
2238,2238,55,0.26,0.05,1.09,6,Tilt Up
2239,2239,56,0.17,0.0,1.12,6,Tilt Up
2240,2240,57,0.06,0.02,0.95,6,Tilt Up
2241,2241,58,0.03,0.0,1.02,6,Tilt Up
2242,2242,59,0.0,-0.01,1.03,6,Tilt Up
2243,2243,60,0.0,0.0,1.02,6,Tilt Up
2244,2244,61,0.03,-0.04,1.05,6,Tilt Up
2245,2245,62,0.03,-0.03,1.02,6,Tilt Up
2246,2246,63,0.03,-0.02,1.01,6,Tilt Up
2247,2247,64,0.03,-0.04,1.0,6,Tilt Up
2248,2248,65,0.04,-0.04,1.01,6,Tilt Up
2249,2249,66,0.04,-0.03,1.01,6,Tilt Up
2250,2250,67,0.04,-0.03,1.01,6,Tilt Up
2251,2251,68,0.03,-0.03,1.01,6,Tilt Up
2252,2252,69,0.04,-0.04,1.01,6,Tilt Up
2253,2253,70,0.04,-0.04,1.01,6,Tilt Up
2254,2254,71,0.04,-0.04,1.01,6,Tilt Up
2255,2255,72,0.04,-0.04,1.01,6,Tilt Up
2256,2256,73,0.04,-0.04,1.01,6,Tilt Up
2257,2257,74,0.04,-0.04,1.01,6,Tilt Up
2258,2258,75,0.04,-0.04,1.01,6,Tilt Up
2259,2259,76,0.04,-0.04,1.01,6,Tilt Up
2260,2260,77,0.04,-0.04,1.01,6,Tilt Up
2261,2261,78,0.04,-0.04,1.01,6,Tilt Up
2262,2262,79,0.04,-0.03,1.0,6,Tilt Up
2263,2263,80,0.03,-0.03,1.01,6,Tilt Up
2264,2264,81,0.04,-0.03,1.01,6,Tilt Up
2265,2265,82,0.04,-0.04,1.01,6,Tilt Up
2266,2266,83,0.03,-0.04,1.01,6,Tilt Up
2267,2267,84,0.04,-0.04,1.01,6,Tilt Up
2268,2268,85,0.04,-0.04,1.01,6,Tilt Up
2269,2269,86,0.03,-0.04,1.01,6,Tilt Up
2270,2270,87,0.04,-0.04,1.01,6,Tilt Up
2271,2271,88,0.04,-0.03,1.01,6,Tilt Up
2272,2272,89,0.04,-0.03,1.01,6,Tilt Up
2273,2273,90,0.04,-0.04,1.0,6,Tilt Up
2274,2274,91,0.04,-0.04,1.01,6,Tilt Up
2275,2275,92,0.04,-0.03,1.01,6,Tilt Up
2276,2276,93,0.04,-0.04,1.01,6,Tilt Up
2277,2277,94,0.04,-0.03,1.0,6,Tilt Up
2278,2278,95,0.04,-0.03,1.0,6,Tilt Up
2279,2279,96,0.04,-0.02,1.02,6,Tilt Up
2280,2280,97,0.17,0.03,1.1,6,Tilt Up
2281,2281,98,0.36,-0.05,0.95,6,Tilt Up
2282,2282,99,0.57,-0.03,0.86,6,Tilt Up
2283,2283,100,0.76,-0.05,0.6,6,Tilt Up
2284,2284,101,0.84,-0.05,0.51,6,Tilt Up
2285,2285,102,0.87,-0.04,0.44,6,Tilt Up
2286,2286,103,0.93,-0.04,0.53,6,Tilt Up
2287,2287,104,0.87,-0.03,0.51,6,Tilt Up
2288,2288,105,0.88,-0.04,0.51,6,Tilt Up
2289,2289,106,0.88,-0.02,0.54,6,Tilt Up
2290,2290,107,0.88,-0.05,0.54,6,Tilt Up
2291,2291,108,0.84,0.0,0.35,6,Tilt Up
2292,2292,109,0.71,-0.1,0.5,6,Tilt Up
2293,2293,110,0.43,0.05,0.75,6,Tilt Up
2294,2294,111,0.27,-0.04,1.05,6,Tilt Up
2295,2295,112,0.16,0.01,1.13,6,Tilt Up
2296,2296,113,0.04,0.01,1.0,6,Tilt Up
2297,2297,114,0.03,0.0,1.07,6,Tilt Up
2298,2298,115,0.03,0.0,0.98,6,Tilt Up
2299,2299,116,0.03,-0.02,1.01,6,Tilt Up
2300,2300,117,0.03,-0.03,1.01,6,Tilt Up
2301,2301,118,0.02,-0.03,1.01,6,Tilt Up
2302,2302,119,0.03,-0.03,1.01,6,Tilt Up
2303,2303,120,0.02,-0.03,1.01,6,Tilt Up
2304,2304,121,0.04,-0.03,1.0,6,Tilt Up
2305,2305,122,0.04,-0.04,1.01,6,Tilt Up
2306,2306,123,0.04,-0.04,1.01,6,Tilt Up
2307,2307,124,0.03,-0.04,1.0,6,Tilt Up
2308,2308,125,0.04,-0.04,1.01,6,Tilt Up
2309,2309,126,0.04,-0.04,1.01,6,Tilt Up
2310,2310,127,0.03,-0.04,1.01,6,Tilt Up
2311,2311,128,0.04,-0.04,1.0,6,Tilt Up
2312,2312,129,0.04,-0.03,1.0,6,Tilt Up
2313,2313,130,0.04,-0.03,1.0,6,Tilt Up
2314,2314,131,0.04,-0.04,1.01,6,Tilt Up
2315,2315,132,0.04,-0.03,1.0,6,Tilt Up
2316,2316,133,0.04,-0.03,1.01,6,Tilt Up
2317,2317,134,0.03,-0.03,1.01,6,Tilt Up
2318,2318,135,0.04,-0.03,1.0,6,Tilt Up
2319,2319,136,0.04,-0.04,1.01,6,Tilt Up
2320,2320,137,0.04,-0.04,1.01,6,Tilt Up
2321,2321,138,0.04,-0.04,1.01,6,Tilt Up
2322,2322,139,0.04,-0.04,1.01,6,Tilt Up
2323,2323,140,0.04,-0.03,1.01,6,Tilt Up
2324,2324,141,0.04,-0.03,1.01,6,Tilt Up
2325,2325,142,0.04,-0.04,1.01,6,Tilt Up
2326,2326,143,0.03,-0.03,1.01,6,Tilt Up
2327,2327,144,0.04,-0.03,1.01,6,Tilt Up
2328,2328,145,0.04,-0.03,1.01,6,Tilt Up
2329,2329,146,0.03,-0.04,1.01,6,Tilt Up
2330,2330,147,0.04,-0.04,1.01,6,Tilt Up
2331,2331,148,0.03,-0.02,1.02,6,Tilt Up
2332,2332,149,0.11,-0.03,1.17,6,Tilt Up
2333,2333,150,0.32,-0.05,0.99,6,Tilt Up
2334,2334,151,0.55,-0.09,0.83,6,Tilt Up
2335,2335,152,0.7,-0.15,0.61,6,Tilt Up
2336,2336,153,0.84,-0.14,0.51,6,Tilt Up
2337,2337,154,0.86,-0.09,0.38,6,Tilt Up
2338,2338,155,0.91,-0.16,0.48,6,Tilt Up
2339,2339,156,0.89,-0.14,0.48,6,Tilt Up
2340,2340,157,0.89,-0.14,0.48,6,Tilt Up
2341,2341,158,0.88,-0.14,0.5,6,Tilt Up
2342,2342,159,0.82,-0.09,0.23,6,Tilt Up
2343,2343,160,0.63,-0.11,0.81,6,Tilt Up
2344,2344,161,0.36,-0.0,0.72,6,Tilt Up
2345,2345,162,0.23,-0.15,1.18,6,Tilt Up
2346,2346,163,0.07,0.08,1.08,6,Tilt Up
2347,2347,164,0.03,0.02,0.99,6,Tilt Up
2348,2348,165,0.02,-0.04,1.09,6,Tilt Up
2349,2349,166,0.0,-0.01,1.02,6,Tilt Up
2350,2350,167,0.03,-0.04,1.02,6,Tilt Up
2351,2351,168,0.04,-0.03,1.01,6,Tilt Up
2352,2352,169,0.04,-0.04,1.01,6,Tilt Up
2353,2353,170,0.04,-0.04,1.01,6,Tilt Up
2354,2354,171,0.04,-0.04,1.01,6,Tilt Up
2355,2355,172,0.04,-0.04,1.01,6,Tilt Up
2356,2356,173,0.03,-0.04,1.0,6,Tilt Up
2357,2357,174,0.04,-0.03,1.01,6,Tilt Up
2358,2358,175,0.04,-0.04,1.01,6,Tilt Up
2359,2359,176,0.04,-0.04,1.01,6,Tilt Up
2360,2360,177,0.03,-0.03,1.01,6,Tilt Up
2361,2361,178,0.04,-0.04,1.01,6,Tilt Up
2362,2362,179,0.04,-0.04,1.01,6,Tilt Up
2363,2363,180,0.04,-0.04,1.01,6,Tilt Up
2364,2364,181,0.04,-0.04,1.01,6,Tilt Up
2365,2365,182,0.04,-0.03,1.01,6,Tilt Up
2366,2366,183,0.04,-0.04,1.01,6,Tilt Up
2367,2367,184,0.04,-0.03,1.0,6,Tilt Up
2368,2368,185,0.04,-0.04,1.01,6,Tilt Up
2369,2369,186,0.04,-0.03,1.01,6,Tilt Up
2370,2370,187,0.04,-0.03,1.01,6,Tilt Up
2371,2371,188,0.04,-0.04,1.01,6,Tilt Up
2372,2372,189,0.03,-0.04,1.01,6,Tilt Up
2373,2373,190,0.04,-0.04,1.01,6,Tilt Up
2374,2374,191,0.04,-0.04,1.01,6,Tilt Up
2375,2375,192,0.04,-0.04,1.01,6,Tilt Up
2376,2376,193,0.04,-0.04,1.01,6,Tilt Up
2377,2377,194,0.04,-0.04,1.01,6,Tilt Up
2378,2378,195,0.04,-0.03,1.01,6,Tilt Up
2379,2379,196,0.03,-0.03,1.01,6,Tilt Up
2380,2380,197,0.04,-0.04,1.01,6,Tilt Up
2381,2381,198,0.04,-0.03,1.01,6,Tilt Up
2382,2382,199,0.03,-0.03,1.0,6,Tilt Up
2383,2383,200,0.04,-0.04,1.01,6,Tilt Up
2384,2384,201,0.04,-0.04,1.02,6,Tilt Up
2385,2385,202,0.1,-0.1,1.34,6,Tilt Up
2386,2386,203,0.22,-0.06,0.82,6,Tilt Up
2387,2387,204,0.48,-0.07,0.8,6,Tilt Up
2388,2388,205,0.7,-0.14,0.57,6,Tilt Up
2389,2389,206,0.83,-0.15,0.46,6,Tilt Up
2390,2390,207,0.88,-0.16,0.19,6,Tilt Up
2391,2391,208,0.97,-0.17,0.23,6,Tilt Up
2392,2392,209,0.95,-0.16,0.28,6,Tilt Up
2393,2393,210,0.81,-0.09,0.26,6,Tilt Up
2394,2394,211,0.69,-0.12,0.5,6,Tilt Up
2395,2395,212,0.43,0.0,0.79,6,Tilt Up
2396,2396,213,0.19,-0.1,1.48,6,Tilt Up
2397,2397,214,0.1,0.07,1.07,6,Tilt Up
2398,2398,215,0.02,-0.1,1.01,6,Tilt Up
2399,2399,216,0.04,0.02,0.96,6,Tilt Up
2400,2400,217,0.02,-0.03,1.01,6,Tilt Up
2401,2401,218,0.03,-0.03,1.01,6,Tilt Up
2402,2402,219,0.03,-0.03,1.01,6,Tilt Up
2403,2403,220,0.04,-0.04,1.01,6,Tilt Up
2404,2404,221,0.04,-0.03,1.01,6,Tilt Up
2405,2405,222,0.04,-0.03,1.01,6,Tilt Up
2406,2406,223,0.04,-0.04,1.01,6,Tilt Up
2407,2407,224,0.04,-0.03,1.01,6,Tilt Up
2408,2408,225,0.04,-0.04,1.01,6,Tilt Up
2409,2409,226,0.04,-0.04,1.01,6,Tilt Up
2410,2410,227,0.03,-0.03,1.01,6,Tilt Up
2411,2411,228,0.04,-0.04,1.01,6,Tilt Up
2412,2412,229,0.04,-0.04,1.0,6,Tilt Up
2413,2413,230,0.04,-0.03,1.0,6,Tilt Up
2414,2414,231,0.04,-0.04,1.01,6,Tilt Up
2415,2415,232,0.03,-0.03,1.01,6,Tilt Up
2416,2416,233,0.04,-0.03,1.01,6,Tilt Up
2417,2417,234,0.04,-0.04,1.01,6,Tilt Up
2418,2418,235,0.03,-0.03,1.01,6,Tilt Up
2419,2419,236,0.04,-0.04,1.01,6,Tilt Up
2420,2420,237,0.04,-0.04,1.01,6,Tilt Up
2421,2421,238,0.04,-0.04,1.01,6,Tilt Up
2422,2422,239,0.04,-0.04,1.01,6,Tilt Up
2423,2423,240,0.04,-0.04,1.01,6,Tilt Up
2424,2424,241,0.04,-0.04,1.01,6,Tilt Up
2425,2425,242,0.03,-0.04,1.01,6,Tilt Up
2426,2426,243,0.04,-0.04,1.01,6,Tilt Up
2427,2427,244,0.04,-0.04,1.01,6,Tilt Up
2428,2428,245,0.04,-0.04,1.01,6,Tilt Up
2429,2429,246,0.02,-0.06,1.07,6,Tilt Up
2430,2430,247,0.12,-0.06,1.18,6,Tilt Up
2431,2431,248,0.35,-0.11,1.02,6,Tilt Up
2432,2432,249,0.59,-0.1,0.64,6,Tilt Up
2433,2433,250,0.77,-0.16,0.74,6,Tilt Up
2434,2434,251,0.76,-0.14,0.66,6,Tilt Up
2435,2435,252,0.76,-0.09,0.56,6,Tilt Up
2436,2436,253,0.76,-0.1,0.63,6,Tilt Up
2437,2437,254,0.76,-0.11,0.64,6,Tilt Up
2438,2438,255,0.59,-0.02,0.47,6,Tilt Up
2439,2439,256,0.49,-0.01,0.87,6,Tilt Up
2440,2440,257,0.24,0.04,1.12,6,Tilt Up
2441,2441,258,0.14,-0.0,1.16,6,Tilt Up
2442,2442,259,0.06,0.04,1.06,6,Tilt Up
2443,2443,260,0.02,0.01,1.05,6,Tilt Up
2444,2444,261,0.03,-0.03,1.02,6,Tilt Up
2445,2445,262,0.04,-0.04,1.01,6,Tilt Up
2446,2446,263,0.04,-0.04,1.01,6,Tilt Up
2447,2447,264,0.04,-0.04,1.01,6,Tilt Up
2448,2448,265,0.04,-0.04,1.01,6,Tilt Up
2449,2449,266,0.03,-0.04,1.01,6,Tilt Up
2450,2450,267,0.04,-0.04,1.01,6,Tilt Up
2451,2451,268,0.04,-0.04,1.01,6,Tilt Up
2452,2452,269,0.03,-0.03,1.01,6,Tilt Up
2453,2453,270,0.04,-0.04,1.01,6,Tilt Up
2454,2454,271,0.03,-0.03,1.01,6,Tilt Up
2455,2455,272,0.03,-0.03,1.01,6,Tilt Up
2456,2456,273,0.03,-0.04,1.01,6,Tilt Up
2457,2457,274,0.04,-0.03,1.01,6,Tilt Up
2458,2458,275,0.04,-0.04,1.01,6,Tilt Up
2459,2459,276,0.04,-0.03,1.01,6,Tilt Up
2460,2460,277,0.04,-0.04,1.01,6,Tilt Up
2461,2461,278,0.04,-0.04,1.01,6,Tilt Up
2462,2462,279,0.04,-0.03,1.0,6,Tilt Up
2463,2463,280,0.04,-0.03,1.0,6,Tilt Up
2464,2464,281,0.04,-0.03,1.01,6,Tilt Up
2465,2465,282,0.04,-0.04,1.01,6,Tilt Up
2466,2466,283,0.04,-0.03,1.01,6,Tilt Up
2467,2467,284,0.04,-0.04,1.01,6,Tilt Up
2468,2468,285,0.04,-0.03,1.01,6,Tilt Up
2469,2469,286,0.04,-0.04,1.0,6,Tilt Up
2470,2470,287,0.04,-0.04,1.01,6,Tilt Up
2471,2471,288,0.04,-0.03,1.01,6,Tilt Up
2472,2472,289,0.04,-0.03,1.01,6,Tilt Up
2473,2473,290,0.03,-0.03,1.01,6,Tilt Up
2474,2474,291,0.04,-0.05,1.0,6,Tilt Up
2475,2475,292,-0.0,-0.09,1.01,6,Tilt Up
2476,2476,293,0.08,-0.09,1.32,6,Tilt Up
2477,2477,294,0.23,-0.1,1.18,6,Tilt Up
2478,2478,295,0.44,-0.09,0.83,6,Tilt Up
2479,2479,296,0.61,-0.06,0.8,6,Tilt Up
2480,2480,297,0.7,-0.05,0.72,6,Tilt Up
2481,2481,298,0.77,-0.13,0.57,6,Tilt Up
2482,2482,299,0.79,-0.12,0.39,6,Tilt Up
2483,2483,300,0.82,-0.11,0.72,6,Tilt Up
2484,2484,301,0.82,-0.13,0.55,6,Tilt Up
2485,2485,302,0.64,-0.08,0.36,6,Tilt Up
2486,2486,303,0.42,0.15,1.19,6,Tilt Up
2487,2487,304,0.25,-0.07,1.2,6,Tilt Up
2488,2488,305,0.11,0.09,1.11,6,Tilt Up
2489,2489,306,0.06,0.0,1.09,6,Tilt Up
2490,2490,307,0.04,-0.01,1.09,6,Tilt Up
2491,2491,308,0.02,-0.0,0.98,6,Tilt Up
2492,2492,309,0.03,-0.03,1.01,6,Tilt Up
2493,2493,310,0.04,-0.04,1.01,6,Tilt Up
2494,2494,311,0.03,-0.04,1.0,6,Tilt Up
2495,2495,312,0.04,-0.03,1.01,6,Tilt Up
2496,2496,313,0.04,-0.04,1.01,6,Tilt Up
2497,2497,314,0.04,-0.04,1.0,6,Tilt Up
2498,2498,315,0.04,-0.03,1.01,6,Tilt Up
2499,2499,316,0.04,-0.03,1.01,6,Tilt Up
2500,2500,317,0.04,-0.04,1.01,6,Tilt Up
2501,2501,318,0.04,-0.04,1.01,6,Tilt Up
2502,2502,319,0.03,-0.04,1.01,6,Tilt Up
2503,2503,320,0.04,-0.03,1.01,6,Tilt Up
2504,2504,321,0.03,-0.03,1.01,6,Tilt Up
2505,2505,322,0.03,-0.04,1.01,6,Tilt Up
2506,2506,323,0.04,-0.03,1.0,6,Tilt Up
2507,2507,324,0.04,-0.03,1.0,6,Tilt Up
2508,2508,325,0.03,-0.04,1.01,6,Tilt Up
2509,2509,326,0.04,-0.04,1.01,6,Tilt Up
2510,2510,327,0.04,-0.04,1.01,6,Tilt Up
2511,2511,328,0.04,-0.04,1.01,6,Tilt Up
2512,2512,329,0.04,-0.04,1.01,6,Tilt Up
2513,2513,330,0.04,-0.04,1.01,6,Tilt Up
2514,2514,331,0.03,-0.03,1.01,6,Tilt Up
2515,2515,332,0.04,-0.04,1.01,6,Tilt Up
2516,2516,333,0.04,-0.03,1.02,6,Tilt Up
2517,2517,334,0.04,-0.04,1.01,6,Tilt Up
2518,2518,335,0.04,-0.03,1.01,6,Tilt Up
2519,2519,336,0.04,-0.04,1.01,6,Tilt Up
2520,2520,337,0.03,-0.04,1.01,6,Tilt Up
2521,2521,338,0.04,-0.04,1.01,6,Tilt Up
2522,2522,339,0.04,-0.03,1.01,6,Tilt Up
2523,2523,340,0.14,0.0,1.05,6,Tilt Up
2524,2524,341,0.15,0.06,1.09,6,Tilt Up
2525,2525,342,0.29,-0.11,1.15,6,Tilt Up
2526,2526,343,0.6,0.01,0.82,6,Tilt Up
2527,2527,344,0.83,-0.11,0.34,6,Tilt Up
2528,2528,345,0.89,-0.09,0.55,6,Tilt Up
2529,2529,346,0.84,-0.01,0.49,6,Tilt Up
2530,2530,347,0.86,-0.04,0.6,6,Tilt Up
2531,2531,348,0.85,-0.04,0.57,6,Tilt Up
2532,2532,349,0.86,-0.05,0.59,6,Tilt Up
2533,2533,350,0.72,0.02,0.23,6,Tilt Up
2534,2534,351,0.5,-0.05,1.14,6,Tilt Up
2535,2535,352,0.27,0.2,1.14,6,Tilt Up
2536,2536,353,0.15,-0.06,1.14,6,Tilt Up
2537,2537,354,0.07,0.05,1.02,6,Tilt Up
2538,2538,355,0.03,-0.03,1.02,6,Tilt Up
2539,2539,356,0.03,-0.02,1.0,6,Tilt Up
2540,2540,357,0.03,-0.04,1.01,6,Tilt Up
2541,2541,358,0.03,-0.03,1.01,6,Tilt Up
2542,2542,359,0.04,-0.04,1.01,6,Tilt Up
2543,2543,360,0.03,-0.04,1.01,6,Tilt Up
2544,2544,361,0.03,-0.03,1.02,6,Tilt Up
2545,2545,362,0.04,-0.03,1.01,6,Tilt Up
2546,2546,363,0.04,-0.04,1.01,6,Tilt Up
2547,2547,364,0.04,-0.03,1.0,6,Tilt Up
2548,2548,365,0.04,-0.04,1.01,6,Tilt Up
2549,2549,366,0.04,-0.04,1.01,6,Tilt Up
2550,2550,367,0.04,-0.04,1.01,6,Tilt Up
2551,2551,368,0.04,-0.04,1.01,6,Tilt Up
2552,2552,369,0.03,-0.03,1.0,6,Tilt Up
2553,2553,370,0.03,-0.04,1.01,6,Tilt Up
2554,2554,371,0.03,-0.03,1.01,6,Tilt Up
2555,2555,372,0.03,-0.04,1.01,6,Tilt Up
2556,2556,373,0.03,-0.03,1.01,6,Tilt Up
2557,2557,374,0.03,-0.03,1.01,6,Tilt Up
2558,2558,375,0.04,-0.04,1.01,6,Tilt Up
2559,2559,376,0.04,-0.04,1.01,6,Tilt Up
2560,2560,377,0.04,-0.04,1.01,6,Tilt Up
2561,2561,378,0.04,-0.03,1.0,6,Tilt Up
2562,2562,379,0.04,-0.03,1.01,6,Tilt Up
2563,2563,380,0.04,-0.04,1.01,6,Tilt Up
2564,2564,381,0.03,-0.04,1.01,6,Tilt Up
2565,2565,382,0.03,-0.03,1.01,6,Tilt Up
2566,2566,383,0.04,-0.04,1.01,6,Tilt Up
2567,2567,384,0.04,-0.03,1.01,6,Tilt Up
2568,2568,385,0.04,-0.03,1.01,6,Tilt Up
2569,2569,386,0.04,-0.03,1.01,6,Tilt Up
2570,2570,387,0.03,-0.03,1.01,6,Tilt Up
2571,2571,388,0.03,-0.03,1.01,6,Tilt Up
2572,2572,389,0.02,-0.04,1.01,6,Tilt Up
2573,2573,390,0.07,-0.1,1.32,6,Tilt Up
2574,2574,391,0.2,-0.04,1.0,6,Tilt Up
2575,2575,392,0.46,-0.15,0.76,6,Tilt Up
2576,2576,393,0.68,-0.05,0.57,6,Tilt Up
2577,2577,394,0.81,-0.13,0.59,6,Tilt Up
2578,2578,395,0.89,-0.09,0.13,6,Tilt Up
2579,2579,396,0.96,-0.09,0.52,6,Tilt Up
2580,2580,397,0.9,-0.07,0.37,6,Tilt Up
2581,2581,398,0.72,0.03,0.29,6,Tilt Up
2582,2582,399,0.5,0.02,1.07,6,Tilt Up
2583,2583,400,0.28,0.02,1.21,6,Tilt Up
2584,2584,401,0.15,0.0,1.18,6,Tilt Up
2585,2585,402,0.09,0.0,0.98,6,Tilt Up
2586,2586,403,0.04,0.01,1.01,6,Tilt Up
2587,2587,404,0.01,-0.02,1.01,6,Tilt Up
2588,2588,405,0.03,-0.03,1.01,6,Tilt Up
2589,2589,406,0.03,-0.04,1.01,6,Tilt Up
2590,2590,407,0.02,-0.03,1.01,6,Tilt Up
2591,2591,408,0.04,-0.04,1.01,6,Tilt Up
2592,2592,409,0.04,-0.04,1.01,6,Tilt Up
2593,2593,410,0.04,-0.04,1.01,6,Tilt Up
2594,2594,411,0.04,-0.04,1.01,6,Tilt Up
2595,2595,412,0.04,-0.04,1.01,6,Tilt Up
2596,2596,413,0.04,-0.04,1.01,6,Tilt Up
2597,2597,414,0.04,-0.04,1.01,6,Tilt Up
2598,2598,415,0.04,-0.04,1.0,6,Tilt Up
2599,2599,416,0.04,-0.04,1.01,6,Tilt Up
2600,2600,417,0.04,-0.04,1.01,6,Tilt Up
2601,2601,418,0.04,-0.04,1.01,6,Tilt Up
2602,2602,419,0.04,-0.04,1.01,6,Tilt Up
2603,2603,420,0.04,-0.04,1.01,6,Tilt Up
2604,2604,421,0.03,-0.03,1.01,6,Tilt Up
2605,2605,422,0.04,-0.04,1.01,6,Tilt Up
2606,2606,423,0.04,-0.03,1.01,6,Tilt Up
2607,2607,424,0.04,-0.04,1.01,6,Tilt Up
2608,2608,425,0.04,-0.03,1.01,6,Tilt Up
2609,2609,426,0.04,-0.03,1.01,6,Tilt Up
2610,2610,427,0.04,-0.03,1.01,6,Tilt Up
2611,2611,428,0.04,-0.04,1.0,6,Tilt Up
2612,2612,429,0.03,-0.03,1.01,6,Tilt Up
2613,2613,430,0.03,-0.04,1.01,6,Tilt Up
2614,2614,431,0.04,-0.04,1.01,6,Tilt Up
2615,2615,432,0.04,-0.04,1.01,6,Tilt Up
2616,2616,433,0.04,-0.03,1.01,6,Tilt Up
2617,2617,434,0.04,-0.04,1.02,6,Tilt Up
2618,2618,435,0.07,-0.05,1.23,6,Tilt Up
2619,2619,436,0.2,0.0,1.07,6,Tilt Up
2620,2620,437,0.38,-0.1,0.92,6,Tilt Up
2621,2621,438,0.63,-0.04,0.89,6,Tilt Up
2622,2622,439,0.75,-0.14,0.05,6,Tilt Up
2623,2623,440,0.91,-0.1,0.23,6,Tilt Up
2624,2624,441,0.91,-0.13,0.25,6,Tilt Up
2625,2625,442,0.82,-0.17,0.42,6,Tilt Up
2626,2626,443,0.56,0.0,0.84,6,Tilt Up
2627,2627,444,0.37,0.04,0.99,6,Tilt Up
2628,2628,445,0.2,0.03,0.97,6,Tilt Up
2629,2629,446,0.07,-0.04,1.0,6,Tilt Up
2630,2630,447,0.04,-0.05,1.0,6,Tilt Up
2631,2631,448,0.02,-0.02,1.02,6,Tilt Up
2632,2632,449,0.04,-0.04,1.02,6,Tilt Up
2633,2633,450,0.04,-0.04,1.01,6,Tilt Up
2634,2634,451,0.04,-0.04,1.01,6,Tilt Up
2635,2635,452,0.04,-0.04,1.01,6,Tilt Up
2636,2636,453,0.03,-0.04,1.01,6,Tilt Up
2637,2637,454,0.03,-0.04,1.01,6,Tilt Up
2638,2638,455,0.04,-0.04,1.01,6,Tilt Up
2639,2639,456,0.03,-0.04,1.01,6,Tilt Up
2640,2640,457,0.04,-0.04,1.01,6,Tilt Up
2641,2641,458,0.03,-0.03,1.01,6,Tilt Up
2642,2642,459,0.03,-0.03,1.0,6,Tilt Up
2643,2643,460,0.04,-0.04,1.01,6,Tilt Up
2644,2644,461,0.04,-0.03,1.0,6,Tilt Up
2645,2645,462,0.04,-0.04,1.01,6,Tilt Up
2646,2646,463,0.04,-0.04,1.01,6,Tilt Up
2647,2647,464,0.04,-0.04,1.01,6,Tilt Up
2648,2648,465,0.03,-0.04,1.01,6,Tilt Up
2649,2649,466,0.04,-0.03,1.0,6,Tilt Up
2650,2650,467,0.04,-0.03,1.01,6,Tilt Up
2651,2651,468,0.03,-0.03,1.01,6,Tilt Up
2652,2652,469,0.04,-0.04,1.01,6,Tilt Up
2653,2653,470,0.04,-0.04,1.01,6,Tilt Up
2654,2654,471,0.04,-0.04,1.01,6,Tilt Up
2655,2655,472,0.04,-0.04,1.02,6,Tilt Up
2656,2656,473,0.04,-0.03,1.01,6,Tilt Up
0,0,0,0.04,0.03,1.0,1,Yaw Left
1,1,1,0.04,0.03,1.0,1,Yaw Left
2,2,2,0.04,0.03,1.01,1,Yaw Left
3,3,3,0.04,0.03,1.0,1,Yaw Left
4,4,4,0.04,0.04,1.0,1,Yaw Left
5,5,5,0.04,0.03,1.0,1,Yaw Left
6,6,6,0.04,0.03,1.0,1,Yaw Left
7,7,7,0.04,0.03,1.0,1,Yaw Left
8,8,8,0.04,0.03,1.0,1,Yaw Left
9,9,9,0.04,0.03,1.0,1,Yaw Left
10,10,10,0.03,0.03,1.0,1,Yaw Left
11,11,11,0.04,0.03,1.0,1,Yaw Left
12,12,12,0.04,0.03,1.0,1,Yaw Left
13,13,13,0.04,0.03,1.0,1,Yaw Left
14,14,14,0.03,0.03,1.0,1,Yaw Left
15,15,15,0.04,0.03,1.0,1,Yaw Left
16,16,16,0.04,0.02,1.0,1,Yaw Left
17,17,17,0.04,0.03,1.0,1,Yaw Left
18,18,18,0.04,0.03,1.0,1,Yaw Left
19,19,19,0.04,0.03,1.0,1,Yaw Left
20,20,20,0.04,0.02,1.0,1,Yaw Left
21,21,21,0.04,0.03,1.0,1,Yaw Left
22,22,22,0.04,0.02,1.0,1,Yaw Left
23,23,23,0.04,0.03,1.0,1,Yaw Left
24,24,24,0.04,0.02,1.0,1,Yaw Left
25,25,25,0.04,0.03,1.0,1,Yaw Left
26,26,26,0.04,0.03,1.0,1,Yaw Left
27,27,27,0.04,0.03,1.0,1,Yaw Left
28,28,28,0.04,0.03,1.0,1,Yaw Left
29,29,29,0.04,0.03,1.0,1,Yaw Left
30,30,30,0.04,0.02,1.0,1,Yaw Left
31,31,31,0.04,0.03,1.0,1,Yaw Left
32,32,32,0.04,0.03,1.0,1,Yaw Left
33,33,33,0.04,0.03,1.0,1,Yaw Left
34,34,34,0.03,0.03,1.0,1,Yaw Left
35,35,35,0.05,0.01,0.98,1,Yaw Left
36,36,36,0.05,0.06,1.05,1,Yaw Left
37,37,37,0.05,0.09,0.98,1,Yaw Left
38,38,38,0.05,0.09,0.94,1,Yaw Left
39,39,39,0.07,0.12,1.0,1,Yaw Left
40,40,40,0.05,0.18,0.98,1,Yaw Left
41,41,41,0.03,0.21,1.01,1,Yaw Left
42,42,42,0.18,-0.09,0.99,1,Yaw Left
43,43,43,-0.1,-0.05,1.06,1,Yaw Left
44,44,44,0.2,-0.12,0.62,1,Yaw Left
45,45,45,0.04,0.13,1.01,1,Yaw Left
46,46,46,0.17,-0.26,0.78,1,Yaw Left
47,47,47,0.15,0.06,1.04,1,Yaw Left
48,48,48,0.14,-0.05,1.0,1,Yaw Left
49,49,49,0.16,0.13,1.03,1,Yaw Left
50,50,50,0.19,-0.05,0.94,1,Yaw Left
51,51,51,0.14,-0.12,0.99,1,Yaw Left
52,52,52,0.16,-0.05,0.97,1,Yaw Left
53,53,53,0.16,-0.03,0.96,1,Yaw Left
54,54,54,0.17,-0.03,0.93,1,Yaw Left
55,55,55,0.11,-0.11,1.03,1,Yaw Left
56,56,56,0.14,0.05,0.95,1,Yaw Left
57,57,57,0.13,0.11,1.01,1,Yaw Left
58,58,58,0.13,0.03,1.0,1,Yaw Left
59,59,59,0.12,0.07,0.95,1,Yaw Left
60,60,60,0.1,0.09,0.94,1,Yaw Left
61,61,61,0.05,0.09,1.01,1,Yaw Left
62,62,62,0.02,0.08,1.06,1,Yaw Left
63,63,63,0.02,0.05,1.01,1,Yaw Left
64,64,64,0.04,0.04,1.04,1,Yaw Left
65,65,65,0.01,0.0,0.95,1,Yaw Left
66,66,66,0.05,0.02,1.01,1,Yaw Left
67,67,67,0.04,0.02,1.0,1,Yaw Left
68,68,68,0.04,0.02,1.0,1,Yaw Left
69,69,69,0.04,0.03,1.0,1,Yaw Left
70,70,70,0.04,0.03,1.0,1,Yaw Left
71,71,71,0.04,0.03,1.0,1,Yaw Left
72,72,72,0.04,0.03,1.0,1,Yaw Left
73,73,73,0.04,0.03,1.0,1,Yaw Left
74,74,74,0.04,0.03,1.0,1,Yaw Left
75,75,75,0.04,0.03,1.0,1,Yaw Left
76,76,76,0.04,0.03,1.0,1,Yaw Left
77,77,77,0.04,0.02,1.0,1,Yaw Left
78,78,78,0.04,0.03,1.0,1,Yaw Left
79,79,79,0.04,0.03,1.0,1,Yaw Left
80,80,80,0.04,0.03,1.0,1,Yaw Left
81,81,81,0.04,0.03,1.0,1,Yaw Left
82,82,82,0.04,0.02,1.0,1,Yaw Left
83,83,83,0.04,0.03,1.0,1,Yaw Left
84,84,84,0.04,0.02,1.0,1,Yaw Left
85,85,85,0.04,0.03,1.0,1,Yaw Left
86,86,86,0.04,0.03,1.0,1,Yaw Left
87,87,87,0.04,0.03,1.0,1,Yaw Left
88,88,88,0.04,0.03,1.0,1,Yaw Left
89,89,89,0.04,0.03,1.0,1,Yaw Left
90,90,90,0.04,0.03,1.0,1,Yaw Left
91,91,91,0.04,0.03,1.0,1,Yaw Left
92,92,92,0.04,0.03,1.0,1,Yaw Left
93,93,93,0.04,0.03,1.0,1,Yaw Left
94,94,94,0.04,0.03,1.0,1,Yaw Left
95,95,95,0.04,0.03,1.0,1,Yaw Left
96,96,96,0.04,0.03,1.0,1,Yaw Left
97,97,97,0.04,0.03,1.0,1,Yaw Left
98,98,98,0.04,0.03,1.0,1,Yaw Left
99,99,99,0.04,0.03,1.0,1,Yaw Left
100,100,100,0.04,0.03,1.0,1,Yaw Left
101,101,101,0.04,0.03,1.01,1,Yaw Left
102,102,102,0.04,0.03,1.0,1,Yaw Left
103,103,103,0.04,0.02,1.0,1,Yaw Left
104,104,104,0.04,0.02,1.0,1,Yaw Left
105,105,105,0.03,0.03,1.0,1,Yaw Left
106,106,106,0.04,0.03,1.0,1,Yaw Left
107,107,107,0.04,0.02,1.0,1,Yaw Left
108,108,108,0.04,0.02,1.0,1,Yaw Left
109,109,109,0.06,0.02,1.0,1,Yaw Left
110,110,110,0.05,0.01,1.0,1,Yaw Left
111,111,111,-0.02,0.02,1.05,1,Yaw Left
112,112,112,0.11,0.17,1.06,1,Yaw Left
113,113,113,-0.01,0.07,0.92,1,Yaw Left
114,114,114,0.29,0.04,0.82,1,Yaw Left
115,115,115,0.27,0.14,1.0,1,Yaw Left
116,116,116,0.14,-0.0,0.76,1,Yaw Left
117,117,117,0.17,-0.04,0.95,1,Yaw Left
118,118,118,0.16,-0.14,0.95,1,Yaw Left
119,119,119,0.11,0.03,1.05,1,Yaw Left
120,120,120,0.18,0.01,0.89,1,Yaw Left
121,121,121,0.16,-0.18,0.96,1,Yaw Left
122,122,122,0.17,-0.02,0.95,1,Yaw Left
123,123,123,0.2,-0.04,1.06,1,Yaw Left
124,124,124,0.2,0.07,0.94,1,Yaw Left
125,125,125,0.18,0.12,0.89,1,Yaw Left
126,126,126,0.17,0.04,0.99,1,Yaw Left
127,127,127,0.05,0.15,1.02,1,Yaw Left
128,128,128,0.04,0.21,0.98,1,Yaw Left
129,129,129,0.01,0.12,1.04,1,Yaw Left
130,130,130,0.08,0.12,0.98,1,Yaw Left
131,131,131,0.06,-0.09,1.04,1,Yaw Left
132,132,132,0.04,0.05,1.0,1,Yaw Left
133,133,133,0.04,0.02,1.0,1,Yaw Left
134,134,134,0.04,0.03,1.0,1,Yaw Left
135,135,135,0.04,0.02,1.0,1,Yaw Left
136,136,136,0.04,0.02,1.0,1,Yaw Left
137,137,137,0.04,0.03,1.0,1,Yaw Left
138,138,138,0.03,0.03,1.0,1,Yaw Left
139,139,139,0.04,0.03,1.0,1,Yaw Left
140,140,140,0.04,0.03,1.0,1,Yaw Left
141,141,141,0.04,0.03,1.0,1,Yaw Left
142,142,142,0.04,0.03,1.0,1,Yaw Left
143,143,143,0.04,0.03,1.0,1,Yaw Left
144,144,144,0.04,0.03,1.0,1,Yaw Left
145,145,145,0.04,0.03,1.0,1,Yaw Left
146,146,146,0.04,0.03,1.0,1,Yaw Left
147,147,147,0.04,0.03,1.0,1,Yaw Left
148,148,148,0.04,0.03,1.0,1,Yaw Left
149,149,149,0.04,0.03,1.0,1,Yaw Left
150,150,150,0.04,0.03,1.0,1,Yaw Left
151,151,151,0.04,0.03,1.0,1,Yaw Left
152,152,152,0.04,0.03,1.0,1,Yaw Left
153,153,153,0.04,0.03,1.0,1,Yaw Left
154,154,154,0.04,0.03,1.0,1,Yaw Left
155,155,155,0.04,0.03,1.0,1,Yaw Left
156,156,156,0.04,0.03,1.0,1,Yaw Left
157,157,157,0.04,0.03,1.0,1,Yaw Left
158,158,158,0.04,0.03,1.0,1,Yaw Left
159,159,159,0.04,0.03,1.0,1,Yaw Left
160,160,160,0.04,0.03,1.0,1,Yaw Left
161,161,161,0.04,0.03,1.0,1,Yaw Left
162,162,162,0.04,0.03,1.0,1,Yaw Left
163,163,163,0.04,0.03,1.0,1,Yaw Left
164,164,164,0.04,0.03,1.0,1,Yaw Left
165,165,165,0.04,0.03,1.0,1,Yaw Left
166,166,166,0.04,0.03,1.0,1,Yaw Left
167,167,167,0.04,0.03,1.0,1,Yaw Left
168,168,168,0.04,0.04,1.0,1,Yaw Left
169,169,169,0.04,0.03,1.0,1,Yaw Left
170,170,170,0.03,0.02,1.0,1,Yaw Left
171,171,171,0.04,0.04,1.02,1,Yaw Left
172,172,172,-0.02,0.02,0.98,1,Yaw Left
173,173,173,0.09,0.25,0.92,1,Yaw Left
174,174,174,0.02,0.16,0.8,1,Yaw Left
175,175,175,0.22,-0.09,0.8,1,Yaw Left
176,176,176,0.12,0.15,1.02,1,Yaw Left
177,177,177,0.18,-0.19,0.89,1,Yaw Left
178,178,178,0.21,-0.12,1.09,1,Yaw Left
179,179,179,0.23,-0.02,0.88,1,Yaw Left
180,180,180,0.19,-0.09,0.96,1,Yaw Left
181,181,181,0.2,-0.05,1.02,1,Yaw Left
182,182,182,0.18,-0.11,1.0,1,Yaw Left
183,183,183,0.09,-0.08,1.05,1,Yaw Left
184,184,184,0.17,0.02,0.95,1,Yaw Left
185,185,185,0.18,0.09,1.02,1,Yaw Left
186,186,186,0.14,0.27,0.93,1,Yaw Left
187,187,187,0.13,0.15,0.86,1,Yaw Left
188,188,188,0.05,0.06,1.01,1,Yaw Left
189,189,189,0.06,0.02,0.95,1,Yaw Left
190,190,190,0.02,0.11,1.0,1,Yaw Left
191,191,191,0.06,0.07,0.99,1,Yaw Left
192,192,192,0.02,-0.0,0.99,1,Yaw Left
193,193,193,0.05,0.02,1.0,1,Yaw Left
194,194,194,0.05,-0.02,0.99,1,Yaw Left
195,195,195,0.04,0.03,1.0,1,Yaw Left
196,196,196,0.04,0.02,1.0,1,Yaw Left
197,197,197,0.04,0.02,1.0,1,Yaw Left
198,198,198,0.04,0.03,1.0,1,Yaw Left
199,199,199,0.04,0.03,1.0,1,Yaw Left
200,200,200,0.04,0.03,1.0,1,Yaw Left
201,201,201,0.04,0.02,1.0,1,Yaw Left
202,202,202,0.04,0.03,1.0,1,Yaw Left
203,203,203,0.04,0.03,1.0,1,Yaw Left
204,204,204,0.04,0.03,1.0,1,Yaw Left
205,205,205,0.04,0.02,1.0,1,Yaw Left
206,206,206,0.04,0.03,1.0,1,Yaw Left
207,207,207,0.04,0.03,1.0,1,Yaw Left
208,208,208,0.04,0.02,1.0,1,Yaw Left
209,209,209,0.04,0.02,1.0,1,Yaw Left
210,210,210,0.04,0.03,1.0,1,Yaw Left
211,211,211,0.04,0.03,1.0,1,Yaw Left
212,212,212,0.04,0.03,1.0,1,Yaw Left
213,213,213,0.04,0.03,1.0,1,Yaw Left
214,214,214,0.04,0.03,1.0,1,Yaw Left
215,215,215,0.04,0.03,1.0,1,Yaw Left
216,216,216,0.04,0.03,1.0,1,Yaw Left
217,217,217,0.04,0.03,1.0,1,Yaw Left
218,218,218,0.04,0.03,1.0,1,Yaw Left
219,219,219,0.04,0.03,1.0,1,Yaw Left
220,220,220,0.04,0.03,1.0,1,Yaw Left
221,221,221,0.04,0.03,1.0,1,Yaw Left
222,222,222,0.04,0.03,1.0,1,Yaw Left
223,223,223,0.04,0.03,1.0,1,Yaw Left
224,224,224,0.04,0.03,1.0,1,Yaw Left
225,225,225,0.04,0.03,1.0,1,Yaw Left
226,226,226,0.04,0.03,1.0,1,Yaw Left
227,227,227,0.04,0.03,1.0,1,Yaw Left
228,228,228,0.04,0.03,1.0,1,Yaw Left
229,229,229,0.04,0.03,1.0,1,Yaw Left
230,230,230,0.04,0.03,1.0,1,Yaw Left
231,231,231,0.04,0.03,1.0,1,Yaw Left
232,232,232,0.05,0.07,1.0,1,Yaw Left
233,233,233,0.04,0.04,1.0,1,Yaw Left
234,234,234,0.03,0.03,1.0,1,Yaw Left
235,235,235,0.02,0.03,0.99,1,Yaw Left
236,236,236,-0.02,0.16,1.08,1,Yaw Left
237,237,237,-0.12,0.27,1.05,1,Yaw Left
238,238,238,0.25,0.04,0.79,1,Yaw Left
239,239,239,0.11,0.25,1.15,1,Yaw Left
240,240,240,0.21,-0.24,1.05,1,Yaw Left
241,241,241,0.13,-0.3,0.92,1,Yaw Left
242,242,242,0.12,0.09,1.07,1,Yaw Left
243,243,243,0.12,-0.15,0.91,1,Yaw Left
244,244,244,0.11,-0.05,1.03,1,Yaw Left
245,245,245,0.13,-0.2,0.97,1,Yaw Left
246,246,246,0.11,-0.05,0.96,1,Yaw Left
247,247,247,0.15,0.19,0.8,1,Yaw Left
248,248,248,0.15,-0.24,0.97,1,Yaw Left
249,249,249,0.17,0.51,1.17,1,Yaw Left
250,250,250,0.12,0.0,0.92,1,Yaw Left
251,251,251,0.07,0.05,0.98,1,Yaw Left
252,252,252,0.04,0.02,1.06,1,Yaw Left
253,253,253,0.04,-0.06,1.34,1,Yaw Left
254,254,254,0.06,0.07,0.99,1,Yaw Left
255,255,255,0.05,0.02,1.01,1,Yaw Left
256,256,256,0.04,0.03,1.0,1,Yaw Left
257,257,257,0.04,0.03,1.0,1,Yaw Left
258,258,258,0.04,0.03,1.0,1,Yaw Left
259,259,259,0.04,0.03,1.0,1,Yaw Left
260,260,260,0.04,0.03,1.0,1,Yaw Left
261,261,261,0.04,0.02,1.0,1,Yaw Left
262,262,262,0.04,0.02,1.0,1,Yaw Left
263,263,263,0.04,0.03,1.0,1,Yaw Left
264,264,264,0.04,0.02,1.0,1,Yaw Left
265,265,265,0.04,0.03,1.0,1,Yaw Left
266,266,266,0.04,0.03,1.0,1,Yaw Left
267,267,267,0.04,0.03,1.0,1,Yaw Left
268,268,268,0.04,0.03,1.0,1,Yaw Left
269,269,269,0.04,0.03,1.0,1,Yaw Left
270,270,270,0.04,0.03,1.0,1,Yaw Left
271,271,271,0.04,0.03,1.0,1,Yaw Left
272,272,272,0.04,0.03,1.0,1,Yaw Left
273,273,273,0.04,0.02,1.0,1,Yaw Left
274,274,274,0.04,0.03,1.0,1,Yaw Left
275,275,275,0.04,0.03,1.0,1,Yaw Left
276,276,276,0.04,0.03,1.0,1,Yaw Left
277,277,277,0.04,0.03,1.0,1,Yaw Left
278,278,278,0.04,0.03,1.0,1,Yaw Left
279,279,279,0.04,0.03,1.0,1,Yaw Left
280,280,280,0.04,0.03,1.0,1,Yaw Left
281,281,281,0.04,0.03,1.0,1,Yaw Left
282,282,282,0.04,0.03,1.0,1,Yaw Left
283,283,283,0.04,0.02,1.0,1,Yaw Left
284,284,284,0.04,0.03,1.0,1,Yaw Left
285,285,285,0.04,0.03,1.0,1,Yaw Left
286,286,286,0.04,0.03,1.0,1,Yaw Left
287,287,287,0.03,0.03,1.0,1,Yaw Left
288,288,288,0.04,0.03,1.0,1,Yaw Left
289,289,289,0.04,0.03,1.0,1,Yaw Left
290,290,290,0.04,0.03,1.0,1,Yaw Left
291,291,291,0.04,0.03,1.0,1,Yaw Left
292,292,292,0.03,0.06,0.99,1,Yaw Left
293,293,293,0.02,0.01,1.01,1,Yaw Left
294,294,294,-0.0,0.04,1.02,1,Yaw Left
295,295,295,0.01,0.09,1.07,1,Yaw Left
296,296,296,0.11,0.25,1.11,1,Yaw Left
297,297,297,0.09,-0.04,0.81,1,Yaw Left
298,298,298,0.21,0.0,1.01,1,Yaw Left
299,299,299,0.11,-0.12,0.91,1,Yaw Left
300,300,300,0.09,-0.49,1.12,1,Yaw Left
301,301,301,0.05,0.04,1.06,1,Yaw Left
302,302,302,0.14,-0.1,0.96,1,Yaw Left
303,303,303,0.14,-0.09,0.96,1,Yaw Left
304,304,304,0.11,-0.19,1.12,1,Yaw Left
305,305,305,0.18,-0.11,0.97,1,Yaw Left
306,306,306,0.18,-0.02,1.04,1,Yaw Left
307,307,307,0.25,-0.0,0.92,1,Yaw Left
308,308,308,0.21,0.12,0.99,1,Yaw Left
309,309,309,0.18,0.21,1.1,1,Yaw Left
310,310,310,0.22,0.07,0.96,1,Yaw Left
311,311,311,0.13,0.08,0.8,1,Yaw Left
312,312,312,0.05,0.04,1.16,1,Yaw Left
313,313,313,0.07,0.02,1.1,1,Yaw Left
314,314,314,0.05,0.04,1.0,1,Yaw Left
315,315,315,0.04,0.02,1.0,1,Yaw Left
316,316,316,0.01,0.04,1.04,1,Yaw Left
317,317,317,0.04,0.03,1.0,1,Yaw Left
318,318,318,0.04,0.03,1.0,1,Yaw Left
319,319,319,0.04,0.02,1.0,1,Yaw Left
320,320,320,0.04,0.03,1.0,1,Yaw Left
321,321,321,0.04,0.03,1.0,1,Yaw Left
322,322,322,0.04,0.03,1.0,1,Yaw Left
323,323,323,0.04,0.03,1.0,1,Yaw Left
324,324,324,0.04,0.03,1.0,1,Yaw Left
325,325,325,0.04,0.03,1.0,1,Yaw Left
326,326,326,0.04,0.03,1.0,1,Yaw Left
327,327,327,0.04,0.03,1.0,1,Yaw Left
328,328,328,0.05,0.03,1.0,1,Yaw Left
329,329,329,0.04,0.03,1.0,1,Yaw Left
330,330,330,0.04,0.03,1.0,1,Yaw Left
331,331,331,0.04,0.03,1.0,1,Yaw Left
332,332,332,0.04,0.03,1.0,1,Yaw Left
333,333,333,0.04,0.03,1.0,1,Yaw Left
334,334,334,0.04,0.03,1.0,1,Yaw Left
335,335,335,0.04,0.03,1.0,1,Yaw Left
336,336,336,0.04,0.03,1.0,1,Yaw Left
337,337,337,0.04,0.03,1.0,1,Yaw Left
338,338,338,0.04,0.03,1.0,1,Yaw Left
339,339,339,0.04,0.03,1.0,1,Yaw Left
340,340,340,0.04,0.02,1.01,1,Yaw Left
341,341,341,0.04,0.03,1.0,1,Yaw Left
342,342,342,0.04,0.03,1.0,1,Yaw Left
343,343,343,0.04,0.03,1.0,1,Yaw Left
344,344,344,0.04,0.02,1.0,1,Yaw Left
345,345,345,0.04,0.03,1.0,1,Yaw Left
346,346,346,0.04,0.03,1.0,1,Yaw Left
347,347,347,0.04,0.03,1.0,1,Yaw Left
348,348,348,0.04,0.03,1.0,1,Yaw Left
349,349,349,0.04,0.03,1.0,1,Yaw Left
350,350,350,0.04,0.03,1.0,1,Yaw Left
351,351,351,0.04,0.03,1.0,1,Yaw Left
352,352,352,0.02,0.0,1.0,1,Yaw Left
353,353,353,0.01,0.04,1.0,1,Yaw Left
354,354,354,-0.06,0.25,1.14,1,Yaw Left
355,355,355,0.14,0.41,1.02,1,Yaw Left
356,356,356,-0.09,0.16,1.22,1,Yaw Left
357,357,357,0.14,-0.09,1.03,1,Yaw Left
358,358,358,0.03,-0.26,0.93,1,Yaw Left
359,359,359,0.05,0.12,1.23,1,Yaw Left
360,360,360,0.14,-0.19,0.89,1,Yaw Left
361,361,361,0.12,0.02,1.03,1,Yaw Left
362,362,362,0.12,-0.04,1.0,1,Yaw Left
363,363,363,0.11,-0.01,1.03,1,Yaw Left
364,364,364,0.14,-0.11,0.99,1,Yaw Left
365,365,365,0.12,-0.11,0.99,1,Yaw Left
366,366,366,0.1,-0.18,0.94,1,Yaw Left
367,367,367,0.13,0.02,1.01,1,Yaw Left
368,368,368,0.24,0.27,0.9,1,Yaw Left
369,369,369,0.18,0.12,0.87,1,Yaw Left
370,370,370,0.08,0.11,0.93,1,Yaw Left
371,371,371,0.06,0.09,1.08,1,Yaw Left
372,372,372,0.04,0.07,1.01,1,Yaw Left
373,373,373,0.07,0.02,1.08,1,Yaw Left
374,374,374,0.06,0.04,1.0,1,Yaw Left
375,375,375,0.01,0.07,1.05,1,Yaw Left
376,376,376,0.03,0.02,1.0,1,Yaw Left
377,377,377,0.04,0.03,1.0,1,Yaw Left
378,378,378,0.04,0.02,1.0,1,Yaw Left
379,379,379,0.04,0.03,1.0,1,Yaw Left
380,380,380,0.04,0.03,1.0,1,Yaw Left
381,381,381,0.04,0.03,1.0,1,Yaw Left
382,382,382,0.04,0.02,1.0,1,Yaw Left
383,383,383,0.04,0.02,1.0,1,Yaw Left
384,384,384,0.04,0.03,1.0,1,Yaw Left
385,385,385,0.04,0.03,1.0,1,Yaw Left
386,386,386,0.04,0.03,1.0,1,Yaw Left
387,387,387,0.04,0.03,1.0,1,Yaw Left
388,388,388,0.04,0.03,1.0,1,Yaw Left
389,389,389,0.04,0.03,1.0,1,Yaw Left
390,390,390,0.04,0.03,1.0,1,Yaw Left
391,391,391,0.04,0.03,1.0,1,Yaw Left
392,392,392,0.04,0.03,1.0,1,Yaw Left
393,393,393,0.04,0.03,1.0,1,Yaw Left
394,394,394,0.04,0.03,1.0,1,Yaw Left
395,395,395,0.04,0.03,1.0,1,Yaw Left
396,396,396,0.04,0.03,1.0,1,Yaw Left
397,397,397,0.04,0.03,1.0,1,Yaw Left
398,398,398,0.04,0.03,1.0,1,Yaw Left
399,399,399,0.04,0.03,1.0,1,Yaw Left
400,400,400,0.04,0.03,1.0,1,Yaw Left
401,401,401,0.04,0.03,1.0,1,Yaw Left
402,402,402,0.04,0.03,1.0,1,Yaw Left
403,403,403,0.04,0.03,1.0,1,Yaw Left
404,404,404,0.04,0.03,1.0,1,Yaw Left
405,405,405,0.04,0.03,1.0,1,Yaw Left
406,406,406,0.04,0.03,1.0,1,Yaw Left
407,407,407,0.04,0.03,1.0,1,Yaw Left
408,408,408,0.04,0.03,1.0,1,Yaw Left
409,409,409,0.04,0.03,1.0,1,Yaw Left
410,410,410,0.04,0.03,1.0,1,Yaw Left
411,411,411,0.04,0.03,1.0,1,Yaw Left
412,412,412,0.04,0.03,1.0,1,Yaw Left
413,413,413,0.04,0.03,1.0,1,Yaw Left
414,414,414,0.04,0.03,1.01,1,Yaw Left
415,415,415,0.04,0.03,1.0,1,Yaw Left
416,416,416,0.04,0.03,1.0,1,Yaw Left
417,417,417,0.04,0.02,1.0,1,Yaw Left
418,418,418,0.0,,,1,Yaw Left
419,419,0,0.04,0.03,1.0,2,Yaw Left
420,420,1,0.04,0.02,1.0,2,Yaw Left
421,421,2,0.04,0.03,1.0,2,Yaw Left
422,422,3,0.04,0.02,1.0,2,Yaw Left
423,423,4,0.04,0.03,1.0,2,Yaw Left
424,424,5,0.04,0.02,1.0,2,Yaw Left
425,425,6,0.04,0.03,1.0,2,Yaw Left
426,426,7,0.04,0.03,1.01,2,Yaw Left
427,427,8,0.04,0.03,1.0,2,Yaw Left
428,428,9,0.04,0.02,1.0,2,Yaw Left
429,429,10,0.04,0.03,1.0,2,Yaw Left
430,430,11,0.04,0.02,1.0,2,Yaw Left
431,431,12,0.04,0.03,1.0,2,Yaw Left
432,432,13,0.04,0.02,1.0,2,Yaw Left
433,433,14,0.04,0.03,1.0,2,Yaw Left
434,434,15,0.04,0.03,1.01,2,Yaw Left
435,435,16,0.04,0.03,1.0,2,Yaw Left
436,436,17,0.04,0.02,1.0,2,Yaw Left
437,437,18,0.04,0.02,1.0,2,Yaw Left
438,438,19,0.04,0.02,1.0,2,Yaw Left
439,439,20,0.04,0.02,1.0,2,Yaw Left
440,440,21,0.04,0.03,1.0,2,Yaw Left
441,441,22,0.04,0.03,1.0,2,Yaw Left
442,442,23,0.04,0.02,1.0,2,Yaw Left
443,443,24,0.04,0.03,1.0,2,Yaw Left
444,444,25,0.04,0.02,1.0,2,Yaw Left
445,445,26,0.04,0.03,1.0,2,Yaw Left
446,446,27,0.04,0.03,1.0,2,Yaw Left
447,447,28,0.04,0.03,1.0,2,Yaw Left
448,448,29,0.04,0.02,1.0,2,Yaw Left
449,449,30,0.04,0.02,1.0,2,Yaw Left
450,450,31,0.01,0.02,1.02,2,Yaw Left
451,451,32,-0.09,-0.01,1.01,2,Yaw Left
452,452,33,0.05,0.24,0.9,2,Yaw Left
453,453,34,0.05,0.07,0.99,2,Yaw Left
454,454,35,0.05,-0.16,0.93,2,Yaw Left
455,455,36,-0.05,-0.13,1.03,2,Yaw Left
456,456,37,-0.13,-0.29,0.9,2,Yaw Left
457,457,38,-0.0,-0.11,1.0,2,Yaw Left
458,458,39,-0.05,-0.2,1.16,2,Yaw Left
459,459,40,-0.12,-0.22,0.66,2,Yaw Left
460,460,41,-0.02,0.15,1.31,2,Yaw Left
461,461,42,-0.01,0.19,0.88,2,Yaw Left
462,462,43,0.07,0.16,1.11,2,Yaw Left
463,463,44,0.05,0.03,0.97,2,Yaw Left
464,464,45,0.04,0.06,0.98,2,Yaw Left
465,465,46,0.11,0.07,1.0,2,Yaw Left
466,466,47,0.04,0.02,1.0,2,Yaw Left
467,467,48,0.04,0.02,1.0,2,Yaw Left
468,468,49,0.04,0.02,1.0,2,Yaw Left
469,469,50,0.04,0.03,1.0,2,Yaw Left
470,470,51,0.04,0.02,1.0,2,Yaw Left
471,471,52,0.04,0.03,1.0,2,Yaw Left
472,472,53,0.04,0.03,1.0,2,Yaw Left
473,473,54,0.04,0.03,1.0,2,Yaw Left
474,474,55,0.04,0.03,1.0,2,Yaw Left
475,475,56,0.04,0.02,1.0,2,Yaw Left
476,476,57,0.04,0.03,1.0,2,Yaw Left
477,477,58,0.04,0.02,1.0,2,Yaw Left
478,478,59,0.04,0.03,1.0,2,Yaw Left
479,479,60,0.04,0.03,1.0,2,Yaw Left
480,480,61,0.04,0.02,1.0,2,Yaw Left
481,481,62,0.04,0.02,1.0,2,Yaw Left
482,482,63,0.04,0.02,1.0,2,Yaw Left
483,483,64,0.04,0.02,1.0,2,Yaw Left
484,484,65,0.04,0.02,1.0,2,Yaw Left
485,485,66,0.04,0.02,1.0,2,Yaw Left
486,486,67,0.04,0.02,1.0,2,Yaw Left
487,487,68,0.04,0.03,1.0,2,Yaw Left
488,488,69,0.04,0.03,1.0,2,Yaw Left
489,489,70,0.04,0.02,1.0,2,Yaw Left
490,490,71,0.04,0.02,1.0,2,Yaw Left
491,491,72,0.04,0.02,1.0,2,Yaw Left
492,492,73,0.04,0.03,1.0,2,Yaw Left
493,493,74,0.04,0.02,1.0,2,Yaw Left
494,494,75,0.04,0.02,1.0,2,Yaw Left
495,495,76,0.04,0.02,1.0,2,Yaw Left
496,496,77,0.04,0.02,1.0,2,Yaw Left
497,497,78,0.04,0.02,1.0,2,Yaw Left
498,498,79,0.03,-0.02,1.02,2,Yaw Left
499,499,80,0.02,0.1,1.14,2,Yaw Left
500,500,81,0.08,0.25,1.09,2,Yaw Left
501,501,82,0.08,0.1,0.88,2,Yaw Left
502,502,83,-0.05,-0.15,0.63,2,Yaw Left
503,503,84,-0.03,-0.16,1.14,2,Yaw Left
504,504,85,-0.02,-0.02,0.99,2,Yaw Left
505,505,86,-0.02,-0.1,1.01,2,Yaw Left
506,506,87,0.02,-0.18,0.95,2,Yaw Left
507,507,88,-0.05,-0.17,0.95,2,Yaw Left
508,508,89,0.07,-0.04,1.07,2,Yaw Left
509,509,90,0.13,0.37,1.08,2,Yaw Left
510,510,91,0.18,0.16,0.98,2,Yaw Left
511,511,92,0.11,0.23,1.04,2,Yaw Left
512,512,93,0.07,0.15,1.18,2,Yaw Left
513,513,94,0.1,0.0,0.95,2,Yaw Left
514,514,95,0.05,0.01,0.98,2,Yaw Left
515,515,96,0.04,0.0,1.0,2,Yaw Left
516,516,97,0.04,0.03,1.0,2,Yaw Left
517,517,98,0.04,0.03,1.0,2,Yaw Left
518,518,99,0.04,0.02,1.0,2,Yaw Left
519,519,100,0.04,0.02,1.0,2,Yaw Left
520,520,101,0.04,0.02,1.0,2,Yaw Left
521,521,102,0.04,0.02,1.0,2,Yaw Left
522,522,103,0.04,0.02,1.0,2,Yaw Left
523,523,104,0.04,0.02,1.0,2,Yaw Left
524,524,105,0.04,0.02,1.0,2,Yaw Left
525,525,106,0.04,0.02,1.0,2,Yaw Left
526,526,107,0.04,0.02,1.0,2,Yaw Left
527,527,108,0.04,0.02,1.0,2,Yaw Left
528,528,109,0.04,0.03,1.0,2,Yaw Left
529,529,110,0.04,0.02,1.0,2,Yaw Left
530,530,111,0.04,0.02,1.0,2,Yaw Left
531,531,112,0.04,0.02,1.0,2,Yaw Left
532,532,113,0.04,0.03,1.0,2,Yaw Left
533,533,114,0.04,0.02,1.0,2,Yaw Left
534,534,115,0.04,0.02,1.0,2,Yaw Left
535,535,116,0.04,0.03,1.0,2,Yaw Left
536,536,117,0.04,0.03,1.0,2,Yaw Left
537,537,118,0.04,0.02,1.0,2,Yaw Left
538,538,119,0.04,0.03,1.0,2,Yaw Left
539,539,120,0.04,0.03,1.0,2,Yaw Left
540,540,121,0.04,0.03,1.0,2,Yaw Left
541,541,122,0.04,0.02,1.0,2,Yaw Left
542,542,123,0.04,0.03,1.0,2,Yaw Left
543,543,124,0.04,0.03,1.0,2,Yaw Left
544,544,125,0.04,0.03,1.0,2,Yaw Left
545,545,126,0.04,0.02,1.0,2,Yaw Left
546,546,127,0.04,0.02,1.0,2,Yaw Left
547,547,128,0.04,0.03,1.0,2,Yaw Left
548,548,129,0.04,0.03,1.0,2,Yaw Left
549,549,130,0.04,0.02,1.0,2,Yaw Left
550,550,131,0.05,0.0,1.05,2,Yaw Left
551,551,132,0.2,0.15,1.14,2,Yaw Left
552,552,133,0.02,0.24,0.97,2,Yaw Left
553,553,134,0.07,0.11,1.02,2,Yaw Left
554,554,135,0.03,0.06,0.99,2,Yaw Left
555,555,136,-0.04,-0.1,1.0,2,Yaw Left
556,556,137,-0.07,-0.16,0.92,2,Yaw Left
557,557,138,-0.0,-0.04,1.02,2,Yaw Left
558,558,139,0.04,-0.21,1.02,2,Yaw Left
559,559,140,0.0,-0.03,0.75,2,Yaw Left
560,560,141,0.13,0.3,1.15,2,Yaw Left
561,561,142,0.03,0.18,1.0,2,Yaw Left
562,562,143,0.07,0.01,0.99,2,Yaw Left
563,563,144,0.06,0.04,1.09,2,Yaw Left
564,564,145,0.04,0.04,1.0,2,Yaw Left
565,565,146,0.08,0.05,1.0,2,Yaw Left
566,566,147,0.04,0.03,1.0,2,Yaw Left
567,567,148,0.04,0.03,1.0,2,Yaw Left
568,568,149,0.04,0.03,1.0,2,Yaw Left
569,569,150,0.05,0.02,1.0,2,Yaw Left
570,570,151,0.03,0.03,1.0,2,Yaw Left
571,571,152,0.04,0.03,1.0,2,Yaw Left
572,572,153,0.04,0.02,1.0,2,Yaw Left
573,573,154,0.04,0.02,1.0,2,Yaw Left
574,574,155,0.04,0.02,1.0,2,Yaw Left
575,575,156,0.04,0.03,1.0,2,Yaw Left
576,576,157,0.04,0.03,1.0,2,Yaw Left
577,577,158,0.04,0.03,1.0,2,Yaw Left
578,578,159,0.04,0.03,1.01,2,Yaw Left
579,579,160,0.04,0.03,1.0,2,Yaw Left
580,580,161,0.04,0.02,1.0,2,Yaw Left
581,581,162,0.04,0.03,1.0,2,Yaw Left
582,582,163,0.04,0.02,1.0,2,Yaw Left
583,583,164,0.04,0.03,1.0,2,Yaw Left
584,584,165,0.04,0.03,1.0,2,Yaw Left
585,585,166,0.04,0.03,1.0,2,Yaw Left
586,586,167,0.04,0.02,1.0,2,Yaw Left
587,587,168,0.04,0.02,1.0,2,Yaw Left
588,588,169,0.04,0.02,1.0,2,Yaw Left
589,589,170,0.04,0.02,1.0,2,Yaw Left
590,590,171,0.04,0.02,1.0,2,Yaw Left
591,591,172,0.04,0.03,1.0,2,Yaw Left
592,592,173,0.04,0.02,1.0,2,Yaw Left
593,593,174,0.04,0.02,1.0,2,Yaw Left
594,594,175,0.04,0.03,1.0,2,Yaw Left
595,595,176,0.04,0.02,1.0,2,Yaw Left
596,596,177,0.04,0.01,1.01,2,Yaw Left
597,597,178,0.06,0.16,1.05,2,Yaw Left
598,598,179,0.03,0.25,1.03,2,Yaw Left
599,599,180,0.12,0.16,1.06,2,Yaw Left
600,600,181,0.02,-0.06,0.84,2,Yaw Left
601,601,182,-0.0,0.04,1.01,2,Yaw Left
602,602,183,-0.0,-0.16,1.02,2,Yaw Left
603,603,184,0.04,-0.13,0.97,2,Yaw Left
604,604,185,0.02,-0.18,1.09,2,Yaw Left
605,605,186,-0.0,-0.16,0.9,2,Yaw Left
606,606,187,0.09,0.03,1.12,2,Yaw Left
607,607,188,0.16,0.1,0.89,2,Yaw Left
608,608,189,0.14,0.12,0.96,2,Yaw Left
609,609,190,0.11,0.04,0.98,2,Yaw Left
610,610,191,0.12,0.06,0.91,2,Yaw Left
611,611,192,0.05,0.01,1.16,2,Yaw Left
612,612,193,0.02,-0.04,1.11,2,Yaw Left
613,613,194,0.02,0.05,1.01,2,Yaw Left
614,614,195,0.02,0.01,1.0,2,Yaw Left
615,615,196,0.04,0.03,1.0,2,Yaw Left
616,616,197,0.04,0.03,1.0,2,Yaw Left
617,617,198,0.04,0.02,1.0,2,Yaw Left
618,618,199,0.04,0.03,1.0,2,Yaw Left
619,619,200,0.04,0.02,1.0,2,Yaw Left
620,620,201,0.04,0.02,1.0,2,Yaw Left
621,621,202,0.04,0.03,1.0,2,Yaw Left
622,622,203,0.04,0.03,1.0,2,Yaw Left
623,623,204,0.04,0.02,1.0,2,Yaw Left
624,624,205,0.04,0.03,1.0,2,Yaw Left
625,625,206,0.04,0.02,1.0,2,Yaw Left
626,626,207,0.04,0.02,1.0,2,Yaw Left
627,627,208,0.04,0.02,1.0,2,Yaw Left
628,628,209,0.04,0.03,1.0,2,Yaw Left
629,629,210,0.04,0.03,1.0,2,Yaw Left
630,630,211,0.04,0.03,1.0,2,Yaw Left
631,631,212,0.04,0.03,1.0,2,Yaw Left
632,632,213,0.04,0.02,1.0,2,Yaw Left
633,633,214,0.04,0.02,1.0,2,Yaw Left
634,634,215,0.04,0.03,1.0,2,Yaw Left
635,635,216,0.04,0.03,1.0,2,Yaw Left
636,636,217,0.04,0.03,1.0,2,Yaw Left
637,637,218,0.04,0.02,1.0,2,Yaw Left
638,638,219,0.04,0.02,1.01,2,Yaw Left
639,639,220,0.04,0.02,1.0,2,Yaw Left
640,640,221,0.02,0.07,1.0,2,Yaw Left
641,641,222,0.03,0.02,1.0,2,Yaw Left
642,642,223,0.04,0.16,1.12,2,Yaw Left
643,643,224,0.17,0.17,0.96,2,Yaw Left
644,644,225,0.07,-0.02,0.93,2,Yaw Left
645,645,226,0.05,-0.07,1.11,2,Yaw Left
646,646,227,0.04,-0.19,1.0,2,Yaw Left
647,647,228,0.01,-0.11,1.05,2,Yaw Left
648,648,229,0.01,-0.2,0.99,2,Yaw Left
649,649,230,0.09,-0.16,1.05,2,Yaw Left
650,650,231,0.07,-0.11,0.82,2,Yaw Left
651,651,232,0.2,0.23,0.97,2,Yaw Left
652,652,233,-0.04,0.18,0.97,2,Yaw Left
653,653,234,0.03,0.04,0.99,2,Yaw Left
654,654,235,0.09,-0.02,1.44,2,Yaw Left
655,655,236,0.05,0.01,1.0,2,Yaw Left
656,656,237,0.02,0.06,0.98,2,Yaw Left
657,657,238,0.02,0.0,1.0,2,Yaw Left
658,658,239,0.04,0.02,1.0,2,Yaw Left
659,659,240,0.04,0.02,1.0,2,Yaw Left
660,660,241,0.04,0.03,1.0,2,Yaw Left
661,661,242,0.04,0.03,1.0,2,Yaw Left
662,662,243,0.04,0.02,1.0,2,Yaw Left
663,663,244,0.04,0.02,1.0,2,Yaw Left
664,664,245,0.04,0.02,1.0,2,Yaw Left
665,665,246,0.04,0.02,1.0,2,Yaw Left
666,666,247,0.04,0.02,1.0,2,Yaw Left
667,667,248,0.04,0.03,1.0,2,Yaw Left
668,668,249,0.04,0.03,1.0,2,Yaw Left
669,669,250,0.04,0.03,1.0,2,Yaw Left
670,670,251,0.04,0.02,1.0,2,Yaw Left
671,671,252,0.04,0.02,1.0,2,Yaw Left
672,672,253,0.04,0.02,1.0,2,Yaw Left
673,673,254,0.04,0.02,1.0,2,Yaw Left
674,674,255,0.04,0.03,1.0,2,Yaw Left
675,675,256,0.04,0.03,1.0,2,Yaw Left
676,676,257,0.04,0.03,1.0,2,Yaw Left
677,677,258,0.04,0.02,1.0,2,Yaw Left
678,678,259,0.04,0.03,1.0,2,Yaw Left
679,679,260,0.04,0.03,1.0,2,Yaw Left
680,680,261,0.04,0.02,1.0,2,Yaw Left
681,681,262,0.03,0.03,1.0,2,Yaw Left
682,682,263,0.04,0.03,1.0,2,Yaw Left
683,683,264,0.04,0.02,1.0,2,Yaw Left
684,684,265,0.04,0.02,1.0,2,Yaw Left
685,685,266,0.04,0.03,1.0,2,Yaw Left
686,686,267,0.04,0.09,1.0,2,Yaw Left
687,687,268,0.05,-0.01,1.01,2,Yaw Left
688,688,269,0.04,0.09,1.03,2,Yaw Left
689,689,270,0.06,0.23,1.04,2,Yaw Left
690,690,271,0.14,0.11,0.97,2,Yaw Left
691,691,272,0.04,0.04,0.94,2,Yaw Left
692,692,273,-0.0,-0.05,0.84,2,Yaw Left
693,693,274,0.1,-0.03,1.05,2,Yaw Left
694,694,275,0.01,-0.09,1.11,2,Yaw Left
695,695,276,0.03,-0.2,1.05,2,Yaw Left
696,696,277,0.05,-0.12,0.88,2,Yaw Left
697,697,278,0.11,0.1,1.04,2,Yaw Left
698,698,279,0.16,0.25,0.87,2,Yaw Left
699,699,280,0.07,0.04,0.91,2,Yaw Left
700,700,281,0.06,0.11,1.0,2,Yaw Left
701,701,282,0.06,0.19,1.06,2,Yaw Left
702,702,283,0.06,0.04,0.99,2,Yaw Left
703,703,284,0.05,0.0,1.0,2,Yaw Left
704,704,285,0.04,0.02,1.0,2,Yaw Left
705,705,286,0.05,0.03,1.0,2,Yaw Left
706,706,287,0.04,0.02,1.0,2,Yaw Left
707,707,288,0.04,0.02,1.0,2,Yaw Left
708,708,289,0.04,0.02,1.0,2,Yaw Left
709,709,290,0.04,0.02,1.0,2,Yaw Left
710,710,291,0.04,0.03,1.0,2,Yaw Left
711,711,292,0.04,0.03,1.0,2,Yaw Left
712,712,293,0.04,0.02,1.0,2,Yaw Left
713,713,294,0.04,0.02,1.0,2,Yaw Left
714,714,295,0.04,0.02,1.0,2,Yaw Left
715,715,296,0.04,0.02,1.0,2,Yaw Left
716,716,297,0.04,0.03,1.0,2,Yaw Left
717,717,298,0.04,0.02,1.0,2,Yaw Left
718,718,299,0.04,0.03,1.0,2,Yaw Left
719,719,300,0.04,0.03,1.0,2,Yaw Left
720,720,301,0.04,0.02,1.0,2,Yaw Left
721,721,302,0.04,0.03,1.0,2,Yaw Left
722,722,303,0.04,0.03,1.0,2,Yaw Left
723,723,304,0.04,0.02,1.0,2,Yaw Left
724,724,305,0.04,0.03,1.0,2,Yaw Left
725,725,306,0.04,0.02,1.0,2,Yaw Left
726,726,307,0.04,0.02,1.0,2,Yaw Left
727,727,308,0.04,0.02,1.0,2,Yaw Left
728,728,309,0.04,0.03,1.0,2,Yaw Left
729,729,310,0.04,0.03,1.0,2,Yaw Left
730,730,311,0.04,0.02,1.0,2,Yaw Left
731,731,312,0.04,0.02,1.0,2,Yaw Left
732,732,313,0.04,0.03,1.0,2,Yaw Left
733,733,314,0.04,0.03,1.0,2,Yaw Left
734,734,315,0.04,0.02,1.0,2,Yaw Left
735,735,316,0.04,0.03,1.0,2,Yaw Left
736,736,317,0.04,0.03,1.0,2,Yaw Left
737,737,318,0.04,0.03,1.0,2,Yaw Left
738,738,319,0.04,0.03,1.0,2,Yaw Left
739,739,320,0.04,0.02,1.0,2,Yaw Left
740,740,321,0.02,0.09,1.0,2,Yaw Left
741,741,322,0.02,-0.14,1.1,2,Yaw Left
742,742,323,0.08,0.14,1.02,2,Yaw Left
743,743,324,0.11,0.15,1.13,2,Yaw Left
744,744,325,0.1,-0.06,0.84,2,Yaw Left
745,745,326,0.04,-0.09,1.02,2,Yaw Left
746,746,327,0.06,-0.2,0.95,2,Yaw Left
747,747,328,0.07,-0.23,0.9,2,Yaw Left
748,748,329,0.04,-0.23,1.13,2,Yaw Left
749,749,330,0.04,-0.26,0.84,2,Yaw Left
750,750,331,0.07,0.04,1.3,2,Yaw Left
751,751,332,0.09,0.08,0.7,2,Yaw Left
752,752,333,0.17,0.33,0.89,2,Yaw Left
753,753,334,0.1,0.09,1.15,2,Yaw Left
754,754,335,0.05,0.19,0.88,2,Yaw Left
755,755,336,0.09,0.04,0.86,2,Yaw Left
756,756,337,0.05,0.06,0.88,2,Yaw Left
757,757,338,0.04,0.04,1.0,2,Yaw Left
758,758,339,0.04,0.02,1.0,2,Yaw Left
759,759,340,0.04,0.03,1.0,2,Yaw Left
760,760,341,0.04,0.02,1.0,2,Yaw Left
761,761,342,0.04,0.03,1.0,2,Yaw Left
762,762,343,0.04,0.02,1.0,2,Yaw Left
763,763,344,0.04,0.02,1.0,2,Yaw Left
764,764,345,0.04,0.02,1.0,2,Yaw Left
765,765,346,0.04,0.03,1.0,2,Yaw Left
766,766,347,0.04,0.02,1.01,2,Yaw Left
767,767,348,0.04,0.02,1.0,2,Yaw Left
768,768,349,0.04,0.02,1.0,2,Yaw Left
769,769,350,0.04,0.02,1.0,2,Yaw Left
770,770,351,0.04,0.02,1.0,2,Yaw Left
771,771,352,0.04,0.03,1.0,2,Yaw Left
772,772,353,0.04,0.02,1.0,2,Yaw Left
773,773,354,0.04,0.03,1.0,2,Yaw Left
774,774,355,0.04,0.02,1.0,2,Yaw Left
775,775,356,0.03,0.03,1.0,2,Yaw Left
776,776,357,0.04,0.03,1.0,2,Yaw Left
777,777,358,0.04,0.03,1.0,2,Yaw Left
778,778,359,0.04,0.03,1.0,2,Yaw Left
779,779,360,0.04,0.03,1.0,2,Yaw Left
780,780,361,0.04,0.03,1.0,2,Yaw Left
781,781,362,0.04,0.02,1.0,2,Yaw Left
782,782,363,0.04,0.03,1.0,2,Yaw Left
783,783,364,0.04,0.02,1.0,2,Yaw Left
784,784,365,0.04,0.02,1.0,2,Yaw Left
785,785,366,0.04,0.03,1.0,2,Yaw Left
786,786,367,0.04,0.03,1.01,2,Yaw Left
787,787,368,0.04,0.03,1.0,2,Yaw Left
788,788,369,0.04,0.03,1.0,2,Yaw Left
789,789,370,0.04,0.03,1.0,2,Yaw Left
790,790,371,0.04,0.02,1.0,2,Yaw Left
791,791,372,0.03,0.05,1.0,2,Yaw Left
792,792,373,0.08,0.17,1.12,2,Yaw Left
793,793,374,0.08,0.14,1.0,2,Yaw Left
794,794,375,0.07,0.07,0.93,2,Yaw Left
795,795,376,-0.01,-0.14,0.86,2,Yaw Left
796,796,377,0.07,-0.15,0.98,2,Yaw Left
797,797,378,0.08,-0.16,0.84,2,Yaw Left
798,798,379,0.07,-0.1,1.07,2,Yaw Left
799,799,380,0.09,-0.29,0.75,2,Yaw Left
800,800,381,0.07,0.13,0.84,2,Yaw Left
801,801,382,0.11,0.31,1.11,2,Yaw Left
802,802,383,0.22,0.13,0.84,2,Yaw Left
803,803,384,0.05,0.12,0.96,2,Yaw Left
804,804,385,0.07,0.16,1.11,2,Yaw Left
805,805,386,0.08,0.02,1.02,2,Yaw Left
806,806,387,0.05,0.04,1.01,2,Yaw Left
807,807,388,0.07,0.04,1.0,2,Yaw Left
808,808,389,0.04,0.02,1.0,2,Yaw Left
809,809,390,0.04,0.02,1.0,2,Yaw Left
810,810,391,0.04,0.02,1.0,2,Yaw Left
811,811,392,0.04,0.02,1.0,2,Yaw Left
812,812,393,0.04,0.03,1.0,2,Yaw Left
813,813,394,0.04,0.02,1.0,2,Yaw Left
814,814,395,0.04,0.02,1.0,2,Yaw Left
815,815,396,0.04,0.02,1.0,2,Yaw Left
816,816,397,0.04,0.02,1.0,2,Yaw Left
817,817,398,0.04,0.02,1.0,2,Yaw Left
818,818,399,0.04,0.02,1.0,2,Yaw Left
819,819,400,0.04,0.02,1.0,2,Yaw Left
820,820,401,0.04,0.03,1.0,2,Yaw Left
821,821,402,0.04,0.03,1.0,2,Yaw Left
822,822,403,0.04,0.03,1.0,2,Yaw Left
823,823,404,0.04,0.02,1.0,2,Yaw Left
824,824,405,0.04,0.03,1.0,2,Yaw Left
825,825,406,0.04,0.02,1.0,2,Yaw Left
826,826,407,0.04,0.02,1.0,2,Yaw Left
827,827,408,0.04,0.03,1.0,2,Yaw Left
828,828,0,0.04,0.02,1.0,3,Yaw Left
829,829,1,0.04,0.04,1.0,3,Yaw Left
830,830,2,0.04,0.03,1.0,3,Yaw Left
831,831,3,0.04,0.03,1.0,3,Yaw Left
832,832,4,0.04,0.03,1.0,3,Yaw Left
833,833,5,0.04,0.03,1.01,3,Yaw Left
834,834,6,0.04,0.03,1.0,3,Yaw Left
835,835,7,0.04,0.02,1.0,3,Yaw Left
836,836,8,0.04,0.04,1.0,3,Yaw Left
837,837,9,0.04,0.03,1.0,3,Yaw Left
838,838,10,0.04,0.03,1.0,3,Yaw Left
839,839,11,0.04,0.03,1.0,3,Yaw Left
840,840,12,0.04,0.03,1.01,3,Yaw Left
841,841,13,0.04,0.03,1.0,3,Yaw Left
842,842,14,0.04,0.02,1.0,3,Yaw Left
843,843,15,0.04,0.02,1.0,3,Yaw Left
844,844,16,0.04,0.03,1.0,3,Yaw Left
845,845,17,0.04,0.02,1.0,3,Yaw Left
846,846,18,0.04,0.02,1.0,3,Yaw Left
847,847,19,0.04,0.02,1.0,3,Yaw Left
848,848,20,0.04,0.02,1.0,3,Yaw Left
849,849,21,0.04,0.02,1.0,3,Yaw Left
850,850,22,0.04,0.03,1.0,3,Yaw Left
851,851,23,0.04,0.03,1.0,3,Yaw Left
852,852,24,0.04,0.02,1.0,3,Yaw Left
853,853,25,0.04,0.03,1.0,3,Yaw Left
854,854,26,0.04,0.02,1.0,3,Yaw Left
855,855,27,0.04,0.02,1.0,3,Yaw Left
856,856,28,0.05,0.03,1.0,3,Yaw Left
857,857,29,0.04,0.03,1.0,3,Yaw Left
858,858,30,0.03,0.06,0.99,3,Yaw Left
859,859,31,0.03,0.11,1.18,3,Yaw Left
860,860,32,0.05,0.11,1.0,3,Yaw Left
861,861,33,0.04,-0.05,0.95,3,Yaw Left
862,862,34,0.02,-0.24,0.91,3,Yaw Left
863,863,35,0.06,-0.04,0.99,3,Yaw Left
864,864,36,0.07,-0.23,1.01,3,Yaw Left
865,865,37,0.05,-0.12,0.86,3,Yaw Left
866,866,38,0.05,-0.04,1.02,3,Yaw Left
867,867,39,0.03,-0.12,0.99,3,Yaw Left
868,868,40,0.0,-0.02,0.98,3,Yaw Left
869,869,41,0.03,-0.27,1.05,3,Yaw Left
870,870,42,-0.06,0.42,0.88,3,Yaw Left
871,871,43,0.09,0.08,1.02,3,Yaw Left
872,872,44,0.08,0.02,1.03,3,Yaw Left
873,873,45,0.09,0.05,1.03,3,Yaw Left
874,874,46,0.05,-0.02,1.0,3,Yaw Left
875,875,47,0.03,0.02,1.03,3,Yaw Left
876,876,48,0.04,0.02,1.0,3,Yaw Left
877,877,49,0.04,0.03,1.0,3,Yaw Left
878,878,50,0.04,0.02,1.0,3,Yaw Left
879,879,51,0.04,0.03,1.0,3,Yaw Left
880,880,52,0.04,0.03,1.0,3,Yaw Left
881,881,53,0.04,0.03,1.0,3,Yaw Left
882,882,54,0.04,0.02,1.0,3,Yaw Left
883,883,55,0.04,0.03,1.0,3,Yaw Left
884,884,56,0.04,0.02,1.0,3,Yaw Left
885,885,57,0.04,0.02,1.01,3,Yaw Left
886,886,58,0.04,0.02,1.0,3,Yaw Left
887,887,59,0.04,0.02,1.0,3,Yaw Left
888,888,60,0.04,0.03,1.0,3,Yaw Left
889,889,61,0.04,0.02,1.0,3,Yaw Left
890,890,62,0.03,0.02,1.0,3,Yaw Left
891,891,63,0.04,0.02,1.0,3,Yaw Left
892,892,64,0.04,0.03,1.0,3,Yaw Left
893,893,65,0.04,0.03,1.0,3,Yaw Left
894,894,66,0.04,0.02,1.0,3,Yaw Left
895,895,67,0.04,0.02,1.0,3,Yaw Left
896,896,68,0.04,0.03,1.0,3,Yaw Left
897,897,69,0.03,0.03,1.0,3,Yaw Left
898,898,70,0.04,0.02,1.0,3,Yaw Left
899,899,71,0.04,0.03,1.0,3,Yaw Left
900,900,72,0.04,0.02,1.0,3,Yaw Left
901,901,73,0.02,0.03,1.0,3,Yaw Left
902,902,74,0.03,0.18,1.03,3,Yaw Left
903,903,75,-0.03,-0.04,1.07,3,Yaw Left
904,904,76,0.02,0.27,0.98,3,Yaw Left
905,905,77,0.0,-0.04,1.03,3,Yaw Left
906,906,78,0.07,-0.09,1.0,3,Yaw Left
907,907,79,0.1,-0.16,0.96,3,Yaw Left
908,908,80,0.09,0.04,1.02,3,Yaw Left
909,909,81,0.06,-0.08,0.93,3,Yaw Left
910,910,82,0.03,-0.06,1.0,3,Yaw Left
911,911,83,0.02,-0.02,1.01,3,Yaw Left
912,912,84,-0.04,-0.11,0.91,3,Yaw Left
913,913,85,-0.11,-0.21,1.0,3,Yaw Left
914,914,86,0.01,0.48,0.93,3,Yaw Left
915,915,87,0.15,0.21,1.02,3,Yaw Left
916,916,88,0.09,0.04,1.05,3,Yaw Left
917,917,89,0.08,0.04,1.03,3,Yaw Left
918,918,90,0.04,0.02,1.12,3,Yaw Left
919,919,91,0.04,0.03,1.01,3,Yaw Left
920,920,92,0.04,0.02,1.0,3,Yaw Left
921,921,93,0.04,0.03,1.0,3,Yaw Left
922,922,94,0.04,0.02,1.0,3,Yaw Left
923,923,95,0.04,0.02,1.0,3,Yaw Left
924,924,96,0.04,0.03,1.0,3,Yaw Left
925,925,97,0.04,0.02,1.0,3,Yaw Left
926,926,98,0.04,0.02,1.0,3,Yaw Left
927,927,99,0.04,0.02,1.0,3,Yaw Left
928,928,100,0.04,0.03,1.0,3,Yaw Left
929,929,101,0.04,0.03,1.0,3,Yaw Left
930,930,102,0.04,0.03,1.0,3,Yaw Left
931,931,103,0.04,0.03,1.0,3,Yaw Left
932,932,104,0.04,0.03,1.0,3,Yaw Left
933,933,105,0.04,0.02,1.0,3,Yaw Left
934,934,106,0.04,0.03,1.0,3,Yaw Left
935,935,107,0.04,0.02,1.0,3,Yaw Left
936,936,108,0.04,0.03,1.0,3,Yaw Left
937,937,109,0.04,0.02,1.0,3,Yaw Left
938,938,110,0.04,0.03,1.0,3,Yaw Left
939,939,111,0.04,0.02,1.0,3,Yaw Left
940,940,112,0.04,0.02,1.0,3,Yaw Left
941,941,113,0.04,0.03,1.0,3,Yaw Left
942,942,114,0.04,0.03,1.0,3,Yaw Left
943,943,115,0.04,0.02,1.0,3,Yaw Left
944,944,116,0.04,0.02,1.0,3,Yaw Left
945,945,117,0.04,0.02,1.0,3,Yaw Left
946,946,118,0.04,0.02,1.0,3,Yaw Left
947,947,119,0.04,0.03,1.0,3,Yaw Left
948,948,120,0.04,0.02,1.0,3,Yaw Left
949,949,121,0.04,0.03,1.0,3,Yaw Left
950,950,122,0.04,0.02,1.0,3,Yaw Left
951,951,123,0.04,0.03,1.0,3,Yaw Left
952,952,124,0.04,0.03,1.0,3,Yaw Left
953,953,125,0.03,0.04,1.04,3,Yaw Left
954,954,126,-0.0,0.02,1.04,3,Yaw Left
955,955,127,0.06,0.11,1.07,3,Yaw Left
956,956,128,0.07,0.19,1.01,3,Yaw Left
957,957,129,0.12,0.16,0.88,3,Yaw Left
958,958,130,0.14,-0.04,1.02,3,Yaw Left
959,959,131,0.15,-0.19,0.97,3,Yaw Left
960,960,132,0.1,-0.21,0.99,3,Yaw Left
961,961,133,0.14,0.05,1.02,3,Yaw Left
962,962,134,0.08,-0.1,0.95,3,Yaw Left
963,963,135,0.02,-0.14,0.99,3,Yaw Left
964,964,136,0.05,-0.05,1.01,3,Yaw Left
965,965,137,0.06,-0.08,1.0,3,Yaw Left
966,966,138,0.02,-0.17,0.99,3,Yaw Left
967,967,139,0.03,0.03,1.15,3,Yaw Left
968,968,140,-0.07,-0.05,1.09,3,Yaw Left
969,969,141,0.14,0.12,0.81,3,Yaw Left
970,970,142,0.16,0.2,1.1,3,Yaw Left
971,971,143,0.14,0.09,0.96,3,Yaw Left
972,972,144,0.1,0.08,1.05,3,Yaw Left
973,973,145,0.06,0.08,1.05,3,Yaw Left
974,974,146,0.04,0.03,1.02,3,Yaw Left
975,975,147,0.04,0.04,1.02,3,Yaw Left
976,976,148,0.04,0.02,1.0,3,Yaw Left
977,977,149,0.04,0.03,1.0,3,Yaw Left
978,978,150,0.12,0.11,1.02,3,Yaw Left
979,979,151,0.04,0.02,1.0,3,Yaw Left
980,980,152,0.04,0.02,1.0,3,Yaw Left
981,981,153,0.04,0.03,1.0,3,Yaw Left
982,982,154,0.04,0.02,1.0,3,Yaw Left
983,983,155,0.04,0.02,1.0,3,Yaw Left
984,984,156,0.04,0.02,1.0,3,Yaw Left
985,985,157,0.04,0.02,1.0,3,Yaw Left
986,986,158,0.04,0.03,1.0,3,Yaw Left
987,987,159,0.04,0.03,1.0,3,Yaw Left
988,988,160,0.04,0.03,1.0,3,Yaw Left
989,989,161,0.04,0.03,1.0,3,Yaw Left
990,990,162,0.04,0.02,1.0,3,Yaw Left
991,991,163,0.04,0.02,1.0,3,Yaw Left
992,992,164,0.04,0.03,1.0,3,Yaw Left
993,993,165,0.04,0.02,1.0,3,Yaw Left
994,994,166,0.04,0.02,1.0,3,Yaw Left
995,995,167,0.04,0.02,1.0,3,Yaw Left
996,996,168,0.04,0.02,1.0,3,Yaw Left
997,997,169,0.04,0.03,1.0,3,Yaw Left
998,998,170,0.04,0.02,1.0,3,Yaw Left
999,999,171,0.04,0.02,1.0,3,Yaw Left
1000,1000,172,0.04,0.03,1.0,3,Yaw Left
1001,1001,173,0.04,0.02,1.0,3,Yaw Left
1002,1002,174,0.04,0.02,1.0,3,Yaw Left
1003,1003,175,0.04,0.03,1.0,3,Yaw Left
1004,1004,176,0.04,0.02,1.0,3,Yaw Left
1005,1005,177,0.04,0.03,1.01,3,Yaw Left
1006,1006,178,0.05,0.05,1.0,3,Yaw Left
1007,1007,179,0.0,0.24,1.06,3,Yaw Left
1008,1008,180,0.0,0.06,1.01,3,Yaw Left
1009,1009,181,0.08,0.36,0.91,3,Yaw Left
1010,1010,182,0.05,0.09,0.93,3,Yaw Left
1011,1011,183,0.11,-0.05,1.03,3,Yaw Left
1012,1012,184,0.03,-0.07,1.07,3,Yaw Left
1013,1013,185,0.1,-0.04,0.95,3,Yaw Left
1014,1014,186,0.03,-0.11,0.98,3,Yaw Left
1015,1015,187,0.11,0.0,1.02,3,Yaw Left
1016,1016,188,0.06,-0.04,0.99,3,Yaw Left
1017,1017,189,0.04,-0.1,0.96,3,Yaw Left
1018,1018,190,0.06,-0.11,0.96,3,Yaw Left
1019,1019,191,0.16,0.31,0.91,3,Yaw Left
1020,1020,192,0.18,0.18,0.93,3,Yaw Left
1021,1021,193,0.25,0.27,1.09,3,Yaw Left
1022,1022,194,0.18,0.05,0.94,3,Yaw Left
1023,1023,195,0.18,0.25,1.04,3,Yaw Left
1024,1024,196,0.11,0.06,1.04,3,Yaw Left
1025,1025,197,0.07,0.05,1.0,3,Yaw Left
1026,1026,198,0.1,0.0,0.93,3,Yaw Left
1027,1027,199,0.03,0.02,1.0,3,Yaw Left
1028,1028,200,0.04,0.02,1.0,3,Yaw Left
1029,1029,201,0.04,0.03,1.0,3,Yaw Left
1030,1030,202,0.04,0.02,1.0,3,Yaw Left
1031,1031,203,0.04,0.02,1.0,3,Yaw Left
1032,1032,204,0.04,0.03,1.0,3,Yaw Left
1033,1033,205,0.04,0.03,1.0,3,Yaw Left
1034,1034,206,0.04,0.02,1.0,3,Yaw Left
1035,1035,207,0.04,0.02,1.0,3,Yaw Left
1036,1036,208,0.04,0.02,1.0,3,Yaw Left
1037,1037,209,0.01,0.05,1.0,3,Yaw Left
1038,1038,210,0.04,0.02,1.0,3,Yaw Left
1039,1039,211,0.04,0.02,1.0,3,Yaw Left
1040,1040,212,0.04,0.02,1.0,3,Yaw Left
1041,1041,213,0.04,0.02,1.0,3,Yaw Left
1042,1042,214,0.04,0.02,1.0,3,Yaw Left
1043,1043,215,0.04,0.02,1.0,3,Yaw Left
1044,1044,216,0.04,0.03,1.0,3,Yaw Left
1045,1045,217,0.04,0.03,1.0,3,Yaw Left
1046,1046,218,0.04,0.02,1.0,3,Yaw Left
1047,1047,219,0.04,0.02,1.0,3,Yaw Left
1048,1048,220,0.04,0.02,1.0,3,Yaw Left
1049,1049,221,0.04,0.02,1.0,3,Yaw Left
1050,1050,222,0.04,0.03,1.0,3,Yaw Left
1051,1051,223,0.04,0.03,1.0,3,Yaw Left
1052,1052,224,0.04,0.03,1.0,3,Yaw Left
1053,1053,225,0.03,0.03,1.0,3,Yaw Left
1054,1054,226,0.04,0.03,1.0,3,Yaw Left
1055,1055,227,0.04,0.02,1.0,3,Yaw Left
1056,1056,228,0.04,0.02,1.0,3,Yaw Left
1057,1057,229,0.04,0.04,1.01,3,Yaw Left
1058,1058,230,-0.02,0.03,1.05,3,Yaw Left
1059,1059,231,0.02,0.08,1.02,3,Yaw Left
1060,1060,232,0.06,0.09,0.94,3,Yaw Left
1061,1061,233,0.1,0.2,0.98,3,Yaw Left
1062,1062,234,0.14,0.12,0.89,3,Yaw Left
1063,1063,235,0.19,-0.11,1.0,3,Yaw Left
1064,1064,236,0.18,-0.04,0.96,3,Yaw Left
1065,1065,237,0.16,0.01,1.0,3,Yaw Left
1066,1066,238,0.06,-0.15,1.03,3,Yaw Left
1067,1067,239,0.05,-0.03,0.95,3,Yaw Left
1068,1068,240,0.1,-0.04,0.99,3,Yaw Left
1069,1069,241,0.07,-0.04,1.0,3,Yaw Left
1070,1070,242,0.06,-0.07,0.99,3,Yaw Left
1071,1071,243,0.02,-0.11,0.91,3,Yaw Left
1072,1072,244,-0.08,0.05,1.08,3,Yaw Left
1073,1073,245,0.15,0.16,0.92,3,Yaw Left
1074,1074,246,0.19,0.28,1.11,3,Yaw Left
1075,1075,247,0.13,0.08,0.95,3,Yaw Left
1076,1076,248,0.1,0.09,1.06,3,Yaw Left
1077,1077,249,0.04,0.08,1.03,3,Yaw Left
1078,1078,250,0.07,-0.11,1.16,3,Yaw Left
1079,1079,251,0.03,0.05,1.09,3,Yaw Left
1080,1080,252,0.04,0.02,1.0,3,Yaw Left
1081,1081,253,0.04,0.03,1.0,3,Yaw Left
1082,1082,254,0.16,0.12,1.01,3,Yaw Left
1083,1083,255,0.04,0.02,1.0,3,Yaw Left
1084,1084,256,0.04,0.02,1.0,3,Yaw Left
1085,1085,257,0.04,0.02,1.0,3,Yaw Left
1086,1086,258,0.04,0.03,1.0,3,Yaw Left
1087,1087,259,0.04,0.02,1.0,3,Yaw Left
1088,1088,260,0.04,0.02,1.0,3,Yaw Left
1089,1089,261,0.04,0.02,1.0,3,Yaw Left
1090,1090,262,0.04,0.03,1.0,3,Yaw Left
1091,1091,263,0.04,0.03,1.0,3,Yaw Left
1092,1092,264,0.04,0.03,1.0,3,Yaw Left
1093,1093,265,0.04,0.02,1.0,3,Yaw Left
1094,1094,266,0.04,0.02,1.0,3,Yaw Left
1095,1095,267,0.04,0.02,1.0,3,Yaw Left
1096,1096,268,0.04,0.03,1.0,3,Yaw Left
1097,1097,269,0.04,0.02,1.0,3,Yaw Left
1098,1098,270,0.04,0.02,1.0,3,Yaw Left
1099,1099,271,0.03,0.03,1.0,3,Yaw Left
1100,1100,272,0.04,0.02,1.0,3,Yaw Left
1101,1101,273,0.04,0.02,1.0,3,Yaw Left
1102,1102,274,0.04,0.03,1.0,3,Yaw Left
1103,1103,275,0.04,0.02,1.0,3,Yaw Left
1104,1104,276,0.04,0.03,1.0,3,Yaw Left
1105,1105,277,0.04,0.02,1.0,3,Yaw Left
1106,1106,278,0.04,0.02,1.0,3,Yaw Left
1107,1107,279,0.04,0.02,1.0,3,Yaw Left
1108,1108,280,0.04,0.03,1.0,3,Yaw Left
1109,1109,281,0.04,0.02,1.0,3,Yaw Left
1110,1110,282,0.04,0.03,1.0,3,Yaw Left
1111,1111,283,0.04,0.02,1.0,3,Yaw Left
1112,1112,284,0.03,0.09,1.02,3,Yaw Left
1113,1113,285,0.04,0.04,1.13,3,Yaw Left
1114,1114,286,0.11,0.17,1.0,3,Yaw Left
1115,1115,287,0.12,0.18,0.92,3,Yaw Left
1116,1116,288,0.02,-0.18,0.94,3,Yaw Left
1117,1117,289,0.05,-0.34,1.08,3,Yaw Left
1118,1118,290,0.12,-0.13,1.01,3,Yaw Left
1119,1119,291,0.16,-0.05,0.93,3,Yaw Left
1120,1120,292,0.11,-0.04,0.93,3,Yaw Left
1121,1121,293,0.07,-0.05,0.97,3,Yaw Left
1122,1122,294,0.07,-0.03,1.04,3,Yaw Left
1123,1123,295,0.09,-0.11,0.94,3,Yaw Left
1124,1124,296,0.12,0.03,1.0,3,Yaw Left
1125,1125,297,0.06,-0.17,0.99,3,Yaw Left
1126,1126,298,0.13,0.25,0.95,3,Yaw Left
1127,1127,299,0.18,0.2,1.0,3,Yaw Left
1128,1128,300,0.18,0.08,0.98,3,Yaw Left
1129,1129,301,0.16,0.12,1.01,3,Yaw Left
1130,1130,302,0.12,0.08,1.05,3,Yaw Left
1131,1131,303,0.05,0.09,0.98,3,Yaw Left
1132,1132,304,0.04,0.11,1.06,3,Yaw Left
1133,1133,305,0.02,0.0,0.99,3,Yaw Left
1134,1134,306,0.04,0.01,0.99,3,Yaw Left
1135,1135,307,0.04,0.02,1.0,3,Yaw Left
1136,1136,308,0.04,0.03,1.0,3,Yaw Left
1137,1137,309,0.04,0.02,1.0,3,Yaw Left
1138,1138,310,0.04,0.02,1.0,3,Yaw Left
1139,1139,311,0.04,0.03,1.0,3,Yaw Left
1140,1140,312,0.04,0.02,1.0,3,Yaw Left
1141,1141,313,0.04,0.03,1.0,3,Yaw Left
1142,1142,314,0.04,0.02,1.0,3,Yaw Left
1143,1143,315,0.04,0.03,1.0,3,Yaw Left
1144,1144,316,0.04,0.03,1.0,3,Yaw Left
1145,1145,317,0.03,0.03,1.0,3,Yaw Left
1146,1146,318,0.04,0.02,1.0,3,Yaw Left
1147,1147,319,0.04,0.02,1.0,3,Yaw Left
1148,1148,320,0.04,0.02,1.0,3,Yaw Left
1149,1149,321,0.04,0.02,1.0,3,Yaw Left
1150,1150,322,0.04,0.02,1.0,3,Yaw Left
1151,1151,323,0.04,0.03,1.0,3,Yaw Left
1152,1152,324,0.04,0.02,1.0,3,Yaw Left
1153,1153,325,0.04,0.03,1.0,3,Yaw Left
1154,1154,326,0.04,0.03,1.0,3,Yaw Left
1155,1155,327,0.04,0.03,1.0,3,Yaw Left
1156,1156,328,0.04,0.02,1.0,3,Yaw Left
1157,1157,329,0.03,0.03,1.0,3,Yaw Left
1158,1158,330,0.04,0.03,1.0,3,Yaw Left
1159,1159,331,0.04,0.02,1.0,3,Yaw Left
1160,1160,332,0.04,0.02,1.0,3,Yaw Left
1161,1161,333,0.04,0.02,1.0,3,Yaw Left
1162,1162,334,0.04,0.02,1.0,3,Yaw Left
1163,1163,335,0.04,0.03,1.0,3,Yaw Left
1164,1164,336,0.04,0.02,1.0,3,Yaw Left
1165,1165,337,0.04,0.03,1.0,3,Yaw Left
1166,1166,338,0.05,0.03,1.0,3,Yaw Left
1167,1167,339,0.07,0.03,1.05,3,Yaw Left
1168,1168,340,-0.01,0.12,1.15,3,Yaw Left
1169,1169,341,0.01,0.18,0.95,3,Yaw Left
1170,1170,342,0.08,-0.12,0.93,3,Yaw Left
1171,1171,343,0.14,-0.13,1.0,3,Yaw Left
1172,1172,344,0.14,-0.16,0.94,3,Yaw Left
1173,1173,345,0.11,-0.14,1.0,3,Yaw Left
1174,1174,346,0.08,0.01,1.0,3,Yaw Left
1175,1175,347,0.14,-0.09,1.02,3,Yaw Left
1176,1176,348,0.13,-0.09,1.0,3,Yaw Left
1177,1177,349,0.03,-0.01,0.98,3,Yaw Left
1178,1178,350,0.14,0.05,0.77,3,Yaw Left
1179,1179,351,0.26,0.1,1.16,3,Yaw Left
1180,1180,352,0.16,0.36,0.97,3,Yaw Left
1181,1181,353,0.13,0.04,0.96,3,Yaw Left
1182,1182,354,0.13,0.11,1.06,3,Yaw Left
1183,1183,355,0.07,0.0,1.1,3,Yaw Left
1184,1184,356,0.06,-0.04,1.08,3,Yaw Left
1185,1185,357,0.05,0.01,0.95,3,Yaw Left
1186,1186,358,0.04,0.02,1.0,3,Yaw Left
1187,1187,359,0.02,0.04,1.0,3,Yaw Left
1188,1188,360,0.04,0.03,1.0,3,Yaw Left
1189,1189,361,0.04,0.02,1.0,3,Yaw Left
1190,1190,362,0.04,0.03,1.0,3,Yaw Left
1191,1191,363,0.04,0.02,1.0,3,Yaw Left
1192,1192,364,0.04,0.02,1.0,3,Yaw Left
1193,1193,365,0.04,0.03,1.0,3,Yaw Left
1194,1194,366,0.04,0.03,1.0,3,Yaw Left
1195,1195,367,0.04,0.03,1.0,3,Yaw Left
1196,1196,368,0.04,0.03,1.0,3,Yaw Left
1197,1197,369,0.04,0.02,1.0,3,Yaw Left
1198,1198,370,0.04,0.03,1.0,3,Yaw Left
1199,1199,371,0.04,0.03,1.0,3,Yaw Left
1200,1200,372,0.04,0.02,1.0,3,Yaw Left
1201,1201,373,0.04,0.02,1.0,3,Yaw Left
1202,1202,374,0.04,0.02,1.0,3,Yaw Left
1203,1203,375,0.04,0.02,1.0,3,Yaw Left
1204,1204,376,0.04,0.03,1.0,3,Yaw Left
1205,1205,377,0.04,0.02,1.0,3,Yaw Left
1206,1206,378,0.04,0.02,1.0,3,Yaw Left
1207,1207,379,0.04,0.03,1.0,3,Yaw Left
1208,1208,380,0.04,0.03,1.0,3,Yaw Left
1209,1209,381,0.04,0.03,1.01,3,Yaw Left
1210,1210,382,0.04,0.03,1.0,3,Yaw Left
1211,1211,383,0.04,0.02,1.0,3,Yaw Left
1212,1212,384,0.04,0.02,1.0,3,Yaw Left
1213,1213,385,0.04,0.03,1.0,3,Yaw Left
1214,1214,386,0.04,0.03,1.0,3,Yaw Left
1215,1215,387,0.04,0.02,1.0,3,Yaw Left
1216,1216,388,0.04,0.02,1.0,3,Yaw Left
1217,1217,389,0.04,0.02,1.01,3,Yaw Left
1218,1218,390,0.0,0.01,1.01,3,Yaw Left
1219,1219,391,0.02,0.05,1.11,3,Yaw Left
1220,1220,392,0.04,0.07,1.06,3,Yaw Left
1221,1221,393,0.05,0.15,0.91,3,Yaw Left
1222,1222,394,0.16,-0.16,0.99,3,Yaw Left
1223,1223,395,0.14,-0.12,0.88,3,Yaw Left
1224,1224,396,0.11,-0.03,0.97,3,Yaw Left
1225,1225,397,0.06,-0.18,1.02,3,Yaw Left
1226,1226,398,0.13,0.0,0.92,3,Yaw Left
1227,1227,399,0.13,-0.07,1.0,3,Yaw Left
1228,1228,400,0.11,-0.05,0.98,3,Yaw Left
1229,1229,401,0.11,-0.06,0.96,3,Yaw Left
1230,1230,402,0.01,-0.14,0.91,3,Yaw Left
1231,1231,403,0.05,0.18,0.97,3,Yaw Left
1232,1232,404,0.2,0.24,1.04,3,Yaw Left
1233,1233,405,0.18,0.18,0.88,3,Yaw Left
1234,1234,406,0.18,0.11,1.1,3,Yaw Left
1235,1235,407,0.06,0.07,1.02,3,Yaw Left
1236,1236,408,0.05,0.07,1.04,3,Yaw Left
1237,1237,409,0.04,0.02,1.01,3,Yaw Left
1238,1238,410,0.04,0.02,1.0,3,Yaw Left
1239,1239,411,0.04,0.03,1.0,3,Yaw Left
1240,1240,412,0.03,0.02,1.0,3,Yaw Left
1241,1241,413,0.04,0.02,1.0,3,Yaw Left
1242,1242,414,0.04,0.03,1.0,3,Yaw Left
1243,1243,415,0.04,0.03,1.0,3,Yaw Left
1244,1244,416,0.04,0.03,1.0,3,Yaw Left
1245,1245,417,0.04,0.02,1.0,3,Yaw Left
1246,1246,418,0.04,0.02,1.0,3,Yaw Left
1247,1247,419,0.04,0.02,1.0,3,Yaw Left
1248,1248,420,0.04,0.03,1.0,3,Yaw Left
1249,1249,421,0.04,0.02,1.0,3,Yaw Left
1250,1250,422,0.04,0.02,1.0,3,Yaw Left
1251,1251,423,0.04,0.02,1.0,3,Yaw Left
1252,1252,424,0.04,0.02,1.0,3,Yaw Left
1253,1253,425,0.04,0.03,1.0,3,Yaw Left
1254,1254,426,0.04,0.02,1.0,3,Yaw Left
1255,1255,427,0.04,0.02,1.0,3,Yaw Left
1256,1256,428,0.04,0.03,1.0,3,Yaw Left
1257,1257,429,0.04,0.02,1.0,3,Yaw Left
1258,1258,430,0.04,0.03,1.0,3,Yaw Left
1259,1259,431,0.04,0.03,1.0,3,Yaw Left
1260,1260,432,0.04,0.03,1.0,3,Yaw Left
1261,1261,433,0.04,0.03,1.0,3,Yaw Left
1262,1262,434,0.04,0.03,1.0,3,Yaw Left
1263,1263,435,0.04,0.03,1.0,3,Yaw Left
1264,1264,436,0.04,0.03,1.0,3,Yaw Left
1265,1265,437,0.04,0.03,1.0,3,Yaw Left
1266,1266,438,0.04,0.03,1.0,3,Yaw Left
1267,1267,439,0.04,0.02,1.0,3,Yaw Left
1268,1268,440,0.04,0.02,1.0,3,Yaw Left
1269,1269,441,0.04,0.03,1.0,3,Yaw Left
1270,1270,442,0.04,0.02,1.0,3,Yaw Left
1271,1271,443,0.06,-0.01,1.01,3,Yaw Left
1272,1272,444,-0.01,0.07,1.15,3,Yaw Left
1273,1273,445,0.05,0.09,1.05,3,Yaw Left
1274,1274,446,0.11,0.12,0.93,3,Yaw Left
1275,1275,447,0.12,0.25,1.0,3,Yaw Left
1276,1276,448,0.11,0.2,0.85,3,Yaw Left
1277,1277,449,0.17,-0.12,0.96,3,Yaw Left
1278,1278,450,0.15,-0.17,0.98,3,Yaw Left
1279,1279,451,0.17,-0.12,0.97,3,Yaw Left
1280,1280,452,0.12,-0.06,1.05,3,Yaw Left
1281,1281,453,0.09,-0.18,0.92,3,Yaw Left
1282,1282,454,0.08,-0.02,1.0,3,Yaw Left
1283,1283,455,0.11,-0.02,0.99,3,Yaw Left
1284,1284,456,0.04,-0.04,1.01,3,Yaw Left
1285,1285,457,0.09,-0.13,0.95,3,Yaw Left
1286,1286,458,0.04,0.25,0.8,3,Yaw Left
1287,1287,459,0.26,0.39,0.8,3,Yaw Left
1288,1288,460,0.19,0.22,1.07,3,Yaw Left
1289,1289,461,0.1,0.1,1.06,3,Yaw Left
1290,1290,462,0.05,0.07,0.99,3,Yaw Left
1291,1291,463,-0.02,-0.02,1.37,3,Yaw Left
1292,1292,464,0.04,0.03,1.0,3,Yaw Left
1293,1293,465,0.04,0.02,1.0,3,Yaw Left
1294,1294,466,0.01,0.05,1.0,3,Yaw Left
1295,1295,467,0.03,0.02,1.0,3,Yaw Left
1296,1296,468,0.04,0.02,1.0,3,Yaw Left
1297,1297,469,0.04,0.03,1.0,3,Yaw Left
1298,1298,470,0.04,0.02,1.0,3,Yaw Left
1299,1299,471,0.04,0.03,1.0,3,Yaw Left
1300,1300,472,0.04,0.02,1.0,3,Yaw Left
1301,1301,473,0.04,0.02,1.0,3,Yaw Left
1302,1302,474,0.04,0.02,1.0,3,Yaw Left
1303,1303,475,0.04,0.03,1.0,3,Yaw Left
1304,1304,476,0.04,0.02,1.0,3,Yaw Left
1305,1305,477,0.04,0.02,1.0,3,Yaw Left
1306,1306,478,0.04,0.03,1.0,3,Yaw Left
1307,1307,479,0.04,0.02,1.0,3,Yaw Left
1308,1308,480,0.04,0.02,1.0,3,Yaw Left
1309,1309,481,0.04,0.03,1.0,3,Yaw Left
1310,1310,482,0.04,0.03,1.0,3,Yaw Left
1311,1311,483,0.04,0.03,1.0,3,Yaw Left
1312,1312,484,0.04,0.03,1.0,3,Yaw Left
1313,1313,485,0.04,0.03,1.0,3,Yaw Left
1314,1314,486,0.04,0.03,1.0,3,Yaw Left
1315,1315,487,0.04,0.03,1.0,3,Yaw Left
1316,1316,488,0.04,0.03,1.0,3,Yaw Left
1317,1317,0,0.04,0.05,1.0,4,Yaw Left
1318,1318,1,0.04,0.05,1.0,4,Yaw Left
1319,1319,2,0.04,0.05,1.0,4,Yaw Left
1320,1320,3,0.04,0.05,1.0,4,Yaw Left
1321,1321,4,0.04,0.04,1.0,4,Yaw Left
1322,1322,5,0.04,0.05,1.0,4,Yaw Left
1323,1323,6,0.04,0.04,1.0,4,Yaw Left
1324,1324,7,0.04,0.04,1.0,4,Yaw Left
1325,1325,8,0.04,0.05,1.0,4,Yaw Left
1326,1326,9,0.04,0.04,1.0,4,Yaw Left
1327,1327,10,0.04,0.05,1.0,4,Yaw Left
1328,1328,11,0.04,0.05,1.0,4,Yaw Left
1329,1329,12,0.04,0.04,1.0,4,Yaw Left
1330,1330,13,0.04,0.04,1.0,4,Yaw Left
1331,1331,14,0.04,0.04,1.0,4,Yaw Left
1332,1332,15,0.04,0.05,1.0,4,Yaw Left
1333,1333,16,0.04,0.04,1.0,4,Yaw Left
1334,1334,17,0.04,0.04,1.0,4,Yaw Left
1335,1335,18,0.04,0.05,1.0,4,Yaw Left
1336,1336,19,0.04,0.05,1.0,4,Yaw Left
1337,1337,20,0.04,0.05,1.0,4,Yaw Left
1338,1338,21,0.04,0.05,1.0,4,Yaw Left
1339,1339,22,0.04,0.05,1.0,4,Yaw Left
1340,1340,23,0.04,0.05,1.0,4,Yaw Left
1341,1341,24,0.04,0.05,1.0,4,Yaw Left
1342,1342,25,0.04,0.05,1.0,4,Yaw Left
1343,1343,26,0.04,0.04,1.0,4,Yaw Left
1344,1344,27,0.04,0.04,1.0,4,Yaw Left
1345,1345,28,0.04,0.04,1.0,4,Yaw Left
1346,1346,29,0.04,0.05,1.0,4,Yaw Left
1347,1347,30,0.04,0.05,1.0,4,Yaw Left
1348,1348,31,0.04,0.05,1.0,4,Yaw Left
1349,1349,32,0.04,0.05,1.0,4,Yaw Left
1350,1350,33,0.04,0.05,1.0,4,Yaw Left
1351,1351,34,0.04,0.05,1.0,4,Yaw Left
1352,1352,35,0.04,0.05,1.0,4,Yaw Left
1353,1353,36,0.04,0.04,1.0,4,Yaw Left
1354,1354,37,0.02,0.06,1.01,4,Yaw Left
1355,1355,38,-0.05,0.09,1.23,4,Yaw Left
1356,1356,39,0.0,0.13,1.01,4,Yaw Left
1357,1357,40,0.01,0.06,0.97,4,Yaw Left
1358,1358,41,0.06,0.06,0.94,4,Yaw Left
1359,1359,42,0.14,0.21,1.01,4,Yaw Left
1360,1360,43,0.1,-0.18,0.9,4,Yaw Left
1361,1361,44,0.09,0.12,1.08,4,Yaw Left
1362,1362,45,0.16,-0.02,1.02,4,Yaw Left
1363,1363,46,0.12,-0.13,0.96,4,Yaw Left
1364,1364,47,0.14,-0.08,0.97,4,Yaw Left
1365,1365,48,0.11,-0.18,1.02,4,Yaw Left
1366,1366,49,0.05,-0.11,1.0,4,Yaw Left
1367,1367,50,0.16,-0.06,1.3,4,Yaw Left
1368,1368,51,0.19,0.18,0.9,4,Yaw Left
1369,1369,52,0.17,-0.12,1.1,4,Yaw Left
1370,1370,53,0.15,-0.05,0.99,4,Yaw Left
1371,1371,54,0.15,-0.01,1.0,4,Yaw Left
1372,1372,55,0.13,0.02,0.87,4,Yaw Left
1373,1373,56,0.07,0.03,0.96,4,Yaw Left
1374,1374,57,0.04,-0.05,1.06,4,Yaw Left
1375,1375,58,0.01,-0.02,1.09,4,Yaw Left
1376,1376,59,0.02,-0.07,1.16,4,Yaw Left
1377,1377,60,0.02,0.07,1.0,4,Yaw Left
1378,1378,61,0.04,0.05,1.0,4,Yaw Left
1379,1379,62,0.04,0.05,1.0,4,Yaw Left
1380,1380,63,0.04,0.05,1.0,4,Yaw Left
1381,1381,64,0.04,0.05,1.0,4,Yaw Left
1382,1382,65,0.04,0.05,1.0,4,Yaw Left
1383,1383,66,0.04,0.05,1.0,4,Yaw Left
1384,1384,67,0.04,0.05,1.0,4,Yaw Left
1385,1385,68,0.04,0.05,1.0,4,Yaw Left
1386,1386,69,0.04,0.05,1.0,4,Yaw Left
1387,1387,70,0.04,0.04,1.0,4,Yaw Left
1388,1388,71,0.04,0.05,1.0,4,Yaw Left
1389,1389,72,0.04,0.05,1.0,4,Yaw Left
1390,1390,73,0.04,0.05,1.0,4,Yaw Left
1391,1391,74,0.04,0.05,1.0,4,Yaw Left
1392,1392,75,0.03,0.05,1.0,4,Yaw Left
1393,1393,76,0.04,0.05,1.0,4,Yaw Left
1394,1394,77,0.04,0.04,1.0,4,Yaw Left
1395,1395,78,0.04,0.04,1.0,4,Yaw Left
1396,1396,79,0.04,0.05,1.0,4,Yaw Left
1397,1397,80,0.04,0.05,1.0,4,Yaw Left
1398,1398,81,0.04,0.05,1.0,4,Yaw Left
1399,1399,82,0.04,0.05,1.0,4,Yaw Left
1400,1400,83,0.04,0.05,1.0,4,Yaw Left
1401,1401,84,0.04,0.05,1.0,4,Yaw Left
1402,1402,85,0.04,0.05,1.0,4,Yaw Left
1403,1403,86,0.04,0.05,1.0,4,Yaw Left
1404,1404,87,0.04,0.05,1.0,4,Yaw Left
1405,1405,88,0.04,0.05,1.0,4,Yaw Left
1406,1406,89,0.04,0.04,1.0,4,Yaw Left
1407,1407,90,0.03,0.05,1.0,4,Yaw Left
1408,1408,91,0.04,0.05,1.0,4,Yaw Left
1409,1409,92,0.03,0.05,1.0,4,Yaw Left
1410,1410,93,0.03,0.05,1.0,4,Yaw Left
1411,1411,94,0.05,0.05,1.0,4,Yaw Left
1412,1412,95,0.0,0.01,1.26,4,Yaw Left
1413,1413,96,0.04,0.0,1.12,4,Yaw Left
1414,1414,97,0.03,0.0,1.07,4,Yaw Left
1415,1415,98,0.06,0.04,0.93,4,Yaw Left
1416,1416,99,0.09,0.06,0.94,4,Yaw Left
1417,1417,100,0.09,0.2,1.02,4,Yaw Left
1418,1418,101,0.07,0.03,0.9,4,Yaw Left
1419,1419,102,0.08,-0.11,0.98,4,Yaw Left
1420,1420,103,0.09,-0.12,1.04,4,Yaw Left
1421,1421,104,0.09,-0.14,0.95,4,Yaw Left
1422,1422,105,0.07,-0.14,1.0,4,Yaw Left
1423,1423,106,0.07,-0.14,1.09,4,Yaw Left
1424,1424,107,0.04,-0.1,0.93,4,Yaw Left
1425,1425,108,0.14,-0.1,0.88,4,Yaw Left
1426,1426,109,0.12,0.07,1.21,4,Yaw Left
1427,1427,110,0.12,-0.04,0.9,4,Yaw Left
1428,1428,111,0.12,0.05,1.0,4,Yaw Left
1429,1429,112,0.13,0.07,0.97,4,Yaw Left
1430,1430,113,0.12,0.08,1.01,4,Yaw Left
1431,1431,114,0.13,0.04,0.99,4,Yaw Left
1432,1432,115,0.1,0.04,1.08,4,Yaw Left
1433,1433,116,0.04,0.02,1.1,4,Yaw Left
1434,1434,117,0.02,-0.01,1.0,4,Yaw Left
1435,1435,118,0.04,0.08,0.98,4,Yaw Left
1436,1436,119,0.02,0.05,1.0,4,Yaw Left
1437,1437,120,0.05,0.03,1.01,4,Yaw Left
1438,1438,121,0.04,0.05,1.0,4,Yaw Left
1439,1439,122,0.04,0.05,1.0,4,Yaw Left
1440,1440,123,0.04,0.04,1.0,4,Yaw Left
1441,1441,124,0.04,0.04,1.01,4,Yaw Left
1442,1442,125,0.04,0.04,1.0,4,Yaw Left
1443,1443,126,0.04,0.05,1.0,4,Yaw Left
1444,1444,127,0.04,0.05,1.0,4,Yaw Left
1445,1445,128,0.04,0.05,1.0,4,Yaw Left
1446,1446,129,0.04,0.05,1.0,4,Yaw Left
1447,1447,130,0.04,0.05,1.0,4,Yaw Left
1448,1448,131,0.04,0.05,1.0,4,Yaw Left
1449,1449,132,0.04,0.05,1.0,4,Yaw Left
1450,1450,133,0.04,0.05,1.0,4,Yaw Left
1451,1451,134,0.04,0.05,1.0,4,Yaw Left
1452,1452,135,0.04,0.05,1.0,4,Yaw Left
1453,1453,136,0.04,0.04,1.0,4,Yaw Left
1454,1454,137,0.04,0.05,1.0,4,Yaw Left
1455,1455,138,0.04,0.05,1.0,4,Yaw Left
1456,1456,139,0.04,0.04,1.0,4,Yaw Left
1457,1457,140,0.04,0.05,1.0,4,Yaw Left
1458,1458,141,0.04,0.05,1.0,4,Yaw Left
1459,1459,142,0.04,0.05,1.0,4,Yaw Left
1460,1460,143,0.04,0.05,1.0,4,Yaw Left
1461,1461,144,0.04,0.05,1.0,4,Yaw Left
1462,1462,145,0.04,0.05,1.0,4,Yaw Left
1463,1463,146,0.04,0.03,1.0,4,Yaw Left
1464,1464,147,0.03,0.04,1.0,4,Yaw Left
1465,1465,148,-0.0,0.04,1.02,4,Yaw Left
1466,1466,149,0.05,-0.0,1.04,4,Yaw Left
1467,1467,150,0.01,-0.01,0.99,4,Yaw Left
1468,1468,151,0.06,0.02,0.96,4,Yaw Left
1469,1469,152,0.07,-0.05,0.99,4,Yaw Left
1470,1470,153,0.09,0.02,0.96,4,Yaw Left
1471,1471,154,0.14,0.27,1.07,4,Yaw Left
1472,1472,155,0.11,-0.02,0.89,4,Yaw Left
1473,1473,156,0.04,-0.06,1.0,4,Yaw Left
1474,1474,157,0.07,-0.17,1.04,4,Yaw Left
1475,1475,158,0.1,-0.13,0.98,4,Yaw Left
1476,1476,159,0.05,-0.14,0.93,4,Yaw Left
1477,1477,160,0.07,-0.13,0.99,4,Yaw Left
1478,1478,161,0.05,-0.14,0.99,4,Yaw Left
1479,1479,162,0.04,-0.12,1.13,4,Yaw Left
1480,1480,163,0.06,0.01,0.96,4,Yaw Left
1481,1481,164,0.06,-0.05,1.0,4,Yaw Left
1482,1482,165,0.09,-0.12,0.94,4,Yaw Left
1483,1483,166,0.11,0.03,1.0,4,Yaw Left
1484,1484,167,0.08,-0.08,0.92,4,Yaw Left
1485,1485,168,0.03,0.0,0.97,4,Yaw Left
1486,1486,169,0.01,0.03,1.06,4,Yaw Left
1487,1487,170,-0.03,-0.02,1.05,4,Yaw Left
1488,1488,171,-0.01,0.05,1.0,4,Yaw Left
1489,1489,172,0.02,0.05,1.02,4,Yaw Left
1490,1490,173,0.04,0.04,1.0,4,Yaw Left
1491,1491,174,0.03,0.05,1.0,4,Yaw Left
1492,1492,175,0.04,0.05,1.0,4,Yaw Left
1493,1493,176,0.04,0.04,1.0,4,Yaw Left
1494,1494,177,0.04,0.05,1.0,4,Yaw Left
1495,1495,178,0.04,0.05,0.99,4,Yaw Left
1496,1496,179,0.04,0.05,1.0,4,Yaw Left
1497,1497,180,0.03,0.05,1.0,4,Yaw Left
1498,1498,181,0.04,0.05,1.0,4,Yaw Left
1499,1499,182,0.04,0.05,1.0,4,Yaw Left
1500,1500,183,0.04,0.05,1.0,4,Yaw Left
1501,1501,184,0.04,0.05,1.0,4,Yaw Left
1502,1502,185,0.04,0.05,1.0,4,Yaw Left
1503,1503,186,0.04,0.05,1.0,4,Yaw Left
1504,1504,187,0.04,0.05,1.0,4,Yaw Left
1505,1505,188,0.04,0.05,1.0,4,Yaw Left
1506,1506,189,0.04,0.05,1.0,4,Yaw Left
1507,1507,190,0.04,0.05,1.0,4,Yaw Left
1508,1508,191,0.04,0.05,1.0,4,Yaw Left
1509,1509,192,0.04,0.05,1.0,4,Yaw Left
1510,1510,193,0.04,0.05,1.0,4,Yaw Left
1511,1511,194,0.04,0.05,1.0,4,Yaw Left
1512,1512,195,0.04,0.05,1.0,4,Yaw Left
1513,1513,196,0.04,0.05,1.0,4,Yaw Left
1514,1514,197,0.03,0.05,1.0,4,Yaw Left
1515,1515,198,0.04,0.04,1.0,4,Yaw Left
1516,1516,199,0.04,0.05,1.0,4,Yaw Left
1517,1517,200,0.04,0.04,1.0,4,Yaw Left
1518,1518,201,0.03,0.05,1.0,4,Yaw Left
1519,1519,202,0.04,0.05,1.0,4,Yaw Left
1520,1520,203,0.04,0.05,1.01,4,Yaw Left
1521,1521,204,0.05,0.05,1.12,4,Yaw Left
1522,1522,205,0.01,0.05,0.98,4,Yaw Left
1523,1523,206,0.07,0.05,0.96,4,Yaw Left
1524,1524,207,0.11,0.07,0.89,4,Yaw Left
1525,1525,208,0.1,0.16,1.0,4,Yaw Left
1526,1526,209,0.07,0.05,0.99,4,Yaw Left
1527,1527,210,0.12,-0.11,0.95,4,Yaw Left
1528,1528,211,0.12,-0.2,0.97,4,Yaw Left
1529,1529,212,0.08,-0.17,1.0,4,Yaw Left
1530,1530,213,0.09,-0.15,0.92,4,Yaw Left
1531,1531,214,0.09,-0.11,1.01,4,Yaw Left
1532,1532,215,0.05,-0.16,1.05,4,Yaw Left
1533,1533,216,0.03,-0.07,0.91,4,Yaw Left
1534,1534,217,0.03,-0.18,0.98,4,Yaw Left
1535,1535,218,0.05,-0.01,1.04,4,Yaw Left
1536,1536,219,0.12,0.11,0.93,4,Yaw Left
1537,1537,220,0.12,-0.06,1.02,4,Yaw Left
1538,1538,221,0.13,0.07,0.93,4,Yaw Left
1539,1539,222,0.09,0.06,1.04,4,Yaw Left
1540,1540,223,0.05,0.05,1.11,4,Yaw Left
1541,1541,224,0.05,0.02,1.0,4,Yaw Left
1542,1542,225,0.05,-0.01,1.28,4,Yaw Left
1543,1543,226,0.04,0.05,1.01,4,Yaw Left
1544,1544,227,0.03,0.05,1.01,4,Yaw Left
1545,1545,228,0.04,0.05,1.0,4,Yaw Left
1546,1546,229,0.02,0.04,1.0,4,Yaw Left
1547,1547,230,0.04,0.05,1.0,4,Yaw Left
1548,1548,231,0.04,0.05,1.0,4,Yaw Left
1549,1549,232,0.04,0.04,1.0,4,Yaw Left
1550,1550,233,0.03,0.05,1.0,4,Yaw Left
1551,1551,234,0.04,0.05,1.0,4,Yaw Left
1552,1552,235,0.04,0.05,1.0,4,Yaw Left
1553,1553,236,0.04,0.05,1.0,4,Yaw Left
1554,1554,237,0.04,0.04,1.0,4,Yaw Left
1555,1555,238,0.04,0.05,1.0,4,Yaw Left
1556,1556,239,0.04,0.05,1.0,4,Yaw Left
1557,1557,240,0.04,0.05,1.0,4,Yaw Left
1558,1558,241,0.04,0.05,1.0,4,Yaw Left
1559,1559,242,0.04,0.05,1.0,4,Yaw Left
1560,1560,243,0.04,0.04,1.0,4,Yaw Left
1561,1561,244,0.04,0.05,1.0,4,Yaw Left
1562,1562,245,0.03,0.05,1.0,4,Yaw Left
1563,1563,246,0.04,0.05,1.01,4,Yaw Left
1564,1564,247,0.04,0.05,1.0,4,Yaw Left
1565,1565,248,0.04,0.04,1.0,4,Yaw Left
1566,1566,249,0.03,0.05,1.0,4,Yaw Left
1567,1567,250,0.04,0.04,1.0,4,Yaw Left
1568,1568,251,0.03,0.05,1.0,4,Yaw Left
1569,1569,252,0.04,0.05,1.0,4,Yaw Left
1570,1570,253,0.04,0.05,1.0,4,Yaw Left
1571,1571,254,0.04,0.05,1.0,4,Yaw Left
1572,1572,255,0.04,0.05,1.0,4,Yaw Left
1573,1573,256,0.04,0.05,1.0,4,Yaw Left
1574,1574,257,0.04,0.05,1.0,4,Yaw Left
1575,1575,258,0.04,0.05,1.0,4,Yaw Left
1576,1576,259,0.04,0.05,1.0,4,Yaw Left
1577,1577,260,0.04,0.05,1.0,4,Yaw Left
1578,1578,261,0.04,0.04,1.0,4,Yaw Left
1579,1579,262,0.04,0.04,1.0,4,Yaw Left
1580,1580,263,0.04,0.05,1.0,4,Yaw Left
1581,1581,264,0.03,0.05,1.0,4,Yaw Left
1582,1582,265,0.02,0.05,1.0,4,Yaw Left
1583,1583,266,0.02,0.05,1.0,4,Yaw Left
1584,1584,267,0.03,0.03,1.05,4,Yaw Left
1585,1585,268,0.01,0.09,1.1,4,Yaw Left
1586,1586,269,0.09,0.09,0.97,4,Yaw Left
1587,1587,270,0.13,0.15,0.98,4,Yaw Left
1588,1588,271,0.1,0.04,0.97,4,Yaw Left
1589,1589,272,0.09,0.01,0.95,4,Yaw Left
1590,1590,273,0.14,-0.09,1.04,4,Yaw Left
1591,1591,274,0.11,-0.08,0.99,4,Yaw Left
1592,1592,275,0.09,-0.07,0.91,4,Yaw Left
1593,1593,276,0.08,-0.15,1.04,4,Yaw Left
1594,1594,277,0.05,0.0,1.07,4,Yaw Left
1595,1595,278,0.05,-0.16,0.93,4,Yaw Left
1596,1596,279,0.06,-0.07,0.96,4,Yaw Left
1597,1597,280,0.02,-0.08,1.03,4,Yaw Left
1598,1598,281,0.12,0.02,1.02,4,Yaw Left
1599,1599,282,0.13,0.06,1.0,4,Yaw Left
1600,1600,283,0.12,0.0,0.93,4,Yaw Left
1601,1601,284,0.11,0.02,0.95,4,Yaw Left
1602,1602,285,0.09,0.09,1.04,4,Yaw Left
1603,1603,286,0.04,0.01,1.08,4,Yaw Left
1604,1604,287,0.02,0.07,1.06,4,Yaw Left
1605,1605,288,0.05,0.15,0.99,4,Yaw Left
1606,1606,289,0.04,0.05,1.01,4,Yaw Left
1607,1607,290,0.04,0.05,1.0,4,Yaw Left
1608,1608,291,0.04,0.05,1.01,4,Yaw Left
1609,1609,292,0.04,0.05,1.0,4,Yaw Left
1610,1610,293,0.04,0.05,1.0,4,Yaw Left
1611,1611,294,0.03,0.05,1.0,4,Yaw Left
1612,1612,295,0.04,0.05,1.0,4,Yaw Left
1613,1613,296,0.03,0.05,1.0,4,Yaw Left
1614,1614,297,0.03,0.05,1.0,4,Yaw Left
1615,1615,298,0.04,0.05,1.0,4,Yaw Left
1616,1616,299,0.04,0.05,1.0,4,Yaw Left
1617,1617,300,0.04,0.04,1.0,4,Yaw Left
1618,1618,301,0.04,0.05,1.0,4,Yaw Left
1619,1619,302,0.04,0.05,1.0,4,Yaw Left
1620,1620,303,0.04,0.05,1.0,4,Yaw Left
1621,1621,304,0.04,0.05,1.0,4,Yaw Left
1622,1622,305,0.04,0.05,1.0,4,Yaw Left
1623,1623,306,0.04,0.05,1.0,4,Yaw Left
1624,1624,307,0.04,0.04,1.0,4,Yaw Left
1625,1625,308,0.04,0.04,1.0,4,Yaw Left
1626,1626,309,0.04,0.05,1.0,4,Yaw Left
1627,1627,310,0.04,0.05,1.0,4,Yaw Left
1628,1628,311,0.04,0.05,1.0,4,Yaw Left
1629,1629,312,0.04,0.05,1.0,4,Yaw Left
1630,1630,313,0.04,0.05,1.0,4,Yaw Left
1631,1631,314,0.04,0.05,1.0,4,Yaw Left
1632,1632,315,0.04,0.05,1.0,4,Yaw Left
1633,1633,316,0.04,0.05,1.0,4,Yaw Left
1634,1634,317,0.03,0.05,1.0,4,Yaw Left
1635,1635,318,0.04,0.05,1.0,4,Yaw Left
1636,1636,319,0.04,0.05,1.0,4,Yaw Left
1637,1637,320,0.04,0.05,1.0,4,Yaw Left
1638,1638,321,0.04,0.05,1.0,4,Yaw Left
1639,1639,322,0.03,0.05,1.0,4,Yaw Left
1640,1640,323,0.03,0.05,1.04,4,Yaw Left
1641,1641,324,0.01,0.12,1.04,4,Yaw Left
1642,1642,325,0.06,0.11,0.97,4,Yaw Left
1643,1643,326,0.06,0.1,0.93,4,Yaw Left
1644,1644,327,0.11,0.05,0.91,4,Yaw Left
1645,1645,328,0.12,0.27,1.0,4,Yaw Left
1646,1646,329,0.09,0.21,0.91,4,Yaw Left
1647,1647,330,0.04,-0.07,0.95,4,Yaw Left
1648,1648,331,0.05,-0.2,1.02,4,Yaw Left
1649,1649,332,0.07,-0.11,0.95,4,Yaw Left
1650,1650,333,0.05,-0.08,1.07,4,Yaw Left
1651,1651,334,0.07,-0.13,1.0,4,Yaw Left
1652,1652,335,0.07,-0.11,0.93,4,Yaw Left
1653,1653,336,0.1,-0.08,0.98,4,Yaw Left
1654,1654,337,0.08,-0.13,1.11,4,Yaw Left
1655,1655,338,0.11,0.04,0.97,4,Yaw Left
1656,1656,339,0.09,0.0,1.01,4,Yaw Left
1657,1657,340,0.1,0.03,0.99,4,Yaw Left
1658,1658,341,0.1,0.02,0.94,4,Yaw Left
1659,1659,342,0.09,0.07,1.0,4,Yaw Left
1660,1660,343,0.07,0.06,1.04,4,Yaw Left
1661,1661,344,0.01,0.07,0.97,4,Yaw Left
1662,1662,345,0.05,0.05,1.0,4,Yaw Left
1663,1663,346,0.03,0.05,1.01,4,Yaw Left
1664,1664,347,0.04,0.04,1.0,4,Yaw Left
1665,1665,348,0.04,0.05,1.0,4,Yaw Left
1666,1666,349,0.04,0.05,1.0,4,Yaw Left
1667,1667,350,0.04,0.05,1.0,4,Yaw Left
1668,1668,351,0.04,0.05,1.0,4,Yaw Left
1669,1669,352,0.04,0.05,1.0,4,Yaw Left
1670,1670,353,0.03,0.05,1.0,4,Yaw Left
1671,1671,354,0.04,0.05,1.0,4,Yaw Left
1672,1672,355,0.04,0.04,1.0,4,Yaw Left
1673,1673,356,0.04,0.05,1.0,4,Yaw Left
1674,1674,357,0.04,0.05,1.0,4,Yaw Left
1675,1675,358,0.04,0.05,1.0,4,Yaw Left
1676,1676,359,0.04,0.04,1.0,4,Yaw Left
1677,1677,360,0.04,0.04,1.0,4,Yaw Left
1678,1678,361,0.04,0.05,1.0,4,Yaw Left
1679,1679,362,0.04,0.05,1.0,4,Yaw Left
1680,1680,363,0.04,0.05,1.0,4,Yaw Left
1681,1681,364,0.04,0.04,1.0,4,Yaw Left
1682,1682,365,0.04,0.04,1.0,4,Yaw Left
1683,1683,366,0.03,0.05,1.0,4,Yaw Left
1684,1684,367,0.04,0.04,1.0,4,Yaw Left
1685,1685,368,0.04,0.05,1.0,4,Yaw Left
1686,1686,369,0.04,0.05,1.0,4,Yaw Left
1687,1687,370,0.04,0.05,1.0,4,Yaw Left
1688,1688,371,0.04,0.05,1.0,4,Yaw Left
1689,1689,372,0.04,0.04,1.0,4,Yaw Left
1690,1690,373,0.03,0.05,1.0,4,Yaw Left
1691,1691,374,0.04,0.05,1.0,4,Yaw Left
1692,1692,375,0.04,0.05,1.0,4,Yaw Left
1693,1693,376,0.04,0.05,1.0,4,Yaw Left
1694,1694,377,0.04,0.05,1.0,4,Yaw Left
1695,1695,378,0.04,0.05,1.0,4,Yaw Left
1696,1696,379,0.04,0.04,1.01,4,Yaw Left
1697,1697,380,0.04,0.05,1.0,4,Yaw Left
1698,1698,381,0.03,0.04,1.0,4,Yaw Left
1699,1699,382,0.04,0.05,1.0,4,Yaw Left
1700,1700,383,0.04,0.05,1.0,4,Yaw Left
1701,1701,384,0.04,0.05,1.0,4,Yaw Left
1702,1702,385,0.03,0.07,1.01,4,Yaw Left
1703,1703,386,0.0,0.09,1.26,4,Yaw Left
1704,1704,387,0.04,0.11,1.05,4,Yaw Left
1705,1705,388,0.08,0.1,0.94,4,Yaw Left
1706,1706,389,0.09,0.06,0.98,4,Yaw Left
1707,1707,390,0.11,0.25,1.09,4,Yaw Left
1708,1708,391,0.14,0.09,0.9,4,Yaw Left
1709,1709,392,0.12,-0.12,0.92,4,Yaw Left
1710,1710,393,0.09,-0.1,0.99,4,Yaw Left
1711,1711,394,0.06,-0.01,0.95,4,Yaw Left
1712,1712,395,0.08,-0.18,0.95,4,Yaw Left
1713,1713,396,0.05,-0.18,0.96,4,Yaw Left
1714,1714,397,0.05,-0.2,1.01,4,Yaw Left
1715,1715,398,0.08,-0.12,0.92,4,Yaw Left
1716,1716,399,0.09,-0.07,1.12,4,Yaw Left
1717,1717,400,0.12,-0.09,1.12,4,Yaw Left
1718,1718,401,0.14,0.03,0.94,4,Yaw Left
1719,1719,402,0.16,0.0,0.94,4,Yaw Left
1720,1720,403,0.12,0.08,0.99,4,Yaw Left
1721,1721,404,0.13,0.03,0.99,4,Yaw Left
1722,1722,405,0.08,0.09,1.08,4,Yaw Left
1723,1723,406,0.07,0.0,1.03,4,Yaw Left
1724,1724,407,0.01,0.09,1.0,4,Yaw Left
1725,1725,408,0.07,0.2,1.17,4,Yaw Left
1726,1726,409,0.0,-0.06,1.17,4,Yaw Left
1727,1727,410,0.04,0.05,1.0,4,Yaw Left
1728,1728,411,0.05,0.04,1.0,4,Yaw Left
1729,1729,412,0.04,0.04,1.0,4,Yaw Left
1730,1730,413,0.04,0.04,1.0,4,Yaw Left
1731,1731,414,0.04,0.05,1.0,4,Yaw Left
1732,1732,415,0.04,0.05,1.0,4,Yaw Left
1733,1733,416,0.04,0.05,1.0,4,Yaw Left
1734,1734,417,0.03,0.05,1.0,4,Yaw Left
1735,1735,418,0.04,0.05,1.0,4,Yaw Left
1736,1736,419,0.04,0.04,1.0,4,Yaw Left
1737,1737,420,0.04,0.05,1.0,4,Yaw Left
1738,1738,421,0.04,0.05,1.0,4,Yaw Left
1739,1739,422,0.04,0.05,1.0,4,Yaw Left
1740,1740,423,0.04,0.05,1.0,4,Yaw Left
1741,1741,424,0.04,0.05,1.0,4,Yaw Left
1742,1742,425,0.04,0.05,1.0,4,Yaw Left
1743,1743,426,0.04,0.05,1.0,4,Yaw Left
1744,1744,427,0.03,0.05,1.0,4,Yaw Left
1745,1745,428,0.04,0.05,1.0,4,Yaw Left
1746,1746,429,0.04,0.05,1.0,4,Yaw Left
1747,1747,430,0.04,0.05,1.0,4,Yaw Left
1748,1748,431,0.04,0.05,1.0,4,Yaw Left
1749,1749,432,0.04,0.05,1.0,4,Yaw Left
1750,1750,433,0.04,0.04,1.0,4,Yaw Left
1751,1751,434,0.04,0.05,1.0,4,Yaw Left
1752,1752,435,0.04,0.05,1.0,4,Yaw Left
1753,1753,436,0.04,0.05,1.0,4,Yaw Left
1754,1754,437,0.04,0.05,1.0,4,Yaw Left
1755,1755,438,0.04,0.05,1.0,4,Yaw Left
1756,1756,439,0.04,0.05,1.0,4,Yaw Left
1757,1757,440,0.04,0.05,1.0,4,Yaw Left
1758,1758,441,0.04,0.05,1.0,4,Yaw Left
1759,1759,442,0.04,0.05,1.0,4,Yaw Left
1760,1760,443,0.04,0.05,1.01,4,Yaw Left
1761,1761,444,0.04,0.05,1.0,4,Yaw Left
1762,1762,445,0.04,0.05,1.0,4,Yaw Left
1763,1763,446,0.04,0.05,1.0,4,Yaw Left
1764,1764,447,0.04,0.05,1.0,4,Yaw Left
1765,1765,448,0.02,0.02,1.01,4,Yaw Left
1766,1766,449,0.0,0.14,1.01,4,Yaw Left
1767,1767,450,0.05,0.08,1.01,4,Yaw Left
1768,1768,451,0.12,0.05,0.9,4,Yaw Left
1769,1769,452,0.18,0.18,0.94,4,Yaw Left
1770,1770,453,0.12,0.13,0.96,4,Yaw Left
1771,1771,454,0.15,-0.14,1.11,4,Yaw Left
1772,1772,455,0.16,0.0,1.08,4,Yaw Left
1773,1773,456,0.1,-0.14,0.98,4,Yaw Left
1774,1774,457,0.12,-0.07,0.98,4,Yaw Left
1775,1775,458,0.11,-0.15,1.04,4,Yaw Left
1776,1776,459,0.11,-0.08,0.96,4,Yaw Left
1777,1777,460,0.14,-0.15,1.07,4,Yaw Left
1778,1778,461,0.03,-0.04,1.01,4,Yaw Left
1779,1779,462,0.14,0.11,0.93,4,Yaw Left
1780,1780,463,0.15,0.03,1.04,4,Yaw Left
1781,1781,464,0.14,0.09,1.0,4,Yaw Left
1782,1782,465,0.11,0.08,0.99,4,Yaw Left
1783,1783,466,0.09,0.04,1.08,4,Yaw Left
1784,1784,467,0.09,0.05,0.97,4,Yaw Left
1785,1785,468,0.03,0.07,0.94,4,Yaw Left
1786,1786,469,0.04,0.04,1.0,4,Yaw Left
1787,1787,470,0.04,0.04,1.0,4,Yaw Left
1788,1788,471,0.04,0.02,1.0,4,Yaw Left
1789,1789,472,0.04,0.05,1.0,4,Yaw Left
1790,1790,473,0.04,0.05,1.0,4,Yaw Left
1791,1791,474,0.04,0.05,1.0,4,Yaw Left
1792,1792,475,0.04,0.05,1.0,4,Yaw Left
1793,1793,476,0.04,0.05,1.0,4,Yaw Left
1794,1794,477,0.04,0.04,1.0,4,Yaw Left
1795,1795,478,0.04,0.05,1.0,4,Yaw Left
1796,1796,479,0.04,0.05,1.0,4,Yaw Left
1797,1797,480,0.04,0.05,1.0,4,Yaw Left
1798,1798,481,0.04,0.05,1.0,4,Yaw Left
1799,1799,482,0.04,0.05,1.0,4,Yaw Left
1800,1800,483,0.04,0.05,1.0,4,Yaw Left
1801,1801,484,0.04,0.05,1.0,4,Yaw Left
1802,1802,485,0.03,0.05,1.0,4,Yaw Left
1803,1803,486,0.04,0.05,1.0,4,Yaw Left
1804,1804,487,0.04,0.05,1.01,4,Yaw Left
1805,1805,488,0.03,0.05,1.0,4,Yaw Left
1806,1806,489,0.04,0.05,1.0,4,Yaw Left
1807,1807,490,0.03,0.05,1.0,4,Yaw Left
1808,1808,491,0.04,0.05,1.0,4,Yaw Left
1809,1809,492,0.04,0.05,1.0,4,Yaw Left
1810,1810,493,0.04,0.05,1.0,4,Yaw Left
1811,1811,494,0.04,0.05,1.0,4,Yaw Left
1812,1812,495,0.04,0.05,1.0,4,Yaw Left
1813,1813,496,0.04,0.05,1.0,4,Yaw Left
1814,1814,497,0.04,0.05,1.0,4,Yaw Left
1815,1815,498,0.03,0.05,1.0,4,Yaw Left
1816,1816,499,0.03,0.05,1.0,4,Yaw Left
1817,1817,500,0.04,0.05,1.0,4,Yaw Left
1818,1818,501,0.04,0.05,1.0,4,Yaw Left
1819,1819,502,0.04,0.05,1.0,4,Yaw Left
1820,1820,503,0.04,0.05,1.0,4,Yaw Left
1821,1821,504,0.04,0.05,1.0,4,Yaw Left
1822,1822,0,0.04,0.04,1.0,5,Yaw Left
1823,1823,1,0.04,0.04,1.0,5,Yaw Left
1824,1824,2,0.04,0.04,1.0,5,Yaw Left
1825,1825,3,0.04,0.04,1.0,5,Yaw Left
1826,1826,4,0.04,0.04,1.0,5,Yaw Left
1827,1827,5,0.04,0.05,1.0,5,Yaw Left
1828,1828,6,0.04,0.04,1.0,5,Yaw Left
1829,1829,7,0.04,0.04,1.0,5,Yaw Left
1830,1830,8,0.04,0.04,1.0,5,Yaw Left
1831,1831,9,0.04,0.04,1.0,5,Yaw Left
1832,1832,10,0.04,0.04,1.0,5,Yaw Left
1833,1833,11,0.04,0.04,1.0,5,Yaw Left
1834,1834,12,0.04,0.04,1.0,5,Yaw Left
1835,1835,13,0.04,0.04,1.0,5,Yaw Left
1836,1836,14,0.04,0.04,1.0,5,Yaw Left
1837,1837,15,0.04,0.04,1.0,5,Yaw Left
1838,1838,16,0.04,0.04,1.0,5,Yaw Left
1839,1839,17,0.04,0.04,1.0,5,Yaw Left
1840,1840,18,0.04,0.04,1.0,5,Yaw Left
1841,1841,19,0.04,0.04,1.0,5,Yaw Left
1842,1842,20,0.04,0.04,1.0,5,Yaw Left
1843,1843,21,0.04,0.04,1.0,5,Yaw Left
1844,1844,22,0.04,0.04,1.0,5,Yaw Left
1845,1845,23,0.04,0.04,1.0,5,Yaw Left
1846,1846,24,0.04,0.04,1.0,5,Yaw Left
1847,1847,25,0.04,0.04,1.0,5,Yaw Left
1848,1848,26,0.04,0.04,1.0,5,Yaw Left
1849,1849,27,0.04,0.04,1.0,5,Yaw Left
1850,1850,28,0.04,0.04,1.0,5,Yaw Left
1851,1851,29,0.04,0.04,1.0,5,Yaw Left
1852,1852,30,0.04,0.04,1.0,5,Yaw Left
1853,1853,31,0.04,0.04,1.0,5,Yaw Left
1854,1854,32,0.04,0.04,1.0,5,Yaw Left
1855,1855,33,0.04,0.05,1.0,5,Yaw Left
1856,1856,34,0.04,0.04,1.0,5,Yaw Left
1857,1857,35,0.04,0.05,1.0,5,Yaw Left
1858,1858,36,0.04,0.04,1.0,5,Yaw Left
1859,1859,37,0.04,0.04,1.0,5,Yaw Left
1860,1860,38,0.04,0.04,1.0,5,Yaw Left
1861,1861,39,0.04,0.04,1.0,5,Yaw Left
1862,1862,40,0.04,0.04,1.0,5,Yaw Left
1863,1863,41,0.04,0.07,1.01,5,Yaw Left
1864,1864,42,-0.02,0.07,1.07,5,Yaw Left
1865,1865,43,0.02,0.27,1.09,5,Yaw Left
1866,1866,44,0.0,0.06,0.91,5,Yaw Left
1867,1867,45,0.08,0.02,1.09,5,Yaw Left
1868,1868,46,0.07,-0.02,0.98,5,Yaw Left
1869,1869,47,0.01,-0.18,1.01,5,Yaw Left
1870,1870,48,-0.01,-0.24,1.01,5,Yaw Left
1871,1871,49,-0.02,-0.21,1.0,5,Yaw Left
1872,1872,50,0.01,-0.26,0.98,5,Yaw Left
1873,1873,51,0.08,-0.12,0.96,5,Yaw Left
1874,1874,52,0.06,0.04,0.84,5,Yaw Left
1875,1875,53,0.12,0.04,1.03,5,Yaw Left
1876,1876,54,0.08,0.03,0.91,5,Yaw Left
1877,1877,55,0.03,0.05,0.96,5,Yaw Left
1878,1878,56,-0.01,-0.01,1.03,5,Yaw Left
1879,1879,57,0.01,0.02,1.11,5,Yaw Left
1880,1880,58,0.03,0.05,0.99,5,Yaw Left
1881,1881,59,0.05,0.03,1.02,5,Yaw Left
1882,1882,60,0.04,0.04,1.0,5,Yaw Left
1883,1883,61,0.04,0.04,1.0,5,Yaw Left
1884,1884,62,0.04,0.04,1.0,5,Yaw Left
1885,1885,63,0.04,0.04,1.0,5,Yaw Left
1886,1886,64,0.04,0.04,1.0,5,Yaw Left
1887,1887,65,0.04,0.04,1.0,5,Yaw Left
1888,1888,66,0.04,0.04,1.0,5,Yaw Left
1889,1889,67,0.04,0.04,1.0,5,Yaw Left
1890,1890,68,0.04,0.04,1.0,5,Yaw Left
1891,1891,69,0.04,0.04,1.0,5,Yaw Left
1892,1892,70,0.04,0.04,1.0,5,Yaw Left
1893,1893,71,0.04,0.04,1.0,5,Yaw Left
1894,1894,72,0.04,0.04,1.0,5,Yaw Left
1895,1895,73,0.04,0.04,1.0,5,Yaw Left
1896,1896,74,0.04,0.04,1.0,5,Yaw Left
1897,1897,75,0.04,0.04,1.0,5,Yaw Left
1898,1898,76,0.04,0.04,1.0,5,Yaw Left
1899,1899,77,0.04,0.04,1.0,5,Yaw Left
1900,1900,78,0.04,0.04,1.0,5,Yaw Left
1901,1901,79,0.04,0.04,1.0,5,Yaw Left
1902,1902,80,0.04,0.04,1.0,5,Yaw Left
1903,1903,81,0.04,0.04,1.0,5,Yaw Left
1904,1904,82,0.04,0.04,1.0,5,Yaw Left
1905,1905,83,0.04,0.04,1.0,5,Yaw Left
1906,1906,84,0.04,0.04,1.0,5,Yaw Left
1907,1907,85,0.04,0.04,1.0,5,Yaw Left
1908,1908,86,0.04,0.04,1.0,5,Yaw Left
1909,1909,87,0.04,0.04,1.0,5,Yaw Left
1910,1910,88,0.04,0.04,1.0,5,Yaw Left
1911,1911,89,0.04,0.04,1.0,5,Yaw Left
1912,1912,90,0.04,0.04,1.0,5,Yaw Left
1913,1913,91,0.04,0.04,1.0,5,Yaw Left
1914,1914,92,0.04,0.04,1.0,5,Yaw Left
1915,1915,93,0.04,0.04,1.0,5,Yaw Left
1916,1916,94,0.04,0.04,1.0,5,Yaw Left
1917,1917,95,0.04,0.04,1.0,5,Yaw Left
1918,1918,96,0.04,0.05,1.01,5,Yaw Left
1919,1919,97,0.01,0.01,1.02,5,Yaw Left
1920,1920,98,-0.01,0.16,1.33,5,Yaw Left
1921,1921,99,0.05,0.22,0.97,5,Yaw Left
1922,1922,100,0.02,0.17,1.07,5,Yaw Left
1923,1923,101,0.04,0.07,0.98,5,Yaw Left
1924,1924,102,0.04,0.04,0.99,5,Yaw Left
1925,1925,103,0.0,-0.14,0.96,5,Yaw Left
1926,1926,104,0.01,0.0,1.0,5,Yaw Left
1927,1927,105,-0.0,-0.12,0.89,5,Yaw Left
1928,1928,106,0.02,0.05,0.97,5,Yaw Left
1929,1929,107,-0.08,-0.04,1.04,5,Yaw Left
1930,1930,108,0.0,0.25,0.95,5,Yaw Left
1931,1931,109,0.06,0.05,0.98,5,Yaw Left
1932,1932,110,0.03,0.02,1.04,5,Yaw Left
1933,1933,111,0.02,0.14,1.01,5,Yaw Left
1934,1934,112,0.04,0.12,1.14,5,Yaw Left
1935,1935,113,0.02,0.04,1.01,5,Yaw Left
1936,1936,114,0.04,0.03,1.0,5,Yaw Left
1937,1937,115,0.04,0.04,1.0,5,Yaw Left
1938,1938,116,0.03,0.04,1.0,5,Yaw Left
1939,1939,117,0.04,0.04,1.0,5,Yaw Left
1940,1940,118,0.03,0.04,1.0,5,Yaw Left
1941,1941,119,0.04,0.04,1.0,5,Yaw Left
1942,1942,120,0.03,0.04,1.0,5,Yaw Left
1943,1943,121,0.03,0.04,1.0,5,Yaw Left
1944,1944,122,0.04,0.04,1.0,5,Yaw Left
1945,1945,123,0.04,0.04,1.0,5,Yaw Left
1946,1946,124,0.03,0.04,1.0,5,Yaw Left
1947,1947,125,0.03,0.04,1.0,5,Yaw Left
1948,1948,126,0.04,0.04,1.0,5,Yaw Left
1949,1949,127,0.04,0.04,1.0,5,Yaw Left
1950,1950,128,0.03,0.04,1.0,5,Yaw Left
1951,1951,129,0.04,0.04,1.0,5,Yaw Left
1952,1952,130,0.04,0.04,1.0,5,Yaw Left
1953,1953,131,0.04,0.04,1.0,5,Yaw Left
1954,1954,132,0.04,0.04,1.0,5,Yaw Left
1955,1955,133,0.04,0.04,1.0,5,Yaw Left
1956,1956,134,0.04,0.04,1.0,5,Yaw Left
1957,1957,135,0.04,0.04,1.0,5,Yaw Left
1958,1958,136,0.04,0.04,1.0,5,Yaw Left
1959,1959,137,0.04,0.04,1.0,5,Yaw Left
1960,1960,138,0.04,0.04,1.0,5,Yaw Left
1961,1961,139,0.03,0.04,1.0,5,Yaw Left
1962,1962,140,0.04,0.04,1.0,5,Yaw Left
1963,1963,141,0.03,0.04,1.0,5,Yaw Left
1964,1964,142,0.04,0.04,1.0,5,Yaw Left
1965,1965,143,0.04,0.04,1.0,5,Yaw Left
1966,1966,144,0.04,0.04,1.0,5,Yaw Left
1967,1967,145,0.03,0.04,1.0,5,Yaw Left
1968,1968,146,0.04,0.04,1.0,5,Yaw Left
1969,1969,147,0.04,0.04,1.0,5,Yaw Left
1970,1970,148,0.04,0.04,1.0,5,Yaw Left
1971,1971,149,0.04,0.04,1.0,5,Yaw Left
1972,1972,150,0.04,0.04,1.0,5,Yaw Left
1973,1973,151,0.03,0.04,1.01,5,Yaw Left
1974,1974,152,0.0,0.06,1.03,5,Yaw Left
1975,1975,153,0.0,0.28,1.01,5,Yaw Left
1976,1976,154,-0.07,0.16,0.93,5,Yaw Left
1977,1977,155,0.04,-0.07,0.89,5,Yaw Left
1978,1978,156,0.09,0.04,0.99,5,Yaw Left
1979,1979,157,0.03,-0.11,0.99,5,Yaw Left
1980,1980,158,0.03,-0.08,0.98,5,Yaw Left
1981,1981,159,0.02,-0.07,0.99,5,Yaw Left
1982,1982,160,0.01,-0.23,0.92,5,Yaw Left
1983,1983,161,0.09,0.07,1.04,5,Yaw Left
1984,1984,162,0.1,0.05,1.03,5,Yaw Left
1985,1985,163,0.06,0.04,0.87,5,Yaw Left
1986,1986,164,0.08,0.15,0.98,5,Yaw Left
1987,1987,165,0.05,0.05,1.05,5,Yaw Left
1988,1988,166,0.01,0.0,1.02,5,Yaw Left
1989,1989,167,-0.03,0.03,1.48,5,Yaw Left
1990,1990,168,0.02,0.04,1.0,5,Yaw Left
1991,1991,169,0.02,0.03,1.01,5,Yaw Left
1992,1992,170,0.04,0.05,1.01,5,Yaw Left
1993,1993,171,0.03,0.04,1.0,5,Yaw Left
1994,1994,172,0.03,0.04,1.0,5,Yaw Left
1995,1995,173,0.04,0.03,1.0,5,Yaw Left
1996,1996,174,0.03,0.04,1.0,5,Yaw Left
1997,1997,175,0.04,0.04,1.0,5,Yaw Left
1998,1998,176,0.04,0.03,1.0,5,Yaw Left
1999,1999,177,0.03,0.04,1.0,5,Yaw Left
2000,2000,178,0.03,0.04,1.0,5,Yaw Left
2001,2001,179,0.04,0.04,1.0,5,Yaw Left
2002,2002,180,0.04,0.04,1.0,5,Yaw Left
2003,2003,181,0.03,0.04,1.0,5,Yaw Left
2004,2004,182,0.03,0.04,1.01,5,Yaw Left
2005,2005,183,0.04,0.04,1.0,5,Yaw Left
2006,2006,184,0.03,0.04,1.0,5,Yaw Left
2007,2007,185,0.03,0.04,1.0,5,Yaw Left
2008,2008,186,0.03,0.04,1.0,5,Yaw Left
2009,2009,187,0.03,0.04,1.0,5,Yaw Left
2010,2010,188,0.04,0.04,1.0,5,Yaw Left
2011,2011,189,0.03,0.04,1.0,5,Yaw Left
2012,2012,190,0.03,0.04,1.0,5,Yaw Left
2013,2013,191,0.04,0.04,1.0,5,Yaw Left
2014,2014,192,0.04,0.04,1.0,5,Yaw Left
2015,2015,193,0.03,0.04,1.0,5,Yaw Left
2016,2016,194,0.04,0.04,1.0,5,Yaw Left
2017,2017,195,0.04,0.04,1.0,5,Yaw Left
2018,2018,196,0.04,0.04,1.0,5,Yaw Left
2019,2019,197,0.03,0.04,1.0,5,Yaw Left
2020,2020,198,0.04,0.04,1.0,5,Yaw Left
2021,2021,199,0.03,0.04,1.0,5,Yaw Left
2022,2022,200,0.03,0.04,1.0,5,Yaw Left
2023,2023,201,0.04,0.04,1.0,5,Yaw Left
2024,2024,202,0.03,0.04,1.0,5,Yaw Left
2025,2025,203,0.03,0.04,1.0,5,Yaw Left
2026,2026,204,0.03,0.03,1.0,5,Yaw Left
2027,2027,205,-0.0,0.07,1.02,5,Yaw Left
2028,2028,206,0.01,0.2,1.12,5,Yaw Left
2029,2029,207,-0.02,0.37,0.87,5,Yaw Left
2030,2030,208,0.04,-0.08,1.02,5,Yaw Left
2031,2031,209,0.03,0.01,0.99,5,Yaw Left
2032,2032,210,-0.02,0.0,0.95,5,Yaw Left
2033,2033,211,-0.03,-0.1,0.93,5,Yaw Left
2034,2034,212,0.0,-0.04,1.03,5,Yaw Left
2035,2035,213,0.02,0.2,1.16,5,Yaw Left
2036,2036,214,0.02,-0.08,0.94,5,Yaw Left
2037,2037,215,0.05,-0.09,0.9,5,Yaw Left
2038,2038,216,0.07,0.18,0.98,5,Yaw Left
2039,2039,217,0.06,0.05,1.06,5,Yaw Left
2040,2040,218,-0.01,0.01,1.12,5,Yaw Left
2041,2041,219,0.02,0.09,1.06,5,Yaw Left
2042,2042,220,0.01,0.05,1.0,5,Yaw Left
2043,2043,221,0.03,0.02,1.0,5,Yaw Left
2044,2044,222,0.03,0.05,1.0,5,Yaw Left
2045,2045,223,0.03,0.04,1.0,5,Yaw Left
2046,2046,224,0.03,0.04,1.0,5,Yaw Left
2047,2047,225,0.03,0.04,1.0,5,Yaw Left
2048,2048,226,0.03,0.03,1.0,5,Yaw Left
2049,2049,227,0.03,0.04,1.0,5,Yaw Left
2050,2050,228,0.03,0.04,1.0,5,Yaw Left
2051,2051,229,0.03,0.04,1.0,5,Yaw Left
2052,2052,230,0.03,0.04,1.0,5,Yaw Left
2053,2053,231,0.03,0.04,1.0,5,Yaw Left
2054,2054,232,0.04,0.04,1.0,5,Yaw Left
2055,2055,233,0.03,0.04,1.0,5,Yaw Left
2056,2056,234,0.03,0.04,1.0,5,Yaw Left
2057,2057,235,0.03,0.04,1.0,5,Yaw Left
2058,2058,236,0.04,0.04,1.0,5,Yaw Left
2059,2059,237,0.03,0.04,1.0,5,Yaw Left
2060,2060,238,0.03,0.04,1.0,5,Yaw Left
2061,2061,239,0.03,0.04,1.0,5,Yaw Left
2062,2062,240,0.03,0.04,1.0,5,Yaw Left
2063,2063,241,0.03,0.04,1.0,5,Yaw Left
2064,2064,242,0.03,0.03,1.0,5,Yaw Left
2065,2065,243,0.03,0.04,1.0,5,Yaw Left
2066,2066,244,0.03,0.04,1.0,5,Yaw Left
2067,2067,245,0.03,0.04,1.0,5,Yaw Left
2068,2068,246,0.03,0.04,1.0,5,Yaw Left
2069,2069,247,0.03,0.04,1.0,5,Yaw Left
2070,2070,248,0.03,0.04,1.0,5,Yaw Left
2071,2071,249,0.03,0.04,1.0,5,Yaw Left
2072,2072,250,0.03,0.04,1.0,5,Yaw Left
2073,2073,251,0.03,0.04,1.0,5,Yaw Left
2074,2074,252,0.03,0.04,1.0,5,Yaw Left
2075,2075,253,0.03,0.04,1.0,5,Yaw Left
2076,2076,254,0.03,0.04,1.0,5,Yaw Left
2077,2077,255,0.04,0.05,1.0,5,Yaw Left
2078,2078,256,0.02,0.02,1.0,5,Yaw Left
2079,2079,257,-0.0,0.29,1.05,5,Yaw Left
2080,2080,258,-0.0,0.3,1.05,5,Yaw Left
2081,2081,259,-0.09,0.02,0.95,5,Yaw Left
2082,2082,260,0.05,-0.04,0.98,5,Yaw Left
2083,2083,261,0.02,-0.07,0.94,5,Yaw Left
2084,2084,262,0.05,-0.03,1.01,5,Yaw Left
2085,2085,263,0.05,-0.05,0.97,5,Yaw Left
2086,2086,264,0.07,-0.07,1.02,5,Yaw Left
2087,2087,265,0.08,-0.06,1.04,5,Yaw Left
2088,2088,266,0.03,-0.07,0.98,5,Yaw Left
2089,2089,267,0.1,0.03,1.0,5,Yaw Left
2090,2090,268,0.08,0.09,0.9,5,Yaw Left
2091,2091,269,0.04,0.13,0.96,5,Yaw Left
2092,2092,270,0.02,0.09,1.0,5,Yaw Left
2093,2093,271,0.02,0.0,1.02,5,Yaw Left
2094,2094,272,0.04,0.0,0.99,5,Yaw Left
2095,2095,273,0.03,0.05,1.04,5,Yaw Left
2096,2096,274,0.04,0.03,1.0,5,Yaw Left
2097,2097,275,0.04,0.03,0.99,5,Yaw Left
2098,2098,276,0.03,0.04,1.0,5,Yaw Left
2099,2099,277,0.03,0.04,1.0,5,Yaw Left
2100,2100,278,0.03,0.04,1.0,5,Yaw Left
2101,2101,279,0.03,0.04,1.0,5,Yaw Left
2102,2102,280,0.04,0.04,1.0,5,Yaw Left
2103,2103,281,0.03,0.04,1.0,5,Yaw Left
2104,2104,282,0.03,0.04,1.0,5,Yaw Left
2105,2105,283,0.03,0.03,1.0,5,Yaw Left
2106,2106,284,0.03,0.04,1.0,5,Yaw Left
2107,2107,285,0.03,0.04,1.0,5,Yaw Left
2108,2108,286,0.03,0.04,1.0,5,Yaw Left
2109,2109,287,0.03,0.04,1.0,5,Yaw Left
2110,2110,288,0.04,0.04,1.0,5,Yaw Left
2111,2111,289,0.03,0.04,1.0,5,Yaw Left
2112,2112,290,0.04,0.04,1.0,5,Yaw Left
2113,2113,291,0.03,0.04,1.0,5,Yaw Left
2114,2114,292,0.03,0.04,1.0,5,Yaw Left
2115,2115,293,0.03,0.04,1.0,5,Yaw Left
2116,2116,294,0.04,0.04,1.0,5,Yaw Left
2117,2117,295,0.04,0.04,1.0,5,Yaw Left
2118,2118,296,0.04,0.03,1.0,5,Yaw Left
2119,2119,297,0.03,0.04,1.0,5,Yaw Left
2120,2120,298,0.03,0.04,1.0,5,Yaw Left
2121,2121,299,0.03,0.04,1.0,5,Yaw Left
2122,2122,300,0.03,0.04,1.0,5,Yaw Left
2123,2123,301,0.04,0.04,1.0,5,Yaw Left
2124,2124,302,0.03,0.04,1.0,5,Yaw Left
2125,2125,303,0.03,0.04,1.0,5,Yaw Left
2126,2126,304,0.03,0.04,1.0,5,Yaw Left
2127,2127,305,0.04,0.03,1.0,5,Yaw Left
2128,2128,306,0.03,0.04,1.0,5,Yaw Left
2129,2129,307,0.03,0.04,1.0,5,Yaw Left
2130,2130,308,0.03,0.04,1.0,5,Yaw Left
2131,2131,309,0.04,0.04,1.0,5,Yaw Left
2132,2132,310,0.03,0.04,1.0,5,Yaw Left
2133,2133,311,0.03,0.04,1.0,5,Yaw Left
2134,2134,312,0.04,0.04,1.0,5,Yaw Left
2135,2135,313,0.02,0.03,1.01,5,Yaw Left
2136,2136,314,-0.02,0.27,1.19,5,Yaw Left
2137,2137,315,0.0,0.28,1.02,5,Yaw Left
2138,2138,316,-0.0,-0.06,0.91,5,Yaw Left
2139,2139,317,0.08,-0.05,0.95,5,Yaw Left
2140,2140,318,0.04,-0.11,0.99,5,Yaw Left
2141,2141,319,0.05,-0.19,0.97,5,Yaw Left
2142,2142,320,0.07,-0.1,1.02,5,Yaw Left
2143,2143,321,0.04,-0.34,0.89,5,Yaw Left
2144,2144,322,0.08,-0.02,0.82,5,Yaw Left
2145,2145,323,0.06,0.04,1.04,5,Yaw Left
2146,2146,324,0.08,0.05,0.93,5,Yaw Left
2147,2147,325,0.11,0.21,1.06,5,Yaw Left
2148,2148,326,0.04,0.11,0.94,5,Yaw Left
2149,2149,327,0.05,0.13,1.07,5,Yaw Left
2150,2150,328,0.05,0.04,1.02,5,Yaw Left
2151,2151,329,0.03,0.03,1.0,5,Yaw Left
2152,2152,330,0.04,0.02,1.0,5,Yaw Left
2153,2153,331,0.03,0.04,1.0,5,Yaw Left
2154,2154,332,0.02,0.04,1.0,5,Yaw Left
2155,2155,333,0.03,0.04,1.0,5,Yaw Left
2156,2156,334,0.03,0.04,1.0,5,Yaw Left
2157,2157,335,0.03,0.04,1.0,5,Yaw Left
2158,2158,336,0.03,0.04,1.0,5,Yaw Left
2159,2159,337,0.03,0.04,1.0,5,Yaw Left
2160,2160,338,0.03,0.04,1.0,5,Yaw Left
2161,2161,339,0.03,0.04,1.0,5,Yaw Left
2162,2162,340,0.03,0.04,1.0,5,Yaw Left
2163,2163,341,0.03,0.04,1.0,5,Yaw Left
2164,2164,342,0.03,0.05,1.0,5,Yaw Left
2165,2165,343,0.03,0.04,1.0,5,Yaw Left
2166,2166,344,0.03,0.04,1.0,5,Yaw Left
2167,2167,345,0.03,0.04,1.0,5,Yaw Left
2168,2168,346,0.03,0.04,1.0,5,Yaw Left
2169,2169,347,0.03,0.04,1.0,5,Yaw Left
2170,2170,348,0.03,0.04,1.0,5,Yaw Left
2171,2171,349,0.03,0.04,1.0,5,Yaw Left
2172,2172,350,0.03,0.04,1.0,5,Yaw Left
2173,2173,351,0.03,0.04,1.0,5,Yaw Left
2174,2174,352,0.03,0.04,1.0,5,Yaw Left
2175,2175,353,0.03,0.04,1.0,5,Yaw Left
2176,2176,354,0.03,0.04,1.0,5,Yaw Left
2177,2177,355,0.03,0.04,1.0,5,Yaw Left
2178,2178,356,0.03,0.04,1.0,5,Yaw Left
2179,2179,357,0.02,0.04,1.0,5,Yaw Left
2180,2180,358,0.03,0.04,1.0,5,Yaw Left
2181,2181,359,0.03,0.04,1.0,5,Yaw Left
2182,2182,360,0.03,0.04,1.0,5,Yaw Left
2183,2183,361,0.03,0.04,1.0,5,Yaw Left
2184,2184,362,0.03,0.04,1.0,5,Yaw Left
2185,2185,363,0.03,0.04,1.0,5,Yaw Left
2186,2186,364,0.03,0.04,1.0,5,Yaw Left
2187,2187,365,0.03,0.04,1.0,5,Yaw Left
2188,2188,366,0.03,0.04,1.01,5,Yaw Left
2189,2189,367,0.02,0.04,1.0,5,Yaw Left
2190,2190,368,0.04,0.14,1.25,5,Yaw Left
2191,2191,369,0.09,0.32,1.05,5,Yaw Left
2192,2192,370,0.04,0.0,0.98,5,Yaw Left
2193,2193,371,0.07,-0.11,0.95,5,Yaw Left
2194,2194,372,0.09,-0.14,0.96,5,Yaw Left
2195,2195,373,0.04,-0.16,0.96,5,Yaw Left
2196,2196,374,0.01,-0.14,0.93,5,Yaw Left
2197,2197,375,0.09,-0.12,1.06,5,Yaw Left
2198,2198,376,0.09,0.1,1.08,5,Yaw Left
2199,2199,377,0.07,0.0,0.94,5,Yaw Left
2200,2200,378,0.12,0.02,1.0,5,Yaw Left
2201,2201,379,0.09,0.11,1.0,5,Yaw Left
2202,2202,380,0.07,0.18,1.05,5,Yaw Left
2203,2203,381,0.01,0.0,1.04,5,Yaw Left
2204,2204,382,0.04,0.1,1.01,5,Yaw Left
2205,2205,383,0.0,0.05,1.01,5,Yaw Left
2206,2206,384,0.02,0.03,1.05,5,Yaw Left
2207,2207,385,0.02,0.05,1.0,5,Yaw Left
2208,2208,386,0.02,0.04,1.0,5,Yaw Left
2209,2209,387,0.03,0.04,1.0,5,Yaw Left
2210,2210,388,0.02,0.04,1.0,5,Yaw Left
2211,2211,389,0.02,0.04,1.0,5,Yaw Left
2212,2212,390,0.03,0.04,1.0,5,Yaw Left
2213,2213,391,0.03,0.04,1.0,5,Yaw Left
2214,2214,392,0.03,0.05,1.0,5,Yaw Left
2215,2215,393,0.02,0.04,1.0,5,Yaw Left
2216,2216,394,0.03,0.05,1.0,5,Yaw Left
2217,2217,395,0.03,0.05,1.0,5,Yaw Left
2218,2218,396,0.02,0.04,1.0,5,Yaw Left
2219,2219,397,0.03,0.04,1.0,5,Yaw Left
2220,2220,398,0.03,0.04,1.0,5,Yaw Left
2221,2221,399,0.03,0.05,1.0,5,Yaw Left
2222,2222,400,0.03,0.04,1.0,5,Yaw Left
2223,2223,401,0.03,0.04,1.0,5,Yaw Left
2224,2224,402,0.03,0.04,1.0,5,Yaw Left
2225,2225,403,0.03,0.04,1.0,5,Yaw Left
2226,2226,404,0.03,0.04,1.0,5,Yaw Left
2227,2227,405,0.03,0.04,1.0,5,Yaw Left
2228,2228,406,0.02,0.04,1.0,5,Yaw Left
2229,2229,407,0.03,0.04,1.0,5,Yaw Left
2230,2230,408,0.03,0.04,1.0,5,Yaw Left
2231,2231,409,0.03,0.04,1.0,5,Yaw Left
2232,2232,410,0.03,0.04,1.0,5,Yaw Left
2233,2233,411,0.03,0.04,1.0,5,Yaw Left
2234,2234,412,0.03,0.04,1.0,5,Yaw Left
2235,2235,413,0.03,0.04,1.0,5,Yaw Left
2236,2236,414,0.03,0.04,1.0,5,Yaw Left
2237,2237,415,0.03,0.04,1.0,5,Yaw Left
2238,2238,416,0.02,0.04,1.0,5,Yaw Left
2239,2239,417,0.03,0.05,1.0,5,Yaw Left
2240,2240,418,0.02,0.04,1.0,5,Yaw Left
2241,2241,419,0.03,0.04,1.0,5,Yaw Left
2242,2242,420,0.03,0.05,1.0,5,Yaw Left
2243,2243,421,0.02,0.05,1.0,5,Yaw Left
2244,2244,422,0.02,0.05,1.0,5,Yaw Left
2245,2245,423,0.02,0.06,1.01,5,Yaw Left
2246,2246,424,0.06,0.19,1.23,5,Yaw Left
2247,2247,425,0.0,0.34,0.86,5,Yaw Left
2248,2248,426,0.01,-0.16,0.83,5,Yaw Left
2249,2249,427,0.05,-0.08,0.94,5,Yaw Left
2250,2250,428,0.02,-0.18,1.0,5,Yaw Left
2251,2251,429,0.02,-0.17,0.9,5,Yaw Left
2252,2252,430,0.07,-0.1,1.03,5,Yaw Left
2253,2253,431,0.05,-0.35,0.87,5,Yaw Left
2254,2254,432,0.05,-0.07,0.9,5,Yaw Left
2255,2255,433,0.1,-0.09,1.05,5,Yaw Left
2256,2256,434,0.05,0.11,0.93,5,Yaw Left
2257,2257,435,0.05,0.0,1.04,5,Yaw Left
2258,2258,436,0.02,0.08,1.1,5,Yaw Left
2259,2259,437,0.01,0.04,1.04,5,Yaw Left
2260,2260,438,0.01,0.07,1.0,5,Yaw Left
2261,2261,439,0.03,0.06,1.0,5,Yaw Left
2262,2262,440,0.02,0.06,0.99,5,Yaw Left
2263,2263,441,0.03,0.04,1.01,5,Yaw Left
2264,2264,442,0.04,0.04,1.0,5,Yaw Left
2265,2265,443,0.03,0.05,1.0,5,Yaw Left
2266,2266,444,0.03,0.05,1.0,5,Yaw Left
2267,2267,445,0.04,0.04,1.0,5,Yaw Left
2268,2268,446,0.03,0.05,1.0,5,Yaw Left
2269,2269,447,0.03,0.05,1.0,5,Yaw Left
2270,2270,448,0.03,0.05,1.0,5,Yaw Left
2271,2271,449,0.03,0.05,1.0,5,Yaw Left
2272,2272,450,0.03,0.04,1.0,5,Yaw Left
2273,2273,451,0.04,0.04,1.0,5,Yaw Left
2274,2274,452,0.03,0.05,1.0,5,Yaw Left
2275,2275,453,0.03,0.05,1.0,5,Yaw Left
2276,2276,454,0.03,0.04,1.0,5,Yaw Left
2277,2277,455,0.03,0.05,1.0,5,Yaw Left
2278,2278,456,0.03,0.05,1.0,5,Yaw Left
2279,2279,457,0.03,0.05,1.0,5,Yaw Left
2280,2280,458,0.03,0.05,1.0,5,Yaw Left
2281,2281,459,0.03,0.05,1.0,5,Yaw Left
2282,2282,460,0.03,0.05,1.0,5,Yaw Left
2283,2283,461,0.03,0.05,1.0,5,Yaw Left
2284,2284,462,0.03,0.05,1.0,5,Yaw Left
2285,2285,463,0.03,0.05,1.0,5,Yaw Left
2286,2286,464,0.03,0.04,1.0,5,Yaw Left
2287,2287,465,0.03,0.04,1.0,5,Yaw Left
2288,2288,466,0.03,0.05,1.0,5,Yaw Left
2289,2289,467,0.03,0.04,1.0,5,Yaw Left
2290,2290,468,0.03,0.04,1.0,5,Yaw Left
2291,2291,469,0.03,0.05,1.0,5,Yaw Left
2292,2292,470,0.03,0.05,1.0,5,Yaw Left
2293,2293,471,0.03,0.05,1.0,5,Yaw Left
2294,2294,472,0.04,0.04,1.0,5,Yaw Left
2295,2295,473,0.01,0.21,1.17,5,Yaw Left
2296,2296,474,-0.02,0.28,0.92,5,Yaw Left
2297,2297,475,0.04,-0.12,0.83,5,Yaw Left
2298,2298,476,0.09,-0.16,0.95,5,Yaw Left
2299,2299,477,0.07,-0.26,1.0,5,Yaw Left
2300,2300,478,0.04,-0.14,0.95,5,Yaw Left
2301,2301,479,0.03,-0.14,0.98,5,Yaw Left
2302,2302,480,0.08,-0.16,1.06,5,Yaw Left
2303,2303,481,0.07,-0.39,0.73,5,Yaw Left
2304,2304,482,0.15,0.01,0.93,5,Yaw Left
2305,2305,483,0.12,0.07,0.91,5,Yaw Left
2306,2306,484,0.13,0.13,0.96,5,Yaw Left
2307,2307,485,0.1,0.1,0.98,5,Yaw Left
2308,2308,486,0.05,0.14,1.03,5,Yaw Left
2309,2309,487,0.06,-0.01,1.07,5,Yaw Left
2310,2310,488,0.06,0.03,0.98,5,Yaw Left
2311,2311,489,0.04,0.03,1.0,5,Yaw Left
2312,2312,490,0.04,0.04,0.99,5,Yaw Left
2313,2313,491,0.03,0.05,1.0,5,Yaw Left
2314,2314,492,0.04,0.04,1.0,5,Yaw Left
2315,2315,493,0.03,0.05,1.0,5,Yaw Left
2316,2316,494,0.03,0.05,1.0,5,Yaw Left
2317,2317,495,0.03,0.04,1.0,5,Yaw Left
2318,2318,496,0.03,0.05,1.0,5,Yaw Left
2319,2319,497,0.03,0.05,1.0,5,Yaw Left
2320,2320,498,0.04,0.04,1.0,5,Yaw Left
2321,2321,499,0.03,0.04,1.0,5,Yaw Left
2322,2322,500,0.03,0.04,1.0,5,Yaw Left
2323,2323,501,0.03,0.04,1.0,5,Yaw Left
2324,2324,502,0.03,0.05,1.0,5,Yaw Left
2325,2325,503,0.04,0.05,1.0,5,Yaw Left
2326,2326,504,0.03,0.04,1.0,5,Yaw Left
2327,2327,505,0.03,0.04,1.0,5,Yaw Left
2328,2328,506,0.03,0.04,1.0,5,Yaw Left
2329,2329,507,0.04,0.04,1.0,5,Yaw Left
2330,2330,508,0.03,0.05,1.0,5,Yaw Left
2331,2331,509,0.03,0.04,1.0,5,Yaw Left
2332,2332,510,0.03,0.05,1.0,5,Yaw Left
2333,2333,511,0.03,0.05,1.0,5,Yaw Left
2334,2334,512,0.03,0.04,1.0,5,Yaw Left
2335,2335,513,0.03,0.05,1.0,5,Yaw Left
2336,2336,0,0.03,-0.03,1.01,6,Yaw Left
2337,2337,1,0.04,-0.03,1.01,6,Yaw Left
2338,2338,2,0.03,-0.04,1.01,6,Yaw Left
2339,2339,3,0.03,-0.04,1.01,6,Yaw Left
2340,2340,4,0.03,-0.04,1.01,6,Yaw Left
2341,2341,5,0.04,-0.04,1.01,6,Yaw Left
2342,2342,6,0.04,-0.04,1.01,6,Yaw Left
2343,2343,7,0.03,-0.03,1.01,6,Yaw Left
2344,2344,8,0.04,-0.03,1.01,6,Yaw Left
2345,2345,9,0.03,-0.04,1.01,6,Yaw Left
2346,2346,10,0.03,-0.04,1.01,6,Yaw Left
2347,2347,11,0.03,-0.04,1.01,6,Yaw Left
2348,2348,12,0.04,-0.04,1.01,6,Yaw Left
2349,2349,13,0.04,-0.04,1.01,6,Yaw Left
2350,2350,14,0.03,-0.03,1.01,6,Yaw Left
2351,2351,15,0.04,-0.03,1.01,6,Yaw Left
2352,2352,16,0.03,-0.04,1.01,6,Yaw Left
2353,2353,17,0.03,-0.03,1.01,6,Yaw Left
2354,2354,18,0.04,-0.04,1.01,6,Yaw Left
2355,2355,19,0.04,-0.04,1.01,6,Yaw Left
2356,2356,20,0.04,-0.04,1.01,6,Yaw Left
2357,2357,21,0.03,-0.03,1.01,6,Yaw Left
2358,2358,22,0.04,-0.04,1.01,6,Yaw Left
2359,2359,23,0.04,-0.04,1.01,6,Yaw Left
2360,2360,24,0.04,-0.04,1.01,6,Yaw Left
2361,2361,25,0.04,-0.04,1.01,6,Yaw Left
2362,2362,26,0.03,-0.04,1.0,6,Yaw Left
2363,2363,27,0.04,-0.03,1.01,6,Yaw Left
2364,2364,28,0.04,-0.04,1.01,6,Yaw Left
2365,2365,29,0.04,-0.03,1.01,6,Yaw Left
2366,2366,30,0.04,-0.04,1.01,6,Yaw Left
2367,2367,31,0.04,-0.04,1.0,6,Yaw Left
2368,2368,32,0.04,-0.03,1.01,6,Yaw Left
2369,2369,33,0.04,-0.03,1.01,6,Yaw Left
2370,2370,34,0.04,-0.04,1.01,6,Yaw Left
2371,2371,35,0.04,-0.04,1.0,6,Yaw Left
2372,2372,36,0.04,-0.04,1.0,6,Yaw Left
2373,2373,37,0.04,-0.04,1.01,6,Yaw Left
2374,2374,38,0.04,-0.03,1.01,6,Yaw Left
2375,2375,39,0.03,-0.04,1.01,6,Yaw Left
2376,2376,40,0.04,-0.03,1.01,6,Yaw Left
2377,2377,41,0.04,-0.04,1.01,6,Yaw Left
2378,2378,42,0.04,-0.04,1.01,6,Yaw Left
2379,2379,43,0.04,-0.03,1.0,6,Yaw Left
2380,2380,44,-0.0,0.03,1.29,6,Yaw Left
2381,2381,45,0.07,-0.09,1.04,6,Yaw Left
2382,2382,46,0.04,0.0,0.96,6,Yaw Left
2383,2383,47,-0.02,-0.12,1.07,6,Yaw Left
2384,2384,48,0.08,-0.06,1.02,6,Yaw Left
2385,2385,49,0.06,-0.14,0.86,6,Yaw Left
2386,2386,50,0.03,-0.26,1.0,6,Yaw Left
2387,2387,51,0.09,-0.24,0.94,6,Yaw Left
2388,2388,52,0.09,-0.29,0.94,6,Yaw Left
2389,2389,53,0.02,-0.18,0.93,6,Yaw Left
2390,2390,54,0.07,-0.52,0.94,6,Yaw Left
2391,2391,55,0.04,0.39,1.03,6,Yaw Left
2392,2392,56,0.04,-0.14,1.06,6,Yaw Left
2393,2393,57,0.05,0.16,1.04,6,Yaw Left
2394,2394,58,0.04,0.06,1.05,6,Yaw Left
2395,2395,59,0.04,-0.05,1.02,6,Yaw Left
2396,2396,60,0.01,0.03,0.96,6,Yaw Left
2397,2397,61,0.01,0.01,1.0,6,Yaw Left
2398,2398,62,0.01,-0.02,0.98,6,Yaw Left
2399,2399,63,0.03,-0.02,1.0,6,Yaw Left
2400,2400,64,0.04,-0.04,1.0,6,Yaw Left
2401,2401,65,0.04,-0.04,1.0,6,Yaw Left
2402,2402,66,0.04,-0.04,1.01,6,Yaw Left
2403,2403,67,0.04,-0.03,1.01,6,Yaw Left
2404,2404,68,0.04,-0.04,1.01,6,Yaw Left
2405,2405,69,0.04,-0.04,1.01,6,Yaw Left
2406,2406,70,0.04,-0.03,1.01,6,Yaw Left
2407,2407,71,0.03,-0.04,1.01,6,Yaw Left
2408,2408,72,0.04,-0.04,1.01,6,Yaw Left
2409,2409,73,0.04,-0.04,1.01,6,Yaw Left
2410,2410,74,0.03,-0.03,1.01,6,Yaw Left
2411,2411,75,0.04,-0.04,1.0,6,Yaw Left
2412,2412,76,0.04,-0.04,1.01,6,Yaw Left
2413,2413,77,0.03,-0.04,1.01,6,Yaw Left
2414,2414,78,0.04,-0.04,1.01,6,Yaw Left
2415,2415,79,0.04,-0.04,1.01,6,Yaw Left
2416,2416,80,0.04,-0.04,1.01,6,Yaw Left
2417,2417,81,0.04,-0.04,1.01,6,Yaw Left
2418,2418,82,0.04,-0.04,1.01,6,Yaw Left
2419,2419,83,0.04,-0.03,1.01,6,Yaw Left
2420,2420,84,0.03,-0.04,1.01,6,Yaw Left
2421,2421,85,0.03,-0.04,1.01,6,Yaw Left
2422,2422,86,0.04,-0.03,1.01,6,Yaw Left
2423,2423,87,0.03,-0.04,1.0,6,Yaw Left
2424,2424,88,0.03,-0.04,1.01,6,Yaw Left
2425,2425,89,0.04,-0.04,1.01,6,Yaw Left
2426,2426,90,0.03,-0.04,1.01,6,Yaw Left
2427,2427,91,0.04,-0.03,1.0,6,Yaw Left
2428,2428,92,0.04,-0.04,1.01,6,Yaw Left
2429,2429,93,0.04,-0.04,1.01,6,Yaw Left
2430,2430,94,0.04,-0.03,1.01,6,Yaw Left
2431,2431,95,0.04,-0.04,1.0,6,Yaw Left
2432,2432,96,0.04,-0.04,1.01,6,Yaw Left
2433,2433,97,0.03,-0.03,1.01,6,Yaw Left
2434,2434,98,0.01,-0.04,1.01,6,Yaw Left
2435,2435,99,-0.0,-0.04,0.98,6,Yaw Left
2436,2436,100,0.03,-0.1,1.08,6,Yaw Left
2437,2437,101,0.04,-0.14,0.89,6,Yaw Left
2438,2438,102,0.07,0.11,1.05,6,Yaw Left
2439,2439,103,0.05,0.17,0.84,6,Yaw Left
2440,2440,104,0.11,-0.33,0.85,6,Yaw Left
2441,2441,105,0.03,-0.05,1.04,6,Yaw Left
2442,2442,106,0.05,-0.25,1.0,6,Yaw Left
2443,2443,107,0.09,-0.11,0.99,6,Yaw Left
2444,2444,108,-0.0,-0.11,0.94,6,Yaw Left
2445,2445,109,0.05,0.03,1.2,6,Yaw Left
2446,2446,110,0.11,0.43,0.96,6,Yaw Left
2447,2447,111,0.1,0.18,1.06,6,Yaw Left
2448,2448,112,0.08,-0.03,1.06,6,Yaw Left
2449,2449,113,0.03,0.05,1.02,6,Yaw Left
2450,2450,114,0.03,0.01,1.05,6,Yaw Left
2451,2451,115,0.0,-0.03,1.04,6,Yaw Left
2452,2452,116,0.03,-0.0,0.99,6,Yaw Left
2453,2453,117,0.0,0.01,0.98,6,Yaw Left
2454,2454,118,0.04,-0.04,1.01,6,Yaw Left
2455,2455,119,0.03,-0.04,1.0,6,Yaw Left
2456,2456,120,0.04,-0.04,1.01,6,Yaw Left
2457,2457,121,0.03,-0.04,1.01,6,Yaw Left
2458,2458,122,0.04,-0.04,1.0,6,Yaw Left
2459,2459,123,0.04,-0.04,1.01,6,Yaw Left
2460,2460,124,0.04,-0.04,1.0,6,Yaw Left
2461,2461,125,0.04,-0.04,1.01,6,Yaw Left
2462,2462,126,0.04,-0.04,1.01,6,Yaw Left
2463,2463,127,0.04,-0.03,1.01,6,Yaw Left
2464,2464,128,0.04,-0.04,1.0,6,Yaw Left
2465,2465,129,0.03,-0.04,1.01,6,Yaw Left
2466,2466,130,0.04,-0.04,1.01,6,Yaw Left
2467,2467,131,0.04,-0.04,1.01,6,Yaw Left
2468,2468,132,0.04,-0.04,1.01,6,Yaw Left
2469,2469,133,0.03,-0.03,1.01,6,Yaw Left
2470,2470,134,0.04,-0.04,1.01,6,Yaw Left
2471,2471,135,0.03,-0.03,1.01,6,Yaw Left
2472,2472,136,0.04,-0.03,1.01,6,Yaw Left
2473,2473,137,0.03,-0.04,1.01,6,Yaw Left
2474,2474,138,0.04,-0.04,1.01,6,Yaw Left
2475,2475,139,0.04,-0.04,1.01,6,Yaw Left
2476,2476,140,0.04,-0.04,1.01,6,Yaw Left
2477,2477,141,0.04,-0.03,1.01,6,Yaw Left
2478,2478,142,0.03,-0.04,1.01,6,Yaw Left
2479,2479,143,0.04,-0.04,1.01,6,Yaw Left
2480,2480,144,0.03,-0.04,1.01,6,Yaw Left
2481,2481,145,0.04,-0.04,1.01,6,Yaw Left
2482,2482,146,0.04,-0.03,1.01,6,Yaw Left
2483,2483,147,0.03,-0.04,1.01,6,Yaw Left
2484,2484,148,0.03,-0.04,1.01,6,Yaw Left
2485,2485,149,0.02,0.0,1.01,6,Yaw Left
2486,2486,150,0.06,-0.04,1.03,6,Yaw Left
2487,2487,151,0.06,-0.06,0.99,6,Yaw Left
2488,2488,152,0.05,-0.09,0.86,6,Yaw Left
2489,2489,153,0.09,0.24,1.16,6,Yaw Left
2490,2490,154,-0.04,0.06,0.79,6,Yaw Left
2491,2491,155,0.09,-0.38,0.95,6,Yaw Left
2492,2492,156,0.07,-0.27,1.02,6,Yaw Left
2493,2493,157,0.01,-0.22,1.06,6,Yaw Left
2494,2494,158,0.06,-0.4,0.93,6,Yaw Left
2495,2495,159,-0.03,-0.38,0.86,6,Yaw Left
2496,2496,160,-0.07,-0.3,1.01,6,Yaw Left
2497,2497,161,0.05,0.42,0.92,6,Yaw Left
2498,2498,162,0.08,0.07,1.03,6,Yaw Left
2499,2499,163,0.07,0.01,1.0,6,Yaw Left
2500,2500,164,0.07,0.04,0.96,6,Yaw Left
2501,2501,165,0.01,-0.01,1.03,6,Yaw Left
2502,2502,166,0.02,-0.03,1.1,6,Yaw Left
2503,2503,167,0.04,-0.01,1.0,6,Yaw Left
2504,2504,168,0.04,-0.04,1.01,6,Yaw Left
2505,2505,169,0.04,-0.03,1.01,6,Yaw Left
2506,2506,170,0.04,-0.04,1.01,6,Yaw Left
2507,2507,171,0.04,-0.04,1.01,6,Yaw Left
2508,2508,172,0.04,-0.04,1.01,6,Yaw Left
2509,2509,173,0.04,-0.04,1.0,6,Yaw Left
2510,2510,174,0.04,-0.04,1.01,6,Yaw Left
2511,2511,175,0.04,-0.04,1.01,6,Yaw Left
2512,2512,176,0.04,-0.04,1.01,6,Yaw Left
2513,2513,177,0.04,-0.04,1.01,6,Yaw Left
2514,2514,178,0.04,-0.04,1.01,6,Yaw Left
2515,2515,179,0.04,-0.04,1.01,6,Yaw Left
2516,2516,180,0.04,-0.03,1.01,6,Yaw Left
2517,2517,181,0.04,-0.03,1.0,6,Yaw Left
2518,2518,182,0.04,-0.04,1.01,6,Yaw Left
2519,2519,183,0.04,-0.04,1.01,6,Yaw Left
2520,2520,184,0.03,-0.04,1.0,6,Yaw Left
2521,2521,185,0.04,-0.03,1.0,6,Yaw Left
2522,2522,186,0.03,-0.04,1.01,6,Yaw Left
2523,2523,187,0.04,-0.03,1.01,6,Yaw Left
2524,2524,188,0.03,-0.04,1.01,6,Yaw Left
2525,2525,189,0.04,-0.04,1.01,6,Yaw Left
2526,2526,190,0.04,-0.04,1.01,6,Yaw Left
2527,2527,191,0.04,-0.04,1.01,6,Yaw Left
2528,2528,192,0.03,-0.04,1.01,6,Yaw Left
2529,2529,193,0.03,-0.03,1.01,6,Yaw Left
2530,2530,194,0.04,-0.03,1.01,6,Yaw Left
2531,2531,195,0.04,-0.04,1.01,6,Yaw Left
2532,2532,196,0.03,-0.03,1.01,6,Yaw Left
2533,2533,197,0.04,-0.04,1.01,6,Yaw Left
2534,2534,198,0.04,-0.03,1.01,6,Yaw Left
2535,2535,199,0.03,-0.03,1.01,6,Yaw Left
2536,2536,200,0.04,-0.04,1.01,6,Yaw Left
2537,2537,201,0.05,-0.06,1.02,6,Yaw Left
2538,2538,202,0.03,-0.01,1.02,6,Yaw Left
2539,2539,203,0.05,-0.06,1.2,6,Yaw Left
2540,2540,204,0.08,-0.03,0.89,6,Yaw Left
2541,2541,205,0.06,0.03,0.81,6,Yaw Left
2542,2542,206,0.06,0.03,1.17,6,Yaw Left
2543,2543,207,0.09,-0.19,1.06,6,Yaw Left
2544,2544,208,0.16,-0.3,0.84,6,Yaw Left
2545,2545,209,0.06,-0.46,0.96,6,Yaw Left
2546,2546,210,0.1,-0.3,0.99,6,Yaw Left
2547,2547,211,0.14,-0.31,0.95,6,Yaw Left
2548,2548,212,0.02,-0.32,0.93,6,Yaw Left
2549,2549,213,-0.01,-0.32,0.96,6,Yaw Left
2550,2550,214,0.18,0.23,0.93,6,Yaw Left
2551,2551,215,0.14,0.09,0.96,6,Yaw Left
2552,2552,216,0.11,-0.03,0.95,6,Yaw Left
2553,2553,217,0.09,-0.05,1.05,6,Yaw Left
2554,2554,218,0.03,-0.02,1.08,6,Yaw Left
2555,2555,219,0.03,-0.03,1.03,6,Yaw Left
2556,2556,220,0.01,-0.07,1.0,6,Yaw Left
2557,2557,221,0.02,-0.02,1.01,6,Yaw Left
2558,2558,222,0.04,-0.04,1.01,6,Yaw Left
2559,2559,223,0.04,-0.04,1.02,6,Yaw Left
2560,2560,224,0.03,-0.04,1.01,6,Yaw Left
2561,2561,225,0.03,-0.03,1.01,6,Yaw Left
2562,2562,226,0.04,-0.04,1.01,6,Yaw Left
2563,2563,227,0.03,-0.03,1.01,6,Yaw Left
2564,2564,228,0.04,-0.04,1.01,6,Yaw Left
2565,2565,229,0.04,-0.03,1.01,6,Yaw Left
2566,2566,230,0.04,-0.03,1.01,6,Yaw Left
2567,2567,231,0.04,-0.04,1.01,6,Yaw Left
2568,2568,232,0.04,-0.04,1.0,6,Yaw Left
2569,2569,233,0.04,-0.03,1.01,6,Yaw Left
2570,2570,234,0.03,-0.03,1.0,6,Yaw Left
2571,2571,235,0.04,-0.03,1.01,6,Yaw Left
2572,2572,236,0.04,-0.04,1.01,6,Yaw Left
2573,2573,237,0.04,-0.04,1.01,6,Yaw Left
2574,2574,238,0.04,-0.04,1.0,6,Yaw Left
2575,2575,239,0.04,-0.04,1.01,6,Yaw Left
2576,2576,240,0.04,-0.04,1.01,6,Yaw Left
2577,2577,241,0.04,-0.04,1.0,6,Yaw Left
2578,2578,242,0.04,-0.04,1.0,6,Yaw Left
2579,2579,243,0.04,-0.04,1.01,6,Yaw Left
2580,2580,244,0.04,-0.04,1.01,6,Yaw Left
2581,2581,245,0.04,-0.03,1.01,6,Yaw Left
2582,2582,246,0.04,-0.04,1.01,6,Yaw Left
2583,2583,247,0.04,-0.04,1.01,6,Yaw Left
2584,2584,248,0.03,-0.04,1.01,6,Yaw Left
2585,2585,249,0.03,-0.04,1.01,6,Yaw Left
2586,2586,250,0.04,-0.03,1.01,6,Yaw Left
2587,2587,251,0.03,-0.03,1.01,6,Yaw Left
2588,2588,252,0.03,-0.03,1.01,6,Yaw Left
2589,2589,253,0.04,-0.03,1.01,6,Yaw Left
2590,2590,254,0.04,-0.04,1.01,6,Yaw Left
2591,2591,255,0.04,-0.03,1.01,6,Yaw Left
2592,2592,256,0.04,-0.03,1.01,6,Yaw Left
2593,2593,257,0.02,-0.02,1.01,6,Yaw Left
2594,2594,258,0.05,-0.0,1.21,6,Yaw Left
2595,2595,259,0.09,-0.02,1.12,6,Yaw Left
2596,2596,260,0.12,-0.1,1.05,6,Yaw Left
2597,2597,261,0.14,-0.02,0.88,6,Yaw Left
2598,2598,262,0.09,0.1,0.95,6,Yaw Left
2599,2599,263,0.09,-0.42,1.06,6,Yaw Left
2600,2600,264,0.05,-0.25,0.98,6,Yaw Left
2601,2601,265,0.04,-0.34,0.94,6,Yaw Left
2602,2602,266,0.1,-0.27,0.93,6,Yaw Left
2603,2603,267,0.05,-0.26,0.98,6,Yaw Left
2604,2604,268,0.1,-0.19,1.1,6,Yaw Left
2605,2605,269,0.17,0.15,1.0,6,Yaw Left
2606,2606,270,0.17,0.2,0.92,6,Yaw Left
2607,2607,271,0.16,0.07,1.03,6,Yaw Left
2608,2608,272,0.11,0.02,0.9,6,Yaw Left
2609,2609,273,0.08,0.01,0.99,6,Yaw Left
2610,2610,274,0.07,0.02,1.13,6,Yaw Left
2611,2611,275,0.04,0.0,1.05,6,Yaw Left
2612,2612,276,0.02,0.0,1.04,6,Yaw Left
2613,2613,277,0.04,-0.02,1.0,6,Yaw Left
2614,2614,278,0.04,-0.02,1.01,6,Yaw Left
2615,2615,279,0.04,-0.05,1.02,6,Yaw Left
2616,2616,280,0.04,-0.04,1.01,6,Yaw Left
2617,2617,281,0.04,-0.03,1.01,6,Yaw Left
2618,2618,282,0.03,-0.04,1.01,6,Yaw Left
2619,2619,283,0.04,-0.04,1.01,6,Yaw Left
2620,2620,284,0.03,-0.04,1.01,6,Yaw Left
2621,2621,285,0.03,-0.04,1.01,6,Yaw Left
2622,2622,286,0.03,-0.04,1.01,6,Yaw Left
2623,2623,287,0.03,-0.04,1.01,6,Yaw Left
2624,2624,288,0.04,-0.04,1.01,6,Yaw Left
2625,2625,289,0.04,-0.04,1.01,6,Yaw Left
2626,2626,290,0.03,-0.03,1.01,6,Yaw Left
2627,2627,291,0.04,-0.03,1.01,6,Yaw Left
2628,2628,292,0.04,-0.03,1.01,6,Yaw Left
2629,2629,293,0.04,-0.03,1.01,6,Yaw Left
2630,2630,294,0.04,-0.04,1.01,6,Yaw Left
2631,2631,295,0.04,-0.04,1.01,6,Yaw Left
2632,2632,296,0.04,-0.03,1.01,6,Yaw Left
2633,2633,297,0.04,-0.04,1.01,6,Yaw Left
2634,2634,298,0.04,-0.04,1.01,6,Yaw Left
2635,2635,299,0.03,-0.03,1.01,6,Yaw Left
2636,2636,300,0.04,-0.03,1.01,6,Yaw Left
2637,2637,301,0.04,-0.04,1.01,6,Yaw Left
2638,2638,302,0.03,-0.04,1.0,6,Yaw Left
2639,2639,303,0.04,-0.04,1.01,6,Yaw Left
2640,2640,304,0.04,-0.04,1.01,6,Yaw Left
2641,2641,305,0.04,-0.04,1.01,6,Yaw Left
2642,2642,306,0.04,-0.04,1.01,6,Yaw Left
2643,2643,307,0.04,-0.04,1.01,6,Yaw Left
2644,2644,308,0.03,-0.04,1.0,6,Yaw Left
2645,2645,309,0.04,-0.04,1.0,6,Yaw Left
2646,2646,310,0.04,-0.04,1.01,6,Yaw Left
2647,2647,311,0.04,-0.04,1.01,6,Yaw Left
2648,2648,312,0.04,-0.04,1.01,6,Yaw Left
2649,2649,313,0.04,-0.04,1.01,6,Yaw Left
2650,2650,314,0.04,-0.04,1.01,6,Yaw Left
2651,2651,315,0.03,0.02,1.02,6,Yaw Left
2652,2652,316,0.01,0.02,1.08,6,Yaw Left
2653,2653,317,0.03,-0.05,1.01,6,Yaw Left
2654,2654,318,0.11,0.03,1.0,6,Yaw Left
2655,2655,319,0.14,0.01,0.96,6,Yaw Left
2656,2656,320,0.13,-0.05,1.02,6,Yaw Left
2657,2657,321,0.1,-0.18,0.98,6,Yaw Left
2658,2658,322,0.09,-0.34,0.91,6,Yaw Left
2659,2659,323,0.06,-0.39,0.99,6,Yaw Left
2660,2660,324,0.04,-0.22,0.96,6,Yaw Left
2661,2661,325,0.09,-0.3,0.93,6,Yaw Left
2662,2662,326,0.06,-0.3,0.92,6,Yaw Left
2663,2663,327,0.11,-0.31,0.97,6,Yaw Left
2664,2664,328,-0.05,0.07,0.93,6,Yaw Left
2665,2665,329,0.18,0.07,1.05,6,Yaw Left
2666,2666,330,0.12,0.12,1.02,6,Yaw Left
2667,2667,331,0.09,-0.02,1.02,6,Yaw Left
2668,2668,332,0.05,0.04,1.0,6,Yaw Left
2669,2669,333,0.0,0.0,1.08,6,Yaw Left
2670,2670,334,0.0,0.06,0.99,6,Yaw Left
2671,2671,335,0.0,-0.04,1.07,6,Yaw Left
2672,2672,336,0.0,-0.01,1.04,6,Yaw Left
2673,2673,337,0.02,-0.01,1.0,6,Yaw Left
2674,2674,338,0.04,0.01,0.91,6,Yaw Left
2675,2675,339,0.04,-0.04,1.02,6,Yaw Left
2676,2676,340,0.04,-0.04,1.0,6,Yaw Left
2677,2677,341,0.03,-0.03,1.01,6,Yaw Left
2678,2678,342,0.04,-0.03,1.01,6,Yaw Left
2679,2679,343,0.03,-0.03,1.01,6,Yaw Left
2680,2680,344,0.04,-0.03,1.01,6,Yaw Left
2681,2681,345,0.03,-0.04,1.01,6,Yaw Left
2682,2682,346,0.04,-0.03,1.01,6,Yaw Left
2683,2683,347,0.04,-0.03,1.01,6,Yaw Left
2684,2684,348,0.03,-0.03,1.01,6,Yaw Left
2685,2685,349,0.03,-0.04,1.01,6,Yaw Left
2686,2686,350,0.04,-0.04,1.01,6,Yaw Left
2687,2687,351,0.03,-0.03,1.0,6,Yaw Left
2688,2688,352,0.04,-0.04,1.01,6,Yaw Left
2689,2689,353,0.04,-0.03,1.0,6,Yaw Left
2690,2690,354,0.04,-0.03,1.01,6,Yaw Left
2691,2691,355,0.04,-0.04,1.01,6,Yaw Left
2692,2692,356,0.04,-0.03,1.01,6,Yaw Left
2693,2693,357,0.04,-0.04,1.01,6,Yaw Left
2694,2694,358,0.03,-0.03,1.01,6,Yaw Left
2695,2695,359,0.03,-0.04,1.0,6,Yaw Left
2696,2696,360,0.04,-0.04,1.0,6,Yaw Left
2697,2697,361,0.04,-0.03,1.01,6,Yaw Left
2698,2698,362,0.04,-0.04,1.01,6,Yaw Left
2699,2699,363,0.04,-0.03,1.01,6,Yaw Left
2700,2700,364,0.04,-0.04,1.01,6,Yaw Left
2701,2701,365,0.03,-0.03,1.01,6,Yaw Left
2702,2702,366,0.04,-0.04,1.01,6,Yaw Left
2703,2703,367,0.04,-0.03,1.01,6,Yaw Left
2704,2704,368,0.03,-0.03,1.01,6,Yaw Left
2705,2705,369,0.03,-0.03,1.01,6,Yaw Left
2706,2706,370,-0.0,-0.03,1.02,6,Yaw Left
2707,2707,371,0.02,-0.05,1.01,6,Yaw Left
2708,2708,372,0.08,0.01,1.03,6,Yaw Left
2709,2709,373,0.13,0.0,0.93,6,Yaw Left
2710,2710,374,0.11,0.18,1.02,6,Yaw Left
2711,2711,375,0.12,-0.39,0.88,6,Yaw Left
2712,2712,376,0.11,-0.32,0.87,6,Yaw Left
2713,2713,377,0.16,-0.33,0.94,6,Yaw Left
2714,2714,378,0.21,-0.37,0.96,6,Yaw Left
2715,2715,379,0.13,-0.34,0.91,6,Yaw Left
2716,2716,380,0.16,-0.36,0.91,6,Yaw Left
2717,2717,381,0.07,0.21,0.93,6,Yaw Left
2718,2718,382,0.09,0.09,1.03,6,Yaw Left
2719,2719,383,0.07,0.04,1.11,6,Yaw Left
2720,2720,384,0.01,-0.02,1.01,6,Yaw Left
2721,2721,385,0.02,0.01,1.01,6,Yaw Left
2722,2722,386,0.01,-0.08,1.04,6,Yaw Left
2723,2723,387,-0.0,0.05,1.02,6,Yaw Left
2724,2724,388,0.02,-0.04,1.04,6,Yaw Left
2725,2725,389,0.02,-0.02,1.02,6,Yaw Left
2726,2726,390,0.03,-0.03,1.01,6,Yaw Left
2727,2727,391,0.04,-0.04,1.01,6,Yaw Left
2728,2728,392,0.03,-0.03,1.01,6,Yaw Left
2729,2729,393,0.03,-0.03,1.01,6,Yaw Left
2730,2730,394,0.04,-0.03,1.01,6,Yaw Left
2731,2731,395,0.04,-0.04,1.01,6,Yaw Left
2732,2732,396,0.03,-0.04,1.01,6,Yaw Left
2733,2733,397,0.03,-0.03,1.01,6,Yaw Left
2734,2734,398,0.04,-0.03,1.01,6,Yaw Left
2735,2735,399,0.03,-0.03,1.01,6,Yaw Left
2736,2736,400,0.04,-0.03,1.01,6,Yaw Left
2737,2737,401,0.04,-0.04,1.0,6,Yaw Left
2738,2738,402,0.04,-0.03,1.01,6,Yaw Left
2739,2739,403,0.04,-0.03,1.01,6,Yaw Left
2740,2740,404,0.03,-0.04,1.01,6,Yaw Left
2741,2741,405,0.04,-0.04,1.01,6,Yaw Left
2742,2742,406,0.03,-0.04,1.01,6,Yaw Left
2743,2743,407,0.04,-0.03,1.01,6,Yaw Left
2744,2744,408,0.04,-0.03,1.01,6,Yaw Left
2745,2745,409,0.04,-0.04,1.01,6,Yaw Left
2746,2746,410,0.04,-0.04,1.01,6,Yaw Left
2747,2747,411,0.04,-0.04,1.01,6,Yaw Left
2748,2748,412,0.04,-0.03,1.01,6,Yaw Left
2749,2749,413,0.04,-0.04,1.01,6,Yaw Left
2750,2750,414,0.04,-0.04,1.01,6,Yaw Left
2751,2751,415,0.04,-0.04,1.0,6,Yaw Left
2752,2752,416,0.04,-0.03,1.01,6,Yaw Left
2753,2753,417,0.04,-0.04,1.01,6,Yaw Left
2754,2754,418,0.04,-0.03,1.01,6,Yaw Left
2755,2755,419,0.04,-0.04,1.01,6,Yaw Left
2756,2756,420,0.03,-0.03,1.01,6,Yaw Left
2757,2757,421,0.04,-0.03,1.02,6,Yaw Left
2758,2758,422,0.02,-0.03,1.02,6,Yaw Left
2759,2759,423,0.05,-0.07,1.13,6,Yaw Left
2760,2760,424,0.07,0.01,0.95,6,Yaw Left
2761,2761,425,0.08,0.18,1.1,6,Yaw Left
2762,2762,426,0.15,-0.24,1.03,6,Yaw Left
2763,2763,427,0.16,-0.33,0.93,6,Yaw Left
2764,2764,428,0.18,-0.23,0.89,6,Yaw Left
2765,2765,429,0.16,-0.25,0.97,6,Yaw Left
2766,2766,430,0.2,-0.23,0.99,6,Yaw Left
2767,2767,431,0.13,-0.24,0.93,6,Yaw Left
2768,2768,432,0.15,-0.18,1.05,6,Yaw Left
2769,2769,433,0.1,0.09,0.98,6,Yaw Left
2770,2770,434,0.18,0.05,1.0,6,Yaw Left
2771,2771,435,0.17,0.04,0.96,6,Yaw Left
2772,2772,436,0.11,-0.0,1.0,6,Yaw Left
2773,2773,437,0.06,-0.0,1.04,6,Yaw Left
2774,2774,438,0.04,-0.06,1.09,6,Yaw Left
2775,2775,439,0.02,-0.02,0.99,6,Yaw Left
2776,2776,440,0.03,-0.07,1.03,6,Yaw Left
2777,2777,441,0.04,-0.02,1.02,6,Yaw Left
2778,2778,442,0.02,-0.01,0.98,6,Yaw Left
2779,2779,443,0.05,-0.03,1.01,6,Yaw Left
2780,2780,444,0.04,-0.03,1.01,6,Yaw Left
2781,2781,445,0.03,-0.04,1.01,6,Yaw Left
2782,2782,446,0.04,-0.04,1.01,6,Yaw Left
2783,2783,447,0.03,-0.03,1.01,6,Yaw Left
2784,2784,448,0.03,-0.04,1.01,6,Yaw Left
2785,2785,449,0.04,-0.04,1.01,6,Yaw Left
2786,2786,450,0.03,-0.03,1.01,6,Yaw Left
2787,2787,451,0.04,-0.04,1.01,6,Yaw Left
2788,2788,452,0.04,-0.04,1.01,6,Yaw Left
2789,2789,453,0.04,-0.03,1.01,6,Yaw Left
2790,2790,454,0.03,-0.03,1.0,6,Yaw Left
2791,2791,455,0.03,-0.03,1.01,6,Yaw Left
2792,2792,456,0.04,-0.03,1.01,6,Yaw Left
2793,2793,457,0.04,-0.04,1.01,6,Yaw Left
2794,2794,458,0.04,-0.04,1.01,6,Yaw Left
2795,2795,459,0.04,-0.03,1.02,6,Yaw Left
2796,2796,460,0.04,-0.03,1.01,6,Yaw Left
2797,2797,461,0.04,-0.04,1.01,6,Yaw Left
2798,2798,462,0.03,-0.03,1.01,6,Yaw Left
2799,2799,463,0.03,-0.04,1.01,6,Yaw Left
0,0,0,0.04,0.03,1.0,1,Yaw Right
1,1,1,0.04,0.03,1.0,1,Yaw Right
2,2,2,0.04,0.03,1.0,1,Yaw Right
3,3,3,0.04,0.03,1.0,1,Yaw Right
4,4,4,0.04,0.02,1.0,1,Yaw Right
5,5,5,0.04,0.02,1.0,1,Yaw Right
6,6,6,0.04,0.03,1.0,1,Yaw Right
7,7,7,0.04,0.03,1.0,1,Yaw Right
8,8,8,0.04,0.03,1.0,1,Yaw Right
9,9,9,0.04,0.03,1.0,1,Yaw Right
10,10,10,0.04,0.03,1.0,1,Yaw Right
11,11,11,0.04,0.02,1.0,1,Yaw Right
12,12,12,0.04,0.03,1.0,1,Yaw Right
13,13,13,0.04,0.03,1.0,1,Yaw Right
14,14,14,0.04,0.03,1.0,1,Yaw Right
15,15,15,0.04,0.03,1.0,1,Yaw Right
16,16,16,0.04,0.02,1.0,1,Yaw Right
17,17,17,0.04,0.03,1.0,1,Yaw Right
18,18,18,0.04,0.02,1.0,1,Yaw Right
19,19,19,0.04,0.03,1.0,1,Yaw Right
20,20,20,0.04,0.03,1.01,1,Yaw Right
21,21,21,0.04,0.03,1.0,1,Yaw Right
22,22,22,0.04,0.03,1.0,1,Yaw Right
23,23,23,0.04,0.03,1.0,1,Yaw Right
24,24,24,0.04,0.03,1.0,1,Yaw Right
25,25,25,0.03,0.02,1.0,1,Yaw Right
26,26,26,0.05,0.01,1.0,1,Yaw Right
27,27,27,0.04,0.01,1.0,1,Yaw Right
28,28,28,0.04,0.0,1.18,1,Yaw Right
29,29,29,0.13,-0.13,0.91,1,Yaw Right
30,30,30,0.14,0.16,0.96,1,Yaw Right
31,31,31,0.11,0.1,0.86,1,Yaw Right
32,32,32,0.15,0.23,0.86,1,Yaw Right
33,33,33,0.1,0.51,0.95,1,Yaw Right
34,34,34,0.17,0.24,1.04,1,Yaw Right
35,35,35,0.1,0.29,0.87,1,Yaw Right
36,36,36,0.12,0.24,1.01,1,Yaw Right
37,37,37,0.12,0.29,0.93,1,Yaw Right
38,38,38,0.13,0.29,0.96,1,Yaw Right
39,39,39,0.13,0.36,0.96,1,Yaw Right
40,40,40,0.22,0.21,0.96,1,Yaw Right
41,41,41,0.2,0.22,0.88,1,Yaw Right
42,42,42,0.16,0.07,0.99,1,Yaw Right
43,43,43,0.12,0.13,0.95,1,Yaw Right
44,44,44,0.05,0.13,1.04,1,Yaw Right
45,45,45,0.07,0.01,1.04,1,Yaw Right
46,46,46,0.03,0.1,0.96,1,Yaw Right
47,47,47,0.02,0.09,1.01,1,Yaw Right
48,48,48,0.03,0.02,0.98,1,Yaw Right
49,49,49,0.05,0.02,0.99,1,Yaw Right
50,50,50,0.05,0.05,1.0,1,Yaw Right
51,51,51,0.04,0.03,1.0,1,Yaw Right
52,52,52,0.04,0.03,1.0,1,Yaw Right
53,53,53,0.04,0.03,1.0,1,Yaw Right
54,54,54,0.04,0.03,1.0,1,Yaw Right
55,55,55,0.04,0.03,1.0,1,Yaw Right
56,56,56,0.04,0.03,1.0,1,Yaw Right
57,57,57,0.04,0.03,1.0,1,Yaw Right
58,58,58,0.04,0.03,1.0,1,Yaw Right
59,59,59,0.04,0.03,1.0,1,Yaw Right
60,60,60,0.04,0.03,1.0,1,Yaw Right
61,61,61,0.04,0.03,1.0,1,Yaw Right
62,62,62,0.04,0.03,1.0,1,Yaw Right
63,63,63,0.04,0.03,1.0,1,Yaw Right
64,64,64,0.04,0.03,1.0,1,Yaw Right
65,65,65,0.03,0.03,1.0,1,Yaw Right
66,66,66,0.04,0.03,1.01,1,Yaw Right
67,67,67,0.04,0.03,1.0,1,Yaw Right
68,68,68,0.04,0.03,1.0,1,Yaw Right
69,69,69,0.04,0.03,1.0,1,Yaw Right
70,70,70,0.04,0.03,1.0,1,Yaw Right
71,71,71,0.04,0.03,1.0,1,Yaw Right
72,72,72,0.04,0.02,1.0,1,Yaw Right
73,73,73,0.04,0.03,1.0,1,Yaw Right
74,74,74,0.04,0.03,1.0,1,Yaw Right
75,75,75,0.04,0.03,1.0,1,Yaw Right
76,76,76,0.04,0.03,1.0,1,Yaw Right
77,77,77,0.04,0.03,1.0,1,Yaw Right
78,78,78,0.04,0.03,1.0,1,Yaw Right
79,79,79,0.04,0.03,1.0,1,Yaw Right
80,80,80,0.04,0.03,1.0,1,Yaw Right
81,81,81,0.04,0.03,1.0,1,Yaw Right
82,82,82,0.04,0.03,1.0,1,Yaw Right
83,83,83,0.04,0.03,1.0,1,Yaw Right
84,84,84,0.03,0.03,1.0,1,Yaw Right
85,85,85,0.02,0.03,1.0,1,Yaw Right
86,86,86,0.03,0.0,0.98,1,Yaw Right
87,87,87,0.0,-0.04,1.23,1,Yaw Right
88,88,88,0.11,-0.12,0.89,1,Yaw Right
89,89,89,0.15,0.0,1.0,1,Yaw Right
90,90,90,0.03,0.34,0.82,1,Yaw Right
91,91,91,0.16,0.0,0.96,1,Yaw Right
92,92,92,0.15,0.37,0.98,1,Yaw Right
93,93,93,0.18,0.11,1.14,1,Yaw Right
94,94,94,0.16,0.25,0.94,1,Yaw Right
95,95,95,0.15,0.2,0.99,1,Yaw Right
96,96,96,0.17,0.25,0.99,1,Yaw Right
97,97,97,0.19,0.26,1.02,1,Yaw Right
98,98,98,0.15,0.36,0.91,1,Yaw Right
99,99,99,0.19,0.12,1.0,1,Yaw Right
100,100,100,0.09,0.27,0.87,1,Yaw Right
101,101,101,0.0,0.08,1.09,1,Yaw Right
102,102,102,0.04,0.11,1.0,1,Yaw Right
103,103,103,0.01,0.11,0.93,1,Yaw Right
104,104,104,0.01,0.06,1.0,1,Yaw Right
105,105,105,0.05,0.05,1.0,1,Yaw Right
106,106,106,0.02,0.02,1.0,1,Yaw Right
107,107,107,0.04,0.03,1.0,1,Yaw Right
108,108,108,0.04,0.03,1.0,1,Yaw Right
109,109,109,0.04,0.03,1.0,1,Yaw Right
110,110,110,0.04,0.03,1.0,1,Yaw Right
111,111,111,0.04,0.03,1.01,1,Yaw Right
112,112,112,0.04,0.03,1.0,1,Yaw Right
113,113,113,0.04,0.03,1.0,1,Yaw Right
114,114,114,0.04,0.03,1.0,1,Yaw Right
115,115,115,0.04,0.03,1.0,1,Yaw Right
116,116,116,0.04,0.03,1.0,1,Yaw Right
117,117,117,0.04,0.03,1.0,1,Yaw Right
118,118,118,0.04,0.03,1.0,1,Yaw Right
119,119,119,0.04,0.02,1.0,1,Yaw Right
120,120,120,0.04,0.03,1.0,1,Yaw Right
121,121,121,0.04,0.03,1.0,1,Yaw Right
122,122,122,0.04,0.03,1.0,1,Yaw Right
123,123,123,0.04,0.03,1.0,1,Yaw Right
124,124,124,0.04,0.03,1.0,1,Yaw Right
125,125,125,0.04,0.03,1.0,1,Yaw Right
126,126,126,0.04,0.03,1.0,1,Yaw Right
127,127,127,0.04,0.03,1.0,1,Yaw Right
128,128,128,0.04,0.03,1.0,1,Yaw Right
129,129,129,0.04,0.03,1.0,1,Yaw Right
130,130,130,0.03,0.03,1.0,1,Yaw Right
131,131,131,0.04,0.03,1.0,1,Yaw Right
132,132,132,0.04,0.03,1.0,1,Yaw Right
133,133,133,0.04,0.03,1.0,1,Yaw Right
134,134,134,0.04,0.03,1.0,1,Yaw Right
135,135,135,0.04,0.03,1.0,1,Yaw Right
136,136,136,0.04,0.03,1.0,1,Yaw Right
137,137,137,0.04,0.04,1.0,1,Yaw Right
138,138,138,0.04,0.03,1.0,1,Yaw Right
139,139,139,0.04,0.03,1.0,1,Yaw Right
140,140,140,0.04,0.02,1.0,1,Yaw Right
141,141,141,0.04,0.03,1.0,1,Yaw Right
142,142,142,0.09,0.04,1.0,1,Yaw Right
143,143,143,0.04,0.04,1.0,1,Yaw Right
144,144,144,0.04,0.0,0.99,1,Yaw Right
145,145,145,-0.04,0.02,1.08,1,Yaw Right
146,146,146,0.11,0.07,1.04,1,Yaw Right
147,147,147,0.16,-0.03,1.0,1,Yaw Right
148,148,148,0.19,0.02,1.0,1,Yaw Right
149,149,149,0.16,0.04,0.97,1,Yaw Right
150,150,150,0.11,0.35,0.96,1,Yaw Right
151,151,151,0.13,0.14,0.99,1,Yaw Right
152,152,152,0.14,0.35,1.11,1,Yaw Right
153,153,153,0.11,0.33,0.86,1,Yaw Right
154,154,154,0.12,0.27,0.95,1,Yaw Right
155,155,155,0.11,0.28,0.98,1,Yaw Right
156,156,156,0.11,0.36,1.04,1,Yaw Right
157,157,157,0.18,0.18,1.02,1,Yaw Right
158,158,158,0.18,0.2,0.96,1,Yaw Right
159,159,159,0.14,0.11,0.78,1,Yaw Right
160,160,160,0.11,0.12,0.91,1,Yaw Right
161,161,161,0.09,0.1,1.05,1,Yaw Right
162,162,162,0.03,0.1,0.98,1,Yaw Right
163,163,163,0.06,0.02,1.14,1,Yaw Right
164,164,164,0.03,0.01,0.98,1,Yaw Right
165,165,165,-0.02,-0.03,1.01,1,Yaw Right
166,166,166,0.03,0.03,1.01,1,Yaw Right
167,167,167,0.04,0.03,1.0,1,Yaw Right
168,168,168,0.03,0.03,1.0,1,Yaw Right
169,169,169,0.04,0.03,1.0,1,Yaw Right
170,170,170,0.04,0.03,1.0,1,Yaw Right
171,171,171,0.04,0.03,1.0,1,Yaw Right
172,172,172,0.04,0.03,1.0,1,Yaw Right
173,173,173,0.04,0.03,1.0,1,Yaw Right
174,174,174,0.04,0.03,1.0,1,Yaw Right
175,175,175,0.04,0.03,1.01,1,Yaw Right
176,176,176,0.04,0.03,1.0,1,Yaw Right
177,177,177,0.04,0.03,1.0,1,Yaw Right
178,178,178,0.04,0.03,1.0,1,Yaw Right
179,179,179,0.04,0.03,1.0,1,Yaw Right
180,180,180,0.04,0.02,1.0,1,Yaw Right
181,181,181,0.04,0.03,1.0,1,Yaw Right
182,182,182,0.04,0.03,1.0,1,Yaw Right
183,183,183,0.04,0.03,1.0,1,Yaw Right
184,184,184,0.04,0.03,1.0,1,Yaw Right
185,185,185,0.04,0.03,1.0,1,Yaw Right
186,186,186,0.04,0.03,1.0,1,Yaw Right
187,187,187,0.04,0.03,1.0,1,Yaw Right
188,188,188,0.04,0.03,1.0,1,Yaw Right
189,189,189,0.04,0.03,1.0,1,Yaw Right
190,190,190,0.04,0.03,1.0,1,Yaw Right
191,191,191,0.04,0.03,1.0,1,Yaw Right
192,192,192,0.04,0.03,1.0,1,Yaw Right
193,193,193,0.04,0.02,1.0,1,Yaw Right
194,194,194,0.04,0.03,1.0,1,Yaw Right
195,195,195,0.04,0.03,1.0,1,Yaw Right
196,196,196,0.04,0.03,1.0,1,Yaw Right
197,197,197,0.04,0.03,1.0,1,Yaw Right
198,198,198,0.04,0.03,1.0,1,Yaw Right
199,199,199,0.04,0.03,1.0,1,Yaw Right
200,200,200,0.04,0.03,1.01,1,Yaw Right
201,201,201,0.04,0.02,1.0,1,Yaw Right
202,202,202,0.04,0.03,1.0,1,Yaw Right
203,203,203,0.04,0.02,1.0,1,Yaw Right
204,204,204,0.04,0.03,1.0,1,Yaw Right
205,205,205,0.04,0.03,1.0,1,Yaw Right
206,206,206,0.04,0.03,1.0,1,Yaw Right
207,207,207,0.04,0.03,1.0,1,Yaw Right
208,208,208,0.04,0.03,1.0,1,Yaw Right
209,209,209,0.01,0.02,1.0,1,Yaw Right
210,210,210,0.02,0.02,0.98,1,Yaw Right
211,211,211,-0.0,-0.05,1.09,1,Yaw Right
212,212,212,0.1,-0.13,0.93,1,Yaw Right
213,213,213,0.05,-0.14,0.91,1,Yaw Right
214,214,214,0.13,0.1,1.05,1,Yaw Right
215,215,215,-0.03,0.57,0.92,1,Yaw Right
216,216,216,0.11,0.13,0.8,1,Yaw Right
217,217,217,0.08,0.34,1.19,1,Yaw Right
218,218,218,0.09,0.25,1.01,1,Yaw Right
219,219,219,0.12,0.31,1.0,1,Yaw Right
220,220,220,0.16,0.41,1.01,1,Yaw Right
221,221,221,0.2,0.23,0.95,1,Yaw Right
222,222,222,0.15,0.3,0.91,1,Yaw Right
223,223,223,0.19,0.01,0.95,1,Yaw Right
224,224,224,0.07,0.04,1.13,1,Yaw Right
225,225,225,0.09,0.17,1.0,1,Yaw Right
226,226,226,0.07,0.09,1.0,1,Yaw Right
227,227,227,0.04,0.05,1.0,1,Yaw Right
228,228,228,0.05,0.04,1.0,1,Yaw Right
229,229,229,0.1,0.1,1.0,1,Yaw Right
230,230,230,0.05,0.04,1.0,1,Yaw Right
231,231,231,0.04,0.03,1.0,1,Yaw Right
232,232,232,0.04,0.03,1.0,1,Yaw Right
233,233,233,0.04,0.03,1.0,1,Yaw Right
234,234,234,0.04,0.03,1.0,1,Yaw Right
235,235,235,0.04,0.03,1.0,1,Yaw Right
236,236,236,0.04,0.03,1.0,1,Yaw Right
237,237,237,0.04,0.03,1.0,1,Yaw Right
238,238,238,0.04,0.03,1.0,1,Yaw Right
239,239,239,0.04,0.03,1.01,1,Yaw Right
240,240,240,0.04,0.02,1.0,1,Yaw Right
241,241,241,0.04,0.03,1.0,1,Yaw Right
242,242,242,0.04,0.03,1.0,1,Yaw Right
243,243,243,0.04,0.03,1.0,1,Yaw Right
244,244,244,0.04,0.03,1.0,1,Yaw Right
245,245,245,0.04,0.03,1.0,1,Yaw Right
246,246,246,0.04,0.02,1.0,1,Yaw Right
247,247,247,0.04,0.02,1.0,1,Yaw Right
248,248,248,0.04,0.03,1.0,1,Yaw Right
249,249,249,0.04,0.03,1.0,1,Yaw Right
250,250,250,0.04,0.03,1.0,1,Yaw Right
251,251,251,0.04,0.03,1.0,1,Yaw Right
252,252,252,0.04,0.03,1.0,1,Yaw Right
253,253,253,0.04,0.03,1.0,1,Yaw Right
254,254,254,0.04,0.03,1.0,1,Yaw Right
255,255,255,0.04,0.03,1.0,1,Yaw Right
256,256,256,0.04,0.03,1.0,1,Yaw Right
257,257,257,0.04,0.03,1.0,1,Yaw Right
258,258,258,0.04,0.03,1.0,1,Yaw Right
259,259,259,0.04,0.03,1.0,1,Yaw Right
260,260,260,0.04,0.03,1.0,1,Yaw Right
261,261,261,0.04,0.03,1.0,1,Yaw Right
262,262,262,0.04,0.02,1.0,1,Yaw Right
263,263,263,0.04,0.03,1.0,1,Yaw Right
264,264,264,0.04,0.03,1.0,1,Yaw Right
265,265,265,0.04,0.03,1.0,1,Yaw Right
266,266,266,0.04,0.03,1.0,1,Yaw Right
267,267,267,0.04,0.03,1.0,1,Yaw Right
268,268,268,0.04,0.03,1.0,1,Yaw Right
269,269,269,0.04,0.03,1.0,1,Yaw Right
270,270,270,0.04,0.03,1.0,1,Yaw Right
271,271,271,0.04,0.03,1.0,1,Yaw Right
272,272,272,0.04,0.02,1.0,1,Yaw Right
273,273,273,0.04,0.03,1.0,1,Yaw Right
274,274,274,0.05,0.03,1.0,1,Yaw Right
275,275,275,0.04,0.04,1.01,1,Yaw Right
276,276,276,0.02,-0.05,0.95,1,Yaw Right
277,277,277,0.01,-0.02,0.99,1,Yaw Right
278,278,278,-0.03,0.02,1.09,1,Yaw Right
279,279,279,0.08,0.02,0.95,1,Yaw Right
280,280,280,0.14,0.02,0.91,1,Yaw Right
281,281,281,0.09,0.03,1.02,1,Yaw Right
282,282,282,0.14,-0.07,0.98,1,Yaw Right
283,283,283,0.09,-0.05,1.12,1,Yaw Right
284,284,284,0.1,-0.12,0.85,1,Yaw Right
285,285,285,0.06,0.14,0.97,1,Yaw Right
286,286,286,-0.01,0.39,1.05,1,Yaw Right
287,287,287,0.04,0.26,0.94,1,Yaw Right
288,288,288,0.02,0.28,1.06,1,Yaw Right
289,289,289,0.04,0.29,0.94,1,Yaw Right
290,290,290,0.03,0.29,0.93,1,Yaw Right
291,291,291,0.09,0.31,1.0,1,Yaw Right
292,292,292,0.14,0.17,0.86,1,Yaw Right
293,293,293,0.1,0.14,0.95,1,Yaw Right
294,294,294,0.03,-0.07,1.03,1,Yaw Right
295,295,295,0.08,0.02,1.14,1,Yaw Right
296,296,296,0.07,0.09,0.91,1,Yaw Right
297,297,297,0.05,-0.01,1.08,1,Yaw Right
298,298,298,0.04,0.0,0.96,1,Yaw Right
299,299,299,0.05,-0.0,0.97,1,Yaw Right
300,300,300,0.03,0.04,1.0,1,Yaw Right
301,301,301,0.03,0.03,1.0,1,Yaw Right
302,302,302,0.04,0.02,1.0,1,Yaw Right
303,303,303,0.06,0.07,1.04,1,Yaw Right
304,304,304,0.04,0.03,1.0,1,Yaw Right
305,305,305,0.04,0.02,1.0,1,Yaw Right
306,306,306,0.04,0.03,1.0,1,Yaw Right
307,307,307,0.04,0.03,1.0,1,Yaw Right
308,308,308,0.04,0.02,1.0,1,Yaw Right
309,309,309,0.04,0.03,1.0,1,Yaw Right
310,310,310,0.04,0.03,1.0,1,Yaw Right
311,311,311,0.04,0.03,1.0,1,Yaw Right
312,312,312,0.04,0.03,1.0,1,Yaw Right
313,313,313,0.04,0.02,1.0,1,Yaw Right
314,314,314,0.04,0.03,1.0,1,Yaw Right
315,315,315,0.04,0.03,1.0,1,Yaw Right
316,316,316,0.04,0.03,1.0,1,Yaw Right
317,317,317,0.04,0.03,1.01,1,Yaw Right
318,318,318,0.04,0.03,1.01,1,Yaw Right
319,319,319,0.04,0.03,1.0,1,Yaw Right
320,320,320,0.04,0.03,1.0,1,Yaw Right
321,321,321,0.04,0.03,1.0,1,Yaw Right
322,322,322,0.04,0.03,1.0,1,Yaw Right
323,323,323,0.04,0.02,1.0,1,Yaw Right
324,324,324,0.04,0.03,1.0,1,Yaw Right
325,325,325,0.04,0.03,1.0,1,Yaw Right
326,326,326,0.04,0.02,1.0,1,Yaw Right
327,327,327,0.04,0.03,1.0,1,Yaw Right
328,328,328,0.04,0.04,1.0,1,Yaw Right
329,329,329,0.04,0.03,1.0,1,Yaw Right
330,330,330,0.04,0.03,1.0,1,Yaw Right
331,331,331,0.04,0.03,1.0,1,Yaw Right
332,332,332,0.04,0.03,1.0,1,Yaw Right
333,333,333,0.04,0.03,1.0,1,Yaw Right
334,334,334,0.04,0.02,1.0,1,Yaw Right
335,335,335,0.04,0.03,1.0,1,Yaw Right
336,336,336,0.04,0.03,1.0,1,Yaw Right
337,337,337,0.04,0.03,1.0,1,Yaw Right
338,338,338,0.04,0.03,1.0,1,Yaw Right
339,339,339,0.04,0.03,1.0,1,Yaw Right
340,340,340,0.04,0.03,1.0,1,Yaw Right
341,341,341,0.04,0.03,1.0,1,Yaw Right
342,342,342,0.04,0.03,1.0,1,Yaw Right
343,343,343,0.04,0.03,1.0,1,Yaw Right
344,344,344,0.04,0.04,1.0,1,Yaw Right
345,345,345,0.0,0.03,1.02,1,Yaw Right
346,346,346,0.05,0.02,1.01,1,Yaw Right
347,347,347,-0.0,0.01,1.25,1,Yaw Right
348,348,348,0.11,-0.06,1.0,1,Yaw Right
349,349,349,0.12,-0.06,0.93,1,Yaw Right
350,350,350,0.14,-0.02,1.0,1,Yaw Right
351,351,351,0.08,-0.11,0.96,1,Yaw Right
352,352,352,0.11,0.46,0.99,1,Yaw Right
353,353,353,0.06,0.27,0.68,1,Yaw Right
354,354,354,0.11,0.28,1.12,1,Yaw Right
355,355,355,0.11,0.27,0.99,1,Yaw Right
356,356,356,0.06,0.24,0.93,1,Yaw Right
357,357,357,0.05,0.28,0.82,1,Yaw Right
358,358,358,0.07,0.44,1.0,1,Yaw Right
359,359,359,0.05,0.29,0.88,1,Yaw Right
360,360,360,0.04,0.07,1.14,1,Yaw Right
361,361,361,0.09,0.08,0.86,1,Yaw Right
362,362,362,0.1,0.1,0.98,1,Yaw Right
363,363,363,0.09,0.1,1.09,1,Yaw Right
364,364,364,0.07,0.02,1.03,1,Yaw Right
365,365,365,0.06,0.12,1.0,1,Yaw Right
366,366,366,0.06,0.03,1.0,1,Yaw Right
367,367,367,0.02,0.07,1.01,1,Yaw Right
368,368,368,0.05,0.01,1.0,1,Yaw Right
369,369,369,0.04,0.02,1.0,1,Yaw Right
370,370,370,0.04,0.02,1.0,1,Yaw Right
371,371,371,0.04,0.03,1.0,1,Yaw Right
372,372,372,0.04,0.03,1.0,1,Yaw Right
373,373,373,0.04,0.03,1.0,1,Yaw Right
374,374,374,0.04,0.03,1.0,1,Yaw Right
375,375,375,0.04,0.03,1.0,1,Yaw Right
376,376,376,0.04,0.02,1.0,1,Yaw Right
377,377,377,0.04,0.02,1.0,1,Yaw Right
378,378,378,0.04,0.03,1.0,1,Yaw Right
379,379,379,0.04,0.03,1.0,1,Yaw Right
380,380,380,0.04,0.03,1.01,1,Yaw Right
381,381,381,0.04,0.03,1.0,1,Yaw Right
382,382,382,0.04,0.02,1.0,1,Yaw Right
383,383,383,0.04,0.03,1.0,1,Yaw Right
384,384,384,0.04,0.03,1.0,1,Yaw Right
385,385,385,0.04,0.03,1.0,1,Yaw Right
386,386,386,0.04,0.03,1.0,1,Yaw Right
387,387,387,0.04,0.03,1.0,1,Yaw Right
388,388,388,0.04,0.03,1.0,1,Yaw Right
389,389,389,0.04,0.03,1.0,1,Yaw Right
390,390,390,0.04,0.03,1.0,1,Yaw Right
391,391,391,0.04,0.03,1.0,1,Yaw Right
392,392,392,0.04,0.03,1.0,1,Yaw Right
393,393,393,0.04,0.02,1.0,1,Yaw Right
394,394,394,0.04,0.03,1.0,1,Yaw Right
395,395,395,0.04,0.03,1.0,1,Yaw Right
396,396,396,0.04,0.03,1.0,1,Yaw Right
397,397,397,0.04,0.03,1.0,1,Yaw Right
398,398,398,0.04,0.03,1.0,1,Yaw Right
399,399,399,0.04,0.03,1.0,1,Yaw Right
400,400,400,0.04,0.03,1.0,1,Yaw Right
401,401,401,0.04,0.03,1.0,1,Yaw Right
402,402,402,0.04,0.03,1.0,1,Yaw Right
403,403,403,0.04,0.03,1.0,1,Yaw Right
404,404,404,0.04,0.02,1.0,1,Yaw Right
405,405,405,0.04,0.03,1.0,1,Yaw Right
406,406,406,0.04,0.03,1.0,1,Yaw Right
407,407,407,0.04,0.03,1.0,1,Yaw Right
408,408,408,0.05,0.04,1.0,1,Yaw Right
409,409,409,0.05,0.04,1.0,1,Yaw Right
410,410,410,0.03,0.02,1.0,1,Yaw Right
411,411,411,0.03,0.03,1.06,1,Yaw Right
412,412,412,0.05,0.06,1.0,1,Yaw Right
413,413,413,0.09,-0.05,0.98,1,Yaw Right
414,414,414,0.15,0.12,1.05,1,Yaw Right
415,415,415,0.11,0.2,0.99,1,Yaw Right
416,416,416,0.0,0.42,0.84,1,Yaw Right
417,417,417,0.08,0.53,1.01,1,Yaw Right
418,418,418,0.1,0.21,1.06,1,Yaw Right
419,419,419,0.07,0.19,0.9,1,Yaw Right
420,420,420,0.09,0.31,0.99,1,Yaw Right
421,421,421,0.06,0.39,1.04,1,Yaw Right
422,422,422,0.11,0.21,0.93,1,Yaw Right
423,423,423,0.12,0.24,0.83,1,Yaw Right
424,424,424,0.11,0.28,1.0,1,Yaw Right
425,425,425,0.07,-0.01,1.08,1,Yaw Right
426,426,426,0.12,0.18,0.88,1,Yaw Right
427,427,427,0.08,-0.12,1.02,1,Yaw Right
428,428,428,0.04,0.05,0.99,1,Yaw Right
429,429,429,0.05,0.07,1.01,1,Yaw Right
430,430,430,0.04,0.02,0.99,1,Yaw Right
431,431,431,0.05,0.07,1.05,1,Yaw Right
432,432,432,0.04,-0.02,1.09,1,Yaw Right
433,433,433,0.05,0.0,1.09,1,Yaw Right
434,434,434,0.04,0.02,1.0,1,Yaw Right
435,435,435,0.05,0.02,1.0,1,Yaw Right
436,436,436,0.04,0.03,1.0,1,Yaw Right
437,437,437,0.04,0.03,1.0,1,Yaw Right
438,438,438,0.04,0.03,1.0,1,Yaw Right
439,439,439,0.04,0.03,1.0,1,Yaw Right
440,440,440,0.04,0.02,1.0,1,Yaw Right
441,441,441,0.04,0.03,1.0,1,Yaw Right
442,442,442,0.04,0.03,1.0,1,Yaw Right
443,443,443,0.04,0.03,1.0,1,Yaw Right
444,444,444,0.04,0.03,1.01,1,Yaw Right
445,445,445,0.04,0.03,1.0,1,Yaw Right
446,446,446,0.04,0.03,1.0,1,Yaw Right
447,447,447,0.04,0.03,1.01,1,Yaw Right
448,448,448,0.04,0.03,1.0,1,Yaw Right
449,449,449,0.04,0.02,1.0,1,Yaw Right
450,450,450,0.04,0.03,1.0,1,Yaw Right
451,451,451,0.04,0.03,1.0,1,Yaw Right
452,452,452,0.04,0.03,1.0,1,Yaw Right
453,453,453,0.04,0.03,1.0,1,Yaw Right
454,454,454,0.04,0.03,1.0,1,Yaw Right
455,455,455,0.04,0.03,1.0,1,Yaw Right
456,456,456,0.04,0.03,1.0,1,Yaw Right
457,457,457,0.04,0.03,1.0,1,Yaw Right
458,458,458,0.04,0.03,1.0,1,Yaw Right
459,459,459,0.04,0.03,1.0,1,Yaw Right
460,460,460,0.04,0.03,1.0,1,Yaw Right
461,461,461,0.04,0.02,1.0,1,Yaw Right
462,462,462,0.04,0.03,1.0,1,Yaw Right
463,463,463,0.04,0.03,1.0,1,Yaw Right
464,464,464,0.04,0.03,1.0,1,Yaw Right
465,465,465,0.04,0.03,1.0,1,Yaw Right
466,466,466,0.04,0.03,1.0,1,Yaw Right
467,467,467,0.04,0.03,1.0,1,Yaw Right
468,468,468,0.04,0.02,1.0,1,Yaw Right
469,469,469,0.04,0.03,1.0,1,Yaw Right
470,470,470,0.04,0.03,1.0,1,Yaw Right
471,471,471,0.04,0.03,1.0,1,Yaw Right
472,472,472,0.04,0.03,1.01,1,Yaw Right
473,473,473,0.04,0.03,1.0,1,Yaw Right
474,474,474,0.04,0.02,1.0,1,Yaw Right
475,475,475,0.04,0.03,1.0,1,Yaw Right
476,476,476,0.01,0.0,0.99,1,Yaw Right
477,477,477,0.08,-0.05,0.97,1,Yaw Right
478,478,478,-0.03,-0.06,1.01,1,Yaw Right
479,479,479,0.11,-0.07,1.0,1,Yaw Right
480,480,480,0.14,-0.17,0.97,1,Yaw Right
481,481,481,0.1,0.13,1.05,1,Yaw Right
482,482,482,0.05,0.4,1.03,1,Yaw Right
483,483,483,0.05,0.39,0.79,1,Yaw Right
484,484,484,0.02,0.48,0.98,1,Yaw Right
485,485,485,0.06,0.36,1.04,1,Yaw Right
486,486,486,0.04,0.37,0.98,1,Yaw Right
487,487,487,0.09,0.39,1.02,1,Yaw Right
488,488,488,0.05,0.42,0.86,1,Yaw Right
489,489,489,0.03,0.48,0.95,1,Yaw Right
490,490,490,0.1,0.24,0.95,1,Yaw Right
491,491,491,0.14,0.22,0.94,1,Yaw Right
492,492,492,0.23,0.27,0.75,1,Yaw Right
493,493,493,0.15,0.12,0.92,1,Yaw Right
494,494,494,0.06,0.07,1.19,1,Yaw Right
495,495,495,0.02,0.06,0.93,1,Yaw Right
496,496,496,0.05,0.07,0.99,1,Yaw Right
497,497,497,0.02,0.06,1.01,1,Yaw Right
498,498,498,0.02,0.06,0.95,1,Yaw Right
499,499,499,0.03,0.01,1.02,1,Yaw Right
500,500,500,0.06,0.04,1.0,1,Yaw Right
501,501,501,0.04,0.02,1.0,1,Yaw Right
502,502,502,0.04,0.03,1.0,1,Yaw Right
503,503,503,0.04,0.03,1.0,1,Yaw Right
504,504,504,0.04,0.02,1.0,1,Yaw Right
505,505,505,0.04,0.03,1.0,1,Yaw Right
506,506,506,0.04,0.03,1.0,1,Yaw Right
507,507,507,0.04,0.03,1.0,1,Yaw Right
508,508,508,0.04,0.03,1.0,1,Yaw Right
509,509,509,0.04,0.03,1.01,1,Yaw Right
510,510,510,0.04,0.02,1.0,1,Yaw Right
511,511,511,0.04,0.03,1.0,1,Yaw Right
512,512,512,0.04,0.03,1.0,1,Yaw Right
513,513,513,0.04,0.03,1.0,1,Yaw Right
514,514,514,0.04,0.03,1.0,1,Yaw Right
515,515,515,0.04,0.03,1.0,1,Yaw Right
516,516,516,0.04,0.03,1.0,1,Yaw Right
517,517,517,0.04,0.03,1.0,1,Yaw Right
518,518,518,0.04,0.03,1.0,1,Yaw Right
519,519,519,0.04,0.03,1.0,1,Yaw Right
520,520,520,0.04,0.03,1.0,1,Yaw Right
521,521,521,0.04,0.02,1.0,1,Yaw Right
522,522,522,0.04,0.03,1.0,1,Yaw Right
523,523,523,0.04,0.03,1.0,1,Yaw Right
524,524,524,0.04,0.03,1.0,1,Yaw Right
525,525,525,0.04,0.03,1.01,1,Yaw Right
526,526,526,0.04,0.03,1.0,1,Yaw Right
527,527,527,0.04,0.03,1.0,1,Yaw Right
528,528,528,0.04,0.03,1.01,1,Yaw Right
529,529,529,0.04,0.02,1.0,1,Yaw Right
530,530,530,0.04,0.03,1.0,1,Yaw Right
531,531,531,0.04,0.03,1.0,1,Yaw Right
532,532,532,0.04,0.02,1.0,1,Yaw Right
533,533,533,0.04,0.03,1.0,1,Yaw Right
534,534,534,0.04,0.03,1.0,1,Yaw Right
535,535,535,0.04,0.02,1.0,1,Yaw Right
536,536,0,0.04,0.02,1.0,2,Yaw Right
537,537,1,0.04,0.03,1.0,2,Yaw Right
538,538,2,0.04,0.03,1.0,2,Yaw Right
539,539,3,0.04,0.02,1.0,2,Yaw Right
540,540,4,0.04,0.03,0.99,2,Yaw Right
541,541,5,0.04,0.03,1.0,2,Yaw Right
542,542,6,0.04,0.02,1.0,2,Yaw Right
543,543,7,0.04,0.02,1.01,2,Yaw Right
544,544,8,0.04,0.02,1.0,2,Yaw Right
545,545,9,0.04,0.03,1.0,2,Yaw Right
546,546,10,0.04,0.03,1.0,2,Yaw Right
547,547,11,0.04,0.02,1.0,2,Yaw Right
548,548,12,0.04,0.03,0.99,2,Yaw Right
549,549,13,0.04,0.03,1.0,2,Yaw Right
550,550,14,0.04,0.02,1.0,2,Yaw Right
551,551,15,0.04,0.02,1.01,2,Yaw Right
552,552,16,0.04,0.03,1.0,2,Yaw Right
553,553,17,0.04,0.03,1.0,2,Yaw Right
554,554,18,0.04,0.03,1.0,2,Yaw Right
555,555,19,0.04,0.03,1.0,2,Yaw Right
556,556,20,0.04,0.03,1.0,2,Yaw Right
557,557,21,0.04,0.03,1.0,2,Yaw Right
558,558,22,0.04,0.03,1.0,2,Yaw Right
559,559,23,0.04,0.03,1.0,2,Yaw Right
560,560,24,0.04,0.03,1.0,2,Yaw Right
561,561,25,0.04,0.03,1.0,2,Yaw Right
562,562,26,0.04,0.03,1.0,2,Yaw Right
563,563,27,0.04,0.02,1.0,2,Yaw Right
564,564,28,0.04,0.02,1.0,2,Yaw Right
565,565,29,0.05,0.02,1.0,2,Yaw Right
566,566,30,0.0,0.0,1.0,2,Yaw Right
567,567,31,0.02,-0.08,1.18,2,Yaw Right
568,568,32,0.06,0.08,1.07,2,Yaw Right
569,569,33,0.09,0.11,0.92,2,Yaw Right
570,570,34,0.16,0.12,1.0,2,Yaw Right
571,571,35,0.07,-0.09,1.16,2,Yaw Right
572,572,36,0.09,0.19,0.92,2,Yaw Right
573,573,37,-0.04,0.13,1.07,2,Yaw Right
574,574,38,0.09,0.32,0.87,2,Yaw Right
575,575,39,0.04,0.34,0.97,2,Yaw Right
576,576,40,0.01,0.1,0.96,2,Yaw Right
577,577,41,0.13,0.08,1.02,2,Yaw Right
578,578,42,0.15,0.5,1.14,2,Yaw Right
579,579,43,0.18,-0.13,0.89,2,Yaw Right
580,580,44,0.13,0.03,0.99,2,Yaw Right
581,581,45,0.08,0.03,0.99,2,Yaw Right
582,582,46,0.03,-0.08,0.89,2,Yaw Right
583,583,47,0.07,0.12,0.92,2,Yaw Right
584,584,48,0.04,0.02,1.0,2,Yaw Right
585,585,49,0.04,0.03,1.0,2,Yaw Right
586,586,50,0.04,0.02,1.0,2,Yaw Right
587,587,51,0.04,0.03,1.0,2,Yaw Right
588,588,52,0.04,0.02,1.0,2,Yaw Right
589,589,53,0.04,0.03,1.0,2,Yaw Right
590,590,54,0.04,0.03,1.0,2,Yaw Right
591,591,55,0.04,0.03,1.0,2,Yaw Right
592,592,56,0.04,0.02,1.0,2,Yaw Right
593,593,57,0.04,0.02,1.0,2,Yaw Right
594,594,58,0.04,0.03,1.0,2,Yaw Right
595,595,59,0.04,0.02,1.0,2,Yaw Right
596,596,60,0.04,0.03,1.0,2,Yaw Right
597,597,61,0.04,0.03,1.0,2,Yaw Right
598,598,62,0.04,0.02,1.0,2,Yaw Right
599,599,63,0.04,0.02,1.0,2,Yaw Right
600,600,64,0.04,0.03,1.0,2,Yaw Right
601,601,65,0.04,0.02,1.0,2,Yaw Right
602,602,66,0.04,0.02,1.0,2,Yaw Right
603,603,67,0.04,0.02,1.0,2,Yaw Right
604,604,68,0.04,0.03,1.0,2,Yaw Right
605,605,69,0.04,0.03,1.0,2,Yaw Right
606,606,70,0.04,0.02,1.0,2,Yaw Right
607,607,71,0.04,0.03,1.0,2,Yaw Right
608,608,72,0.04,0.03,1.0,2,Yaw Right
609,609,73,0.04,0.03,1.0,2,Yaw Right
610,610,74,0.04,0.02,1.0,2,Yaw Right
611,611,75,0.04,0.03,1.0,2,Yaw Right
612,612,76,0.04,0.03,1.0,2,Yaw Right
613,613,77,0.04,0.02,1.0,2,Yaw Right
614,614,78,0.04,0.02,1.0,2,Yaw Right
615,615,79,0.04,0.02,1.0,2,Yaw Right
616,616,80,0.04,0.02,1.0,2,Yaw Right
617,617,81,0.05,0.02,1.0,2,Yaw Right
618,618,82,0.0,-0.11,1.05,2,Yaw Right
619,619,83,0.09,-0.06,1.01,2,Yaw Right
620,620,84,0.08,0.04,0.78,2,Yaw Right
621,621,85,0.12,0.03,1.0,2,Yaw Right
622,622,86,0.14,0.18,0.93,2,Yaw Right
623,623,87,0.02,0.11,0.97,2,Yaw Right
624,624,88,0.03,0.25,0.98,2,Yaw Right
625,625,89,0.01,0.18,1.08,2,Yaw Right
626,626,90,0.02,0.33,0.98,2,Yaw Right
627,627,91,0.0,0.12,0.97,2,Yaw Right
628,628,92,0.1,0.18,0.85,2,Yaw Right
629,629,93,0.2,0.08,1.1,2,Yaw Right
630,630,94,0.04,-0.05,1.02,2,Yaw Right
631,631,95,0.07,-0.04,0.98,2,Yaw Right
632,632,96,0.03,-0.14,0.96,2,Yaw Right
633,633,97,0.02,0.05,0.91,2,Yaw Right
634,634,98,0.07,0.09,0.88,2,Yaw Right
635,635,99,0.05,0.02,1.0,2,Yaw Right
636,636,100,0.04,0.02,1.0,2,Yaw Right
637,637,101,0.04,0.03,1.0,2,Yaw Right
638,638,102,0.04,0.02,1.0,2,Yaw Right
639,639,103,0.04,0.03,1.0,2,Yaw Right
640,640,104,0.04,0.02,1.0,2,Yaw Right
641,641,105,0.04,0.02,1.0,2,Yaw Right
642,642,106,0.04,0.02,1.0,2,Yaw Right
643,643,107,0.04,0.03,1.0,2,Yaw Right
644,644,108,0.04,0.03,1.0,2,Yaw Right
645,645,109,0.04,0.03,1.0,2,Yaw Right
646,646,110,0.04,0.02,1.0,2,Yaw Right
647,647,111,0.04,0.02,1.0,2,Yaw Right
648,648,112,0.04,0.02,1.0,2,Yaw Right
649,649,113,0.04,0.03,1.0,2,Yaw Right
650,650,114,0.04,0.03,1.0,2,Yaw Right
651,651,115,0.04,0.02,1.0,2,Yaw Right
652,652,116,0.04,0.02,1.0,2,Yaw Right
653,653,117,0.04,0.03,1.0,2,Yaw Right
654,654,118,0.04,0.02,1.0,2,Yaw Right
655,655,119,0.04,0.03,1.0,2,Yaw Right
656,656,120,0.04,0.03,1.01,2,Yaw Right
657,657,121,0.04,0.02,1.0,2,Yaw Right
658,658,122,0.04,0.03,1.0,2,Yaw Right
659,659,123,0.04,0.03,1.0,2,Yaw Right
660,660,124,0.04,0.02,1.0,2,Yaw Right
661,661,125,0.04,0.02,1.0,2,Yaw Right
662,662,126,0.04,0.03,1.0,2,Yaw Right
663,663,127,0.04,0.02,1.0,2,Yaw Right
664,664,128,0.04,0.02,1.0,2,Yaw Right
665,665,129,0.04,0.03,1.0,2,Yaw Right
666,666,130,0.04,0.02,1.0,2,Yaw Right
667,667,131,0.04,0.02,1.0,2,Yaw Right
668,668,132,0.03,0.08,1.0,2,Yaw Right
669,669,133,-0.04,-0.1,0.96,2,Yaw Right
670,670,134,0.1,-0.08,1.11,2,Yaw Right
671,671,135,0.03,0.08,0.9,2,Yaw Right
672,672,136,0.12,0.1,0.86,2,Yaw Right
673,673,137,0.09,0.09,1.02,2,Yaw Right
674,674,138,0.05,0.06,1.01,2,Yaw Right
675,675,139,0.05,0.34,1.04,2,Yaw Right
676,676,140,-0.02,0.17,0.9,2,Yaw Right
677,677,141,0.02,0.36,1.09,2,Yaw Right
678,678,142,0.05,0.34,0.98,2,Yaw Right
679,679,143,0.07,0.12,1.02,2,Yaw Right
680,680,144,0.1,0.43,1.01,2,Yaw Right
681,681,145,0.09,-0.15,0.97,2,Yaw Right
682,682,146,0.02,0.14,0.94,2,Yaw Right
683,683,147,0.12,-0.2,0.97,2,Yaw Right
684,684,148,-0.01,-0.04,1.13,2,Yaw Right
685,685,149,0.02,0.1,0.92,2,Yaw Right
686,686,150,0.03,0.02,1.0,2,Yaw Right
687,687,151,0.04,0.03,1.0,2,Yaw Right
688,688,152,0.04,0.03,1.0,2,Yaw Right
689,689,153,0.04,0.02,1.01,2,Yaw Right
690,690,154,0.04,0.02,1.0,2,Yaw Right
691,691,155,0.04,0.02,1.0,2,Yaw Right
692,692,156,0.04,0.02,1.0,2,Yaw Right
693,693,157,0.04,0.02,1.0,2,Yaw Right
694,694,158,0.04,0.03,1.0,2,Yaw Right
695,695,159,0.04,0.02,1.0,2,Yaw Right
696,696,160,0.04,0.03,1.0,2,Yaw Right
697,697,161,0.04,0.02,1.0,2,Yaw Right
698,698,162,0.04,0.02,1.0,2,Yaw Right
699,699,163,0.04,0.03,1.0,2,Yaw Right
700,700,164,0.04,0.02,1.0,2,Yaw Right
701,701,165,0.04,0.03,1.0,2,Yaw Right
702,702,166,0.04,0.03,1.0,2,Yaw Right
703,703,167,0.04,0.02,1.0,2,Yaw Right
704,704,168,0.04,0.02,1.0,2,Yaw Right
705,705,169,0.04,0.03,1.0,2,Yaw Right
706,706,170,0.04,0.02,1.0,2,Yaw Right
707,707,171,0.04,0.03,1.0,2,Yaw Right
708,708,172,0.04,0.02,1.0,2,Yaw Right
709,709,173,0.04,0.02,1.0,2,Yaw Right
710,710,174,0.04,0.03,1.0,2,Yaw Right
711,711,175,0.04,0.02,1.0,2,Yaw Right
712,712,176,0.04,0.02,1.0,2,Yaw Right
713,713,177,0.04,0.03,1.0,2,Yaw Right
714,714,178,0.04,0.03,1.0,2,Yaw Right
715,715,179,0.02,0.04,1.0,2,Yaw Right
716,716,180,0.04,0.03,1.0,2,Yaw Right
717,717,181,-0.03,-0.04,1.04,2,Yaw Right
718,718,182,0.07,-0.0,1.0,2,Yaw Right
719,719,183,0.04,-0.15,0.98,2,Yaw Right
720,720,184,0.1,0.07,0.94,2,Yaw Right
721,721,185,0.13,0.11,1.0,2,Yaw Right
722,722,186,0.03,0.16,0.98,2,Yaw Right
723,723,187,0.04,0.29,1.03,2,Yaw Right
724,724,188,0.04,0.11,1.0,2,Yaw Right
725,725,189,0.07,0.35,1.05,2,Yaw Right
726,726,190,0.08,0.24,1.02,2,Yaw Right
727,727,191,0.07,0.45,1.02,2,Yaw Right
728,728,192,0.12,-0.07,0.95,2,Yaw Right
729,729,193,0.15,-0.03,1.1,2,Yaw Right
730,730,194,0.05,0.2,1.0,2,Yaw Right
731,731,195,0.12,-0.08,0.99,2,Yaw Right
732,732,196,0.03,-0.03,1.01,2,Yaw Right
733,733,197,0.02,0.01,0.98,2,Yaw Right
734,734,198,-0.0,0.02,1.02,2,Yaw Right
735,735,199,0.07,0.06,1.0,2,Yaw Right
736,736,200,0.04,0.02,1.0,2,Yaw Right
737,737,201,0.04,0.03,1.0,2,Yaw Right
738,738,202,0.04,0.03,1.0,2,Yaw Right
739,739,203,0.04,0.03,1.0,2,Yaw Right
740,740,204,0.04,0.03,1.0,2,Yaw Right
741,741,205,0.04,0.02,1.0,2,Yaw Right
742,742,206,0.04,0.02,1.0,2,Yaw Right
743,743,207,0.04,0.03,1.0,2,Yaw Right
744,744,208,0.04,0.02,1.0,2,Yaw Right
745,745,209,0.04,0.03,1.0,2,Yaw Right
746,746,210,0.04,0.03,1.0,2,Yaw Right
747,747,211,0.04,0.03,1.0,2,Yaw Right
748,748,212,0.04,0.02,1.0,2,Yaw Right
749,749,213,0.04,0.02,1.0,2,Yaw Right
750,750,214,0.04,0.02,1.0,2,Yaw Right
751,751,215,0.04,0.02,1.0,2,Yaw Right
752,752,216,0.04,0.03,1.0,2,Yaw Right
753,753,217,0.04,0.03,1.0,2,Yaw Right
754,754,218,0.04,0.03,1.0,2,Yaw Right
755,755,219,0.04,0.03,1.0,2,Yaw Right
756,756,220,0.04,0.02,1.0,2,Yaw Right
757,757,221,0.04,0.03,1.0,2,Yaw Right
758,758,222,0.04,0.03,1.0,2,Yaw Right
759,759,223,0.04,0.02,1.0,2,Yaw Right
760,760,224,0.04,0.02,1.0,2,Yaw Right
761,761,225,0.04,0.02,1.0,2,Yaw Right
762,762,226,0.04,0.03,1.0,2,Yaw Right
763,763,227,0.04,0.02,1.0,2,Yaw Right
764,764,228,0.04,0.03,1.0,2,Yaw Right
765,765,229,0.04,0.02,1.0,2,Yaw Right
766,766,230,0.04,0.03,1.0,2,Yaw Right
767,767,231,0.04,0.03,1.0,2,Yaw Right
768,768,232,0.04,0.02,1.0,2,Yaw Right
769,769,233,0.04,0.04,1.01,2,Yaw Right
770,770,234,0.03,0.0,1.2,2,Yaw Right
771,771,235,0.06,0.01,0.86,2,Yaw Right
772,772,236,0.16,0.19,1.01,2,Yaw Right
773,773,237,0.12,0.02,0.93,2,Yaw Right
774,774,238,0.09,0.25,0.96,2,Yaw Right
775,775,239,0.06,0.2,0.99,2,Yaw Right
776,776,240,0.04,0.25,1.01,2,Yaw Right
777,777,241,0.09,0.25,0.83,2,Yaw Right
778,778,242,0.01,0.26,1.05,2,Yaw Right
779,779,243,-0.02,0.45,0.97,2,Yaw Right
780,780,244,0.07,0.04,0.95,2,Yaw Right
781,781,245,0.15,0.09,1.06,2,Yaw Right
782,782,246,0.05,-0.16,0.97,2,Yaw Right
783,783,247,0.05,-0.1,1.0,2,Yaw Right
784,784,248,0.02,0.02,1.01,2,Yaw Right
785,785,249,0.02,0.12,1.01,2,Yaw Right
786,786,250,0.04,0.07,0.96,2,Yaw Right
787,787,251,0.03,-0.0,1.0,2,Yaw Right
788,788,252,0.04,0.02,1.0,2,Yaw Right
789,789,253,0.04,0.02,1.0,2,Yaw Right
790,790,254,0.04,0.02,1.0,2,Yaw Right
791,791,255,0.04,0.02,1.0,2,Yaw Right
792,792,256,0.04,0.02,1.0,2,Yaw Right
793,793,257,0.04,0.02,1.0,2,Yaw Right
794,794,258,0.04,0.02,1.0,2,Yaw Right
795,795,259,0.04,0.03,1.0,2,Yaw Right
796,796,260,0.04,0.02,1.0,2,Yaw Right
797,797,261,0.04,0.02,1.0,2,Yaw Right
798,798,262,0.04,0.02,1.0,2,Yaw Right
799,799,263,0.04,0.02,1.0,2,Yaw Right
800,800,264,0.04,0.03,1.0,2,Yaw Right
801,801,265,0.04,0.02,1.01,2,Yaw Right
802,802,266,0.04,0.03,1.0,2,Yaw Right
803,803,267,0.04,0.02,1.0,2,Yaw Right
804,804,268,0.04,0.03,1.0,2,Yaw Right
805,805,269,0.04,0.02,1.0,2,Yaw Right
806,806,270,0.04,0.02,1.0,2,Yaw Right
807,807,271,0.04,0.03,1.0,2,Yaw Right
808,808,272,0.04,0.02,1.0,2,Yaw Right
809,809,273,0.04,0.03,1.0,2,Yaw Right
810,810,274,0.04,0.03,1.0,2,Yaw Right
811,811,275,0.04,0.03,1.0,2,Yaw Right
812,812,276,0.04,0.02,1.0,2,Yaw Right
813,813,277,0.04,0.03,1.0,2,Yaw Right
814,814,278,0.04,0.03,1.0,2,Yaw Right
815,815,279,0.04,0.02,1.0,2,Yaw Right
816,816,280,0.04,0.03,1.0,2,Yaw Right
817,817,281,0.04,0.03,1.0,2,Yaw Right
818,818,282,0.04,0.02,1.0,2,Yaw Right
819,819,283,0.04,0.03,1.0,2,Yaw Right
820,820,284,0.03,0.03,1.01,2,Yaw Right
821,821,285,0.03,0.04,0.99,2,Yaw Right
822,822,286,0.05,0.01,1.21,2,Yaw Right
823,823,287,0.09,-0.16,0.9,2,Yaw Right
824,824,288,0.11,0.04,1.04,2,Yaw Right
825,825,289,0.13,0.02,1.02,2,Yaw Right
826,826,290,0.07,0.15,1.0,2,Yaw Right
827,827,291,0.06,0.23,0.98,2,Yaw Right
828,828,292,0.03,0.25,1.09,2,Yaw Right
829,829,293,0.07,0.26,0.91,2,Yaw Right
830,830,294,0.04,0.45,1.0,2,Yaw Right
831,831,295,0.03,0.34,0.95,2,Yaw Right
832,832,296,0.14,0.48,0.76,2,Yaw Right
833,833,297,-0.0,0.04,1.16,2,Yaw Right
834,834,298,0.12,0.11,0.93,2,Yaw Right
835,835,299,0.13,-0.18,1.0,2,Yaw Right
836,836,300,0.03,0.2,0.93,2,Yaw Right
837,837,301,0.05,-0.06,0.99,2,Yaw Right
838,838,302,0.04,0.04,1.02,2,Yaw Right
839,839,303,0.04,-0.01,1.0,2,Yaw Right
840,840,304,0.05,0.02,1.0,2,Yaw Right
841,841,305,0.04,0.03,1.0,2,Yaw Right
842,842,306,0.04,0.02,1.0,2,Yaw Right
843,843,307,0.04,0.02,1.0,2,Yaw Right
844,844,308,0.04,0.02,1.0,2,Yaw Right
845,845,309,0.04,0.02,1.0,2,Yaw Right
846,846,310,0.04,0.02,1.0,2,Yaw Right
847,847,311,0.04,0.02,1.0,2,Yaw Right
848,848,312,0.04,0.03,1.0,2,Yaw Right
849,849,313,0.04,0.03,1.0,2,Yaw Right
850,850,314,0.04,0.02,1.0,2,Yaw Right
851,851,315,0.04,0.03,1.0,2,Yaw Right
852,852,316,0.04,0.03,1.0,2,Yaw Right
853,853,317,0.04,0.02,1.0,2,Yaw Right
854,854,318,0.04,0.02,1.0,2,Yaw Right
855,855,319,0.04,0.02,1.0,2,Yaw Right
856,856,320,0.04,0.03,1.0,2,Yaw Right
857,857,321,0.04,0.03,1.0,2,Yaw Right
858,858,322,0.04,0.03,1.0,2,Yaw Right
859,859,323,0.04,0.02,1.0,2,Yaw Right
860,860,324,0.04,0.02,1.0,2,Yaw Right
861,861,325,0.04,0.03,1.0,2,Yaw Right
862,862,326,0.04,0.03,1.0,2,Yaw Right
863,863,327,0.04,0.03,1.0,2,Yaw Right
864,864,328,0.04,0.02,1.0,2,Yaw Right
865,865,329,0.04,0.02,1.0,2,Yaw Right
866,866,330,0.04,0.02,1.0,2,Yaw Right
867,867,331,0.04,0.03,1.0,2,Yaw Right
868,868,332,0.04,0.02,1.0,2,Yaw Right
869,869,333,0.04,0.02,1.0,2,Yaw Right
870,870,334,0.04,0.02,1.0,2,Yaw Right
871,871,335,0.05,-0.0,1.04,2,Yaw Right
872,872,336,-0.03,0.0,1.29,2,Yaw Right
873,873,337,0.1,-0.11,0.87,2,Yaw Right
874,874,338,0.1,0.07,1.11,2,Yaw Right
875,875,339,0.14,0.09,0.91,2,Yaw Right
876,876,340,0.07,0.17,0.93,2,Yaw Right
877,877,341,0.05,0.16,1.08,2,Yaw Right
878,878,342,0.05,0.39,1.02,2,Yaw Right
879,879,343,0.04,0.37,0.95,2,Yaw Right
880,880,344,0.01,0.44,0.96,2,Yaw Right
881,881,345,0.02,0.25,1.01,2,Yaw Right
882,882,346,0.14,0.02,0.95,2,Yaw Right
883,883,347,0.12,-0.05,1.09,2,Yaw Right
884,884,348,0.05,0.04,0.96,2,Yaw Right
885,885,349,0.09,-0.07,1.12,2,Yaw Right
886,886,350,-0.04,0.07,0.94,2,Yaw Right
887,887,351,0.05,0.09,1.0,2,Yaw Right
888,888,352,0.04,0.02,1.0,2,Yaw Right
889,889,353,0.04,0.03,1.0,2,Yaw Right
890,890,354,0.04,0.03,1.0,2,Yaw Right
891,891,355,0.04,0.02,1.0,2,Yaw Right
892,892,356,0.04,0.03,1.0,2,Yaw Right
893,893,357,0.04,0.03,1.0,2,Yaw Right
894,894,358,0.04,0.03,1.0,2,Yaw Right
895,895,359,0.04,0.03,1.0,2,Yaw Right
896,896,360,0.04,0.02,1.0,2,Yaw Right
897,897,361,0.04,0.02,1.0,2,Yaw Right
898,898,362,0.04,0.02,1.0,2,Yaw Right
899,899,363,0.04,0.02,1.0,2,Yaw Right
900,900,364,0.04,0.02,1.0,2,Yaw Right
901,901,365,0.04,0.02,1.0,2,Yaw Right
902,902,366,0.04,0.02,1.0,2,Yaw Right
903,903,367,0.04,0.02,1.0,2,Yaw Right
904,904,368,0.04,0.03,1.0,2,Yaw Right
905,905,369,0.04,0.03,1.0,2,Yaw Right
906,906,370,0.04,0.03,1.0,2,Yaw Right
907,907,371,0.04,0.02,1.0,2,Yaw Right
908,908,372,0.04,0.02,1.0,2,Yaw Right
909,909,373,0.04,0.02,1.0,2,Yaw Right
910,910,374,0.04,0.02,1.0,2,Yaw Right
911,911,375,0.04,0.03,1.0,2,Yaw Right
912,912,376,0.04,0.03,1.0,2,Yaw Right
913,913,377,0.04,0.03,1.0,2,Yaw Right
914,914,378,0.04,0.03,1.0,2,Yaw Right
915,915,379,0.04,0.03,1.0,2,Yaw Right
916,916,380,0.04,0.02,1.0,2,Yaw Right
917,917,381,0.04,0.03,1.0,2,Yaw Right
918,918,382,0.04,0.03,1.0,2,Yaw Right
919,919,383,0.04,0.02,1.0,2,Yaw Right
920,920,384,0.04,0.02,1.0,2,Yaw Right
921,921,385,0.04,0.02,1.0,2,Yaw Right
922,922,386,0.03,0.01,1.04,2,Yaw Right
923,923,387,0.02,0.05,1.2,2,Yaw Right
924,924,388,0.04,-0.26,0.88,2,Yaw Right
925,925,389,0.09,0.04,1.0,2,Yaw Right
926,926,390,0.15,0.11,1.05,2,Yaw Right
927,927,391,0.15,0.17,0.95,2,Yaw Right
928,928,392,0.11,0.19,1.03,2,Yaw Right
929,929,393,0.05,0.24,0.94,2,Yaw Right
930,930,394,0.13,0.26,0.98,2,Yaw Right
931,931,395,0.05,0.33,0.98,2,Yaw Right
932,932,396,0.04,0.43,0.91,2,Yaw Right
933,933,397,0.09,0.01,0.9,2,Yaw Right
934,934,398,0.12,0.17,1.01,2,Yaw Right
935,935,399,0.12,-0.2,0.93,2,Yaw Right
936,936,400,0.04,0.06,0.96,2,Yaw Right
937,937,401,0.06,0.0,1.06,2,Yaw Right
938,938,402,-0.03,0.08,1.01,2,Yaw Right
939,939,403,0.03,0.07,0.99,2,Yaw Right
940,940,404,0.04,0.03,1.01,2,Yaw Right
941,941,405,0.04,0.02,1.0,2,Yaw Right
942,942,406,0.04,0.02,1.0,2,Yaw Right
943,943,407,0.04,0.02,1.0,2,Yaw Right
944,944,408,0.04,0.03,1.0,2,Yaw Right
945,945,409,0.04,0.03,1.0,2,Yaw Right
946,946,410,0.04,0.02,1.0,2,Yaw Right
947,947,411,0.04,0.03,1.0,2,Yaw Right
948,948,412,0.04,0.02,1.0,2,Yaw Right
949,949,413,0.04,0.03,1.0,2,Yaw Right
950,950,414,0.04,0.02,1.0,2,Yaw Right
951,951,415,0.04,0.03,1.0,2,Yaw Right
952,952,416,0.04,0.02,1.0,2,Yaw Right
953,953,417,0.04,0.02,1.0,2,Yaw Right
954,954,418,0.04,0.03,1.0,2,Yaw Right
955,955,419,0.04,0.02,1.0,2,Yaw Right
956,956,420,0.04,0.03,1.0,2,Yaw Right
957,957,421,0.04,0.02,1.0,2,Yaw Right
958,958,422,0.04,0.02,1.0,2,Yaw Right
959,959,423,0.04,0.03,1.0,2,Yaw Right
960,960,424,0.04,0.02,1.0,2,Yaw Right
961,961,425,0.04,0.02,1.01,2,Yaw Right
962,962,426,0.04,0.03,1.0,2,Yaw Right
963,963,427,0.04,0.02,1.0,2,Yaw Right
964,964,428,0.04,0.02,1.0,2,Yaw Right
965,965,429,0.04,0.02,1.0,2,Yaw Right
966,966,430,0.04,0.02,1.0,2,Yaw Right
967,967,431,0.04,0.03,1.0,2,Yaw Right
968,968,432,0.04,0.03,1.0,2,Yaw Right
969,969,433,0.04,0.02,1.0,2,Yaw Right
970,970,434,0.04,0.03,1.0,2,Yaw Right
971,971,435,0.04,0.03,1.0,2,Yaw Right
972,972,436,0.04,0.02,1.0,2,Yaw Right
973,973,437,0.05,0.04,1.01,2,Yaw Right
974,974,438,-0.01,-0.15,1.01,2,Yaw Right
975,975,439,0.02,-0.08,0.98,2,Yaw Right
976,976,440,0.06,0.05,0.96,2,Yaw Right
977,977,441,0.11,0.06,0.91,2,Yaw Right
978,978,442,0.07,0.22,1.01,2,Yaw Right
979,979,443,0.07,0.23,0.89,2,Yaw Right
980,980,444,0.06,0.25,1.05,2,Yaw Right
981,981,445,0.08,0.3,0.88,2,Yaw Right
982,982,446,0.04,0.38,1.09,2,Yaw Right
983,983,447,0.0,0.23,0.98,2,Yaw Right
984,984,448,0.12,0.61,0.82,2,Yaw Right
985,985,449,0.03,-0.21,1.22,2,Yaw Right
986,986,450,0.04,0.12,0.99,2,Yaw Right
987,987,451,0.08,-0.18,1.04,2,Yaw Right
988,988,452,0.03,-0.11,1.22,2,Yaw Right
989,989,453,-0.02,0.02,1.04,2,Yaw Right
990,990,454,0.04,0.03,1.0,2,Yaw Right
991,991,455,0.04,0.03,1.0,2,Yaw Right
992,992,456,0.04,0.03,1.0,2,Yaw Right
993,993,457,0.04,0.02,1.0,2,Yaw Right
994,994,458,0.04,0.03,1.0,2,Yaw Right
995,995,459,0.04,0.03,1.0,2,Yaw Right
996,996,460,0.04,0.03,1.0,2,Yaw Right
997,997,461,0.04,0.02,1.0,2,Yaw Right
998,998,462,0.04,0.03,1.0,2,Yaw Right
999,999,463,0.04,0.03,1.0,2,Yaw Right
1000,1000,464,0.04,0.03,1.0,2,Yaw Right
1001,1001,465,0.04,0.02,1.0,2,Yaw Right
1002,1002,466,0.04,0.02,1.0,2,Yaw Right
1003,1003,467,0.04,0.02,1.0,2,Yaw Right
1004,1004,468,0.04,0.03,1.0,2,Yaw Right
1005,1005,469,0.04,0.02,1.0,2,Yaw Right
1006,1006,470,0.04,0.03,1.0,2,Yaw Right
1007,1007,471,0.04,0.03,1.0,2,Yaw Right
1008,1008,472,0.04,0.02,1.0,2,Yaw Right
1009,1009,473,0.04,0.03,1.0,2,Yaw Right
1010,1010,474,0.04,0.02,1.0,2,Yaw Right
1011,1011,475,0.04,0.03,1.0,2,Yaw Right
1012,1012,476,0.04,0.03,1.0,2,Yaw Right
1013,1013,477,0.04,0.03,1.0,2,Yaw Right
1014,1014,478,0.04,0.03,1.0,2,Yaw Right
1015,1015,479,0.04,0.02,1.0,2,Yaw Right
1016,1016,480,0.04,0.03,1.0,2,Yaw Right
1017,1017,481,0.04,0.03,1.0,2,Yaw Right
1018,1018,482,0.04,0.02,1.0,2,Yaw Right
1019,1019,0,0.04,0.03,1.0,3,Yaw Right
1020,1020,1,0.04,0.03,1.0,3,Yaw Right
1021,1021,2,0.04,0.03,1.0,3,Yaw Right
1022,1022,3,0.04,0.03,1.0,3,Yaw Right
1023,1023,4,0.04,0.02,1.0,3,Yaw Right
1024,1024,5,0.04,0.03,1.0,3,Yaw Right
1025,1025,6,0.04,0.03,1.0,3,Yaw Right
1026,1026,7,0.04,0.03,1.0,3,Yaw Right
1027,1027,8,0.04,0.03,1.0,3,Yaw Right
1028,1028,9,0.04,0.03,1.0,3,Yaw Right
1029,1029,10,0.04,0.03,1.0,3,Yaw Right
1030,1030,11,0.04,0.03,1.0,3,Yaw Right
1031,1031,12,0.04,0.02,1.0,3,Yaw Right
1032,1032,13,0.04,0.03,1.0,3,Yaw Right
1033,1033,14,0.04,0.03,1.0,3,Yaw Right
1034,1034,15,0.04,0.02,1.0,3,Yaw Right
1035,1035,16,0.04,0.03,1.0,3,Yaw Right
1036,1036,17,0.04,0.02,1.0,3,Yaw Right
1037,1037,18,0.04,0.03,1.0,3,Yaw Right
1038,1038,19,0.04,0.03,1.0,3,Yaw Right
1039,1039,20,0.04,0.03,1.0,3,Yaw Right
1040,1040,21,0.04,0.02,1.0,3,Yaw Right
1041,1041,22,0.04,0.03,1.0,3,Yaw Right
1042,1042,23,0.04,0.03,1.0,3,Yaw Right
1043,1043,24,0.04,0.02,1.0,3,Yaw Right
1044,1044,25,0.04,0.03,1.0,3,Yaw Right
1045,1045,26,0.04,0.03,1.0,3,Yaw Right
1046,1046,27,0.04,0.03,1.0,3,Yaw Right
1047,1047,28,0.04,0.03,1.0,3,Yaw Right
1048,1048,29,0.04,0.02,1.0,3,Yaw Right
1049,1049,30,0.04,0.02,1.0,3,Yaw Right
1050,1050,31,0.04,0.03,1.0,3,Yaw Right
1051,1051,32,0.04,0.03,1.0,3,Yaw Right
1052,1052,33,0.04,0.02,1.0,3,Yaw Right
1053,1053,34,0.04,0.03,1.0,3,Yaw Right
1054,1054,35,0.04,0.02,1.0,3,Yaw Right
1055,1055,36,0.04,0.03,1.0,3,Yaw Right
1056,1056,37,0.04,0.03,1.0,3,Yaw Right
1057,1057,38,0.04,0.03,1.0,3,Yaw Right
1058,1058,39,0.04,0.03,1.0,3,Yaw Right
1059,1059,40,0.04,0.02,1.0,3,Yaw Right
1060,1060,41,0.03,0.01,1.0,3,Yaw Right
1061,1061,42,0.03,0.03,1.0,3,Yaw Right
1062,1062,43,0.04,0.02,1.0,3,Yaw Right
1063,1063,44,0.04,0.03,1.0,3,Yaw Right
1064,1064,45,0.04,0.03,1.0,3,Yaw Right
1065,1065,46,0.04,0.03,1.0,3,Yaw Right
1066,1066,47,0.07,-0.07,1.0,3,Yaw Right
1067,1067,48,-0.05,-0.13,1.22,3,Yaw Right
1068,1068,49,0.03,0.11,0.84,3,Yaw Right
1069,1069,50,0.07,0.32,0.95,3,Yaw Right
1070,1070,51,0.03,0.1,1.0,3,Yaw Right
1071,1071,52,0.03,0.17,1.04,3,Yaw Right
1072,1072,53,0.06,0.08,0.99,3,Yaw Right
1073,1073,54,0.08,0.13,0.97,3,Yaw Right
1074,1074,55,0.07,0.13,1.05,3,Yaw Right
1075,1075,56,-0.01,0.4,0.95,3,Yaw Right
1076,1076,57,-0.1,0.31,1.02,3,Yaw Right
1077,1077,58,-0.0,-0.32,0.94,3,Yaw Right
1078,1078,59,0.04,-0.08,0.93,3,Yaw Right
1079,1079,60,0.04,-0.12,1.06,3,Yaw Right
1080,1080,61,0.04,0.07,1.0,3,Yaw Right
1081,1081,62,0.02,0.02,1.01,3,Yaw Right
1082,1082,63,0.04,0.03,1.0,3,Yaw Right
1083,1083,64,0.04,0.02,1.0,3,Yaw Right
1084,1084,65,0.04,0.02,1.0,3,Yaw Right
1085,1085,66,0.04,0.02,1.0,3,Yaw Right
1086,1086,67,0.04,0.02,1.0,3,Yaw Right
1087,1087,68,0.04,0.03,1.0,3,Yaw Right
1088,1088,69,0.04,0.03,1.0,3,Yaw Right
1089,1089,70,0.04,0.03,1.0,3,Yaw Right
1090,1090,71,0.04,0.02,1.0,3,Yaw Right
1091,1091,72,0.04,0.02,1.0,3,Yaw Right
1092,1092,73,0.04,0.03,1.0,3,Yaw Right
1093,1093,74,0.04,0.02,1.0,3,Yaw Right
1094,1094,75,0.04,0.02,1.0,3,Yaw Right
1095,1095,76,0.04,0.02,1.0,3,Yaw Right
1096,1096,77,0.04,0.02,1.0,3,Yaw Right
1097,1097,78,0.04,0.03,1.0,3,Yaw Right
1098,1098,79,0.04,0.03,1.0,3,Yaw Right
1099,1099,80,0.04,0.02,1.0,3,Yaw Right
1100,1100,81,0.04,0.03,1.0,3,Yaw Right
1101,1101,82,0.04,0.03,1.0,3,Yaw Right
1102,1102,83,0.04,0.02,1.0,3,Yaw Right
1103,1103,84,0.04,0.03,1.0,3,Yaw Right
1104,1104,85,0.04,0.03,1.0,3,Yaw Right
1105,1105,86,0.03,0.02,1.0,3,Yaw Right
1106,1106,87,0.04,0.03,1.0,3,Yaw Right
1107,1107,88,0.04,0.03,1.0,3,Yaw Right
1108,1108,89,0.04,0.03,1.0,3,Yaw Right
1109,1109,90,0.04,0.02,1.0,3,Yaw Right
1110,1110,91,0.04,0.02,1.0,3,Yaw Right
1111,1111,92,0.04,-0.03,1.04,3,Yaw Right
1112,1112,93,0.02,-0.37,1.25,3,Yaw Right
1113,1113,94,0.07,-0.02,0.92,3,Yaw Right
1114,1114,95,0.0,0.24,0.95,3,Yaw Right
1115,1115,96,0.05,0.16,1.01,3,Yaw Right
1116,1116,97,0.04,0.22,1.02,3,Yaw Right
1117,1117,98,0.08,0.06,0.99,3,Yaw Right
1118,1118,99,0.0,0.47,0.93,3,Yaw Right
1119,1119,100,-0.09,0.36,0.98,3,Yaw Right
1120,1120,101,-0.03,-0.12,0.85,3,Yaw Right
1121,1121,102,0.0,-0.17,1.05,3,Yaw Right
1122,1122,103,0.03,0.05,1.02,3,Yaw Right
1123,1123,104,0.04,-0.04,1.0,3,Yaw Right
1124,1124,105,0.04,0.03,1.02,3,Yaw Right
1125,1125,106,0.04,0.03,1.0,3,Yaw Right
1126,1126,107,0.04,0.03,1.0,3,Yaw Right
1127,1127,108,0.04,0.03,1.0,3,Yaw Right
1128,1128,109,0.04,0.02,1.0,3,Yaw Right
1129,1129,110,0.04,0.02,1.0,3,Yaw Right
1130,1130,111,0.04,0.02,1.0,3,Yaw Right
1131,1131,112,0.04,0.03,1.0,3,Yaw Right
1132,1132,113,0.04,0.02,1.0,3,Yaw Right
1133,1133,114,0.04,0.03,1.0,3,Yaw Right
1134,1134,115,0.04,0.03,1.0,3,Yaw Right
1135,1135,116,0.04,0.03,1.0,3,Yaw Right
1136,1136,117,0.04,0.03,1.0,3,Yaw Right
1137,1137,118,0.04,0.02,1.0,3,Yaw Right
1138,1138,119,0.04,0.02,1.0,3,Yaw Right
1139,1139,120,0.03,0.03,1.01,3,Yaw Right
1140,1140,121,0.04,0.02,1.0,3,Yaw Right
1141,1141,122,0.04,0.03,1.0,3,Yaw Right
1142,1142,123,0.04,0.03,1.0,3,Yaw Right
1143,1143,124,0.04,0.02,1.0,3,Yaw Right
1144,1144,125,0.04,0.02,1.0,3,Yaw Right
1145,1145,126,0.04,0.03,1.0,3,Yaw Right
1146,1146,127,0.04,0.03,1.0,3,Yaw Right
1147,1147,128,0.04,0.02,1.0,3,Yaw Right
1148,1148,129,0.04,0.03,1.0,3,Yaw Right
1149,1149,130,0.04,0.03,1.0,3,Yaw Right
1150,1150,131,0.04,0.02,1.0,3,Yaw Right
1151,1151,132,0.04,0.02,1.0,3,Yaw Right
1152,1152,133,0.04,0.02,1.0,3,Yaw Right
1153,1153,134,0.04,0.0,1.0,3,Yaw Right
1154,1154,135,-0.02,-0.13,1.1,3,Yaw Right
1155,1155,136,0.09,-0.17,1.02,3,Yaw Right
1156,1156,137,0.05,-0.0,1.0,3,Yaw Right
1157,1157,138,0.02,0.16,0.91,3,Yaw Right
1158,1158,139,0.03,0.25,0.95,3,Yaw Right
1159,1159,140,0.03,0.14,1.0,3,Yaw Right
1160,1160,141,0.08,0.18,1.0,3,Yaw Right
1161,1161,142,0.04,0.34,0.99,3,Yaw Right
1162,1162,143,-0.09,0.45,1.02,3,Yaw Right
1163,1163,144,-0.0,-0.04,0.86,3,Yaw Right
1164,1164,145,0.04,-0.12,0.97,3,Yaw Right
1165,1165,146,0.04,-0.16,1.06,3,Yaw Right
1166,1166,147,0.03,0.01,0.99,3,Yaw Right
1167,1167,148,0.04,0.07,1.02,3,Yaw Right
1168,1168,149,0.04,0.03,1.0,3,Yaw Right
1169,1169,150,0.04,0.03,1.0,3,Yaw Right
1170,1170,151,0.04,0.03,1.0,3,Yaw Right
1171,1171,152,0.04,0.02,1.0,3,Yaw Right
1172,1172,153,0.04,0.02,1.0,3,Yaw Right
1173,1173,154,0.04,0.03,1.0,3,Yaw Right
1174,1174,155,0.04,0.04,1.0,3,Yaw Right
1175,1175,156,0.04,0.03,1.0,3,Yaw Right
1176,1176,157,0.04,0.03,1.0,3,Yaw Right
1177,1177,158,0.03,0.03,1.0,3,Yaw Right
1178,1178,159,0.04,0.02,1.0,3,Yaw Right
1179,1179,160,0.04,0.03,1.0,3,Yaw Right
1180,1180,161,0.04,0.03,1.0,3,Yaw Right
1181,1181,162,0.04,0.02,1.0,3,Yaw Right
1182,1182,163,0.04,0.02,1.0,3,Yaw Right
1183,1183,164,0.04,0.03,1.0,3,Yaw Right
1184,1184,165,0.04,0.03,1.0,3,Yaw Right
1185,1185,166,0.04,0.02,1.0,3,Yaw Right
1186,1186,167,0.04,0.03,1.0,3,Yaw Right
1187,1187,168,0.04,0.03,1.0,3,Yaw Right
1188,1188,169,0.04,0.03,1.0,3,Yaw Right
1189,1189,170,0.04,0.03,1.0,3,Yaw Right
1190,1190,171,0.04,0.02,1.0,3,Yaw Right
1191,1191,172,0.04,0.02,1.0,3,Yaw Right
1192,1192,173,0.04,0.03,1.0,3,Yaw Right
1193,1193,174,0.04,0.03,1.0,3,Yaw Right
1194,1194,175,0.04,0.03,1.0,3,Yaw Right
1195,1195,176,0.04,0.03,1.0,3,Yaw Right
1196,1196,177,0.04,0.03,1.0,3,Yaw Right
1197,1197,178,0.04,0.03,1.0,3,Yaw Right
1198,1198,179,0.04,0.03,1.0,3,Yaw Right
1199,1199,180,0.04,0.03,1.0,3,Yaw Right
1200,1200,181,-0.08,-0.1,1.19,3,Yaw Right
1201,1201,182,0.04,-0.06,0.95,3,Yaw Right
1202,1202,183,0.12,-0.2,1.0,3,Yaw Right
1203,1203,184,0.09,0.16,0.86,3,Yaw Right
1204,1204,185,0.05,0.18,1.0,3,Yaw Right
1205,1205,186,0.04,0.12,1.03,3,Yaw Right
1206,1206,187,0.05,0.14,1.01,3,Yaw Right
1207,1207,188,0.01,0.26,0.97,3,Yaw Right
1208,1208,189,0.08,0.23,0.99,3,Yaw Right
1209,1209,190,0.11,-0.07,0.93,3,Yaw Right
1210,1210,191,0.13,-0.19,0.98,3,Yaw Right
1211,1211,192,0.08,-0.04,1.04,3,Yaw Right
1212,1212,193,0.08,-0.17,1.19,3,Yaw Right
1213,1213,194,0.14,-0.01,0.82,3,Yaw Right
1214,1214,195,0.05,0.02,1.0,3,Yaw Right
1215,1215,196,0.04,0.02,1.0,3,Yaw Right
1216,1216,197,0.04,0.03,1.0,3,Yaw Right
1217,1217,198,0.04,0.02,1.0,3,Yaw Right
1218,1218,199,0.04,0.03,1.0,3,Yaw Right
1219,1219,200,0.04,0.03,1.0,3,Yaw Right
1220,1220,201,0.04,0.02,1.0,3,Yaw Right
1221,1221,202,0.04,0.03,1.0,3,Yaw Right
1222,1222,203,0.03,0.03,1.0,3,Yaw Right
1223,1223,204,0.04,0.02,1.0,3,Yaw Right
1224,1224,205,0.04,0.03,1.0,3,Yaw Right
1225,1225,206,0.04,0.02,1.0,3,Yaw Right
1226,1226,207,0.04,0.02,1.0,3,Yaw Right
1227,1227,208,0.04,0.02,1.0,3,Yaw Right
1228,1228,209,0.04,0.03,1.0,3,Yaw Right
1229,1229,210,0.04,0.03,1.0,3,Yaw Right
1230,1230,211,0.04,0.02,1.0,3,Yaw Right
1231,1231,212,0.04,0.03,1.0,3,Yaw Right
1232,1232,213,0.04,0.03,1.0,3,Yaw Right
1233,1233,214,0.04,0.02,1.0,3,Yaw Right
1234,1234,215,0.04,0.03,1.0,3,Yaw Right
1235,1235,216,0.04,0.03,1.0,3,Yaw Right
1236,1236,217,0.04,0.03,1.0,3,Yaw Right
1237,1237,218,0.04,0.02,1.0,3,Yaw Right
1238,1238,219,0.04,0.02,1.0,3,Yaw Right
1239,1239,220,0.04,0.03,1.0,3,Yaw Right
1240,1240,221,0.04,0.03,1.0,3,Yaw Right
1241,1241,222,0.04,0.03,1.0,3,Yaw Right
1242,1242,223,0.04,0.03,1.0,3,Yaw Right
1243,1243,224,0.04,0.02,1.0,3,Yaw Right
1244,1244,225,0.05,-0.07,1.02,3,Yaw Right
1245,1245,226,-0.05,-0.12,0.99,3,Yaw Right
1246,1246,227,0.16,-0.08,0.96,3,Yaw Right
1247,1247,228,0.06,-0.03,1.0,3,Yaw Right
1248,1248,229,0.03,0.2,0.96,3,Yaw Right
1249,1249,230,0.03,0.18,1.02,3,Yaw Right
1250,1250,231,0.06,0.05,1.04,3,Yaw Right
1251,1251,232,0.03,0.19,1.0,3,Yaw Right
1252,1252,233,0.01,0.28,0.93,3,Yaw Right
1253,1253,234,0.05,0.18,1.02,3,Yaw Right
1254,1254,235,0.07,-0.24,1.0,3,Yaw Right
1255,1255,236,0.05,-0.2,0.97,3,Yaw Right
1256,1256,237,0.05,-0.0,1.04,3,Yaw Right
1257,1257,238,0.04,0.01,0.99,3,Yaw Right
1258,1258,239,0.05,0.0,0.99,3,Yaw Right
1259,1259,240,0.04,0.03,1.0,3,Yaw Right
1260,1260,241,0.04,0.02,1.0,3,Yaw Right
1261,1261,242,0.04,0.02,1.0,3,Yaw Right
1262,1262,243,0.04,0.03,1.0,3,Yaw Right
1263,1263,244,0.04,0.02,1.0,3,Yaw Right
1264,1264,245,0.04,0.02,1.0,3,Yaw Right
1265,1265,246,0.04,0.03,1.0,3,Yaw Right
1266,1266,247,0.04,0.03,1.0,3,Yaw Right
1267,1267,248,0.04,0.03,1.0,3,Yaw Right
1268,1268,249,0.04,0.02,1.0,3,Yaw Right
1269,1269,250,0.04,0.03,1.0,3,Yaw Right
1270,1270,251,0.04,0.03,1.0,3,Yaw Right
1271,1271,252,0.04,0.02,1.0,3,Yaw Right
1272,1272,253,0.04,0.02,1.0,3,Yaw Right
1273,1273,254,0.04,0.02,1.0,3,Yaw Right
1274,1274,255,0.04,0.03,1.0,3,Yaw Right
1275,1275,256,0.04,0.03,1.0,3,Yaw Right
1276,1276,257,0.04,0.02,1.0,3,Yaw Right
1277,1277,258,0.04,0.02,1.0,3,Yaw Right
1278,1278,259,0.04,0.03,1.0,3,Yaw Right
1279,1279,260,0.04,0.03,1.0,3,Yaw Right
1280,1280,261,0.04,0.03,1.0,3,Yaw Right
1281,1281,262,0.04,0.02,1.0,3,Yaw Right
1282,1282,263,0.04,0.02,1.0,3,Yaw Right
1283,1283,264,0.04,0.03,1.0,3,Yaw Right
1284,1284,265,0.04,0.03,1.0,3,Yaw Right
1285,1285,266,0.04,0.03,1.0,3,Yaw Right
1286,1286,267,0.04,0.02,1.0,3,Yaw Right
1287,1287,268,0.04,0.03,1.0,3,Yaw Right
1288,1288,269,0.04,0.02,1.0,3,Yaw Right
1289,1289,270,0.0,0.08,1.01,3,Yaw Right
1290,1290,271,0.0,-0.08,1.21,3,Yaw Right
1291,1291,272,0.05,-0.16,0.99,3,Yaw Right
1292,1292,273,0.18,0.11,0.94,3,Yaw Right
1293,1293,274,0.11,0.01,0.88,3,Yaw Right
1294,1294,275,0.03,0.22,0.98,3,Yaw Right
1295,1295,276,0.03,0.22,1.04,3,Yaw Right
1296,1296,277,0.09,0.06,1.02,3,Yaw Right
1297,1297,278,0.05,0.16,0.97,3,Yaw Right
1298,1298,279,-0.03,0.35,0.98,3,Yaw Right
1299,1299,280,0.0,0.21,0.96,3,Yaw Right
1300,1300,281,0.07,-0.18,0.88,3,Yaw Right
1301,1301,282,0.11,-0.15,0.99,3,Yaw Right
1302,1302,283,0.05,-0.11,1.02,3,Yaw Right
1303,1303,284,0.07,-0.07,1.09,3,Yaw Right
1304,1304,285,0.05,0.03,1.0,3,Yaw Right
1305,1305,286,0.04,0.02,1.0,3,Yaw Right
1306,1306,287,0.04,0.03,1.0,3,Yaw Right
1307,1307,288,0.04,0.03,1.0,3,Yaw Right
1308,1308,289,0.04,0.03,1.0,3,Yaw Right
1309,1309,290,0.04,0.03,1.0,3,Yaw Right
1310,1310,291,0.04,0.02,1.0,3,Yaw Right
1311,1311,292,0.04,0.03,1.0,3,Yaw Right
1312,1312,293,0.04,0.03,1.0,3,Yaw Right
1313,1313,294,0.04,0.03,1.0,3,Yaw Right
1314,1314,295,0.04,0.03,1.01,3,Yaw Right
1315,1315,296,0.04,0.03,1.0,3,Yaw Right
1316,1316,297,0.04,0.03,1.0,3,Yaw Right
1317,1317,298,0.04,0.03,1.0,3,Yaw Right
1318,1318,299,0.04,0.03,1.0,3,Yaw Right
1319,1319,300,0.04,0.03,1.0,3,Yaw Right
1320,1320,301,0.04,0.03,1.0,3,Yaw Right
1321,1321,302,0.04,0.02,1.0,3,Yaw Right
1322,1322,303,0.04,0.03,1.0,3,Yaw Right
1323,1323,304,0.04,0.02,1.0,3,Yaw Right
1324,1324,305,0.04,0.03,1.0,3,Yaw Right
1325,1325,306,0.04,0.02,1.0,3,Yaw Right
1326,1326,307,0.04,0.02,1.0,3,Yaw Right
1327,1327,308,0.04,0.02,1.0,3,Yaw Right
1328,1328,309,0.04,0.02,1.0,3,Yaw Right
1329,1329,310,0.04,0.02,1.0,3,Yaw Right
1330,1330,311,0.04,0.03,1.0,3,Yaw Right
1331,1331,312,0.04,0.03,1.0,3,Yaw Right
1332,1332,313,0.05,-0.01,1.02,3,Yaw Right
1333,1333,314,-0.04,-0.1,1.0,3,Yaw Right
1334,1334,315,0.06,-0.12,1.02,3,Yaw Right
1335,1335,316,0.13,0.03,0.95,3,Yaw Right
1336,1336,317,0.12,0.03,1.0,3,Yaw Right
1337,1337,318,0.04,0.23,0.94,3,Yaw Right
1338,1338,319,0.04,0.08,1.03,3,Yaw Right
1339,1339,320,0.06,0.2,1.02,3,Yaw Right
1340,1340,321,0.07,0.2,1.0,3,Yaw Right
1341,1341,322,0.06,0.25,0.97,3,Yaw Right
1342,1342,323,0.01,0.28,0.96,3,Yaw Right
1343,1343,324,0.01,0.39,1.02,3,Yaw Right
1344,1344,325,0.01,-0.09,0.87,3,Yaw Right
1345,1345,326,0.07,-0.09,0.96,3,Yaw Right
1346,1346,327,0.08,-0.04,1.06,3,Yaw Right
1347,1347,328,0.07,-0.01,0.91,3,Yaw Right
1348,1348,329,0.06,0.02,0.96,3,Yaw Right
1349,1349,330,0.03,0.02,1.0,3,Yaw Right
1350,1350,331,0.04,0.02,1.0,3,Yaw Right
1351,1351,332,0.04,0.02,1.0,3,Yaw Right
1352,1352,333,0.04,0.02,1.0,3,Yaw Right
1353,1353,334,0.04,0.02,1.0,3,Yaw Right
1354,1354,335,0.04,0.03,1.0,3,Yaw Right
1355,1355,336,0.04,0.03,1.0,3,Yaw Right
1356,1356,337,0.04,0.02,1.0,3,Yaw Right
1357,1357,338,0.04,0.03,1.0,3,Yaw Right
1358,1358,339,0.04,0.03,1.0,3,Yaw Right
1359,1359,340,0.04,0.02,1.0,3,Yaw Right
1360,1360,341,0.04,0.03,1.0,3,Yaw Right
1361,1361,342,0.04,0.02,1.0,3,Yaw Right
1362,1362,343,0.04,0.03,1.0,3,Yaw Right
1363,1363,344,0.04,0.02,1.0,3,Yaw Right
1364,1364,345,0.04,0.02,1.0,3,Yaw Right
1365,1365,346,0.04,0.03,1.0,3,Yaw Right
1366,1366,347,0.04,0.03,1.0,3,Yaw Right
1367,1367,348,0.04,0.02,1.0,3,Yaw Right
1368,1368,349,0.04,0.02,1.0,3,Yaw Right
1369,1369,350,0.04,0.02,1.0,3,Yaw Right
1370,1370,351,0.04,0.03,1.0,3,Yaw Right
1371,1371,352,0.04,0.03,1.0,3,Yaw Right
1372,1372,353,0.04,0.03,1.0,3,Yaw Right
1373,1373,354,0.04,0.02,1.0,3,Yaw Right
1374,1374,355,0.04,0.03,1.0,3,Yaw Right
1375,1375,356,0.04,0.03,1.0,3,Yaw Right
1376,1376,357,0.02,0.01,1.01,3,Yaw Right
1377,1377,358,0.0,-0.21,1.24,3,Yaw Right
1378,1378,359,0.07,-0.12,0.91,3,Yaw Right
1379,1379,360,0.11,-0.03,0.95,3,Yaw Right
1380,1380,361,0.07,0.21,0.93,3,Yaw Right
1381,1381,362,0.07,0.05,1.08,3,Yaw Right
1382,1382,363,0.05,0.25,0.99,3,Yaw Right
1383,1383,364,0.02,0.16,1.01,3,Yaw Right
1384,1384,365,0.0,0.24,1.0,3,Yaw Right
1385,1385,366,-0.0,0.38,0.93,3,Yaw Right
1386,1386,367,-0.03,0.01,1.0,3,Yaw Right
1387,1387,368,0.09,-0.11,0.95,3,Yaw Right
1388,1388,369,0.11,-0.05,1.12,3,Yaw Right
1389,1389,370,0.06,0.04,1.0,3,Yaw Right
1390,1390,371,0.04,0.01,1.0,3,Yaw Right
1391,1391,372,0.04,0.02,1.0,3,Yaw Right
1392,1392,373,0.04,0.03,1.0,3,Yaw Right
1393,1393,374,0.04,0.03,1.0,3,Yaw Right
1394,1394,375,0.03,0.03,1.0,3,Yaw Right
1395,1395,376,0.04,0.02,1.01,3,Yaw Right
1396,1396,377,0.04,0.02,1.0,3,Yaw Right
1397,1397,378,0.04,0.02,1.0,3,Yaw Right
1398,1398,379,0.04,0.03,1.0,3,Yaw Right
1399,1399,380,0.04,0.03,1.0,3,Yaw Right
1400,1400,381,0.04,0.03,1.0,3,Yaw Right
1401,1401,382,0.04,0.02,1.0,3,Yaw Right
1402,1402,383,0.04,0.03,1.0,3,Yaw Right
1403,1403,384,0.04,0.02,1.0,3,Yaw Right
1404,1404,385,0.04,0.03,1.0,3,Yaw Right
1405,1405,386,0.04,0.02,1.0,3,Yaw Right
1406,1406,387,0.04,0.03,1.0,3,Yaw Right
1407,1407,388,0.04,0.03,1.0,3,Yaw Right
1408,1408,389,0.04,0.03,1.0,3,Yaw Right
1409,1409,390,0.04,0.02,1.0,3,Yaw Right
1410,1410,391,0.04,0.03,1.0,3,Yaw Right
1411,1411,392,0.03,0.03,1.0,3,Yaw Right
1412,1412,393,0.04,0.03,1.0,3,Yaw Right
1413,1413,394,0.04,0.02,1.0,3,Yaw Right
1414,1414,395,0.04,0.03,1.0,3,Yaw Right
1415,1415,396,0.04,0.02,1.0,3,Yaw Right
1416,1416,397,0.04,0.03,1.0,3,Yaw Right
1417,1417,398,0.04,0.03,1.0,3,Yaw Right
1418,1418,399,0.04,0.03,1.0,3,Yaw Right
1419,1419,400,0.04,0.03,1.0,3,Yaw Right
1420,1420,401,0.03,0.03,1.0,3,Yaw Right
1421,1421,402,0.04,0.02,1.0,3,Yaw Right
1422,1422,403,0.04,-0.06,1.0,3,Yaw Right
1423,1423,404,-0.01,-0.02,1.06,3,Yaw Right
1424,1424,405,0.02,0.0,0.99,3,Yaw Right
1425,1425,406,0.1,0.11,0.98,3,Yaw Right
1426,1426,407,0.05,0.25,0.94,3,Yaw Right
1427,1427,408,0.02,0.21,0.99,3,Yaw Right
1428,1428,409,0.03,0.18,1.0,3,Yaw Right
1429,1429,410,0.04,0.17,1.01,3,Yaw Right
1430,1430,411,0.02,0.28,0.99,3,Yaw Right
1431,1431,412,-0.02,0.28,0.96,3,Yaw Right
1432,1432,413,0.02,0.22,1.03,3,Yaw Right
1433,1433,414,-0.02,-0.11,0.95,3,Yaw Right
1434,1434,415,0.05,0.0,1.05,3,Yaw Right
1435,1435,416,0.02,0.07,1.01,3,Yaw Right
1436,1436,417,0.02,0.11,1.07,3,Yaw Right
1437,1437,418,-0.0,0.04,1.0,3,Yaw Right
1438,1438,419,0.04,0.03,1.0,3,Yaw Right
1439,1439,420,0.04,0.02,1.0,3,Yaw Right
1440,1440,421,0.04,0.03,1.0,3,Yaw Right
1441,1441,422,0.04,0.02,1.0,3,Yaw Right
1442,1442,423,0.04,0.03,1.0,3,Yaw Right
1443,1443,424,0.04,0.03,1.0,3,Yaw Right
1444,1444,425,0.04,0.03,1.0,3,Yaw Right
1445,1445,426,0.04,0.02,1.0,3,Yaw Right
1446,1446,427,0.04,0.02,1.0,3,Yaw Right
1447,1447,428,0.04,0.03,1.0,3,Yaw Right
1448,1448,429,0.04,0.02,1.0,3,Yaw Right
1449,1449,430,0.04,0.03,1.0,3,Yaw Right
1450,1450,431,0.04,0.03,1.0,3,Yaw Right
1451,1451,432,0.04,0.03,1.0,3,Yaw Right
1452,1452,433,0.04,0.03,1.0,3,Yaw Right
1453,1453,434,0.04,0.02,1.0,3,Yaw Right
1454,1454,435,0.04,0.02,1.0,3,Yaw Right
1455,1455,436,0.04,0.03,1.0,3,Yaw Right
1456,1456,437,0.04,0.02,1.0,3,Yaw Right
1457,1457,438,0.04,0.03,1.0,3,Yaw Right
1458,1458,439,0.04,0.03,1.0,3,Yaw Right
1459,1459,440,0.04,0.02,1.0,3,Yaw Right
1460,1460,441,0.04,0.02,1.0,3,Yaw Right
1461,1461,442,0.04,0.03,1.0,3,Yaw Right
1462,1462,443,0.04,0.02,1.0,3,Yaw Right
1463,1463,444,0.04,0.02,1.0,3,Yaw Right
1464,1464,445,0.02,0.02,1.0,3,Yaw Right
1465,1465,446,0.02,-0.02,1.04,3,Yaw Right
1466,1466,447,0.11,-0.12,1.03,3,Yaw Right
1467,1467,448,0.12,0.05,0.98,3,Yaw Right
1468,1468,449,0.14,0.05,0.97,3,Yaw Right
1469,1469,450,0.11,0.25,0.91,3,Yaw Right
1470,1470,451,0.04,0.2,0.97,3,Yaw Right
1471,1471,452,0.04,0.17,1.01,3,Yaw Right
1472,1472,453,0.04,0.24,1.01,3,Yaw Right
1473,1473,454,0.04,0.18,1.0,3,Yaw Right
1474,1474,455,0.02,0.23,0.99,3,Yaw Right
1475,1475,456,0.04,0.18,1.0,3,Yaw Right
1476,1476,457,0.0,0.16,0.97,3,Yaw Right
1477,1477,458,0.03,-0.15,0.98,3,Yaw Right
1478,1478,459,0.03,-0.24,1.13,3,Yaw Right
1479,1479,460,0.02,0.06,0.98,3,Yaw Right
1480,1480,461,0.02,0.0,1.02,3,Yaw Right
1481,1481,462,0.01,0.04,0.99,3,Yaw Right
1482,1482,463,0.04,0.02,1.0,3,Yaw Right
1483,1483,464,0.04,0.02,1.0,3,Yaw Right
1484,1484,465,0.04,0.03,1.0,3,Yaw Right
1485,1485,466,0.04,0.02,1.0,3,Yaw Right
1486,1486,467,0.04,0.02,1.0,3,Yaw Right
1487,1487,468,0.04,0.03,1.0,3,Yaw Right
1488,1488,469,0.04,0.03,1.0,3,Yaw Right
1489,1489,470,0.04,0.03,1.0,3,Yaw Right
1490,1490,471,0.04,0.02,1.0,3,Yaw Right
1491,1491,472,0.04,0.03,1.0,3,Yaw Right
1492,1492,473,0.04,0.03,1.0,3,Yaw Right
1493,1493,474,0.04,0.02,1.0,3,Yaw Right
1494,1494,475,0.04,0.02,1.0,3,Yaw Right
1495,1495,476,0.04,0.03,1.0,3,Yaw Right
1496,1496,477,0.04,0.03,1.0,3,Yaw Right
1497,1497,478,0.04,0.03,1.0,3,Yaw Right
1498,1498,479,0.04,0.03,1.0,3,Yaw Right
1499,1499,480,0.04,0.02,1.0,3,Yaw Right
1500,1500,481,0.04,0.02,1.0,3,Yaw Right
1501,1501,482,0.04,0.02,1.0,3,Yaw Right
1502,1502,483,0.04,0.03,1.0,3,Yaw Right
1503,1503,484,0.04,0.03,1.0,3,Yaw Right
1504,1504,485,0.04,0.02,1.0,3,Yaw Right
1505,1505,486,0.04,0.02,1.0,3,Yaw Right
1506,1506,487,0.04,0.03,1.0,3,Yaw Right
1507,1507,488,0.04,0.02,1.0,3,Yaw Right
1508,1508,489,0.04,0.03,1.0,3,Yaw Right
1509,1509,490,0.04,0.02,1.0,3,Yaw Right
1510,1510,491,0.04,0.03,1.0,3,Yaw Right
1511,1511,492,0.04,0.02,1.01,3,Yaw Right
1512,1512,493,0.04,-0.15,1.18,3,Yaw Right
1513,1513,494,0.05,-0.17,0.97,3,Yaw Right
1514,1514,495,0.1,-0.06,0.9,3,Yaw Right
1515,1515,496,0.16,0.08,0.9,3,Yaw Right
1516,1516,497,0.05,0.19,0.97,3,Yaw Right
1517,1517,498,0.05,0.31,1.03,3,Yaw Right
1518,1518,499,0.02,0.25,0.99,3,Yaw Right
1519,1519,500,0.04,0.15,1.02,3,Yaw Right
1520,1520,501,0.02,0.29,1.0,3,Yaw Right
1521,1521,502,-0.02,0.38,0.9,3,Yaw Right
1522,1522,503,-0.09,0.36,1.02,3,Yaw Right
1523,1523,504,0.08,-0.14,0.85,3,Yaw Right
1524,1524,505,0.09,-0.12,1.06,3,Yaw Right
1525,1525,506,0.06,-0.01,1.1,3,Yaw Right
1526,1526,507,0.02,-0.04,0.98,3,Yaw Right
1527,1527,508,0.02,0.06,1.0,3,Yaw Right
1528,1528,509,0.03,0.01,1.01,3,Yaw Right
1529,1529,510,0.04,0.03,1.0,3,Yaw Right
1530,1530,511,0.04,0.03,1.0,3,Yaw Right
1531,1531,512,0.04,0.03,1.0,3,Yaw Right
1532,1532,513,0.04,0.03,1.0,3,Yaw Right
1533,1533,514,0.04,0.03,1.0,3,Yaw Right
1534,1534,515,0.04,0.03,1.0,3,Yaw Right
1535,1535,516,0.04,0.03,1.0,3,Yaw Right
1536,1536,517,0.04,0.03,1.0,3,Yaw Right
1537,1537,518,0.04,0.03,1.0,3,Yaw Right
1538,1538,519,0.04,0.03,1.0,3,Yaw Right
1539,1539,520,0.04,0.03,1.0,3,Yaw Right
1540,1540,521,0.04,0.02,1.0,3,Yaw Right
1541,1541,522,0.04,0.03,1.0,3,Yaw Right
1542,1542,523,0.04,0.03,1.0,3,Yaw Right
1543,1543,524,0.04,0.02,1.0,3,Yaw Right
1544,1544,525,0.04,0.02,1.0,3,Yaw Right
1545,1545,526,0.04,0.03,1.0,3,Yaw Right
1546,1546,527,0.04,0.02,1.0,3,Yaw Right
1547,1547,528,0.04,0.03,1.0,3,Yaw Right
1548,1548,529,0.04,0.03,1.0,3,Yaw Right
1549,1549,530,0.04,0.03,1.0,3,Yaw Right
1550,1550,531,0.04,0.03,1.0,3,Yaw Right
1551,1551,532,0.04,0.02,1.0,3,Yaw Right
1552,1552,533,0.04,0.02,1.0,3,Yaw Right
1553,1553,534,0.04,0.03,1.0,3,Yaw Right
1554,1554,535,0.04,0.03,1.0,3,Yaw Right
1555,1555,536,0.04,0.02,1.0,3,Yaw Right
1556,1556,537,0.04,0.02,1.0,3,Yaw Right
1557,1557,538,0.04,0.03,1.0,3,Yaw Right
1558,1558,539,0.04,0.02,1.0,3,Yaw Right
1559,1559,540,0.04,0.02,1.0,3,Yaw Right
1560,1560,0,0.04,0.05,1.0,4,Yaw Right
1561,1561,1,0.04,0.04,1.0,4,Yaw Right
1562,1562,2,0.04,0.04,1.0,4,Yaw Right
1563,1563,3,0.04,0.05,1.0,4,Yaw Right
1564,1564,4,0.04,0.05,1.0,4,Yaw Right
1565,1565,5,0.04,0.05,1.0,4,Yaw Right
1566,1566,6,0.04,0.05,1.0,4,Yaw Right
1567,1567,7,0.04,0.05,1.0,4,Yaw Right
1568,1568,8,0.04,0.05,1.0,4,Yaw Right
1569,1569,9,0.04,0.04,1.0,4,Yaw Right
1570,1570,10,0.04,0.04,1.0,4,Yaw Right
1571,1571,11,0.04,0.05,0.99,4,Yaw Right
1572,1572,12,0.04,0.05,1.0,4,Yaw Right
1573,1573,13,0.04,0.05,1.0,4,Yaw Right
1574,1574,14,0.04,0.04,1.0,4,Yaw Right
1575,1575,15,0.04,0.05,1.0,4,Yaw Right
1576,1576,16,0.04,0.05,1.0,4,Yaw Right
1577,1577,17,0.04,0.05,1.0,4,Yaw Right
1578,1578,18,0.04,0.05,1.0,4,Yaw Right
1579,1579,19,0.04,0.05,1.0,4,Yaw Right
1580,1580,20,0.04,0.05,1.01,4,Yaw Right
1581,1581,21,0.04,0.05,1.01,4,Yaw Right
1582,1582,22,0.03,0.05,1.0,4,Yaw Right
1583,1583,23,0.04,0.05,1.0,4,Yaw Right
1584,1584,24,0.03,0.04,1.0,4,Yaw Right
1585,1585,25,0.04,0.05,1.0,4,Yaw Right
1586,1586,26,0.04,0.05,1.0,4,Yaw Right
1587,1587,27,0.03,0.05,1.0,4,Yaw Right
1588,1588,28,0.04,0.05,1.0,4,Yaw Right
1589,1589,29,0.04,0.05,1.0,4,Yaw Right
1590,1590,30,0.04,0.05,1.0,4,Yaw Right
1591,1591,31,0.04,0.05,1.0,4,Yaw Right
1592,1592,32,0.04,0.05,1.0,4,Yaw Right
1593,1593,33,0.04,0.05,1.0,4,Yaw Right
1594,1594,34,0.03,0.04,1.0,4,Yaw Right
1595,1595,35,0.03,0.06,1.01,4,Yaw Right
1596,1596,36,0.03,0.0,1.23,4,Yaw Right
1597,1597,37,-0.01,0.11,0.99,4,Yaw Right
1598,1598,38,0.04,0.02,0.96,4,Yaw Right
1599,1599,39,0.01,-0.01,0.97,4,Yaw Right
1600,1600,40,-0.03,0.04,1.02,4,Yaw Right
1601,1601,41,0.02,0.19,0.99,4,Yaw Right
1602,1602,42,0.05,0.02,0.98,4,Yaw Right
1603,1603,43,0.15,0.3,0.91,4,Yaw Right
1604,1604,44,0.06,0.41,1.0,4,Yaw Right
1605,1605,45,0.0,0.15,0.98,4,Yaw Right
1606,1606,46,-0.04,0.14,1.01,4,Yaw Right
1607,1607,47,-0.05,0.24,1.02,4,Yaw Right
1608,1608,48,-0.04,0.18,1.0,4,Yaw Right
1609,1609,49,-0.0,0.05,1.0,4,Yaw Right
1610,1610,50,0.13,-0.01,1.04,4,Yaw Right
1611,1611,51,0.09,-0.05,0.94,4,Yaw Right
1612,1612,52,0.07,-0.04,0.95,4,Yaw Right
1613,1613,53,0.05,-0.04,0.94,4,Yaw Right
1614,1614,54,0.05,-0.0,1.03,4,Yaw Right
1615,1615,55,0.02,-0.02,1.0,4,Yaw Right
1616,1616,56,0.05,0.0,0.98,4,Yaw Right
1617,1617,57,0.03,0.03,1.05,4,Yaw Right
1618,1618,58,0.02,0.05,1.0,4,Yaw Right
1619,1619,59,0.05,0.05,1.01,4,Yaw Right
1620,1620,60,0.04,0.04,1.0,4,Yaw Right
1621,1621,61,0.03,0.05,1.0,4,Yaw Right
1622,1622,62,0.04,0.05,1.0,4,Yaw Right
1623,1623,63,0.04,0.05,1.0,4,Yaw Right
1624,1624,64,0.04,0.05,1.0,4,Yaw Right
1625,1625,65,0.03,0.05,1.0,4,Yaw Right
1626,1626,66,0.04,0.05,1.0,4,Yaw Right
1627,1627,67,0.03,0.05,1.0,4,Yaw Right
1628,1628,68,0.04,0.05,1.0,4,Yaw Right
1629,1629,69,0.04,0.05,1.0,4,Yaw Right
1630,1630,70,0.04,0.05,1.0,4,Yaw Right
1631,1631,71,0.04,0.05,1.0,4,Yaw Right
1632,1632,72,0.04,0.04,1.0,4,Yaw Right
1633,1633,73,0.04,0.05,1.0,4,Yaw Right
1634,1634,74,0.04,0.05,1.0,4,Yaw Right
1635,1635,75,0.04,0.05,1.0,4,Yaw Right
1636,1636,76,0.04,0.05,1.0,4,Yaw Right
1637,1637,77,0.04,0.05,1.0,4,Yaw Right
1638,1638,78,0.04,0.05,1.0,4,Yaw Right
1639,1639,79,0.04,0.05,1.0,4,Yaw Right
1640,1640,80,0.04,0.04,1.0,4,Yaw Right
1641,1641,81,0.04,0.04,1.0,4,Yaw Right
1642,1642,82,0.04,0.05,1.0,4,Yaw Right
1643,1643,83,0.03,0.05,1.0,4,Yaw Right
1644,1644,84,0.04,0.05,1.0,4,Yaw Right
1645,1645,85,0.04,0.05,1.0,4,Yaw Right
1646,1646,86,0.04,0.05,1.0,4,Yaw Right
1647,1647,87,0.04,0.05,1.0,4,Yaw Right
1648,1648,88,0.04,0.04,1.0,4,Yaw Right
1649,1649,89,0.04,0.05,1.0,4,Yaw Right
1650,1650,90,0.04,0.05,1.0,4,Yaw Right
1651,1651,91,0.04,0.05,1.0,4,Yaw Right
1652,1652,92,0.04,0.05,1.0,4,Yaw Right
1653,1653,93,0.03,0.04,1.0,4,Yaw Right
1654,1654,94,0.04,0.05,1.0,4,Yaw Right
1655,1655,95,0.01,0.07,1.05,4,Yaw Right
1656,1656,96,-0.02,0.03,1.01,4,Yaw Right
1657,1657,97,0.04,0.03,0.93,4,Yaw Right
1658,1658,98,0.04,-0.16,1.02,4,Yaw Right
1659,1659,99,0.04,-0.07,0.96,4,Yaw Right
1660,1660,100,0.11,0.1,1.03,4,Yaw Right
1661,1661,101,0.13,-0.02,0.99,4,Yaw Right
1662,1662,102,0.17,0.11,1.01,4,Yaw Right
1663,1663,103,0.15,0.12,0.98,4,Yaw Right
1664,1664,104,0.12,0.17,0.97,4,Yaw Right
1665,1665,105,0.04,0.32,1.09,4,Yaw Right
1666,1666,106,0.03,0.17,1.07,4,Yaw Right
1667,1667,107,0.01,0.24,0.97,4,Yaw Right
1668,1668,108,0.07,0.26,1.0,4,Yaw Right
1669,1669,109,0.15,0.26,0.93,4,Yaw Right
1670,1670,110,0.2,0.07,0.82,4,Yaw Right
1671,1671,111,0.11,0.11,0.9,4,Yaw Right
1672,1672,112,0.07,-0.07,1.04,4,Yaw Right
1673,1673,113,0.1,-0.0,1.0,4,Yaw Right
1674,1674,114,0.04,-0.01,0.96,4,Yaw Right
1675,1675,115,0.05,-0.0,0.99,4,Yaw Right
1676,1676,116,0.02,-0.03,1.03,4,Yaw Right
1677,1677,117,0.0,0.01,0.95,4,Yaw Right
1678,1678,118,0.03,0.06,0.96,4,Yaw Right
1679,1679,119,0.04,0.05,1.04,4,Yaw Right
1680,1680,120,0.04,0.04,1.0,4,Yaw Right
1681,1681,121,0.04,0.04,1.0,4,Yaw Right
1682,1682,122,0.04,0.04,1.0,4,Yaw Right
1683,1683,123,0.04,0.04,1.0,4,Yaw Right
1684,1684,124,0.04,0.04,1.0,4,Yaw Right
1685,1685,125,0.04,0.04,1.0,4,Yaw Right
1686,1686,126,0.04,0.05,1.0,4,Yaw Right
1687,1687,127,0.04,0.05,1.0,4,Yaw Right
1688,1688,128,0.04,0.05,1.0,4,Yaw Right
1689,1689,129,0.04,0.05,1.0,4,Yaw Right
1690,1690,130,0.04,0.05,1.0,4,Yaw Right
1691,1691,131,0.04,0.04,1.0,4,Yaw Right
1692,1692,132,0.04,0.04,1.0,4,Yaw Right
1693,1693,133,0.04,0.05,1.0,4,Yaw Right
1694,1694,134,0.04,0.04,1.0,4,Yaw Right
1695,1695,135,0.04,0.04,1.0,4,Yaw Right
1696,1696,136,0.04,0.05,1.0,4,Yaw Right
1697,1697,137,0.04,0.04,1.0,4,Yaw Right
1698,1698,138,0.04,0.05,1.0,4,Yaw Right
1699,1699,139,0.04,0.04,1.0,4,Yaw Right
1700,1700,140,0.04,0.05,1.0,4,Yaw Right
1701,1701,141,0.04,0.05,1.0,4,Yaw Right
1702,1702,142,0.04,0.04,1.0,4,Yaw Right
1703,1703,143,0.04,0.04,1.0,4,Yaw Right
1704,1704,144,0.04,0.04,1.0,4,Yaw Right
1705,1705,145,0.04,0.05,1.0,4,Yaw Right
1706,1706,146,0.04,0.05,1.0,4,Yaw Right
1707,1707,147,0.06,0.11,1.0,4,Yaw Right
1708,1708,148,0.01,0.03,1.03,4,Yaw Right
1709,1709,149,-0.05,0.06,1.12,4,Yaw Right
1710,1710,150,0.06,0.07,0.94,4,Yaw Right
1711,1711,151,0.09,0.04,1.0,4,Yaw Right
1712,1712,152,0.11,0.02,0.96,4,Yaw Right
1713,1713,153,0.09,0.0,0.91,4,Yaw Right
1714,1714,154,0.1,0.07,1.04,4,Yaw Right
1715,1715,155,0.11,0.23,1.08,4,Yaw Right
1716,1716,156,0.25,0.08,1.0,4,Yaw Right
1717,1717,157,0.15,0.18,1.0,4,Yaw Right
1718,1718,158,0.12,0.3,1.04,4,Yaw Right
1719,1719,159,0.07,0.17,0.91,4,Yaw Right
1720,1720,160,0.12,0.58,0.97,4,Yaw Right
1721,1721,161,0.07,0.36,1.12,4,Yaw Right
1722,1722,162,0.12,0.38,1.07,4,Yaw Right
1723,1723,163,0.2,0.11,0.91,4,Yaw Right
1724,1724,164,0.23,-0.14,0.91,4,Yaw Right
1725,1725,165,0.1,0.04,1.04,4,Yaw Right
1726,1726,166,0.15,-0.05,1.0,4,Yaw Right
1727,1727,167,0.02,-0.04,1.02,4,Yaw Right
1728,1728,168,0.0,-0.0,0.99,4,Yaw Right
1729,1729,169,0.0,0.0,1.03,4,Yaw Right
1730,1730,170,0.0,0.0,1.02,4,Yaw Right
1731,1731,171,0.04,0.09,1.03,4,Yaw Right
1732,1732,172,0.06,0.07,1.02,4,Yaw Right
1733,1733,173,0.04,0.05,1.0,4,Yaw Right
1734,1734,174,0.04,0.04,1.0,4,Yaw Right
1735,1735,175,0.04,0.05,1.0,4,Yaw Right
1736,1736,176,0.04,0.05,1.0,4,Yaw Right
1737,1737,177,0.04,0.04,1.01,4,Yaw Right
1738,1738,178,0.04,0.05,1.0,4,Yaw Right
1739,1739,179,0.04,0.04,1.0,4,Yaw Right
1740,1740,180,0.04,0.04,1.0,4,Yaw Right
1741,1741,181,0.04,0.05,1.0,4,Yaw Right
1742,1742,182,0.04,0.04,1.0,4,Yaw Right
1743,1743,183,0.04,0.04,1.0,4,Yaw Right
1744,1744,184,0.04,0.05,1.0,4,Yaw Right
1745,1745,185,0.04,0.04,1.0,4,Yaw Right
1746,1746,186,0.04,0.05,1.0,4,Yaw Right
1747,1747,187,0.04,0.04,1.0,4,Yaw Right
1748,1748,188,0.04,0.04,1.0,4,Yaw Right
1749,1749,189,0.04,0.04,1.0,4,Yaw Right
1750,1750,190,0.04,0.05,1.0,4,Yaw Right
1751,1751,191,0.04,0.04,1.0,4,Yaw Right
1752,1752,192,0.04,0.05,1.0,4,Yaw Right
1753,1753,193,0.04,0.04,1.0,4,Yaw Right
1754,1754,194,0.04,0.04,1.0,4,Yaw Right
1755,1755,195,0.04,0.05,1.0,4,Yaw Right
1756,1756,196,0.04,0.05,1.0,4,Yaw Right
1757,1757,197,0.04,0.04,1.0,4,Yaw Right
1758,1758,198,0.04,0.05,1.0,4,Yaw Right
1759,1759,199,0.03,0.04,1.0,4,Yaw Right
1760,1760,200,0.03,0.0,1.01,4,Yaw Right
1761,1761,201,0.02,0.02,1.07,4,Yaw Right
1762,1762,202,0.07,0.01,0.9,4,Yaw Right
1763,1763,203,0.11,-0.04,0.93,4,Yaw Right
1764,1764,204,0.1,-0.02,0.97,4,Yaw Right
1765,1765,205,0.05,-0.08,0.97,4,Yaw Right
1766,1766,206,0.11,0.04,0.99,4,Yaw Right
1767,1767,207,0.18,0.21,0.99,4,Yaw Right
1768,1768,208,0.24,0.12,1.04,4,Yaw Right
1769,1769,209,0.18,-0.04,0.96,4,Yaw Right
1770,1770,210,0.11,0.27,1.07,4,Yaw Right
1771,1771,211,0.08,0.33,1.0,4,Yaw Right
1772,1772,212,0.12,0.25,0.86,4,Yaw Right
1773,1773,213,0.02,0.41,0.97,4,Yaw Right
1774,1774,214,0.15,0.2,0.98,4,Yaw Right
1775,1775,215,0.19,0.23,0.94,4,Yaw Right
1776,1776,216,0.14,0.11,1.01,4,Yaw Right
1777,1777,217,0.26,-0.11,1.0,4,Yaw Right
1778,1778,218,0.13,-0.21,0.99,4,Yaw Right
1779,1779,219,0.14,-0.03,0.97,4,Yaw Right
1780,1780,220,0.02,-0.0,0.99,4,Yaw Right
1781,1781,221,-0.0,-0.03,1.0,4,Yaw Right
1782,1782,222,-0.01,0.0,1.04,4,Yaw Right
1783,1783,223,0.04,0.02,1.1,4,Yaw Right
1784,1784,224,-0.01,0.02,1.0,4,Yaw Right
1785,1785,225,0.04,0.04,1.0,4,Yaw Right
1786,1786,226,0.03,0.04,1.0,4,Yaw Right
1787,1787,227,0.04,0.04,1.0,4,Yaw Right
1788,1788,228,0.04,0.04,1.0,4,Yaw Right
1789,1789,229,0.04,0.04,1.0,4,Yaw Right
1790,1790,230,0.04,0.04,1.0,4,Yaw Right
1791,1791,231,0.04,0.04,1.0,4,Yaw Right
1792,1792,232,0.04,0.04,1.0,4,Yaw Right
1793,1793,233,0.04,0.04,1.0,4,Yaw Right
1794,1794,234,0.04,0.05,1.0,4,Yaw Right
1795,1795,235,0.04,0.04,1.0,4,Yaw Right
1796,1796,236,0.04,0.04,1.0,4,Yaw Right
1797,1797,237,0.04,0.05,1.0,4,Yaw Right
1798,1798,238,0.04,0.04,1.0,4,Yaw Right
1799,1799,239,0.04,0.04,1.0,4,Yaw Right
1800,1800,240,0.04,0.04,1.0,4,Yaw Right
1801,1801,241,0.04,0.04,1.0,4,Yaw Right
1802,1802,242,0.04,0.05,1.0,4,Yaw Right
1803,1803,243,0.04,0.04,1.0,4,Yaw Right
1804,1804,244,0.04,0.05,1.0,4,Yaw Right
1805,1805,245,0.04,0.05,1.0,4,Yaw Right
1806,1806,246,0.04,0.05,1.0,4,Yaw Right
1807,1807,247,0.04,0.05,1.0,4,Yaw Right
1808,1808,248,0.04,0.05,1.0,4,Yaw Right
1809,1809,249,0.04,0.04,1.0,4,Yaw Right
1810,1810,250,0.04,0.05,1.0,4,Yaw Right
1811,1811,251,0.04,0.04,1.0,4,Yaw Right
1812,1812,252,0.04,0.05,1.0,4,Yaw Right
1813,1813,253,0.04,0.05,1.0,4,Yaw Right
1814,1814,254,0.04,0.04,1.0,4,Yaw Right
1815,1815,255,0.04,0.05,1.0,4,Yaw Right
1816,1816,256,0.04,0.05,1.0,4,Yaw Right
1817,1817,257,0.04,0.05,1.0,4,Yaw Right
1818,1818,258,0.04,0.05,1.0,4,Yaw Right
1819,1819,259,0.04,0.05,1.0,4,Yaw Right
1820,1820,260,0.03,0.04,1.0,4,Yaw Right
1821,1821,261,0.04,0.04,1.0,4,Yaw Right
1822,1822,262,0.01,0.02,1.06,4,Yaw Right
1823,1823,263,-0.08,0.07,1.14,4,Yaw Right
1824,1824,264,0.05,0.05,1.02,4,Yaw Right
1825,1825,265,0.1,0.04,0.95,4,Yaw Right
1826,1826,266,0.12,-0.02,0.91,4,Yaw Right
1827,1827,267,0.07,-0.07,1.02,4,Yaw Right
1828,1828,268,0.09,-0.07,1.07,4,Yaw Right
1829,1829,269,0.14,0.09,0.99,4,Yaw Right
1830,1830,270,0.21,0.2,0.96,4,Yaw Right
1831,1831,271,0.21,0.32,0.95,4,Yaw Right
1832,1832,272,0.05,0.24,0.93,4,Yaw Right
1833,1833,273,0.09,0.2,0.98,4,Yaw Right
1834,1834,274,0.0,0.36,0.96,4,Yaw Right
1835,1835,275,0.15,0.29,0.96,4,Yaw Right
1836,1836,276,0.14,0.26,0.94,4,Yaw Right
1837,1837,277,0.16,0.13,1.01,4,Yaw Right
1838,1838,278,0.13,0.05,0.96,4,Yaw Right
1839,1839,279,0.14,-0.11,1.01,4,Yaw Right
1840,1840,280,0.11,-0.04,0.99,4,Yaw Right
1841,1841,281,0.07,-0.0,1.02,4,Yaw Right
1842,1842,282,0.05,-0.01,1.0,4,Yaw Right
1843,1843,283,0.0,0.0,1.02,4,Yaw Right
1844,1844,284,0.02,-0.0,1.06,4,Yaw Right
1845,1845,285,-0.06,-0.01,1.0,4,Yaw Right
1846,1846,286,-0.02,0.04,1.0,4,Yaw Right
1847,1847,287,0.0,0.03,1.02,4,Yaw Right
1848,1848,288,0.03,0.04,1.0,4,Yaw Right
1849,1849,289,0.04,0.04,1.0,4,Yaw Right
1850,1850,290,0.04,0.04,1.0,4,Yaw Right
1851,1851,291,0.04,0.05,1.0,4,Yaw Right
1852,1852,292,0.04,0.05,1.0,4,Yaw Right
1853,1853,293,0.04,0.04,1.0,4,Yaw Right
1854,1854,294,0.04,0.04,1.0,4,Yaw Right
1855,1855,295,0.04,0.04,1.0,4,Yaw Right
1856,1856,296,0.04,0.04,1.0,4,Yaw Right
1857,1857,297,0.04,0.04,1.0,4,Yaw Right
1858,1858,298,0.04,0.05,1.0,4,Yaw Right
1859,1859,299,0.04,0.04,1.0,4,Yaw Right
1860,1860,300,0.04,0.04,1.0,4,Yaw Right
1861,1861,301,0.04,0.04,1.0,4,Yaw Right
1862,1862,302,0.04,0.04,1.0,4,Yaw Right
1863,1863,303,0.04,0.05,1.0,4,Yaw Right
1864,1864,304,0.04,0.04,1.0,4,Yaw Right
1865,1865,305,0.04,0.05,1.0,4,Yaw Right
1866,1866,306,0.04,0.04,1.0,4,Yaw Right
1867,1867,307,0.03,0.05,1.0,4,Yaw Right
1868,1868,308,0.04,0.05,1.0,4,Yaw Right
1869,1869,309,0.04,0.04,1.0,4,Yaw Right
1870,1870,310,0.04,0.05,1.0,4,Yaw Right
1871,1871,311,0.04,0.05,1.0,4,Yaw Right
1872,1872,312,0.04,0.05,1.0,4,Yaw Right
1873,1873,313,0.04,0.04,1.0,4,Yaw Right
1874,1874,314,0.04,0.05,1.0,4,Yaw Right
1875,1875,315,0.04,0.05,1.0,4,Yaw Right
1876,1876,316,0.04,0.04,1.0,4,Yaw Right
1877,1877,317,0.04,0.05,1.0,4,Yaw Right
1878,1878,318,0.04,0.04,1.0,4,Yaw Right
1879,1879,319,0.04,0.05,1.0,4,Yaw Right
1880,1880,320,0.04,0.05,1.0,4,Yaw Right
1881,1881,321,0.04,0.05,1.0,4,Yaw Right
1882,1882,322,0.04,0.04,1.0,4,Yaw Right
1883,1883,323,0.04,0.04,1.0,4,Yaw Right
1884,1884,324,0.04,0.05,1.0,4,Yaw Right
1885,1885,325,0.02,-0.02,1.1,4,Yaw Right
1886,1886,326,0.02,0.1,1.03,4,Yaw Right
1887,1887,327,0.04,0.06,0.98,4,Yaw Right
1888,1888,328,0.05,0.02,0.95,4,Yaw Right
1889,1889,329,0.06,-0.12,0.91,4,Yaw Right
1890,1890,330,0.03,-0.05,1.07,4,Yaw Right
1891,1891,331,0.08,-0.03,1.12,4,Yaw Right
1892,1892,332,0.13,0.04,0.97,4,Yaw Right
1893,1893,333,0.2,0.07,0.98,4,Yaw Right
1894,1894,334,0.13,-0.01,0.99,4,Yaw Right
1895,1895,335,0.14,0.11,0.91,4,Yaw Right
1896,1896,336,0.14,0.19,0.97,4,Yaw Right
1897,1897,337,0.01,0.23,0.93,4,Yaw Right
1898,1898,338,0.04,0.19,1.05,4,Yaw Right
1899,1899,339,0.05,0.36,1.01,4,Yaw Right
1900,1900,340,0.07,0.07,0.95,4,Yaw Right
1901,1901,341,0.12,0.07,0.93,4,Yaw Right
1902,1902,342,0.08,0.02,0.99,4,Yaw Right
1903,1903,343,0.01,-0.17,0.99,4,Yaw Right
1904,1904,344,0.08,-0.18,0.96,4,Yaw Right
1905,1905,345,0.03,-0.01,0.93,4,Yaw Right
1906,1906,346,0.01,0.0,1.02,4,Yaw Right
1907,1907,347,-0.02,0.01,1.06,4,Yaw Right
1908,1908,348,-0.04,0.1,1.03,4,Yaw Right
1909,1909,349,0.04,0.05,1.02,4,Yaw Right
1910,1910,350,0.02,0.04,1.0,4,Yaw Right
1911,1911,351,0.04,0.05,1.0,4,Yaw Right
1912,1912,352,0.04,0.04,1.0,4,Yaw Right
1913,1913,353,0.04,0.05,1.0,4,Yaw Right
1914,1914,354,0.04,0.04,1.0,4,Yaw Right
1915,1915,355,0.04,0.05,1.0,4,Yaw Right
1916,1916,356,0.04,0.04,1.0,4,Yaw Right
1917,1917,357,0.04,0.04,1.0,4,Yaw Right
1918,1918,358,0.04,0.05,1.0,4,Yaw Right
1919,1919,359,0.04,0.05,1.0,4,Yaw Right
1920,1920,360,0.04,0.04,1.0,4,Yaw Right
1921,1921,361,0.04,0.05,1.0,4,Yaw Right
1922,1922,362,0.04,0.04,1.0,4,Yaw Right
1923,1923,363,0.04,0.05,1.0,4,Yaw Right
1924,1924,364,0.04,0.05,1.0,4,Yaw Right
1925,1925,365,0.04,0.04,1.0,4,Yaw Right
1926,1926,366,0.04,0.04,1.0,4,Yaw Right
1927,1927,367,0.04,0.04,1.0,4,Yaw Right
1928,1928,368,0.04,0.05,1.0,4,Yaw Right
1929,1929,369,0.04,0.04,1.0,4,Yaw Right
1930,1930,370,0.04,0.04,1.0,4,Yaw Right
1931,1931,371,0.04,0.04,1.0,4,Yaw Right
1932,1932,372,0.04,0.04,1.0,4,Yaw Right
1933,1933,373,0.04,0.04,1.0,4,Yaw Right
1934,1934,374,0.04,0.05,1.0,4,Yaw Right
1935,1935,375,0.04,0.04,1.0,4,Yaw Right
1936,1936,376,0.04,0.05,1.0,4,Yaw Right
1937,1937,377,0.04,0.04,1.0,4,Yaw Right
1938,1938,378,0.04,0.05,1.0,4,Yaw Right
1939,1939,379,0.04,0.05,1.0,4,Yaw Right
1940,1940,380,0.02,0.06,1.0,4,Yaw Right
1941,1941,381,-0.01,0.04,1.02,4,Yaw Right
1942,1942,382,0.03,0.06,1.1,4,Yaw Right
1943,1943,383,0.04,0.02,1.04,4,Yaw Right
1944,1944,384,0.07,0.04,1.04,4,Yaw Right
1945,1945,385,0.09,0.01,0.98,4,Yaw Right
1946,1946,386,0.07,-0.02,0.95,4,Yaw Right
1947,1947,387,0.05,-0.03,0.95,4,Yaw Right
1948,1948,388,0.09,0.02,1.04,4,Yaw Right
1949,1949,389,0.02,0.02,0.95,4,Yaw Right
1950,1950,390,0.21,0.02,1.01,4,Yaw Right
1951,1951,391,0.13,0.23,0.99,4,Yaw Right
1952,1952,392,0.09,0.17,1.01,4,Yaw Right
1953,1953,393,0.09,0.25,0.95,4,Yaw Right
1954,1954,394,0.04,0.26,1.05,4,Yaw Right
1955,1955,395,-0.0,0.5,1.01,4,Yaw Right
1956,1956,396,0.07,0.19,0.93,4,Yaw Right
1957,1957,397,0.11,0.21,0.92,4,Yaw Right
1958,1958,398,0.05,0.08,0.93,4,Yaw Right
1959,1959,399,0.11,-0.1,0.9,4,Yaw Right
1960,1960,400,0.09,-0.17,0.92,4,Yaw Right
1961,1961,401,0.09,-0.12,0.98,4,Yaw Right
1962,1962,402,0.03,-0.07,1.02,4,Yaw Right
1963,1963,403,0.05,-0.07,1.03,4,Yaw Right
1964,1964,404,0.02,0.0,1.01,4,Yaw Right
1965,1965,405,0.05,0.06,1.04,4,Yaw Right
1966,1966,406,0.04,0.07,1.0,4,Yaw Right
1967,1967,407,0.04,0.04,1.0,4,Yaw Right
1968,1968,408,0.04,0.04,1.0,4,Yaw Right
1969,1969,409,0.04,0.04,1.0,4,Yaw Right
1970,1970,410,0.04,0.04,1.0,4,Yaw Right
1971,1971,411,0.04,0.05,1.0,4,Yaw Right
1972,1972,412,0.04,0.05,1.0,4,Yaw Right
1973,1973,413,0.04,0.05,1.0,4,Yaw Right
1974,1974,414,0.04,0.04,1.0,4,Yaw Right
1975,1975,415,0.04,0.05,1.0,4,Yaw Right
1976,1976,416,0.04,0.04,1.0,4,Yaw Right
1977,1977,417,0.04,0.04,1.0,4,Yaw Right
1978,1978,418,0.04,0.05,1.0,4,Yaw Right
1979,1979,419,0.04,0.04,1.0,4,Yaw Right
1980,1980,420,0.04,0.04,1.0,4,Yaw Right
1981,1981,421,0.04,0.05,1.0,4,Yaw Right
1982,1982,422,0.04,0.04,1.0,4,Yaw Right
1983,1983,423,0.04,0.04,1.0,4,Yaw Right
1984,1984,424,0.04,0.04,1.0,4,Yaw Right
1985,1985,425,0.04,0.04,1.0,4,Yaw Right
1986,1986,426,0.04,0.04,1.0,4,Yaw Right
1987,1987,427,0.04,0.05,1.0,4,Yaw Right
1988,1988,428,0.04,0.04,1.0,4,Yaw Right
1989,1989,429,0.04,0.05,1.0,4,Yaw Right
1990,1990,430,0.04,0.05,1.0,4,Yaw Right
1991,1991,431,0.04,0.04,1.0,4,Yaw Right
1992,1992,432,0.04,0.04,1.0,4,Yaw Right
1993,1993,433,0.04,0.05,1.0,4,Yaw Right
1994,1994,434,0.04,0.04,1.0,4,Yaw Right
1995,1995,435,0.04,0.05,1.0,4,Yaw Right
1996,1996,436,0.05,0.04,1.0,4,Yaw Right
1997,1997,437,0.04,0.05,1.0,4,Yaw Right
1998,1998,438,0.04,0.04,1.0,4,Yaw Right
1999,1999,439,0.04,0.04,1.01,4,Yaw Right
2000,2000,440,0.07,0.05,1.11,4,Yaw Right
2001,2001,441,0.05,0.0,1.05,4,Yaw Right
2002,2002,442,0.09,0.05,0.89,4,Yaw Right
2003,2003,443,0.14,-0.02,0.95,4,Yaw Right
2004,2004,444,0.15,-0.11,0.9,4,Yaw Right
2005,2005,445,0.17,0.02,1.01,4,Yaw Right
2006,2006,446,0.24,0.16,1.07,4,Yaw Right
2007,2007,447,0.18,0.22,0.99,4,Yaw Right
2008,2008,448,0.16,0.18,0.92,4,Yaw Right
2009,2009,449,0.08,0.21,1.02,4,Yaw Right
2010,2010,450,0.03,0.23,0.91,4,Yaw Right
2011,2011,451,0.03,0.25,1.03,4,Yaw Right
2012,2012,452,0.08,0.25,0.98,4,Yaw Right
2013,2013,453,0.11,0.15,0.98,4,Yaw Right
2014,2014,454,0.2,0.17,0.98,4,Yaw Right
2015,2015,455,0.09,0.05,0.96,4,Yaw Right
2016,2016,456,0.08,0.02,1.0,4,Yaw Right
2017,2017,457,0.07,0.0,1.0,4,Yaw Right
2018,2018,458,0.04,0.05,0.92,4,Yaw Right
2019,2019,459,0.04,0.05,1.0,4,Yaw Right
2020,2020,460,0.02,0.02,1.0,4,Yaw Right
2021,2021,461,-0.0,0.0,1.02,4,Yaw Right
2022,2022,462,0.04,0.05,1.01,4,Yaw Right
2023,2023,463,0.04,0.07,1.0,4,Yaw Right
2024,2024,464,0.04,0.04,1.0,4,Yaw Right
2025,2025,465,0.04,0.05,1.0,4,Yaw Right
2026,2026,466,0.04,0.05,1.0,4,Yaw Right
2027,2027,467,0.04,0.04,1.0,4,Yaw Right
2028,2028,468,0.04,0.04,1.0,4,Yaw Right
2029,2029,469,0.04,0.05,1.0,4,Yaw Right
2030,2030,470,0.04,0.04,1.0,4,Yaw Right
2031,2031,471,0.04,0.04,1.0,4,Yaw Right
2032,2032,472,0.04,0.04,1.0,4,Yaw Right
2033,2033,473,0.04,0.04,1.0,4,Yaw Right
2034,2034,474,0.04,0.05,1.0,4,Yaw Right
2035,2035,475,0.04,0.04,1.0,4,Yaw Right
2036,2036,476,0.04,0.04,1.0,4,Yaw Right
2037,2037,477,0.04,0.04,1.0,4,Yaw Right
2038,2038,478,0.04,0.04,1.0,4,Yaw Right
2039,2039,479,0.04,0.04,1.0,4,Yaw Right
2040,2040,480,0.04,0.04,1.0,4,Yaw Right
2041,2041,481,0.04,0.05,1.0,4,Yaw Right
2042,2042,482,0.04,0.04,1.0,4,Yaw Right
2043,2043,483,0.04,0.04,1.0,4,Yaw Right
2044,2044,484,0.04,0.04,1.0,4,Yaw Right
2045,2045,485,0.04,0.04,1.0,4,Yaw Right
2046,2046,486,0.04,0.05,1.0,4,Yaw Right
2047,2047,487,0.04,0.04,1.0,4,Yaw Right
2048,2048,488,0.04,0.05,1.0,4,Yaw Right
2049,2049,0,0.04,0.04,1.0,5,Yaw Right
2050,2050,1,0.04,0.04,1.0,5,Yaw Right
2051,2051,2,0.04,0.04,1.0,5,Yaw Right
2052,2052,3,0.04,0.04,1.0,5,Yaw Right
2053,2053,4,0.04,0.04,1.0,5,Yaw Right
2054,2054,5,0.04,0.04,1.0,5,Yaw Right
2055,2055,6,0.04,0.04,1.0,5,Yaw Right
2056,2056,7,0.04,0.04,1.0,5,Yaw Right
2057,2057,8,0.04,0.04,1.0,5,Yaw Right
2058,2058,9,0.04,0.04,1.0,5,Yaw Right
2059,2059,10,0.04,0.04,1.0,5,Yaw Right
2060,2060,11,0.04,0.04,1.0,5,Yaw Right
2061,2061,12,0.04,0.04,1.0,5,Yaw Right
2062,2062,13,0.04,0.04,1.0,5,Yaw Right
2063,2063,14,0.04,0.04,1.0,5,Yaw Right
2064,2064,15,0.04,0.04,1.0,5,Yaw Right
2065,2065,16,0.04,0.04,1.0,5,Yaw Right
2066,2066,17,0.04,0.04,1.0,5,Yaw Right
2067,2067,18,0.04,0.04,1.0,5,Yaw Right
2068,2068,19,0.04,0.04,1.0,5,Yaw Right
2069,2069,20,0.04,0.04,1.0,5,Yaw Right
2070,2070,21,0.04,0.04,1.0,5,Yaw Right
2071,2071,22,0.04,0.04,1.0,5,Yaw Right
2072,2072,23,0.04,0.04,1.0,5,Yaw Right
2073,2073,24,0.04,0.04,1.0,5,Yaw Right
2074,2074,25,0.04,0.04,1.0,5,Yaw Right
2075,2075,26,0.04,0.04,1.0,5,Yaw Right
2076,2076,27,0.04,0.04,1.0,5,Yaw Right
2077,2077,28,0.04,0.05,1.0,5,Yaw Right
2078,2078,29,0.04,0.04,1.0,5,Yaw Right
2079,2079,30,0.04,0.04,1.0,5,Yaw Right
2080,2080,31,0.04,0.04,1.0,5,Yaw Right
2081,2081,32,0.04,0.04,1.0,5,Yaw Right
2082,2082,33,0.03,0.04,1.0,5,Yaw Right
2083,2083,34,0.04,0.04,1.0,5,Yaw Right
2084,2084,35,0.04,0.04,1.0,5,Yaw Right
2085,2085,36,0.04,0.04,1.0,5,Yaw Right
2086,2086,37,0.04,0.04,1.0,5,Yaw Right
2087,2087,38,0.04,0.04,1.0,5,Yaw Right
2088,2088,39,0.04,0.04,1.0,5,Yaw Right
2089,2089,40,0.04,0.04,1.0,5,Yaw Right
2090,2090,41,0.04,0.04,1.0,5,Yaw Right
2091,2091,42,0.04,0.04,1.0,5,Yaw Right
2092,2092,43,0.03,0.04,1.0,5,Yaw Right
2093,2093,44,0.04,0.04,1.0,5,Yaw Right
2094,2094,45,0.04,0.04,1.0,5,Yaw Right
2095,2095,46,0.03,0.05,1.02,5,Yaw Right
2096,2096,47,0.04,0.05,1.0,5,Yaw Right
2097,2097,48,0.07,-0.09,1.14,5,Yaw Right
2098,2098,49,0.14,-0.22,1.07,5,Yaw Right
2099,2099,50,0.23,-0.13,0.88,5,Yaw Right
2100,2100,51,0.2,0.13,0.84,5,Yaw Right
2101,2101,52,0.24,0.3,0.88,5,Yaw Right
2102,2102,53,0.25,0.14,1.04,5,Yaw Right
2103,2103,54,0.23,0.3,0.94,5,Yaw Right
2104,2104,55,0.2,0.25,0.98,5,Yaw Right
2105,2105,56,0.19,-0.03,1.05,5,Yaw Right
2106,2106,57,0.19,0.36,0.96,5,Yaw Right
2107,2107,58,0.23,0.22,0.98,5,Yaw Right
2108,2108,59,0.25,0.0,0.91,5,Yaw Right
2109,2109,60,0.18,-0.11,0.84,5,Yaw Right
2110,2110,61,0.17,-0.11,1.05,5,Yaw Right
2111,2111,62,0.1,-0.11,0.98,5,Yaw Right
2112,2112,63,0.06,-0.11,1.05,5,Yaw Right
2113,2113,64,0.03,-0.07,0.92,5,Yaw Right
2114,2114,65,0.04,0.03,0.99,5,Yaw Right
2115,2115,66,0.03,0.04,0.98,5,Yaw Right
2116,2116,67,0.02,0.04,1.0,5,Yaw Right
2117,2117,68,0.05,0.07,0.98,5,Yaw Right
2118,2118,69,0.04,0.06,1.02,5,Yaw Right
2119,2119,70,0.04,0.06,1.0,5,Yaw Right
2120,2120,71,0.04,0.04,1.0,5,Yaw Right
2121,2121,72,0.04,0.04,1.0,5,Yaw Right
2122,2122,73,0.04,0.04,1.0,5,Yaw Right
2123,2123,74,0.04,0.05,1.0,5,Yaw Right
2124,2124,75,0.04,0.04,1.0,5,Yaw Right
2125,2125,76,0.04,0.05,1.0,5,Yaw Right
2126,2126,77,0.04,0.04,1.0,5,Yaw Right
2127,2127,78,0.04,0.05,1.0,5,Yaw Right
2128,2128,79,0.04,0.04,1.0,5,Yaw Right
2129,2129,80,0.04,0.04,1.0,5,Yaw Right
2130,2130,81,0.04,0.04,1.0,5,Yaw Right
2131,2131,82,0.04,0.04,1.0,5,Yaw Right
2132,2132,83,0.04,0.04,1.0,5,Yaw Right
2133,2133,84,0.04,0.04,1.0,5,Yaw Right
2134,2134,85,0.04,0.04,1.0,5,Yaw Right
2135,2135,86,0.04,0.04,1.0,5,Yaw Right
2136,2136,87,0.04,0.04,1.0,5,Yaw Right
2137,2137,88,0.04,0.05,1.0,5,Yaw Right
2138,2138,89,0.04,0.05,1.0,5,Yaw Right
2139,2139,90,0.04,0.05,1.0,5,Yaw Right
2140,2140,91,0.04,0.05,1.0,5,Yaw Right
2141,2141,92,0.04,0.05,1.0,5,Yaw Right
2142,2142,93,0.04,0.04,1.0,5,Yaw Right
2143,2143,94,0.04,0.04,1.0,5,Yaw Right
2144,2144,95,0.04,0.05,1.0,5,Yaw Right
2145,2145,96,0.04,0.05,1.0,5,Yaw Right
2146,2146,97,0.04,0.04,1.0,5,Yaw Right
2147,2147,98,0.04,0.05,1.0,5,Yaw Right
2148,2148,99,0.04,0.05,1.0,5,Yaw Right
2149,2149,100,0.04,0.05,1.0,5,Yaw Right
2150,2150,101,0.06,0.04,1.0,5,Yaw Right
2151,2151,102,0.05,0.02,1.03,5,Yaw Right
2152,2152,103,0.05,-0.2,1.1,5,Yaw Right
2153,2153,104,0.1,-0.19,1.04,5,Yaw Right
2154,2154,105,0.12,0.04,0.91,5,Yaw Right
2155,2155,106,0.18,0.16,0.99,5,Yaw Right
2156,2156,107,0.24,0.28,0.94,5,Yaw Right
2157,2157,108,0.25,0.11,0.98,5,Yaw Right
2158,2158,109,0.25,0.17,1.03,5,Yaw Right
2159,2159,110,0.2,0.25,0.95,5,Yaw Right
2160,2160,111,0.17,0.29,0.97,5,Yaw Right
2161,2161,112,0.23,0.19,0.93,5,Yaw Right
2162,2162,113,0.24,0.26,0.93,5,Yaw Right
2163,2163,114,0.25,0.18,0.97,5,Yaw Right
2164,2164,115,0.27,0.01,0.93,5,Yaw Right
2165,2165,116,0.25,-0.06,1.01,5,Yaw Right
2166,2166,117,0.17,-0.2,0.96,5,Yaw Right
2167,2167,118,0.12,-0.17,0.96,5,Yaw Right
2168,2168,119,0.06,-0.08,1.0,5,Yaw Right
2169,2169,120,0.04,-0.01,0.98,5,Yaw Right
2170,2170,121,0.07,0.03,1.02,5,Yaw Right
2171,2171,122,0.04,0.02,0.98,5,Yaw Right
2172,2172,123,0.03,0.04,1.02,5,Yaw Right
2173,2173,124,0.04,0.05,1.0,5,Yaw Right
2174,2174,125,0.04,0.04,1.0,5,Yaw Right
2175,2175,126,0.04,0.05,1.0,5,Yaw Right
2176,2176,127,0.04,0.05,1.0,5,Yaw Right
2177,2177,128,0.04,0.05,1.0,5,Yaw Right
2178,2178,129,0.04,0.04,1.0,5,Yaw Right
2179,2179,130,0.04,0.05,1.0,5,Yaw Right
2180,2180,131,0.04,0.04,0.99,5,Yaw Right
2181,2181,132,0.04,0.04,1.0,5,Yaw Right
2182,2182,133,0.04,0.04,1.0,5,Yaw Right
2183,2183,134,0.04,0.04,1.0,5,Yaw Right
2184,2184,135,0.04,0.04,1.0,5,Yaw Right
2185,2185,136,0.04,0.04,1.0,5,Yaw Right
2186,2186,137,0.03,0.05,1.0,5,Yaw Right
2187,2187,138,0.04,0.05,1.0,5,Yaw Right
2188,2188,139,0.04,0.04,1.0,5,Yaw Right
2189,2189,140,0.04,0.05,1.0,5,Yaw Right
2190,2190,141,0.05,0.05,1.0,5,Yaw Right
2191,2191,142,0.04,0.05,1.0,5,Yaw Right
2192,2192,143,0.04,0.05,1.0,5,Yaw Right
2193,2193,144,0.04,0.05,1.0,5,Yaw Right
2194,2194,145,0.04,0.04,1.0,5,Yaw Right
2195,2195,146,0.04,0.04,1.0,5,Yaw Right
2196,2196,147,0.04,0.04,1.0,5,Yaw Right
2197,2197,148,0.04,0.05,1.0,5,Yaw Right
2198,2198,149,0.04,0.04,1.0,5,Yaw Right
2199,2199,150,0.04,0.04,1.0,5,Yaw Right
2200,2200,151,0.07,0.08,1.0,5,Yaw Right
2201,2201,152,0.02,0.05,1.01,5,Yaw Right
2202,2202,153,-0.0,0.04,1.05,5,Yaw Right
2203,2203,154,0.13,-0.02,1.14,5,Yaw Right
2204,2204,155,0.16,-0.11,1.04,5,Yaw Right
2205,2205,156,0.13,0.14,0.96,5,Yaw Right
2206,2206,157,0.14,0.17,0.89,5,Yaw Right
2207,2207,158,0.26,0.05,1.02,5,Yaw Right
2208,2208,159,0.17,0.25,0.99,5,Yaw Right
2209,2209,160,0.21,0.17,1.0,5,Yaw Right
2210,2210,161,0.18,0.27,0.98,5,Yaw Right
2211,2211,162,0.15,0.34,0.99,5,Yaw Right
2212,2212,163,0.15,0.36,0.93,5,Yaw Right
2213,2213,164,0.2,0.0,0.98,5,Yaw Right
2214,2214,165,0.22,-0.05,1.03,5,Yaw Right
2215,2215,166,0.21,-0.05,0.96,5,Yaw Right
2216,2216,167,0.18,-0.08,0.95,5,Yaw Right
2217,2217,168,0.16,-0.09,1.05,5,Yaw Right
2218,2218,169,0.07,-0.11,1.0,5,Yaw Right
2219,2219,170,0.04,-0.07,0.99,5,Yaw Right
2220,2220,171,0.07,-0.0,1.05,5,Yaw Right
2221,2221,172,0.05,0.0,1.01,5,Yaw Right
2222,2222,173,0.05,0.02,1.0,5,Yaw Right
2223,2223,174,0.05,0.04,1.0,5,Yaw Right
2224,2224,175,0.04,0.04,1.0,5,Yaw Right
2225,2225,176,0.04,0.05,1.0,5,Yaw Right
2226,2226,177,0.04,0.05,1.0,5,Yaw Right
2227,2227,178,0.04,0.04,1.0,5,Yaw Right
2228,2228,179,0.04,0.05,1.0,5,Yaw Right
2229,2229,180,0.04,0.04,1.0,5,Yaw Right
2230,2230,181,0.04,0.05,1.0,5,Yaw Right
2231,2231,182,0.04,0.04,1.0,5,Yaw Right
2232,2232,183,0.04,0.04,1.0,5,Yaw Right
2233,2233,184,0.04,0.04,1.0,5,Yaw Right
2234,2234,185,0.04,0.04,1.0,5,Yaw Right
2235,2235,186,0.04,0.05,1.0,5,Yaw Right
2236,2236,187,0.04,0.04,1.0,5,Yaw Right
2237,2237,188,0.04,0.05,1.0,5,Yaw Right
2238,2238,189,0.04,0.04,1.0,5,Yaw Right
2239,2239,190,0.04,0.04,1.0,5,Yaw Right
2240,2240,191,0.04,0.04,1.0,5,Yaw Right
2241,2241,192,0.04,0.04,1.0,5,Yaw Right
2242,2242,193,0.04,0.05,1.0,5,Yaw Right
2243,2243,194,0.04,0.05,1.0,5,Yaw Right
2244,2244,195,0.04,0.05,1.0,5,Yaw Right
2245,2245,196,0.04,0.04,1.0,5,Yaw Right
2246,2246,197,0.04,0.04,1.0,5,Yaw Right
2247,2247,198,0.04,0.04,1.0,5,Yaw Right
2248,2248,199,0.04,0.04,1.0,5,Yaw Right
2249,2249,200,0.04,0.05,1.0,5,Yaw Right
2250,2250,201,0.04,0.04,1.0,5,Yaw Right
2251,2251,202,0.04,0.04,1.0,5,Yaw Right
2252,2252,203,0.04,0.04,1.0,5,Yaw Right
2253,2253,204,0.04,0.04,1.0,5,Yaw Right
2254,2254,205,0.05,0.04,1.0,5,Yaw Right
2255,2255,206,0.04,0.04,1.0,5,Yaw Right
2256,2256,207,0.04,0.05,1.0,5,Yaw Right
2257,2257,208,0.05,0.07,1.0,5,Yaw Right
2258,2258,209,0.06,-0.07,1.03,5,Yaw Right
2259,2259,210,0.13,-0.2,1.09,5,Yaw Right
2260,2260,211,0.13,-0.24,0.96,5,Yaw Right
2261,2261,212,0.12,-0.14,1.0,5,Yaw Right
2262,2262,213,0.15,0.27,0.85,5,Yaw Right
2263,2263,214,0.25,0.21,0.98,5,Yaw Right
2264,2264,215,0.19,0.39,0.92,5,Yaw Right
2265,2265,216,0.26,0.21,0.96,5,Yaw Right
2266,2266,217,0.25,0.19,0.91,5,Yaw Right
2267,2267,218,0.23,0.42,0.95,5,Yaw Right
2268,2268,219,0.26,0.18,1.0,5,Yaw Right
2269,2269,220,0.24,0.1,0.9,5,Yaw Right
2270,2270,221,0.23,0.04,0.94,5,Yaw Right
2271,2271,222,0.21,-0.11,0.97,5,Yaw Right
2272,2272,223,0.15,-0.19,0.94,5,Yaw Right
2273,2273,224,0.08,-0.14,1.1,5,Yaw Right
2274,2274,225,0.02,0.05,1.05,5,Yaw Right
2275,2275,226,0.01,-0.02,0.99,5,Yaw Right
2276,2276,227,0.0,0.11,0.96,5,Yaw Right
2277,2277,228,-0.02,0.06,1.0,5,Yaw Right
2278,2278,229,0.0,0.04,1.0,5,Yaw Right
2279,2279,230,0.02,0.05,1.01,5,Yaw Right
2280,2280,231,0.01,0.04,1.0,5,Yaw Right
2281,2281,232,0.03,0.03,1.01,5,Yaw Right
2282,2282,233,0.0,0.0,1.1,5,Yaw Right
2283,2283,234,0.04,0.04,1.0,5,Yaw Right
2284,2284,235,0.04,0.04,1.0,5,Yaw Right
2285,2285,236,0.04,0.04,1.0,5,Yaw Right
2286,2286,237,0.04,0.04,1.0,5,Yaw Right
2287,2287,238,0.04,0.04,1.0,5,Yaw Right
2288,2288,239,0.04,0.04,1.0,5,Yaw Right
2289,2289,240,0.04,0.04,1.0,5,Yaw Right
2290,2290,241,0.04,0.04,1.0,5,Yaw Right
2291,2291,242,0.04,0.04,1.0,5,Yaw Right
2292,2292,243,0.04,0.04,1.0,5,Yaw Right
2293,2293,244,0.04,0.05,1.0,5,Yaw Right
2294,2294,245,0.04,0.05,1.0,5,Yaw Right
2295,2295,246,0.04,0.04,1.0,5,Yaw Right
2296,2296,247,0.04,0.04,1.0,5,Yaw Right
2297,2297,248,0.04,0.05,1.0,5,Yaw Right
2298,2298,249,0.04,0.04,1.0,5,Yaw Right
2299,2299,250,0.04,0.05,1.0,5,Yaw Right
2300,2300,251,0.04,0.04,1.0,5,Yaw Right
2301,2301,252,0.04,0.05,1.0,5,Yaw Right
2302,2302,253,0.04,0.04,1.0,5,Yaw Right
2303,2303,254,0.04,0.04,1.0,5,Yaw Right
2304,2304,255,0.04,0.04,1.0,5,Yaw Right
2305,2305,256,0.04,0.04,1.0,5,Yaw Right
2306,2306,257,0.04,0.04,1.0,5,Yaw Right
2307,2307,258,0.04,0.04,1.0,5,Yaw Right
2308,2308,259,0.04,0.04,1.0,5,Yaw Right
2309,2309,260,0.04,0.04,1.0,5,Yaw Right
2310,2310,261,0.04,0.04,1.0,5,Yaw Right
2311,2311,262,0.04,0.05,1.0,5,Yaw Right
2312,2312,263,0.04,0.04,1.0,5,Yaw Right
2313,2313,264,0.04,0.04,1.0,5,Yaw Right
2314,2314,265,0.04,0.05,1.0,5,Yaw Right
2315,2315,266,0.05,0.04,1.0,5,Yaw Right
2316,2316,267,0.04,0.05,1.0,5,Yaw Right
2317,2317,268,0.04,0.04,1.0,5,Yaw Right
2318,2318,269,0.04,0.04,1.0,5,Yaw Right
2319,2319,270,0.04,0.04,1.0,5,Yaw Right
2320,2320,271,0.04,0.05,1.0,5,Yaw Right
2321,2321,272,0.04,0.05,1.0,5,Yaw Right
2322,2322,273,0.01,0.22,1.01,5,Yaw Right
2323,2323,274,0.07,0.0,1.01,5,Yaw Right
2324,2324,275,0.01,-0.11,1.17,5,Yaw Right
2325,2325,276,0.07,-0.11,1.05,5,Yaw Right
2326,2326,277,0.15,-0.26,1.0,5,Yaw Right
2327,2327,278,0.18,-0.02,0.98,5,Yaw Right
2328,2328,279,0.29,0.1,0.93,5,Yaw Right
2329,2329,280,0.27,0.35,0.94,5,Yaw Right
2330,2330,281,0.36,0.21,0.95,5,Yaw Right
2331,2331,282,0.28,0.25,0.97,5,Yaw Right
2332,2332,283,0.22,0.29,0.94,5,Yaw Right
2333,2333,284,0.27,0.27,0.94,5,Yaw Right
2334,2334,285,0.26,0.05,0.83,5,Yaw Right
2335,2335,286,0.2,0.01,0.98,5,Yaw Right
2336,2336,287,0.2,0.0,1.0,5,Yaw Right
2337,2337,288,0.14,-0.15,0.95,5,Yaw Right
2338,2338,289,0.12,0.04,0.93,5,Yaw Right
2339,2339,290,0.02,0.03,0.98,5,Yaw Right
2340,2340,291,0.01,-0.08,1.05,5,Yaw Right
2341,2341,292,-0.03,-0.09,1.01,5,Yaw Right
2342,2342,293,-0.01,0.07,1.0,5,Yaw Right
2343,2343,294,0.0,0.04,1.0,5,Yaw Right
2344,2344,295,0.06,0.05,1.01,5,Yaw Right
2345,2345,296,0.04,0.05,1.05,5,Yaw Right
2346,2346,297,0.04,0.04,1.0,5,Yaw Right
2347,2347,298,0.04,0.05,1.0,5,Yaw Right
2348,2348,299,0.04,0.05,1.0,5,Yaw Right
2349,2349,300,0.04,0.04,1.0,5,Yaw Right
2350,2350,301,0.04,0.05,1.0,5,Yaw Right
2351,2351,302,0.04,0.04,1.0,5,Yaw Right
2352,2352,303,0.04,0.04,1.0,5,Yaw Right
2353,2353,304,0.04,0.04,1.0,5,Yaw Right
2354,2354,305,0.04,0.04,1.0,5,Yaw Right
2355,2355,306,0.04,0.04,1.0,5,Yaw Right
2356,2356,307,0.04,0.04,1.0,5,Yaw Right
2357,2357,308,0.04,0.04,1.0,5,Yaw Right
2358,2358,309,0.04,0.04,1.0,5,Yaw Right
2359,2359,310,0.04,0.04,1.0,5,Yaw Right
2360,2360,311,0.04,0.04,1.0,5,Yaw Right
2361,2361,312,0.04,0.04,1.0,5,Yaw Right
2362,2362,313,0.04,0.04,1.0,5,Yaw Right
2363,2363,314,0.04,0.04,1.0,5,Yaw Right
2364,2364,315,0.04,0.04,1.0,5,Yaw Right
2365,2365,316,0.04,0.04,1.0,5,Yaw Right
2366,2366,317,0.04,0.04,1.0,5,Yaw Right
2367,2367,318,0.04,0.05,1.0,5,Yaw Right
2368,2368,319,0.04,0.04,1.0,5,Yaw Right
2369,2369,320,0.04,0.04,1.0,5,Yaw Right
2370,2370,321,0.04,0.04,1.0,5,Yaw Right
2371,2371,322,0.04,0.04,1.0,5,Yaw Right
2372,2372,323,0.04,0.05,1.0,5,Yaw Right
2373,2373,324,0.04,0.04,1.0,5,Yaw Right
2374,2374,325,0.04,0.04,1.0,5,Yaw Right
2375,2375,326,0.04,0.04,1.0,5,Yaw Right
2376,2376,327,0.04,0.04,1.0,5,Yaw Right
2377,2377,328,0.04,0.05,1.0,5,Yaw Right
2378,2378,329,0.04,0.04,1.0,5,Yaw Right
2379,2379,330,0.04,0.04,1.0,5,Yaw Right
2380,2380,331,0.04,0.06,1.0,5,Yaw Right
2381,2381,332,0.06,0.06,1.01,5,Yaw Right
2382,2382,333,-0.01,0.04,1.14,5,Yaw Right
2383,2383,334,0.11,-0.25,1.02,5,Yaw Right
2384,2384,335,0.05,-0.11,0.93,5,Yaw Right
2385,2385,336,0.24,0.2,0.94,5,Yaw Right
2386,2386,337,0.23,0.25,0.88,5,Yaw Right
2387,2387,338,0.25,0.28,0.92,5,Yaw Right
2388,2388,339,0.27,0.25,0.98,5,Yaw Right
2389,2389,340,0.28,0.22,0.96,5,Yaw Right
2390,2390,341,0.3,0.17,1.07,5,Yaw Right
2391,2391,342,0.24,0.23,1.02,5,Yaw Right
2392,2392,343,0.23,0.14,0.99,5,Yaw Right
2393,2393,344,0.22,0.03,0.86,5,Yaw Right
2394,2394,345,0.21,0.0,1.03,5,Yaw Right
2395,2395,346,0.14,-0.09,0.98,5,Yaw Right
2396,2396,347,0.07,0.03,1.04,5,Yaw Right
2397,2397,348,0.05,-0.05,1.01,5,Yaw Right
2398,2398,349,0.03,0.07,0.99,5,Yaw Right
2399,2399,350,0.05,-0.01,0.98,5,Yaw Right
2400,2400,351,0.02,0.03,1.02,5,Yaw Right
2401,2401,352,0.03,0.06,1.02,5,Yaw Right
2402,2402,353,0.04,0.05,1.0,5,Yaw Right
2403,2403,354,0.04,0.05,1.0,5,Yaw Right
2404,2404,355,0.04,0.04,1.0,5,Yaw Right
2405,2405,356,0.04,0.04,1.0,5,Yaw Right
2406,2406,357,0.04,0.04,1.0,5,Yaw Right
2407,2407,358,0.04,0.04,1.0,5,Yaw Right
2408,2408,359,0.04,0.05,1.0,5,Yaw Right
2409,2409,360,0.04,0.04,1.0,5,Yaw Right
2410,2410,361,0.04,0.05,1.0,5,Yaw Right
2411,2411,362,0.04,0.04,1.0,5,Yaw Right
2412,2412,363,0.04,0.04,1.0,5,Yaw Right
2413,2413,364,0.04,0.05,1.0,5,Yaw Right
2414,2414,365,0.04,0.04,1.0,5,Yaw Right
2415,2415,366,0.04,0.04,1.0,5,Yaw Right
2416,2416,367,0.04,0.04,1.0,5,Yaw Right
2417,2417,368,0.04,0.04,1.0,5,Yaw Right
2418,2418,369,0.04,0.04,1.0,5,Yaw Right
2419,2419,370,0.04,0.04,1.0,5,Yaw Right
2420,2420,371,0.04,0.04,1.0,5,Yaw Right
2421,2421,372,0.04,0.04,1.0,5,Yaw Right
2422,2422,373,0.05,0.05,1.0,5,Yaw Right
2423,2423,374,0.04,0.04,1.0,5,Yaw Right
2424,2424,375,0.04,0.04,1.0,5,Yaw Right
2425,2425,376,0.04,0.04,1.0,5,Yaw Right
2426,2426,377,0.04,0.04,1.0,5,Yaw Right
2427,2427,378,0.04,0.05,1.0,5,Yaw Right
2428,2428,379,0.04,0.04,1.0,5,Yaw Right
2429,2429,380,0.04,0.04,1.0,5,Yaw Right
2430,2430,381,0.04,0.04,1.0,5,Yaw Right
2431,2431,382,0.04,0.04,1.0,5,Yaw Right
2432,2432,383,0.04,0.04,1.0,5,Yaw Right
2433,2433,384,0.04,0.04,1.0,5,Yaw Right
2434,2434,385,0.04,0.04,1.0,5,Yaw Right
2435,2435,386,0.04,0.04,1.0,5,Yaw Right
2436,2436,387,0.05,0.04,1.0,5,Yaw Right
2437,2437,388,0.04,0.04,1.0,5,Yaw Right
2438,2438,389,0.04,0.04,1.01,5,Yaw Right
2439,2439,390,0.05,-0.03,1.0,5,Yaw Right
2440,2440,391,0.04,0.07,1.03,5,Yaw Right
2441,2441,392,0.04,-0.01,1.11,5,Yaw Right
2442,2442,393,0.11,-0.11,1.03,5,Yaw Right
2443,2443,394,0.09,-0.27,0.89,5,Yaw Right
2444,2444,395,0.17,0.13,0.91,5,Yaw Right
2445,2445,396,0.26,0.11,0.97,5,Yaw Right
2446,2446,397,0.23,0.51,0.98,5,Yaw Right
2447,2447,398,0.26,0.26,0.91,5,Yaw Right
2448,2448,399,0.18,0.28,0.97,5,Yaw Right
2449,2449,400,0.17,0.28,0.94,5,Yaw Right
2450,2450,401,0.19,0.37,1.0,5,Yaw Right
2451,2451,402,0.21,0.2,0.95,5,Yaw Right
2452,2452,403,0.18,0.09,0.93,5,Yaw Right
2453,2453,404,0.15,0.07,0.95,5,Yaw Right
2454,2454,405,0.12,0.02,0.99,5,Yaw Right
2455,2455,406,0.09,-0.05,0.99,5,Yaw Right
2456,2456,407,0.02,-0.11,1.01,5,Yaw Right
2457,2457,408,-0.0,-0.03,0.96,5,Yaw Right
2458,2458,409,0.01,-0.05,1.0,5,Yaw Right
2459,2459,410,0.03,0.03,1.0,5,Yaw Right
2460,2460,411,0.02,0.02,1.0,5,Yaw Right
2461,2461,412,0.04,0.04,1.0,5,Yaw Right
2462,2462,413,0.04,0.04,1.0,5,Yaw Right
2463,2463,414,0.05,0.04,1.0,5,Yaw Right
2464,2464,415,0.04,0.04,1.0,5,Yaw Right
2465,2465,416,0.04,0.04,1.0,5,Yaw Right
2466,2466,417,0.04,0.04,1.0,5,Yaw Right
2467,2467,418,0.04,0.04,1.0,5,Yaw Right
2468,2468,419,0.04,0.04,1.0,5,Yaw Right
2469,2469,420,0.04,0.04,1.0,5,Yaw Right
2470,2470,421,0.04,0.04,1.0,5,Yaw Right
2471,2471,422,0.04,0.04,1.0,5,Yaw Right
2472,2472,423,0.04,0.04,1.0,5,Yaw Right
2473,2473,424,0.04,0.04,1.0,5,Yaw Right
2474,2474,425,0.04,0.04,1.0,5,Yaw Right
2475,2475,426,0.04,0.04,1.0,5,Yaw Right
2476,2476,427,0.04,0.04,1.0,5,Yaw Right
2477,2477,428,0.04,0.04,1.0,5,Yaw Right
2478,2478,429,0.05,0.04,1.0,5,Yaw Right
2479,2479,430,0.04,0.04,1.0,5,Yaw Right
2480,2480,431,0.04,0.05,1.0,5,Yaw Right
2481,2481,432,0.04,0.04,1.0,5,Yaw Right
2482,2482,433,0.04,0.04,1.0,5,Yaw Right
2483,2483,434,0.04,0.05,1.0,5,Yaw Right
2484,2484,435,0.04,0.04,1.0,5,Yaw Right
2485,2485,436,0.04,0.04,1.0,5,Yaw Right
2486,2486,437,0.05,0.04,1.0,5,Yaw Right
2487,2487,438,0.04,0.04,1.0,5,Yaw Right
2488,2488,439,0.04,0.04,1.0,5,Yaw Right
2489,2489,440,0.04,0.04,1.0,5,Yaw Right
2490,2490,441,0.04,0.04,1.0,5,Yaw Right
2491,2491,442,0.04,0.04,1.0,5,Yaw Right
2492,2492,443,0.04,0.03,1.0,5,Yaw Right
2493,2493,444,0.04,-0.02,1.05,5,Yaw Right
2494,2494,445,0.05,-0.05,1.14,5,Yaw Right
2495,2495,446,0.03,-0.05,0.96,5,Yaw Right
2496,2496,447,0.16,-0.13,0.95,5,Yaw Right
2497,2497,448,0.24,-0.08,0.96,5,Yaw Right
2498,2498,449,0.3,0.26,0.91,5,Yaw Right
2499,2499,450,0.25,0.29,1.0,5,Yaw Right
2500,2500,451,0.22,0.23,0.98,5,Yaw Right
2501,2501,452,0.21,0.25,0.98,5,Yaw Right
2502,2502,453,0.16,0.35,0.99,5,Yaw Right
2503,2503,454,0.18,0.23,0.96,5,Yaw Right
2504,2504,455,0.08,0.2,0.95,5,Yaw Right
2505,2505,456,0.17,-0.01,0.99,5,Yaw Right
2506,2506,457,0.11,-0.04,0.98,5,Yaw Right
2507,2507,458,0.05,-0.07,0.94,5,Yaw Right
2508,2508,459,0.03,0.02,1.0,5,Yaw Right
2509,2509,460,0.01,0.09,1.08,5,Yaw Right
2510,2510,461,0.03,0.03,0.98,5,Yaw Right
2511,2511,462,0.02,0.0,1.0,5,Yaw Right
2512,2512,463,0.05,0.04,1.0,5,Yaw Right
2513,2513,464,0.05,0.04,1.0,5,Yaw Right
2514,2514,465,0.04,0.04,1.0,5,Yaw Right
2515,2515,466,0.04,0.05,1.0,5,Yaw Right
2516,2516,467,0.04,0.04,1.0,5,Yaw Right
2517,2517,468,0.04,0.04,1.0,5,Yaw Right
2518,2518,469,0.04,0.04,1.0,5,Yaw Right
2519,2519,470,0.04,0.04,1.0,5,Yaw Right
2520,2520,471,0.04,0.04,1.0,5,Yaw Right
2521,2521,472,0.04,0.04,1.0,5,Yaw Right
2522,2522,473,0.04,0.04,1.0,5,Yaw Right
2523,2523,474,0.04,0.04,1.0,5,Yaw Right
2524,2524,475,0.04,0.04,1.0,5,Yaw Right
2525,2525,476,0.04,0.04,1.0,5,Yaw Right
2526,2526,477,0.04,0.04,1.0,5,Yaw Right
2527,2527,478,0.04,0.04,1.0,5,Yaw Right
2528,2528,479,0.04,0.04,1.0,5,Yaw Right
2529,2529,480,0.04,0.04,1.0,5,Yaw Right
2530,2530,481,0.04,0.04,1.0,5,Yaw Right
2531,2531,482,0.04,0.04,1.0,5,Yaw Right
2532,2532,483,0.04,0.04,1.0,5,Yaw Right
2533,2533,484,0.04,0.04,1.0,5,Yaw Right
2534,2534,485,0.04,0.05,1.0,5,Yaw Right
2535,2535,486,0.04,0.04,1.0,5,Yaw Right
2536,2536,487,0.04,0.04,1.0,5,Yaw Right
2537,2537,488,0.04,0.05,1.0,5,Yaw Right
2538,2538,489,0.04,0.05,1.0,5,Yaw Right
2539,2539,490,0.04,0.05,1.0,5,Yaw Right
2540,2540,491,0.04,0.04,1.0,5,Yaw Right
2541,2541,492,0.04,0.05,1.0,5,Yaw Right
2542,2542,493,0.04,0.04,1.0,5,Yaw Right
2543,2543,494,0.04,0.04,1.0,5,Yaw Right
2544,2544,495,0.04,0.04,1.0,5,Yaw Right
2545,2545,496,0.04,0.05,1.0,5,Yaw Right
2546,2546,497,0.06,0.07,1.0,5,Yaw Right
2547,2547,498,0.05,0.05,1.0,5,Yaw Right
2548,2548,499,0.02,0.04,1.02,5,Yaw Right
2549,2549,500,0.04,-0.02,1.12,5,Yaw Right
2550,2550,501,0.12,-0.26,1.09,5,Yaw Right
2551,2551,502,0.21,-0.21,0.95,5,Yaw Right
2552,2552,503,0.12,0.1,0.84,5,Yaw Right
2553,2553,504,0.24,0.17,0.98,5,Yaw Right
2554,2554,505,0.24,0.18,0.94,5,Yaw Right
2555,2555,506,0.23,0.28,0.96,5,Yaw Right
2556,2556,507,0.21,0.33,0.96,5,Yaw Right
2557,2557,508,0.18,0.28,1.02,5,Yaw Right
2558,2558,509,0.16,0.19,0.88,5,Yaw Right
2559,2559,510,0.14,0.17,0.98,5,Yaw Right
2560,2560,511,0.16,0.0,1.06,5,Yaw Right
2561,2561,512,0.11,-0.04,1.01,5,Yaw Right
2562,2562,513,0.08,-0.12,1.0,5,Yaw Right
2563,2563,514,0.04,0.1,1.03,5,Yaw Right
2564,2564,515,0.02,0.05,0.98,5,Yaw Right
2565,2565,516,0.05,0.02,0.98,5,Yaw Right
2566,2566,517,0.05,0.05,1.05,5,Yaw Right
2567,2567,518,0.04,0.04,1.0,5,Yaw Right
2568,2568,519,0.04,0.04,1.0,5,Yaw Right
2569,2569,520,0.05,0.04,1.0,5,Yaw Right
2570,2570,521,0.04,0.04,1.0,5,Yaw Right
2571,2571,522,0.04,0.04,1.0,5,Yaw Right
2572,2572,523,0.04,0.04,1.0,5,Yaw Right
2573,2573,524,0.04,0.04,1.0,5,Yaw Right
2574,2574,525,0.04,0.04,1.0,5,Yaw Right
2575,2575,526,0.04,0.04,1.0,5,Yaw Right
2576,2576,527,0.04,0.05,1.0,5,Yaw Right
2577,2577,528,0.04,0.04,1.0,5,Yaw Right
2578,2578,529,0.04,0.05,1.0,5,Yaw Right
2579,2579,530,0.04,0.04,1.0,5,Yaw Right
2580,2580,531,0.04,0.04,1.0,5,Yaw Right
2581,2581,532,0.04,0.04,1.0,5,Yaw Right
2582,2582,533,0.04,0.04,1.0,5,Yaw Right
2583,2583,534,0.04,0.04,1.0,5,Yaw Right
2584,2584,535,0.04,0.04,1.0,5,Yaw Right
2585,2585,536,0.04,0.04,1.0,5,Yaw Right
2586,2586,537,0.04,0.04,1.0,5,Yaw Right
2587,2587,538,0.04,0.04,1.0,5,Yaw Right
2588,2588,539,0.04,0.05,1.0,5,Yaw Right
2589,2589,540,0.04,0.04,1.0,5,Yaw Right
2590,2590,541,0.04,0.04,1.0,5,Yaw Right
2591,2591,542,0.04,0.04,1.0,5,Yaw Right
2592,2592,543,0.04,0.04,1.0,5,Yaw Right
2593,2593,0,0.04,-0.04,1.01,6,Yaw Right
2594,2594,1,0.04,-0.04,1.0,6,Yaw Right
2595,2595,2,0.04,-0.04,1.01,6,Yaw Right
2596,2596,3,0.04,-0.03,1.01,6,Yaw Right
2597,2597,4,0.04,-0.03,1.0,6,Yaw Right
2598,2598,5,0.04,-0.04,1.01,6,Yaw Right
2599,2599,6,0.04,-0.04,1.01,6,Yaw Right
2600,2600,7,0.04,-0.04,1.01,6,Yaw Right
2601,2601,8,0.04,-0.04,1.0,6,Yaw Right
2602,2602,9,0.04,-0.04,1.01,6,Yaw Right
2603,2603,10,0.04,-0.03,1.01,6,Yaw Right
2604,2604,11,0.04,-0.03,1.0,6,Yaw Right
2605,2605,12,0.04,-0.04,1.01,6,Yaw Right
2606,2606,13,0.04,-0.04,1.01,6,Yaw Right
2607,2607,14,0.04,-0.04,1.01,6,Yaw Right
2608,2608,15,0.04,-0.04,1.0,6,Yaw Right
2609,2609,16,0.03,-0.03,1.0,6,Yaw Right
2610,2610,17,0.04,-0.03,1.01,6,Yaw Right
2611,2611,18,0.04,-0.03,1.01,6,Yaw Right
2612,2612,19,0.04,-0.04,1.01,6,Yaw Right
2613,2613,20,0.03,-0.03,1.0,6,Yaw Right
2614,2614,21,0.04,-0.03,1.02,6,Yaw Right
2615,2615,22,0.04,-0.03,1.01,6,Yaw Right
2616,2616,23,0.04,-0.03,1.01,6,Yaw Right
2617,2617,24,0.04,-0.03,1.01,6,Yaw Right
2618,2618,25,0.03,-0.03,1.01,6,Yaw Right
2619,2619,26,0.03,-0.04,1.01,6,Yaw Right
2620,2620,27,0.04,-0.04,1.01,6,Yaw Right
2621,2621,28,0.04,-0.03,1.01,6,Yaw Right
2622,2622,29,0.04,-0.04,1.01,6,Yaw Right
2623,2623,30,0.04,-0.04,1.01,6,Yaw Right
2624,2624,31,0.04,-0.03,1.01,6,Yaw Right
2625,2625,32,0.03,-0.03,1.01,6,Yaw Right
2626,2626,33,0.04,-0.03,1.01,6,Yaw Right
2627,2627,34,0.04,-0.03,1.0,6,Yaw Right
2628,2628,35,0.04,-0.03,1.01,6,Yaw Right
2629,2629,36,0.03,-0.03,1.01,6,Yaw Right
2630,2630,37,0.04,-0.03,1.01,6,Yaw Right
2631,2631,38,0.04,-0.03,1.01,6,Yaw Right
2632,2632,39,0.04,-0.03,1.0,6,Yaw Right
2633,2633,40,0.04,-0.03,1.01,6,Yaw Right
2634,2634,41,0.03,-0.04,1.01,6,Yaw Right
2635,2635,42,0.04,-0.04,1.01,6,Yaw Right
2636,2636,43,0.03,-0.06,1.02,6,Yaw Right
2637,2637,44,0.07,-0.07,1.04,6,Yaw Right
2638,2638,45,0.07,-0.16,0.96,6,Yaw Right
2639,2639,46,-0.18,-0.14,1.01,6,Yaw Right
2640,2640,47,-0.02,-0.1,1.07,6,Yaw Right
2641,2641,48,0.1,-0.18,1.14,6,Yaw Right
2642,2642,49,0.1,-0.04,0.77,6,Yaw Right
2643,2643,50,0.12,-0.16,1.17,6,Yaw Right
2644,2644,51,0.19,-0.02,1.05,6,Yaw Right
2645,2645,52,0.18,-0.43,0.8,6,Yaw Right
2646,2646,53,0.3,-0.02,0.95,6,Yaw Right
2647,2647,54,0.14,0.25,0.96,6,Yaw Right
2648,2648,55,0.26,0.15,1.02,6,Yaw Right
2649,2649,56,0.26,0.06,0.99,6,Yaw Right
2650,2650,57,0.23,0.18,0.97,6,Yaw Right
2651,2651,58,0.11,0.09,0.68,6,Yaw Right
2652,2652,59,0.13,-0.07,0.93,6,Yaw Right
2653,2653,60,0.11,-0.09,0.95,6,Yaw Right
2654,2654,61,0.08,-0.11,1.02,6,Yaw Right
2655,2655,62,0.09,0.01,0.77,6,Yaw Right
2656,2656,63,-0.04,-0.11,1.03,6,Yaw Right
2657,2657,64,-0.02,-0.04,1.18,6,Yaw Right
2658,2658,65,0.01,-0.05,1.05,6,Yaw Right
2659,2659,66,0.03,-0.06,1.05,6,Yaw Right
2660,2660,67,-0.04,0.06,0.79,6,Yaw Right
2661,2661,68,0.03,-0.04,1.02,6,Yaw Right
2662,2662,69,0.04,-0.04,1.01,6,Yaw Right
2663,2663,70,0.03,-0.03,1.01,6,Yaw Right
2664,2664,71,0.03,-0.03,1.01,6,Yaw Right
2665,2665,72,0.03,-0.03,1.01,6,Yaw Right
2666,2666,73,0.04,-0.04,1.01,6,Yaw Right
2667,2667,74,0.04,-0.03,1.01,6,Yaw Right
2668,2668,75,0.04,-0.04,1.01,6,Yaw Right
2669,2669,76,0.03,-0.03,1.01,6,Yaw Right
2670,2670,77,0.03,-0.03,1.01,6,Yaw Right
2671,2671,78,0.04,-0.03,1.01,6,Yaw Right
2672,2672,79,0.04,-0.03,1.01,6,Yaw Right
2673,2673,80,0.04,-0.04,1.01,6,Yaw Right
2674,2674,81,0.04,-0.03,1.01,6,Yaw Right
2675,2675,82,0.04,-0.03,1.01,6,Yaw Right
2676,2676,83,0.03,-0.04,1.01,6,Yaw Right
2677,2677,84,0.03,-0.03,1.01,6,Yaw Right
2678,2678,85,0.04,-0.03,1.0,6,Yaw Right
2679,2679,86,0.04,-0.04,1.01,6,Yaw Right
2680,2680,87,0.03,-0.03,1.01,6,Yaw Right
2681,2681,88,0.04,-0.04,1.01,6,Yaw Right
2682,2682,89,0.04,-0.04,1.01,6,Yaw Right
2683,2683,90,0.04,-0.04,1.0,6,Yaw Right
2684,2684,91,0.03,-0.03,1.01,6,Yaw Right
2685,2685,92,0.03,-0.04,1.0,6,Yaw Right
2686,2686,93,0.03,-0.03,1.01,6,Yaw Right
2687,2687,94,0.04,-0.04,1.01,6,Yaw Right
2688,2688,95,0.04,-0.03,1.01,6,Yaw Right
2689,2689,96,0.04,-0.04,1.01,6,Yaw Right
2690,2690,97,0.04,-0.03,1.01,6,Yaw Right
2691,2691,98,0.04,-0.04,1.01,6,Yaw Right
2692,2692,99,0.03,-0.04,1.01,6,Yaw Right
2693,2693,100,0.04,-0.04,1.01,6,Yaw Right
2694,2694,101,0.04,-0.03,1.01,6,Yaw Right
2695,2695,102,0.04,-0.04,1.01,6,Yaw Right
2696,2696,103,0.04,-0.04,1.02,6,Yaw Right
2697,2697,104,0.05,-0.06,1.0,6,Yaw Right
2698,2698,105,-0.13,-0.14,1.18,6,Yaw Right
2699,2699,106,-0.02,-0.17,1.02,6,Yaw Right
2700,2700,107,0.14,-0.04,0.94,6,Yaw Right
2701,2701,108,0.16,-0.02,0.9,6,Yaw Right
2702,2702,109,0.07,-0.11,1.05,6,Yaw Right
2703,2703,110,0.16,-0.29,0.99,6,Yaw Right
2704,2704,111,0.21,-0.13,0.93,6,Yaw Right
2705,2705,112,0.23,0.12,0.82,6,Yaw Right
2706,2706,113,0.21,0.08,1.11,6,Yaw Right
2707,2707,114,0.22,0.09,0.96,6,Yaw Right
2708,2708,115,0.23,0.22,0.91,6,Yaw Right
2709,2709,116,0.16,0.12,0.99,6,Yaw Right
2710,2710,117,0.07,-0.16,1.1,6,Yaw Right
2711,2711,118,0.14,-0.05,1.07,6,Yaw Right
2712,2712,119,0.13,0.02,0.95,6,Yaw Right
2713,2713,120,0.07,-0.3,1.05,6,Yaw Right
2714,2714,121,0.04,0.07,1.18,6,Yaw Right
2715,2715,122,0.0,-0.1,0.92,6,Yaw Right
2716,2716,123,0.01,0.01,1.09,6,Yaw Right
2717,2717,124,-0.0,-0.04,0.96,6,Yaw Right
2718,2718,125,0.01,0.01,1.0,6,Yaw Right
2719,2719,126,0.0,-0.02,1.04,6,Yaw Right
2720,2720,127,0.01,-0.05,1.01,6,Yaw Right
2721,2721,128,0.03,-0.02,1.01,6,Yaw Right
2722,2722,129,0.03,-0.04,1.0,6,Yaw Right
2723,2723,130,0.03,-0.03,1.01,6,Yaw Right
2724,2724,131,0.04,-0.03,1.01,6,Yaw Right
2725,2725,132,0.04,-0.03,1.0,6,Yaw Right
2726,2726,133,0.04,-0.04,1.01,6,Yaw Right
2727,2727,134,0.04,-0.04,1.01,6,Yaw Right
2728,2728,135,0.04,-0.03,1.01,6,Yaw Right
2729,2729,136,0.04,-0.03,1.01,6,Yaw Right
2730,2730,137,0.04,-0.03,1.01,6,Yaw Right
2731,2731,138,0.04,-0.03,1.01,6,Yaw Right
2732,2732,139,0.04,-0.03,1.01,6,Yaw Right
2733,2733,140,0.04,-0.04,1.01,6,Yaw Right
2734,2734,141,0.04,-0.03,1.01,6,Yaw Right
2735,2735,142,0.03,-0.04,1.01,6,Yaw Right
2736,2736,143,0.03,-0.03,1.01,6,Yaw Right
2737,2737,144,0.04,-0.03,1.01,6,Yaw Right
2738,2738,145,0.04,-0.04,1.02,6,Yaw Right
2739,2739,146,0.04,-0.04,1.01,6,Yaw Right
2740,2740,147,0.04,-0.04,1.01,6,Yaw Right
2741,2741,148,0.04,-0.03,1.01,6,Yaw Right
2742,2742,149,0.03,-0.03,1.01,6,Yaw Right
2743,2743,150,0.04,-0.03,1.01,6,Yaw Right
2744,2744,151,0.04,-0.03,1.01,6,Yaw Right
2745,2745,152,0.04,-0.03,1.01,6,Yaw Right
2746,2746,153,0.04,-0.03,1.01,6,Yaw Right
2747,2747,154,0.04,-0.03,1.0,6,Yaw Right
2748,2748,155,0.04,-0.03,1.01,6,Yaw Right
2749,2749,156,0.04,-0.03,1.01,6,Yaw Right
2750,2750,157,0.04,-0.03,1.01,6,Yaw Right
2751,2751,158,0.04,-0.04,1.01,6,Yaw Right
2752,2752,159,0.04,-0.04,1.01,6,Yaw Right
2753,2753,160,0.04,-0.04,1.01,6,Yaw Right
2754,2754,161,0.04,-0.03,1.0,6,Yaw Right
2755,2755,162,0.01,-0.04,1.02,6,Yaw Right
2756,2756,163,-0.05,-0.13,1.04,6,Yaw Right
2757,2757,164,0.08,-0.18,1.24,6,Yaw Right
2758,2758,165,-0.02,-0.05,0.93,6,Yaw Right
2759,2759,166,0.08,-0.06,0.89,6,Yaw Right
2760,2760,167,0.06,-0.07,1.16,6,Yaw Right
2761,2761,168,0.11,-0.34,0.94,6,Yaw Right
2762,2762,169,0.2,-0.04,0.93,6,Yaw Right
2763,2763,170,0.27,-0.09,0.95,6,Yaw Right
2764,2764,171,0.12,0.33,1.0,6,Yaw Right
2765,2765,172,0.27,0.03,1.04,6,Yaw Right
2766,2766,173,0.19,0.13,0.92,6,Yaw Right
2767,2767,174,0.3,-0.01,1.09,6,Yaw Right
2768,2768,175,0.08,0.07,0.98,6,Yaw Right
2769,2769,176,0.05,-0.21,0.88,6,Yaw Right
2770,2770,177,0.13,-0.09,1.2,6,Yaw Right
2771,2771,178,0.0,-0.01,1.0,6,Yaw Right
2772,2772,179,0.04,-0.07,0.9,6,Yaw Right
2773,2773,180,-0.05,0.01,1.01,6,Yaw Right
2774,2774,181,0.0,-0.07,1.04,6,Yaw Right
2775,2775,182,-0.03,-0.01,1.06,6,Yaw Right
2776,2776,183,-0.03,0.03,1.05,6,Yaw Right
2777,2777,184,0.04,0.0,1.01,6,Yaw Right
2778,2778,185,0.06,-0.01,0.97,6,Yaw Right
2779,2779,186,0.04,-0.03,1.01,6,Yaw Right
2780,2780,187,0.04,-0.04,1.01,6,Yaw Right
2781,2781,188,0.03,-0.03,1.0,6,Yaw Right
2782,2782,189,0.04,-0.03,1.02,6,Yaw Right
2783,2783,190,0.03,-0.04,1.01,6,Yaw Right
2784,2784,191,0.03,-0.04,1.01,6,Yaw Right
2785,2785,192,0.04,-0.04,1.01,6,Yaw Right
2786,2786,193,0.03,-0.03,1.01,6,Yaw Right
2787,2787,194,0.03,-0.03,1.01,6,Yaw Right
2788,2788,195,0.03,-0.04,1.01,6,Yaw Right
2789,2789,196,0.04,-0.03,1.01,6,Yaw Right
2790,2790,197,0.04,-0.04,1.01,6,Yaw Right
2791,2791,198,0.04,-0.03,1.01,6,Yaw Right
2792,2792,199,0.03,-0.03,1.01,6,Yaw Right
2793,2793,200,0.04,-0.03,1.01,6,Yaw Right
2794,2794,201,0.04,-0.03,1.01,6,Yaw Right
2795,2795,202,0.04,-0.03,1.01,6,Yaw Right
2796,2796,203,0.04,-0.03,1.01,6,Yaw Right
2797,2797,204,0.04,-0.04,1.01,6,Yaw Right
2798,2798,205,0.04,-0.04,1.01,6,Yaw Right
2799,2799,206,0.04,-0.04,1.01,6,Yaw Right
2800,2800,207,0.03,-0.02,1.01,6,Yaw Right
2801,2801,208,0.04,-0.04,1.01,6,Yaw Right
2802,2802,209,0.04,-0.03,1.01,6,Yaw Right
2803,2803,210,0.04,-0.04,1.01,6,Yaw Right
2804,2804,211,0.03,-0.03,1.01,6,Yaw Right
2805,2805,212,0.04,-0.03,1.01,6,Yaw Right
2806,2806,213,0.03,-0.03,1.01,6,Yaw Right
2807,2807,214,0.04,-0.04,1.01,6,Yaw Right
2808,2808,215,-0.03,-0.07,1.02,6,Yaw Right
2809,2809,216,-0.01,-0.05,1.12,6,Yaw Right
2810,2810,217,-0.05,-0.04,1.11,6,Yaw Right
2811,2811,218,0.0,-0.04,0.86,6,Yaw Right
2812,2812,219,0.09,-0.02,0.96,6,Yaw Right
2813,2813,220,0.05,-0.2,1.16,6,Yaw Right
2814,2814,221,-0.09,-0.19,1.1,6,Yaw Right
2815,2815,222,0.23,0.14,0.86,6,Yaw Right
2816,2816,223,0.27,0.27,0.91,6,Yaw Right
2817,2817,224,0.26,0.06,1.01,6,Yaw Right
2818,2818,225,0.25,0.12,1.0,6,Yaw Right
2819,2819,226,0.26,0.08,1.05,6,Yaw Right
2820,2820,227,0.08,-0.02,1.03,6,Yaw Right
2821,2821,228,0.09,-0.07,0.73,6,Yaw Right
2822,2822,229,0.06,-0.42,1.23,6,Yaw Right
2823,2823,230,0.08,-0.09,0.98,6,Yaw Right
2824,2824,231,0.06,0.02,1.02,6,Yaw Right
2825,2825,232,0.03,-0.05,0.94,6,Yaw Right
2826,2826,233,-0.04,0.02,1.16,6,Yaw Right
2827,2827,234,-0.0,-0.0,1.07,6,Yaw Right
2828,2828,235,0.0,-0.0,1.03,6,Yaw Right
2829,2829,236,0.01,-0.11,0.98,6,Yaw Right
2830,2830,237,0.04,-0.06,1.01,6,Yaw Right
2831,2831,238,0.04,-0.04,1.0,6,Yaw Right
2832,2832,239,0.04,-0.03,1.01,6,Yaw Right
2833,2833,240,0.03,-0.04,1.01,6,Yaw Right
2834,2834,241,0.04,-0.03,1.01,6,Yaw Right
2835,2835,242,0.04,-0.03,1.01,6,Yaw Right
2836,2836,243,0.03,-0.04,1.01,6,Yaw Right
2837,2837,244,0.04,-0.04,1.01,6,Yaw Right
2838,2838,245,0.03,-0.03,1.01,6,Yaw Right
2839,2839,246,0.04,-0.03,1.01,6,Yaw Right
2840,2840,247,0.04,-0.03,1.01,6,Yaw Right
2841,2841,248,0.04,-0.03,1.01,6,Yaw Right
2842,2842,249,0.04,-0.04,1.01,6,Yaw Right
2843,2843,250,0.04,-0.04,1.01,6,Yaw Right
2844,2844,251,0.04,-0.04,1.01,6,Yaw Right
2845,2845,252,0.04,-0.04,1.01,6,Yaw Right
2846,2846,253,0.03,-0.03,1.01,6,Yaw Right
2847,2847,254,0.04,-0.04,1.01,6,Yaw Right
2848,2848,255,0.04,-0.04,1.01,6,Yaw Right
2849,2849,256,0.04,-0.03,1.01,6,Yaw Right
2850,2850,257,0.04,-0.04,1.01,6,Yaw Right
2851,2851,258,0.04,-0.04,1.0,6,Yaw Right
2852,2852,259,0.03,-0.03,1.01,6,Yaw Right
2853,2853,260,0.04,-0.04,1.01,6,Yaw Right
2854,2854,261,0.04,-0.03,1.01,6,Yaw Right
2855,2855,262,0.04,-0.03,1.01,6,Yaw Right
2856,2856,263,0.04,-0.04,1.01,6,Yaw Right
2857,2857,264,0.03,-0.04,1.01,6,Yaw Right
2858,2858,265,0.03,-0.03,1.01,6,Yaw Right
2859,2859,266,0.04,-0.04,1.01,6,Yaw Right
2860,2860,267,0.04,-0.04,1.01,6,Yaw Right
2861,2861,268,0.04,-0.03,1.01,6,Yaw Right
2862,2862,269,0.04,-0.03,1.01,6,Yaw Right
2863,2863,270,0.04,-0.03,1.01,6,Yaw Right
2864,2864,271,0.03,-0.03,1.01,6,Yaw Right
2865,2865,272,0.04,-0.03,1.01,6,Yaw Right
2866,2866,273,0.03,-0.03,1.01,6,Yaw Right
2867,2867,274,0.04,-0.06,1.01,6,Yaw Right
2868,2868,275,-0.0,-0.0,1.01,6,Yaw Right
2869,2869,276,0.0,-0.0,1.11,6,Yaw Right
2870,2870,277,-0.02,-0.07,1.01,6,Yaw Right
2871,2871,278,0.07,-0.07,0.94,6,Yaw Right
2872,2872,279,0.15,0.0,1.02,6,Yaw Right
2873,2873,280,0.09,-0.27,1.03,6,Yaw Right
2874,2874,281,0.15,-0.26,0.99,6,Yaw Right
2875,2875,282,0.09,0.08,0.94,6,Yaw Right
2876,2876,283,0.14,0.04,0.94,6,Yaw Right
2877,2877,284,0.13,0.04,1.01,6,Yaw Right
2878,2878,285,0.17,-0.01,1.01,6,Yaw Right
2879,2879,286,0.15,0.06,1.02,6,Yaw Right
2880,2880,287,0.05,0.21,0.99,6,Yaw Right
2881,2881,288,0.15,-0.31,1.05,6,Yaw Right
2882,2882,289,0.02,0.16,1.03,6,Yaw Right
2883,2883,290,0.14,-0.22,1.03,6,Yaw Right
2884,2884,291,0.1,0.0,1.06,6,Yaw Right
2885,2885,292,0.07,0.0,0.98,6,Yaw Right
2886,2886,293,0.04,0.08,0.88,6,Yaw Right
2887,2887,294,0.01,-0.05,1.0,6,Yaw Right
2888,2888,295,-0.05,0.0,1.17,6,Yaw Right
2889,2889,296,-0.02,-0.07,1.04,6,Yaw Right
2890,2890,297,0.0,-0.02,1.03,6,Yaw Right
2891,2891,298,0.05,-0.02,1.01,6,Yaw Right
2892,2892,299,0.03,-0.03,1.01,6,Yaw Right
2893,2893,300,0.03,-0.03,1.01,6,Yaw Right
2894,2894,301,0.04,-0.03,1.01,6,Yaw Right
2895,2895,302,0.04,-0.04,1.01,6,Yaw Right
2896,2896,303,0.04,-0.04,1.01,6,Yaw Right
2897,2897,304,0.04,-0.04,1.01,6,Yaw Right
2898,2898,305,0.03,-0.03,1.01,6,Yaw Right
2899,2899,306,0.02,-0.0,1.01,6,Yaw Right
2900,2900,307,0.03,-0.02,1.01,6,Yaw Right
2901,2901,308,0.04,-0.03,1.01,6,Yaw Right
2902,2902,309,0.03,-0.02,1.01,6,Yaw Right
2903,2903,310,0.04,-0.04,1.01,6,Yaw Right
2904,2904,311,0.04,-0.03,1.01,6,Yaw Right
2905,2905,312,0.04,-0.04,1.01,6,Yaw Right
2906,2906,313,0.03,-0.03,1.01,6,Yaw Right
2907,2907,314,0.03,-0.03,1.01,6,Yaw Right
2908,2908,315,0.04,-0.04,1.0,6,Yaw Right
2909,2909,316,0.04,-0.04,1.01,6,Yaw Right
2910,2910,317,0.04,-0.04,1.01,6,Yaw Right
2911,2911,318,0.03,-0.04,1.01,6,Yaw Right
2912,2912,319,0.03,-0.03,1.01,6,Yaw Right
2913,2913,320,0.04,-0.03,1.01,6,Yaw Right
2914,2914,321,0.04,-0.04,1.0,6,Yaw Right
2915,2915,322,0.04,-0.04,1.01,6,Yaw Right
2916,2916,323,0.04,-0.04,1.01,6,Yaw Right
2917,2917,324,0.04,-0.04,1.01,6,Yaw Right
2918,2918,325,0.04,-0.03,1.01,6,Yaw Right
2919,2919,326,0.04,-0.04,1.01,6,Yaw Right
2920,2920,327,0.04,-0.04,1.01,6,Yaw Right
2921,2921,328,0.03,-0.03,1.01,6,Yaw Right
2922,2922,329,0.04,-0.03,1.0,6,Yaw Right
2923,2923,330,0.03,-0.04,1.01,6,Yaw Right
2924,2924,331,0.04,-0.04,1.01,6,Yaw Right
2925,2925,332,0.0,-0.09,0.95,6,Yaw Right
2926,2926,333,-0.17,-0.07,1.15,6,Yaw Right
2927,2927,334,0.04,-0.08,0.95,6,Yaw Right
2928,2928,335,0.05,-0.14,1.06,6,Yaw Right
2929,2929,336,0.11,-0.04,0.85,6,Yaw Right
2930,2930,337,0.06,-0.03,0.97,6,Yaw Right
2931,2931,338,0.11,-0.09,0.98,6,Yaw Right
2932,2932,339,0.08,-0.1,0.99,6,Yaw Right
2933,2933,340,0.09,-0.35,0.95,6,Yaw Right
2934,2934,341,0.19,-0.06,0.94,6,Yaw Right
2935,2935,342,0.15,-0.12,1.02,6,Yaw Right
2936,2936,343,0.14,-0.05,0.89,6,Yaw Right
2937,2937,344,0.18,0.09,1.12,6,Yaw Right
2938,2938,345,0.09,0.0,0.99,6,Yaw Right
2939,2939,346,0.13,0.05,0.97,6,Yaw Right
2940,2940,347,0.07,0.34,1.12,6,Yaw Right
2941,2941,348,0.05,0.1,1.07,6,Yaw Right
2942,2942,349,0.07,-0.09,0.84,6,Yaw Right
2943,2943,350,0.11,-0.38,1.15,6,Yaw Right
2944,2944,351,0.08,0.12,0.99,6,Yaw Right
2945,2945,352,0.05,-0.07,0.83,6,Yaw Right
2946,2946,353,0.05,0.05,1.17,6,Yaw Right
2947,2947,354,0.0,-0.02,1.05,6,Yaw Right
2948,2948,355,-0.02,0.02,1.02,6,Yaw Right
2949,2949,356,-0.0,-0.02,1.01,6,Yaw Right
2950,2950,357,0.04,-0.07,1.05,6,Yaw Right
2951,2951,358,0.02,-0.08,1.02,6,Yaw Right
2952,2952,359,0.03,-0.04,1.01,6,Yaw Right
2953,2953,360,0.03,-0.04,1.02,6,Yaw Right
2954,2954,361,0.04,-0.03,1.01,6,Yaw Right
2955,2955,362,0.04,-0.03,1.0,6,Yaw Right
2956,2956,363,0.04,-0.03,1.01,6,Yaw Right
2957,2957,364,0.04,-0.04,1.01,6,Yaw Right
2958,2958,365,0.04,-0.03,1.01,6,Yaw Right
2959,2959,366,0.04,-0.03,1.01,6,Yaw Right
2960,2960,367,0.03,-0.03,1.01,6,Yaw Right
2961,2961,368,0.04,-0.03,1.01,6,Yaw Right
2962,2962,369,0.04,-0.04,1.01,6,Yaw Right
2963,2963,370,0.04,-0.03,1.01,6,Yaw Right
2964,2964,371,0.04,-0.04,1.01,6,Yaw Right
2965,2965,372,0.04,-0.03,1.01,6,Yaw Right
2966,2966,373,0.03,-0.03,1.01,6,Yaw Right
2967,2967,374,0.03,-0.03,1.01,6,Yaw Right
2968,2968,375,0.03,-0.03,1.01,6,Yaw Right
2969,2969,376,0.04,-0.03,1.01,6,Yaw Right
2970,2970,377,0.03,-0.04,1.01,6,Yaw Right
2971,2971,378,0.04,-0.03,1.0,6,Yaw Right
2972,2972,379,0.04,-0.03,1.01,6,Yaw Right
2973,2973,380,0.04,-0.04,1.01,6,Yaw Right
2974,2974,381,0.04,-0.04,1.01,6,Yaw Right
2975,2975,382,0.03,-0.03,1.01,6,Yaw Right
2976,2976,383,0.04,-0.03,1.01,6,Yaw Right
2977,2977,384,0.04,-0.04,1.01,6,Yaw Right
2978,2978,385,0.03,-0.04,1.01,6,Yaw Right
2979,2979,386,0.03,-0.03,1.01,6,Yaw Right
2980,2980,387,0.04,-0.04,1.01,6,Yaw Right
2981,2981,388,0.04,-0.03,1.01,6,Yaw Right
2982,2982,389,0.04,-0.03,1.0,6,Yaw Right
2983,2983,390,0.03,-0.04,1.01,6,Yaw Right
2984,2984,391,0.03,-0.04,1.01,6,Yaw Right
2985,2985,392,0.0,-0.05,1.05,6,Yaw Right
2986,2986,393,0.11,-0.12,1.21,6,Yaw Right
2987,2987,394,0.06,-0.1,1.03,6,Yaw Right
2988,2988,395,0.11,-0.04,0.95,6,Yaw Right
2989,2989,396,0.04,-0.12,0.97,6,Yaw Right
2990,2990,397,0.12,-0.23,0.98,6,Yaw Right
2991,2991,398,0.22,-0.08,1.04,6,Yaw Right
2992,2992,399,0.25,0.06,0.86,6,Yaw Right
2993,2993,400,0.23,0.04,0.98,6,Yaw Right
2994,2994,401,0.2,0.11,1.0,6,Yaw Right
2995,2995,402,0.21,0.07,0.99,6,Yaw Right
2996,2996,403,0.18,0.16,1.07,6,Yaw Right
2997,2997,404,0.17,-0.0,1.02,6,Yaw Right
2998,2998,405,0.15,0.07,0.7,6,Yaw Right
2999,2999,406,0.11,0.05,0.9,6,Yaw Right
3000,3000,407,0.14,-0.3,1.0,6,Yaw Right
3001,3001,408,0.1,-0.03,1.02,6,Yaw Right
3002,3002,409,0.01,-0.11,0.97,6,Yaw Right
3003,3003,410,0.01,-0.06,1.09,6,Yaw Right
3004,3004,411,0.01,-0.05,1.0,6,Yaw Right
3005,3005,412,0.01,0.0,1.02,6,Yaw Right
3006,3006,413,0.02,-0.03,1.01,6,Yaw Right
3007,3007,414,0.03,-0.04,1.01,6,Yaw Right
3008,3008,415,0.03,-0.03,1.01,6,Yaw Right
3009,3009,416,0.04,-0.03,1.01,6,Yaw Right
3010,3010,417,0.03,-0.04,1.01,6,Yaw Right
3011,3011,418,0.03,-0.03,1.01,6,Yaw Right
3012,3012,419,0.04,-0.03,1.01,6,Yaw Right
3013,3013,420,0.03,-0.03,1.0,6,Yaw Right
3014,3014,421,0.04,-0.04,1.01,6,Yaw Right
3015,3015,422,0.04,-0.03,1.01,6,Yaw Right
3016,3016,423,0.04,-0.03,1.01,6,Yaw Right
3017,3017,424,0.04,-0.04,1.01,6,Yaw Right
3018,3018,425,0.03,-0.03,1.01,6,Yaw Right
3019,3019,426,0.04,-0.04,1.01,6,Yaw Right
3020,3020,427,0.04,-0.04,1.01,6,Yaw Right
3021,3021,428,0.03,-0.04,1.01,6,Yaw Right
3022,3022,429,0.04,-0.03,1.01,6,Yaw Right
3023,3023,430,0.04,-0.03,1.01,6,Yaw Right
3024,3024,431,0.04,-0.04,1.01,6,Yaw Right
3025,3025,432,0.04,-0.03,1.01,6,Yaw Right
3026,3026,433,0.03,-0.03,1.01,6,Yaw Right
3027,3027,434,0.03,-0.03,1.01,6,Yaw Right
3028,3028,435,0.04,-0.04,1.01,6,Yaw Right
3029,3029,436,0.04,-0.03,1.01,6,Yaw Right
3030,3030,437,0.03,-0.04,1.01,6,Yaw Right
3031,3031,438,0.04,-0.04,1.01,6,Yaw Right
3032,3032,439,0.03,-0.04,1.01,6,Yaw Right
3033,3033,440,0.04,-0.03,1.01,6,Yaw Right
3034,3034,441,0.03,-0.04,1.01,6,Yaw Right
3035,3035,442,0.04,-0.04,1.01,6,Yaw Right
3036,3036,443,0.04,-0.03,1.01,6,Yaw Right
3037,3037,444,0.04,-0.04,1.01,6,Yaw Right
3038,3038,445,0.04,-0.03,1.01,6,Yaw Right
3039,3039,446,0.03,-0.03,1.01,6,Yaw Right
3040,3040,447,0.04,-0.04,1.0,6,Yaw Right
3041,3041,448,0.04,-0.03,1.01,6,Yaw Right
3042,3042,449,0.04,-0.0,1.02,6,Yaw Right
3043,3043,450,0.08,-0.06,1.02,6,Yaw Right
3044,3044,451,-0.0,-0.11,1.15,6,Yaw Right
3045,3045,452,0.09,-0.23,1.03,6,Yaw Right
3046,3046,453,0.1,-0.01,0.96,6,Yaw Right
3047,3047,454,0.07,-0.01,0.89,6,Yaw Right
3048,3048,455,0.09,-0.2,0.98,6,Yaw Right
3049,3049,456,0.16,-0.11,1.05,6,Yaw Right
3050,3050,457,0.2,-0.05,0.93,6,Yaw Right
3051,3051,458,0.2,-0.09,0.87,6,Yaw Right
3052,3052,459,0.12,0.03,1.0,6,Yaw Right
3053,3053,460,0.19,0.1,1.0,6,Yaw Right
3054,3054,461,0.18,-0.02,1.02,6,Yaw Right
3055,3055,462,0.2,-0.0,0.98,6,Yaw Right
3056,3056,463,0.16,0.07,1.07,6,Yaw Right
3057,3057,464,0.0,-0.02,0.84,6,Yaw Right
3058,3058,465,0.14,-0.22,0.97,6,Yaw Right
3059,3059,466,0.09,-0.15,1.01,6,Yaw Right
3060,3060,467,0.11,-0.14,1.0,6,Yaw Right
3061,3061,468,0.1,-0.16,0.99,6,Yaw Right
3062,3062,469,0.06,-0.09,1.03,6,Yaw Right
3063,3063,470,0.0,-0.1,1.07,6,Yaw Right
3064,3064,471,0.0,-0.0,1.0,6,Yaw Right
3065,3065,472,-0.02,-0.02,1.0,6,Yaw Right
3066,3066,473,0.0,-0.03,1.01,6,Yaw Right
3067,3067,474,0.02,0.09,0.7,6,Yaw Right
3068,3068,475,0.04,-0.04,1.01,6,Yaw Right
3069,3069,476,0.03,-0.04,1.01,6,Yaw Right
3070,3070,477,0.03,-0.04,1.01,6,Yaw Right
3071,3071,478,0.04,-0.04,1.01,6,Yaw Right
3072,3072,479,0.04,-0.03,1.01,6,Yaw Right
3073,3073,480,0.04,-0.04,1.01,6,Yaw Right
3074,3074,481,0.03,-0.04,1.01,6,Yaw Right
3075,3075,482,0.03,-0.03,1.01,6,Yaw Right
3076,3076,483,0.04,-0.03,1.01,6,Yaw Right
3077,3077,484,0.04,-0.04,1.01,6,Yaw Right
3078,3078,485,0.04,-0.04,1.01,6,Yaw Right
3079,3079,486,0.03,-0.04,1.01,6,Yaw Right
3080,3080,487,0.04,-0.04,1.01,6,Yaw Right
3081,3081,488,0.04,-0.03,1.01,6,Yaw Right
3082,3082,489,0.04,-0.03,1.01,6,Yaw Right
3083,3083,490,0.03,-0.04,1.01,6,Yaw Right
3084,3084,491,0.03,-0.03,1.01,6,Yaw Right
3085,3085,492,0.04,-0.03,1.01,6,Yaw Right
3086,3086,493,0.04,-0.03,1.01,6,Yaw Right
3087,3087,494,0.04,-0.03,1.01,6,Yaw Right
3088,3088,495,0.03,-0.03,1.01,6,Yaw Right
3089,3089,496,0.04,-0.03,1.01,6,Yaw Right
3090,3090,497,0.03,-0.03,1.0,6,Yaw Right
3091,3091,498,0.03,-0.03,1.01,6,Yaw Right
3092,3092,499,0.04,-0.03,1.01,6,Yaw Right
3093,3093,500,0.04,-0.03,1.01,6,Yaw Right
3094,3094,501,0.04,-0.04,1.01,6,Yaw Right
3095,3095,502,0.04,-0.04,1.0,6,Yaw Right
3096,3096,503,0.03,-0.03,1.01,6,Yaw Right
3097,3097,504,0.04,-0.04,1.0,6,Yaw Right
3098,3098,505,0.03,-0.03,1.01,6,Yaw Right
3099,3099,506,0.04,-0.04,1.01,6,Yaw Right
3100,3100,507,0.04,-0.03,1.01,6,Yaw Right
3101,3101,508,0.04,-0.04,1.01,6,Yaw Right
3102,3102,509,0.03,-0.05,1.01,6,Yaw Right
3103,3103,510,0.02,-0.02,1.0,6,Yaw Right
3104,3104,511,0.02,-0.1,1.1,6,Yaw Right
3105,3105,512,-0.02,-0.19,1.04,6,Yaw Right
3106,3106,513,0.01,-0.06,1.04,6,Yaw Right
3107,3107,514,0.05,-0.02,0.96,6,Yaw Right
3108,3108,515,0.04,-0.21,0.99,6,Yaw Right
3109,3109,516,0.17,-0.09,1.02,6,Yaw Right
3110,3110,517,0.22,-0.02,1.01,6,Yaw Right
3111,3111,518,0.17,0.22,0.99,6,Yaw Right
3112,3112,519,0.14,0.18,1.13,6,Yaw Right
3113,3113,520,0.14,0.09,1.0,6,Yaw Right
3114,3114,521,0.14,0.1,1.01,6,Yaw Right
3115,3115,522,0.16,0.12,0.97,6,Yaw Right
3116,3116,523,0.26,0.16,1.06,6,Yaw Right
3117,3117,524,-0.0,-0.02,1.15,6,Yaw Right
3118,3118,525,0.01,-0.17,0.77,6,Yaw Right
3119,3119,526,0.1,-0.22,1.09,6,Yaw Right
3120,3120,527,0.07,0.02,0.97,6,Yaw Right
3121,3121,528,0.01,-0.07,0.96,6,Yaw Right
3122,3122,529,0.0,-0.06,1.09,6,Yaw Right
3123,3123,530,-0.02,0.0,1.04,6,Yaw Right
3124,3124,531,0.07,-0.09,1.13,6,Yaw Right
3125,3125,532,0.01,0.01,1.01,6,Yaw Right
3126,3126,533,0.02,-0.03,1.01,6,Yaw Right
3127,3127,534,0.04,-0.03,1.01,6,Yaw Right
3128,3128,535,0.03,-0.03,1.01,6,Yaw Right
3129,3129,536,0.04,-0.04,1.01,6,Yaw Right
3130,3130,537,0.03,-0.04,1.01,6,Yaw Right
3131,3131,538,0.04,-0.04,1.01,6,Yaw Right
3132,3132,539,0.04,-0.03,1.01,6,Yaw Right
3133,3133,540,0.03,-0.03,1.01,6,Yaw Right
3134,3134,541,0.03,-0.04,1.01,6,Yaw Right
3135,3135,542,0.03,-0.03,1.01,6,Yaw Right
3136,3136,543,0.03,-0.04,1.01,6,Yaw Right
3137,3137,544,0.03,-0.04,1.01,6,Yaw Right
3138,3138,545,0.04,-0.03,1.01,6,Yaw Right
3139,3139,546,0.04,-0.03,1.01,6,Yaw Right
3140,3140,547,0.04,-0.03,1.01,6,Yaw Right
3141,3141,548,0.04,-0.04,1.01,6,Yaw Right
3142,3142,549,0.03,-0.03,1.01,6,Yaw Right
3143,3143,550,0.04,-0.03,1.01,6,Yaw Right
3144,3144,551,0.04,-0.04,1.01,6,Yaw Right
3145,3145,552,0.04,-0.04,1.01,6,Yaw Right
3146,3146,553,0.04,-0.04,1.01,6,Yaw Right
3147,3147,554,0.04,-0.04,1.01,6,Yaw Right
3148,3148,555,0.04,-0.03,1.01,6,Yaw Right
3149,3149,556,0.04,-0.03,1.01,6,Yaw Right
3150,3150,557,0.04,-0.04,1.01,6,Yaw Right
3151,3151,558,0.04,-0.04,1.01,6,Yaw Right
3152,3152,559,0.04,-0.04,1.01,6,Yaw Right
