,Unnamed: 0,x,y,z,subject,gesture_name
0,0,0.03,0.03,1.0,1,Roll Right
1,1,0.04,0.03,1.0,1,Roll Right
2,2,0.04,0.03,1.0,1,Roll Right
3,3,0.04,0.02,1.0,1,Roll Right
4,4,0.04,0.03,1.0,1,Roll Right
5,5,0.05,0.04,1.0,1,Roll Right
6,6,0.02,0.04,1.0,1,Roll Right
7,7,0.03,0.04,1.0,1,Roll Right
8,8,0.03,0.04,1.0,1,Roll Right
9,9,0.04,0.03,1.0,1,Roll Right
10,10,0.05,0.03,1.0,1,Roll Right
11,11,0.04,0.03,1.0,1,Roll Right
12,12,0.04,0.03,1.0,1,Roll Right
13,13,0.04,0.03,1.0,1,Roll Right
14,14,0.04,0.03,1.0,1,Roll Right
15,15,0.04,0.03,1.0,1,Roll Right
16,16,0.04,0.02,1.0,1,Roll Right
17,17,0.04,0.02,1.0,1,Roll Right
18,18,0.02,0.04,1.02,1,Roll Right
19,19,0.0,0.0,1.02,1,Roll Right
20,20,0.09,0.46,1.0,1,Roll Right
21,21,0.01,0.25,0.91,1,Roll Right
22,22,0.05,0.61,0.8,1,Roll Right
23,23,0.02,0.63,0.74,1,Roll Right
24,24,-0.03,0.67,0.71,1,Roll Right
25,25,-0.02,0.78,0.61,1,Roll Right
26,26,0.01,0.64,0.68,1,Roll Right
27,27,0.02,0.45,0.96,1,Roll Right
28,28,0.03,0.29,0.97,1,Roll Right
29,29,0.02,0.12,0.99,1,Roll Right
30,30,0.0,0.12,1.07,1,Roll Right
31,31,0.03,0.07,1.02,1,Roll Right
32,32,0.09,-0.03,1.02,1,Roll Right
33,33,0.05,0.0,1.0,1,Roll Right
34,34,0.04,0.02,1.0,1,Roll Right
35,35,0.04,0.03,1.0,1,Roll Right
36,36,0.04,0.02,1.0,1,Roll Right
37,37,0.04,0.02,1.0,1,Roll Right
38,38,0.05,0.02,1.0,1,Roll Right
39,39,0.04,0.03,1.0,1,Roll Right
40,40,0.04,0.03,1.0,1,Roll Right
41,41,0.04,0.02,1.0,1,Roll Right
42,42,0.03,0.03,1.0,1,Roll Right
43,43,0.04,0.03,1.0,1,Roll Right
44,44,0.04,0.03,1.0,1,Roll Right
45,45,0.04,0.03,1.0,1,Roll Right
46,46,0.04,0.03,1.0,1,Roll Right
47,47,0.04,0.03,1.0,1,Roll Right
48,48,0.04,0.03,1.0,1,Roll Right
49,49,0.04,0.03,1.0,1,Roll Right
50,50,0.04,0.03,1.0,1,Roll Right
51,51,0.04,0.03,1.0,1,Roll Right
52,52,0.04,0.03,1.0,1,Roll Right
53,53,0.04,0.03,1.0,1,Roll Right
54,54,0.04,0.02,1.0,1,Roll Right
55,55,0.04,0.03,1.0,1,Roll Right
56,56,0.04,0.03,1.0,1,Roll Right
57,57,0.04,0.03,1.0,1,Roll Right
58,58,0.04,0.03,1.0,1,Roll Right
59,59,0.04,0.03,1.0,1,Roll Right
60,60,0.04,0.03,1.0,1,Roll Right
61,61,0.04,0.03,1.0,1,Roll Right
62,62,0.04,0.03,1.0,1,Roll Right
63,63,0.03,0.03,1.0,1,Roll Right
64,64,0.04,0.03,1.0,1,Roll Right
65,65,0.04,0.03,1.0,1,Roll Right
66,66,0.04,0.03,1.0,1,Roll Right
67,67,0.04,0.03,1.0,1,Roll Right
68,68,0.04,0.03,1.0,1,Roll Right
69,69,0.04,0.03,1.0,1,Roll Right
70,70,0.03,0.04,1.0,1,Roll Right
71,71,0.04,0.03,1.0,1,Roll Right
72,72,0.04,0.03,1.0,1,Roll Right
73,73,0.04,0.03,1.01,1,Roll Right
74,74,0.04,0.03,1.0,1,Roll Right
75,75,0.02,0.04,1.02,1,Roll Right
76,76,0.0,0.12,0.96,1,Roll Right
77,77,0.03,0.61,1.09,1,Roll Right
78,78,0.04,0.53,0.65,1,Roll Right
79,79,-0.1,0.71,0.66,1,Roll Right
80,80,0.09,0.9,0.59,1,Roll Right
81,81,0.02,0.86,0.42,1,Roll Right
82,82,0.02,0.92,0.48,1,Roll Right
83,83,0.04,0.9,0.57,1,Roll Right
84,84,0.03,0.77,0.61,1,Roll Right
85,85,0.03,0.71,0.94,1,Roll Right
86,86,-0.03,0.26,1.0,1,Roll Right
87,87,-0.02,0.22,1.02,1,Roll Right
88,88,-0.05,0.03,1.04,1,Roll Right
89,89,-0.03,0.05,1.01,1,Roll Right
90,90,0.02,0.04,1.0,1,Roll Right
91,91,0.03,0.05,1.0,1,Roll Right
92,92,0.04,0.03,1.0,1,Roll Right
93,93,0.04,0.03,1.0,1,Roll Right
94,94,0.04,0.03,1.0,1,Roll Right
95,95,0.04,0.03,1.0,1,Roll Right
96,96,0.04,0.02,1.0,1,Roll Right
97,97,0.04,0.03,1.0,1,Roll Right
98,98,0.04,0.03,1.0,1,Roll Right
99,99,0.04,0.03,1.0,1,Roll Right
100,100,0.04,0.03,1.0,1,Roll Right
101,101,0.04,0.03,1.0,1,Roll Right
102,102,0.04,0.03,1.0,1,Roll Right
103,103,0.04,0.02,1.0,1,Roll Right
104,104,0.04,0.03,1.0,1,Roll Right
105,105,0.04,0.03,1.0,1,Roll Right
106,106,0.03,0.03,1.0,1,Roll Right
107,107,0.04,0.03,1.0,1,Roll Right
108,108,0.04,0.03,1.0,1,Roll Right
109,109,0.04,0.03,1.0,1,Roll Right
110,110,0.04,0.03,1.0,1,Roll Right
111,111,0.04,0.03,1.0,1,Roll Right
112,112,0.04,0.03,1.0,1,Roll Right
113,113,0.04,0.03,1.0,1,Roll Right
114,114,0.04,0.02,1.0,1,Roll Right
115,115,0.04,0.03,1.0,1,Roll Right
116,116,0.04,0.03,1.0,1,Roll Right
117,117,0.04,0.03,1.0,1,Roll Right
118,118,0.04,0.02,1.0,1,Roll Right
119,119,0.04,0.03,1.0,1,Roll Right
120,120,0.04,0.03,1.0,1,Roll Right
121,121,0.04,0.02,1.0,1,Roll Right
122,122,0.04,0.03,1.0,1,Roll Right
123,123,0.04,0.03,1.0,1,Roll Right
124,124,0.05,0.02,1.0,1,Roll Right
125,125,0.04,0.04,1.0,1,Roll Right
126,126,0.03,0.02,1.0,1,Roll Right
127,127,0.05,0.08,1.02,1,Roll Right
128,128,-0.04,0.1,0.91,1,Roll Right
129,129,0.12,0.5,1.23,1,Roll Right
130,130,-0.04,0.31,0.75,1,Roll Right
131,131,0.06,0.65,0.62,1,Roll Right
132,132,0.07,0.76,0.49,1,Roll Right
133,133,0.05,1.02,0.5,1,Roll Right
134,134,0.01,0.88,0.44,1,Roll Right
135,135,0.02,0.75,0.51,1,Roll Right
136,136,0.02,0.39,0.91,1,Roll Right
137,137,0.04,0.39,1.05,1,Roll Right
138,138,-0.01,0.14,0.99,1,Roll Right
139,139,-0.01,0.1,0.97,1,Roll Right
140,140,-0.03,0.1,0.99,1,Roll Right
141,141,-0.0,0.11,0.98,1,Roll Right
142,142,0.1,-0.0,1.15,1,Roll Right
143,143,0.05,-0.01,1.0,1,Roll Right
144,144,0.04,0.04,1.0,1,Roll Right
145,145,0.04,0.03,1.0,1,Roll Right
146,146,0.04,0.03,1.0,1,Roll Right
147,147,0.04,0.02,1.0,1,Roll Right
148,148,0.04,0.03,1.0,1,Roll Right
149,149,0.04,0.03,1.0,1,Roll Right
150,150,0.04,0.03,1.0,1,Roll Right
151,151,0.04,0.02,1.0,1,Roll Right
152,152,0.04,0.03,1.0,1,Roll Right
153,153,0.04,0.03,1.0,1,Roll Right
154,154,0.04,0.03,1.0,1,Roll Right
155,155,0.04,0.03,1.0,1,Roll Right
156,156,0.04,0.03,1.0,1,Roll Right
157,157,0.04,0.03,1.0,1,Roll Right
158,158,0.04,0.02,1.0,1,Roll Right
159,159,0.04,0.03,1.0,1,Roll Right
160,160,0.04,0.03,1.0,1,Roll Right
161,161,0.04,0.03,1.0,1,Roll Right
162,162,0.04,0.02,1.0,1,Roll Right
163,163,0.04,0.03,1.0,1,Roll Right
164,164,0.04,0.03,1.0,1,Roll Right
165,165,0.03,0.03,1.0,1,Roll Right
166,166,0.04,0.03,1.0,1,Roll Right
167,167,0.04,0.03,1.0,1,Roll Right
168,168,0.04,0.03,1.0,1,Roll Right
169,169,0.04,0.03,1.0,1,Roll Right
170,170,0.04,0.02,1.0,1,Roll Right
171,171,0.04,0.03,1.0,1,Roll Right
172,172,0.04,0.03,1.0,1,Roll Right
173,173,0.04,0.03,1.0,1,Roll Right
174,174,0.04,0.03,1.0,1,Roll Right
175,175,0.04,0.03,1.0,1,Roll Right
176,176,0.04,0.03,1.0,1,Roll Right
177,177,0.04,0.03,1.0,1,Roll Right
178,178,0.04,0.03,1.0,1,Roll Right
179,179,0.04,0.03,1.0,1,Roll Right
180,180,0.04,0.03,1.0,1,Roll Right
181,181,0.04,0.02,1.0,1,Roll Right
182,182,0.04,0.03,1.0,1,Roll Right
183,183,0.04,0.03,1.0,1,Roll Right
184,184,0.03,0.03,1.0,1,Roll Right
185,185,0.02,0.03,1.0,1,Roll Right
186,186,0.02,0.06,1.02,1,Roll Right
187,187,0.0,0.2,0.99,1,Roll Right
188,188,0.05,0.71,1.02,1,Roll Right
189,189,-0.0,0.34,0.74,1,Roll Right
190,190,0.02,0.79,0.93,1,Roll Right
191,191,-0.01,0.82,0.57,1,Roll Right
192,192,0.02,0.96,0.48,1,Roll Right
193,193,0.0,0.89,0.47,1,Roll Right
194,194,0.01,0.89,0.52,1,Roll Right
195,195,0.0,0.9,0.53,1,Roll Right
196,196,0.01,0.88,0.56,1,Roll Right
197,197,0.02,0.64,0.81,1,Roll Right
198,198,0.02,0.59,0.82,1,Roll Right
199,199,0.03,0.41,1.0,1,Roll Right
200,200,-0.01,0.23,1.0,1,Roll Right
201,201,0.02,0.23,1.01,1,Roll Right
202,202,0.0,0.02,1.04,1,Roll Right
203,203,0.01,0.09,1.0,1,Roll Right
204,204,0.01,0.11,0.95,1,Roll Right
205,205,0.04,0.0,1.0,1,Roll Right
206,206,0.0,0.03,1.01,1,Roll Right
207,207,0.04,0.03,1.0,1,Roll Right
208,208,0.04,0.03,1.0,1,Roll Right
209,209,0.04,0.03,1.0,1,Roll Right
210,210,0.04,0.02,1.0,1,Roll Right
211,211,0.04,0.03,1.0,1,Roll Right
212,212,0.04,0.02,1.0,1,Roll Right
213,213,0.04,0.03,1.0,1,Roll Right
214,214,0.04,0.03,1.0,1,Roll Right
215,215,0.04,0.03,1.0,1,Roll Right
216,216,0.04,0.03,1.0,1,Roll Right
217,217,0.04,0.03,1.0,1,Roll Right
218,218,0.04,0.02,1.0,1,Roll Right
219,219,0.04,0.03,1.0,1,Roll Right
220,220,0.04,0.03,1.0,1,Roll Right
221,221,0.04,0.03,1.0,1,Roll Right
222,222,0.04,0.02,1.0,1,Roll Right
223,223,0.04,0.03,1.0,1,Roll Right
224,224,0.04,0.03,1.0,1,Roll Right
225,225,0.04,0.02,1.0,1,Roll Right
226,226,0.04,0.03,1.0,1,Roll Right
227,227,0.04,0.03,1.0,1,Roll Right
228,228,0.04,0.03,1.0,1,Roll Right
229,229,0.04,0.03,1.0,1,Roll Right
230,230,0.04,0.04,1.0,1,Roll Right
231,231,0.04,0.03,1.0,1,Roll Right
232,232,0.04,0.03,1.0,1,Roll Right
233,233,0.04,0.03,1.0,1,Roll Right
234,234,0.04,0.03,1.0,1,Roll Right
235,235,0.04,0.03,1.0,1,Roll Right
236,236,0.04,0.03,1.0,1,Roll Right
237,237,0.04,0.03,1.0,1,Roll Right
238,238,0.04,0.03,1.0,1,Roll Right
239,239,0.04,0.02,1.0,1,Roll Right
240,240,0.04,0.03,1.0,1,Roll Right
241,241,0.04,0.03,1.0,1,Roll Right
242,242,0.04,0.03,1.0,1,Roll Right
243,243,0.04,0.02,1.0,1,Roll Right
244,244,0.04,0.03,1.0,1,Roll Right
245,245,0.04,0.02,1.0,1,Roll Right
246,246,0.04,0.03,1.0,1,Roll Right
247,247,0.02,0.06,1.0,1,Roll Right
248,248,0.0,0.02,1.0,1,Roll Right
249,249,0.05,0.17,1.01,1,Roll Right
250,250,-0.09,0.15,0.98,1,Roll Right
251,251,0.04,0.75,0.77,1,Roll Right
252,252,0.01,1.01,0.71,1,Roll Right
253,253,0.0,0.91,0.62,1,Roll Right
254,254,0.03,0.91,0.41,1,Roll Right
255,255,0.06,0.99,0.46,1,Roll Right
256,256,0.04,0.95,0.45,1,Roll Right
257,257,0.03,0.9,0.49,1,Roll Right
258,258,0.02,0.96,0.54,1,Roll Right
259,259,0.02,0.74,0.71,1,Roll Right
260,260,0.01,0.52,0.79,1,Roll Right
261,261,0.01,0.4,0.97,1,Roll Right
262,262,0.01,0.23,0.94,1,Roll Right
263,263,0.02,0.13,0.99,1,Roll Right
264,264,0.0,0.05,1.07,1,Roll Right
265,265,0.02,0.05,1.01,1,Roll Right
266,266,0.04,0.02,1.0,1,Roll Right
267,267,0.04,0.03,1.0,1,Roll Right
268,268,0.04,0.01,0.98,1,Roll Right
269,269,0.04,0.03,1.0,1,Roll Right
270,270,0.04,0.03,1.0,1,Roll Right
271,271,0.04,0.03,1.0,1,Roll Right
272,272,0.04,0.02,1.0,1,Roll Right
273,273,0.04,0.03,1.0,1,Roll Right
274,274,0.04,0.03,1.0,1,Roll Right
275,275,0.04,0.02,1.0,1,Roll Right
276,276,0.04,0.03,1.0,1,Roll Right
277,277,0.04,0.03,1.0,1,Roll Right
278,278,0.04,0.03,1.0,1,Roll Right
279,279,0.04,0.03,1.0,1,Roll Right
280,280,0.04,0.03,1.0,1,Roll Right
281,281,0.04,0.03,1.0,1,Roll Right
282,282,0.04,0.03,1.0,1,Roll Right
283,283,0.04,0.03,1.0,1,Roll Right
284,284,0.04,0.02,1.0,1,Roll Right
285,285,0.04,0.03,1.0,1,Roll Right
286,286,0.04,0.03,1.0,1,Roll Right
287,287,0.04,0.03,1.0,1,Roll Right
288,288,0.04,0.03,1.0,1,Roll Right
289,289,0.04,0.03,1.0,1,Roll Right
290,290,0.04,0.03,1.0,1,Roll Right
291,291,0.04,0.03,1.0,1,Roll Right
292,292,0.04,0.02,1.0,1,Roll Right
293,293,0.04,0.03,1.0,1,Roll Right
294,294,0.04,0.02,1.0,1,Roll Right
295,295,0.04,0.03,1.0,1,Roll Right
296,296,0.04,0.03,1.0,1,Roll Right
297,297,0.04,0.03,1.0,1,Roll Right
298,298,0.04,0.03,1.0,1,Roll Right
299,299,0.04,0.03,1.0,1,Roll Right
300,300,0.04,0.03,1.0,1,Roll Right
301,301,0.03,0.03,1.0,1,Roll Right
302,302,0.04,0.03,1.0,1,Roll Right
303,303,0.04,0.03,1.0,1,Roll Right
304,304,0.04,0.03,1.0,1,Roll Right
305,305,0.04,0.03,1.0,1,Roll Right
306,306,0.04,0.03,1.0,1,Roll Right
307,307,0.03,0.03,1.04,1,Roll Right
308,308,0.05,0.28,1.11,1,Roll Right
309,309,-0.01,0.45,0.97,1,Roll Right
310,310,0.04,0.61,0.55,1,Roll Right
311,311,0.05,0.75,0.5,1,Roll Right
312,312,0.05,0.96,0.53,1,Roll Right
313,313,0.04,0.89,0.57,1,Roll Right
314,314,0.01,0.91,0.45,1,Roll Right
315,315,0.0,0.96,0.44,1,Roll Right
316,316,0.0,0.97,0.5,1,Roll Right
317,317,-0.0,0.79,0.54,1,Roll Right
318,318,0.0,0.64,0.82,1,Roll Right
319,319,0.01,0.41,0.97,1,Roll Right
320,320,-0.02,0.31,0.9,1,Roll Right
321,321,0.0,0.21,1.0,1,Roll Right
322,322,-0.05,-0.05,1.01,1,Roll Right
323,323,0.02,0.02,1.01,1,Roll Right
324,324,0.05,0.0,1.0,1,Roll Right
325,325,0.07,0.07,1.04,1,Roll Right
326,326,0.04,0.03,1.0,1,Roll Right
327,327,0.04,0.02,1.0,1,Roll Right
328,328,0.04,0.02,1.0,1,Roll Right
329,329,0.04,0.03,1.0,1,Roll Right
330,330,0.04,0.03,1.0,1,Roll Right
331,331,0.04,0.03,1.0,1,Roll Right
332,332,0.04,0.03,1.0,1,Roll Right
333,333,0.03,0.03,1.0,1,Roll Right
334,334,0.04,0.03,1.0,1,Roll Right
335,335,0.04,0.02,1.0,1,Roll Right
336,336,0.04,0.03,1.0,1,Roll Right
337,337,0.04,0.02,1.0,1,Roll Right
338,338,0.04,0.03,1.0,1,Roll Right
339,339,0.04,0.03,1.0,1,Roll Right
340,340,0.04,0.03,1.0,1,Roll Right
341,341,0.04,0.03,1.0,1,Roll Right
342,342,0.04,0.03,1.0,1,Roll Right
343,343,0.04,0.03,1.0,1,Roll Right
344,344,0.04,0.03,1.0,1,Roll Right
345,345,0.04,0.03,1.0,1,Roll Right
346,346,0.04,0.03,1.0,1,Roll Right
347,347,0.04,0.03,1.0,1,Roll Right
348,348,0.04,0.03,1.0,1,Roll Right
349,349,0.04,0.02,1.0,1,Roll Right
350,350,0.04,0.02,1.0,1,Roll Right
351,351,0.04,0.03,1.0,1,Roll Right
352,352,0.04,0.03,1.0,1,Roll Right
353,353,0.04,0.03,1.0,1,Roll Right
354,354,0.04,0.03,1.0,1,Roll Right
355,355,0.04,0.03,1.0,1,Roll Right
356,356,0.04,0.03,1.0,1,Roll Right
357,357,0.04,0.03,1.0,1,Roll Right
358,358,0.03,0.03,1.0,1,Roll Right
359,359,0.04,0.03,1.0,1,Roll Right
360,360,0.04,0.03,1.0,1,Roll Right
361,361,0.04,0.03,1.0,1,Roll Right
362,362,0.04,0.02,1.0,1,Roll Right
363,363,0.04,0.03,1.0,1,Roll Right
364,364,0.04,0.03,1.0,1,Roll Right
365,365,0.04,0.02,1.0,1,Roll Right
366,366,0.04,0.03,1.0,1,Roll Right
367,367,0.04,0.03,1.0,1,Roll Right
368,368,0.04,0.03,1.0,1,Roll Right
369,369,0.04,0.03,1.0,1,Roll Right
370,370,0.04,0.02,1.0,1,Roll Right
371,371,0.04,0.03,1.0,1,Roll Right
372,0,0.04,0.02,1.0,2,Roll Right
373,1,0.04,0.02,1.0,2,Roll Right
374,2,0.04,0.03,1.0,2,Roll Right
375,3,0.04,0.02,1.0,2,Roll Right
376,4,0.04,0.03,1.0,2,Roll Right
377,5,0.04,0.02,1.0,2,Roll Right
378,6,0.04,0.03,1.0,2,Roll Right
379,7,0.04,0.03,1.0,2,Roll Right
380,8,0.04,0.02,1.0,2,Roll Right
381,9,0.04,0.02,1.0,2,Roll Right
382,10,0.04,0.02,1.0,2,Roll Right
383,11,0.03,0.03,1.0,2,Roll Right
384,12,0.04,0.02,1.0,2,Roll Right
385,13,0.04,0.02,1.0,2,Roll Right
386,14,0.04,0.03,1.0,2,Roll Right
387,15,0.04,0.03,1.0,2,Roll Right
388,16,0.04,0.03,1.0,2,Roll Right
389,17,0.04,0.03,1.0,2,Roll Right
390,18,0.04,0.03,1.0,2,Roll Right
391,19,0.04,0.03,1.0,2,Roll Right
392,20,0.04,0.02,1.0,2,Roll Right
393,21,0.04,0.03,1.0,2,Roll Right
394,22,0.04,0.03,1.0,2,Roll Right
395,23,0.03,0.05,1.01,2,Roll Right
396,24,0.02,0.01,1.02,2,Roll Right
397,25,0.03,0.16,1.02,2,Roll Right
398,26,0.0,0.57,0.92,2,Roll Right
399,27,0.02,0.54,0.96,2,Roll Right
400,28,-0.03,0.87,0.37,2,Roll Right
401,29,-0.0,0.91,0.23,2,Roll Right
402,30,-0.08,1.24,0.09,2,Roll Right
403,31,-0.03,0.97,0.12,2,Roll Right
404,32,-0.11,1.12,0.67,2,Roll Right
405,33,-0.09,0.44,0.85,2,Roll Right
406,34,-0.07,0.2,1.05,2,Roll Right
407,35,0.0,0.1,1.1,2,Roll Right
408,36,0.07,0.06,0.99,2,Roll Right
409,37,0.0,0.04,1.0,2,Roll Right
410,38,0.04,0.03,1.0,2,Roll Right
411,39,0.04,0.02,1.0,2,Roll Right
412,40,0.04,0.03,1.0,2,Roll Right
413,41,0.04,0.02,1.0,2,Roll Right
414,42,0.04,0.02,1.0,2,Roll Right
415,43,0.04,0.02,1.0,2,Roll Right
416,44,0.04,0.02,1.0,2,Roll Right
417,45,0.04,0.03,1.0,2,Roll Right
418,46,0.04,0.03,1.0,2,Roll Right
419,47,0.04,0.03,1.0,2,Roll Right
420,48,0.04,0.02,1.0,2,Roll Right
421,49,0.04,0.03,1.0,2,Roll Right
422,50,0.03,0.02,1.0,2,Roll Right
423,51,0.04,0.02,1.0,2,Roll Right
424,52,0.04,0.02,1.0,2,Roll Right
425,53,0.04,0.03,1.0,2,Roll Right
426,54,0.04,0.02,1.0,2,Roll Right
427,55,0.04,0.03,1.0,2,Roll Right
428,56,0.04,0.03,1.0,2,Roll Right
429,57,0.04,0.03,1.01,2,Roll Right
430,58,0.04,0.03,1.0,2,Roll Right
431,59,0.04,0.03,1.0,2,Roll Right
432,60,0.04,0.02,1.0,2,Roll Right
433,61,0.04,0.02,1.0,2,Roll Right
434,62,0.04,0.02,1.0,2,Roll Right
435,63,0.04,0.03,1.0,2,Roll Right
436,64,0.04,0.02,1.0,2,Roll Right
437,65,0.04,0.03,1.0,2,Roll Right
438,66,0.04,0.02,1.0,2,Roll Right
439,67,0.04,0.03,1.0,2,Roll Right
440,68,0.05,0.06,1.0,2,Roll Right
441,69,0.04,0.02,1.0,2,Roll Right
442,70,0.04,0.03,1.0,2,Roll Right
443,71,0.04,0.02,1.0,2,Roll Right
444,72,0.03,0.11,1.02,2,Roll Right
445,73,0.0,0.26,0.95,2,Roll Right
446,74,0.04,0.65,0.84,2,Roll Right
447,75,-0.01,0.9,0.43,2,Roll Right
448,76,0.04,1.19,0.09,2,Roll Right
449,77,-0.07,1.43,-0.1,2,Roll Right
450,78,-0.07,1.14,0.0,2,Roll Right
451,79,-0.05,0.99,0.29,2,Roll Right
452,80,-0.0,0.66,0.49,2,Roll Right
453,81,0.0,0.19,1.03,2,Roll Right
454,82,0.0,0.19,1.02,2,Roll Right
455,83,0.01,0.15,1.11,2,Roll Right
456,84,0.02,0.02,1.02,2,Roll Right
457,85,0.05,0.04,1.0,2,Roll Right
458,86,0.04,0.02,1.0,2,Roll Right
459,87,0.03,0.02,1.0,2,Roll Right
460,88,0.04,0.02,1.0,2,Roll Right
461,89,0.04,0.02,1.0,2,Roll Right
462,90,0.04,0.03,1.0,2,Roll Right
463,91,0.04,0.02,1.0,2,Roll Right
464,92,0.04,0.02,1.0,2,Roll Right
465,93,0.04,0.03,1.0,2,Roll Right
466,94,0.04,0.02,1.0,2,Roll Right
467,95,0.04,0.03,1.0,2,Roll Right
468,96,0.04,0.02,1.0,2,Roll Right
469,97,0.04,0.03,1.0,2,Roll Right
470,98,0.04,0.02,1.0,2,Roll Right
471,99,0.04,0.03,1.0,2,Roll Right
472,100,0.04,0.02,1.0,2,Roll Right
473,101,0.04,0.02,1.0,2,Roll Right
474,102,0.04,0.02,1.0,2,Roll Right
475,103,0.04,0.02,1.0,2,Roll Right
476,104,0.04,0.03,1.0,2,Roll Right
477,105,0.04,0.02,1.0,2,Roll Right
478,106,0.04,0.02,1.0,2,Roll Right
479,107,0.04,0.02,1.0,2,Roll Right
480,108,0.04,0.03,1.0,2,Roll Right
481,109,0.04,0.03,1.0,2,Roll Right
482,110,0.04,0.02,1.0,2,Roll Right
483,111,0.04,0.02,1.0,2,Roll Right
484,112,0.04,0.03,1.0,2,Roll Right
485,113,0.04,0.03,1.0,2,Roll Right
486,114,0.04,0.03,1.0,2,Roll Right
487,115,0.04,0.02,1.0,2,Roll Right
488,116,0.04,0.03,1.0,2,Roll Right
489,117,0.04,0.03,1.0,2,Roll Right
490,118,0.04,0.02,1.0,2,Roll Right
491,119,0.0,0.02,1.02,2,Roll Right
492,120,0.09,-0.01,1.12,2,Roll Right
493,121,-0.12,0.43,0.93,2,Roll Right
494,122,0.05,0.34,0.62,2,Roll Right
495,123,0.02,0.9,0.36,2,Roll Right
496,124,0.01,1.11,0.11,2,Roll Right
497,125,-0.01,1.14,0.0,2,Roll Right
498,126,-0.02,1.04,0.07,2,Roll Right
499,127,0.09,0.93,0.34,2,Roll Right
500,128,0.0,0.59,0.7,2,Roll Right
501,129,-0.04,0.32,1.04,2,Roll Right
502,130,0.02,-0.04,1.04,2,Roll Right
503,131,-0.02,0.11,1.12,2,Roll Right
504,132,0.0,0.07,0.97,2,Roll Right
505,133,0.0,0.01,1.0,2,Roll Right
506,134,0.03,0.05,1.01,2,Roll Right
507,135,0.04,0.03,1.0,2,Roll Right
508,136,0.04,0.03,1.0,2,Roll Right
509,137,0.04,0.03,1.0,2,Roll Right
510,138,0.03,0.03,1.0,2,Roll Right
511,139,0.04,0.03,1.0,2,Roll Right
512,140,0.04,0.02,1.0,2,Roll Right
513,141,0.04,0.02,1.0,2,Roll Right
514,142,0.04,0.03,1.0,2,Roll Right
515,143,0.04,0.03,1.0,2,Roll Right
516,144,0.04,0.03,1.0,2,Roll Right
517,145,0.04,0.02,1.0,2,Roll Right
518,146,0.04,0.03,1.0,2,Roll Right
519,147,0.04,0.03,1.0,2,Roll Right
520,148,0.03,0.03,1.01,2,Roll Right
521,149,0.04,0.03,1.0,2,Roll Right
522,150,0.04,0.03,1.0,2,Roll Right
523,151,0.04,0.02,1.0,2,Roll Right
524,152,0.04,0.03,1.0,2,Roll Right
525,153,0.04,0.02,1.0,2,Roll Right
526,154,0.04,0.02,1.0,2,Roll Right
527,155,0.04,0.02,1.0,2,Roll Right
528,156,0.04,0.03,1.01,2,Roll Right
529,157,0.04,0.03,1.0,2,Roll Right
530,158,0.04,0.02,1.0,2,Roll Right
531,159,0.04,0.03,1.0,2,Roll Right
532,160,0.04,0.03,1.0,2,Roll Right
533,161,0.04,0.02,1.0,2,Roll Right
534,162,0.04,0.02,1.0,2,Roll Right
535,163,0.04,0.02,1.0,2,Roll Right
536,164,0.02,0.02,1.01,2,Roll Right
537,165,0.04,0.02,1.05,2,Roll Right
538,166,0.05,0.41,1.05,2,Roll Right
539,167,0.03,0.48,0.96,2,Roll Right
540,168,0.05,0.6,0.84,2,Roll Right
541,169,-0.01,0.97,0.32,2,Roll Right
542,170,-0.02,1.06,0.24,2,Roll Right
543,171,-0.04,0.98,-0.04,2,Roll Right
544,172,-0.05,1.01,0.07,2,Roll Right
545,173,-0.05,1.09,0.05,2,Roll Right
546,174,0.05,0.91,0.62,2,Roll Right
547,175,0.06,0.55,0.82,2,Roll Right
548,176,0.0,0.11,1.05,2,Roll Right
549,177,0.05,0.06,1.03,2,Roll Right
550,178,0.04,0.05,0.96,2,Roll Right
551,179,0.04,0.11,1.05,2,Roll Right
552,180,0.04,-0.02,1.14,2,Roll Right
553,181,0.04,0.04,1.0,2,Roll Right
554,182,0.04,0.03,1.0,2,Roll Right
555,183,0.04,0.03,1.0,2,Roll Right
556,184,0.03,0.03,1.0,2,Roll Right
557,185,0.04,0.02,1.0,2,Roll Right
558,186,0.04,0.02,1.0,2,Roll Right
559,187,0.04,0.03,1.0,2,Roll Right
560,188,0.04,0.02,1.0,2,Roll Right
561,189,0.04,0.02,1.0,2,Roll Right
562,190,0.04,0.03,1.0,2,Roll Right
563,191,0.03,0.03,1.0,2,Roll Right
564,192,0.04,0.02,1.0,2,Roll Right
565,193,0.04,0.02,1.0,2,Roll Right
566,194,0.04,0.03,1.0,2,Roll Right
567,195,0.04,0.02,1.0,2,Roll Right
568,196,0.04,0.03,1.0,2,Roll Right
569,197,0.04,0.03,1.0,2,Roll Right
570,198,0.04,0.02,1.0,2,Roll Right
571,199,0.04,0.03,1.0,2,Roll Right
572,200,0.04,0.02,1.0,2,Roll Right
573,201,0.04,0.02,1.0,2,Roll Right
574,202,0.04,0.02,1.0,2,Roll Right
575,203,0.04,0.03,1.0,2,Roll Right
576,204,0.04,0.03,1.0,2,Roll Right
577,205,0.04,0.02,1.0,2,Roll Right
578,206,0.04,0.02,1.0,2,Roll Right
579,207,0.04,0.02,1.0,2,Roll Right
580,208,0.04,0.02,1.0,2,Roll Right
581,209,0.04,0.03,1.0,2,Roll Right
582,210,0.04,0.03,1.0,2,Roll Right
583,211,0.04,0.03,1.0,2,Roll Right
584,212,0.04,0.02,1.0,2,Roll Right
585,213,0.04,0.03,1.0,2,Roll Right
586,214,0.04,0.02,1.01,2,Roll Right
587,215,-0.01,0.11,1.02,2,Roll Right
588,216,0.03,0.43,0.71,2,Roll Right
589,217,-0.05,0.8,0.93,2,Roll Right
590,218,0.01,0.93,0.27,2,Roll Right
591,219,-0.06,1.54,0.12,2,Roll Right
592,220,-0.12,1.29,-0.02,2,Roll Right
593,221,-0.12,0.86,0.2,2,Roll Right
594,222,0.0,1.06,0.25,2,Roll Right
595,223,-0.15,0.54,0.8,2,Roll Right
596,224,-0.05,0.3,0.95,2,Roll Right
597,225,-0.01,0.11,1.1,2,Roll Right
598,226,-0.04,0.03,1.11,2,Roll Right
599,227,0.07,0.03,1.0,2,Roll Right
600,228,0.04,0.05,0.98,2,Roll Right
601,229,0.04,0.02,1.0,2,Roll Right
602,230,0.04,0.02,1.0,2,Roll Right
603,231,0.04,0.02,1.0,2,Roll Right
604,232,0.04,0.03,1.0,2,Roll Right
605,233,0.04,0.02,1.0,2,Roll Right
606,234,0.04,0.03,1.0,2,Roll Right
607,235,0.04,0.03,1.0,2,Roll Right
608,236,0.04,0.03,1.0,2,Roll Right
609,237,0.04,0.02,1.0,2,Roll Right
610,238,0.04,0.03,1.0,2,Roll Right
611,239,0.04,0.02,1.0,2,Roll Right
612,240,0.04,0.02,1.0,2,Roll Right
613,241,0.04,0.03,1.0,2,Roll Right
614,242,0.04,0.02,1.0,2,Roll Right
615,243,0.04,0.02,1.0,2,Roll Right
616,244,0.03,0.02,1.0,2,Roll Right
617,245,0.04,0.03,1.0,2,Roll Right
618,246,0.04,0.02,1.0,2,Roll Right
619,247,0.04,0.02,1.0,2,Roll Right
620,248,0.04,0.03,1.0,2,Roll Right
621,249,0.04,0.03,1.0,2,Roll Right
622,250,0.04,0.02,1.0,2,Roll Right
623,251,0.04,0.02,1.0,2,Roll Right
624,252,0.04,0.02,1.0,2,Roll Right
625,253,0.04,0.03,1.0,2,Roll Right
626,254,0.04,0.03,1.0,2,Roll Right
627,255,0.04,0.03,1.0,2,Roll Right
628,256,0.04,0.03,1.0,2,Roll Right
629,257,0.04,0.03,1.0,2,Roll Right
630,258,0.05,0.03,1.0,2,Roll Right
631,259,0.05,0.04,1.05,2,Roll Right
632,260,0.03,0.23,1.02,2,Roll Right
633,261,-0.01,0.68,0.74,2,Roll Right
634,262,-0.03,0.82,0.55,2,Roll Right
635,263,-0.05,1.09,0.38,2,Roll Right
636,264,-0.08,0.75,0.12,2,Roll Right
637,265,-0.08,1.05,0.12,2,Roll Right
638,266,-0.08,1.05,0.03,2,Roll Right
639,267,0.07,0.75,0.52,2,Roll Right
640,268,-0.01,0.56,0.92,2,Roll Right
641,269,-0.0,0.21,1.06,2,Roll Right
642,270,0.03,0.02,1.0,2,Roll Right
643,271,0.08,-0.03,1.06,2,Roll Right
644,272,0.02,0.01,0.98,2,Roll Right
645,273,0.03,0.03,1.0,2,Roll Right
646,274,0.04,0.02,1.0,2,Roll Right
647,275,0.04,0.03,1.0,2,Roll Right
648,276,0.03,0.03,1.0,2,Roll Right
649,277,0.04,0.02,1.0,2,Roll Right
650,278,0.04,0.03,1.0,2,Roll Right
651,279,0.04,0.02,1.0,2,Roll Right
652,280,0.04,0.02,1.0,2,Roll Right
653,281,0.04,0.03,1.0,2,Roll Right
654,282,0.04,0.03,1.0,2,Roll Right
655,283,0.04,0.03,1.0,2,Roll Right
656,284,0.04,0.02,1.0,2,Roll Right
657,285,0.04,0.03,1.0,2,Roll Right
658,286,0.04,0.03,1.0,2,Roll Right
659,287,0.04,0.02,1.0,2,Roll Right
660,288,0.04,0.02,1.0,2,Roll Right
661,289,0.04,0.02,1.0,2,Roll Right
662,290,0.04,0.03,1.0,2,Roll Right
663,291,0.04,0.02,1.0,2,Roll Right
664,292,0.04,0.02,1.0,2,Roll Right
665,293,0.04,0.03,1.0,2,Roll Right
666,294,0.04,0.03,1.0,2,Roll Right
667,295,0.04,0.02,1.0,2,Roll Right
668,296,0.04,0.03,1.0,2,Roll Right
669,297,0.04,0.03,1.0,2,Roll Right
670,298,0.04,0.03,1.0,2,Roll Right
671,299,0.04,0.03,1.0,2,Roll Right
672,300,0.04,0.02,1.0,2,Roll Right
673,301,0.04,0.03,1.0,2,Roll Right
674,302,0.04,0.03,1.0,2,Roll Right
675,303,0.03,0.03,1.0,2,Roll Right
676,304,0.04,0.03,1.0,2,Roll Right
677,305,0.02,0.03,1.0,2,Roll Right
678,306,-0.06,0.19,0.87,2,Roll Right
679,307,-0.01,0.63,0.85,2,Roll Right
680,308,-0.05,0.83,0.56,2,Roll Right
681,309,0.07,0.97,0.32,2,Roll Right
682,310,-0.05,0.95,0.05,2,Roll Right
683,311,-0.05,1.11,-0.01,2,Roll Right
684,312,-0.07,1.0,0.07,2,Roll Right
685,313,-0.05,0.97,0.4,2,Roll Right
686,314,-0.04,0.59,0.78,2,Roll Right
687,315,-0.04,0.39,0.95,2,Roll Right
688,316,0.01,0.11,0.91,2,Roll Right
689,317,-0.15,0.24,0.95,2,Roll Right
690,318,0.04,0.02,1.0,2,Roll Right
691,319,0.04,0.02,1.0,2,Roll Right
692,320,0.04,0.02,1.0,2,Roll Right
693,321,0.04,0.02,1.0,2,Roll Right
694,322,0.04,0.03,1.0,2,Roll Right
695,323,0.04,0.03,1.0,2,Roll Right
696,324,0.04,0.02,1.0,2,Roll Right
697,325,0.04,0.02,1.0,2,Roll Right
698,326,0.04,0.02,1.0,2,Roll Right
699,327,0.04,0.03,1.0,2,Roll Right
700,328,0.04,0.03,1.0,2,Roll Right
701,329,0.04,0.02,1.0,2,Roll Right
702,330,0.04,0.03,1.0,2,Roll Right
703,331,0.04,0.02,1.0,2,Roll Right
704,332,0.04,0.02,1.0,2,Roll Right
705,333,0.04,0.02,1.0,2,Roll Right
706,334,0.04,0.02,1.0,2,Roll Right
707,335,0.04,0.03,1.0,2,Roll Right
708,336,0.04,0.03,1.0,2,Roll Right
709,337,0.04,0.02,1.0,2,Roll Right
710,338,0.04,0.03,1.0,2,Roll Right
711,339,0.04,0.03,1.01,2,Roll Right
712,340,0.04,0.03,1.0,2,Roll Right
713,341,0.04,0.02,1.0,2,Roll Right
714,342,0.04,0.03,1.0,2,Roll Right
715,343,0.04,0.02,1.0,2,Roll Right
716,344,0.04,0.02,1.0,2,Roll Right
717,345,0.04,0.03,1.0,2,Roll Right
718,346,0.04,0.02,1.0,2,Roll Right
719,347,0.04,0.02,1.0,2,Roll Right
720,348,0.04,0.02,1.0,2,Roll Right
721,349,0.04,-0.01,1.0,2,Roll Right
722,350,0.04,0.1,1.04,2,Roll Right
723,351,0.05,0.43,1.07,2,Roll Right
724,352,-0.03,0.82,0.88,2,Roll Right
725,353,0.06,0.46,0.49,2,Roll Right
726,354,-0.19,0.91,0.38,2,Roll Right
727,355,-0.14,1.25,0.02,2,Roll Right
728,356,-0.11,0.92,0.27,2,Roll Right
729,357,-0.15,0.79,0.11,2,Roll Right
730,358,-0.08,0.8,0.61,2,Roll Right
731,359,-0.1,0.45,0.89,2,Roll Right
732,360,-0.02,0.36,0.97,2,Roll Right
733,361,0.03,-0.05,0.85,2,Roll Right
734,362,0.04,0.02,1.06,2,Roll Right
735,363,-0.1,0.03,1.0,2,Roll Right
736,364,0.04,0.03,1.0,2,Roll Right
737,365,0.04,0.02,1.0,2,Roll Right
738,366,0.03,0.03,1.0,2,Roll Right
739,367,0.03,0.03,1.0,2,Roll Right
740,368,0.04,0.03,1.0,2,Roll Right
741,369,0.04,0.03,1.0,2,Roll Right
742,370,0.04,0.03,1.0,2,Roll Right
743,371,0.04,0.03,1.0,2,Roll Right
744,372,0.04,0.02,1.0,2,Roll Right
745,373,0.04,0.03,1.0,2,Roll Right
746,374,0.03,0.02,1.0,2,Roll Right
747,375,0.04,0.03,1.0,2,Roll Right
748,376,0.04,0.03,1.0,2,Roll Right
749,377,0.04,0.02,1.0,2,Roll Right
750,378,0.04,0.03,1.0,2,Roll Right
751,379,0.04,0.02,1.0,2,Roll Right
752,380,0.04,0.03,1.0,2,Roll Right
753,381,0.04,0.03,1.0,2,Roll Right
754,382,0.04,0.02,1.0,2,Roll Right
755,383,0.04,0.03,1.0,2,Roll Right
756,384,0.04,0.02,1.0,2,Roll Right
757,385,0.04,0.03,1.0,2,Roll Right
758,386,0.04,0.03,1.0,2,Roll Right
759,387,0.04,0.03,1.0,2,Roll Right
760,388,0.03,0.03,1.0,2,Roll Right
761,389,0.04,0.02,1.0,2,Roll Right
762,390,0.04,0.04,1.01,2,Roll Right
763,391,0.04,0.08,1.04,2,Roll Right
764,392,-0.06,0.39,0.94,2,Roll Right
765,393,-0.07,0.71,0.65,2,Roll Right
766,394,-0.16,0.84,0.16,2,Roll Right
767,395,-0.12,0.9,0.0,2,Roll Right
768,396,-0.1,1.04,0.14,2,Roll Right
769,397,-0.05,1.0,0.4,2,Roll Right
770,398,0.02,0.59,0.68,2,Roll Right
771,399,0.0,0.39,0.9,2,Roll Right
772,400,0.05,0.14,0.93,2,Roll Right
773,401,0.02,0.16,1.06,2,Roll Right
774,402,0.02,0.1,0.99,2,Roll Right
775,403,-0.03,0.08,1.05,2,Roll Right
776,404,0.05,0.01,1.0,2,Roll Right
777,405,0.03,0.06,1.01,2,Roll Right
778,406,0.02,0.02,1.0,2,Roll Right
779,407,0.04,0.02,1.0,2,Roll Right
780,408,0.04,0.02,1.0,2,Roll Right
781,409,0.04,0.03,1.0,2,Roll Right
782,410,0.04,0.03,1.0,2,Roll Right
783,411,0.04,0.03,1.0,2,Roll Right
784,412,0.04,0.03,1.0,2,Roll Right
785,413,0.04,0.02,1.0,2,Roll Right
786,414,0.04,0.02,1.0,2,Roll Right
787,415,0.03,0.03,1.0,2,Roll Right
788,416,0.04,0.02,1.0,2,Roll Right
789,417,0.04,0.03,1.0,2,Roll Right
790,418,0.04,0.02,1.0,2,Roll Right
791,419,0.03,0.04,1.0,2,Roll Right
792,420,0.04,0.02,1.01,2,Roll Right
793,421,0.04,0.02,1.0,2,Roll Right
794,422,0.04,0.03,1.0,2,Roll Right
795,423,0.04,0.03,1.0,2,Roll Right
796,424,0.03,0.02,1.0,2,Roll Right
797,425,0.04,0.02,1.0,2,Roll Right
798,426,0.04,0.03,1.0,2,Roll Right
799,427,0.04,0.03,1.0,2,Roll Right
800,428,0.04,0.02,1.0,2,Roll Right
801,429,0.04,0.03,1.0,2,Roll Right
802,0,0.04,0.03,1.0,3,Roll Right
803,1,0.04,0.03,1.0,3,Roll Right
804,2,0.04,0.03,1.0,3,Roll Right
805,3,0.04,0.03,1.0,3,Roll Right
806,4,0.04,0.02,1.0,3,Roll Right
807,5,0.04,0.03,1.0,3,Roll Right
808,6,0.04,0.03,1.0,3,Roll Right
809,7,0.04,0.03,1.0,3,Roll Right
810,8,0.04,0.03,1.0,3,Roll Right
811,9,0.04,0.03,1.0,3,Roll Right
812,10,0.04,0.03,1.0,3,Roll Right
813,11,0.04,0.02,1.0,3,Roll Right
814,12,0.04,0.03,1.0,3,Roll Right
815,13,0.04,0.02,1.0,3,Roll Right
816,14,0.04,0.03,1.0,3,Roll Right
817,15,0.04,0.03,1.0,3,Roll Right
818,16,0.04,0.03,1.0,3,Roll Right
819,17,0.04,0.03,1.0,3,Roll Right
820,18,0.04,0.03,1.0,3,Roll Right
821,19,0.04,0.02,1.0,3,Roll Right
822,20,0.04,0.02,1.0,3,Roll Right
823,21,0.04,0.02,1.0,3,Roll Right
824,22,0.04,0.03,1.0,3,Roll Right
825,23,0.04,0.03,1.0,3,Roll Right
826,24,0.04,0.02,1.0,3,Roll Right
827,25,0.04,0.02,1.0,3,Roll Right
828,26,0.04,0.03,1.0,3,Roll Right
829,27,0.04,0.02,1.0,3,Roll Right
830,28,0.04,0.02,1.0,3,Roll Right
831,29,0.03,0.03,1.0,3,Roll Right
832,30,0.03,0.03,1.0,3,Roll Right
833,31,0.0,0.06,1.03,3,Roll Right
834,32,-0.03,0.12,1.12,3,Roll Right
835,33,0.03,0.2,0.86,3,Roll Right
836,34,0.08,0.3,0.91,3,Roll Right
837,35,0.11,0.46,0.86,3,Roll Right
838,36,0.09,0.6,0.8,3,Roll Right
839,37,0.09,0.81,0.7,3,Roll Right
840,38,0.05,0.83,0.6,3,Roll Right
841,39,0.04,0.96,0.5,3,Roll Right
842,40,0.04,0.9,0.5,3,Roll Right
843,41,0.01,0.93,0.47,3,Roll Right
844,42,0.02,0.86,0.48,3,Roll Right
845,43,0.0,0.85,0.57,3,Roll Right
846,44,-0.02,0.73,0.72,3,Roll Right
847,45,-0.01,0.55,0.81,3,Roll Right
848,46,0.0,0.4,0.96,3,Roll Right
849,47,0.01,0.21,1.01,3,Roll Right
850,48,0.01,0.11,0.97,3,Roll Right
851,49,0.0,0.08,1.02,3,Roll Right
852,50,0.02,0.02,1.02,3,Roll Right
853,51,0.04,0.02,1.0,3,Roll Right
854,52,0.03,0.01,1.0,3,Roll Right
855,53,0.04,0.03,1.0,3,Roll Right
856,54,0.04,0.02,1.0,3,Roll Right
857,55,0.04,0.03,1.0,3,Roll Right
858,56,0.04,0.03,1.0,3,Roll Right
859,57,0.04,0.02,1.0,3,Roll Right
860,58,0.04,0.03,1.0,3,Roll Right
861,59,0.04,0.03,1.0,3,Roll Right
862,60,0.04,0.02,1.0,3,Roll Right
863,61,0.04,0.03,1.0,3,Roll Right
864,62,0.04,0.02,1.0,3,Roll Right
865,63,0.04,0.02,1.0,3,Roll Right
866,64,0.04,0.03,1.0,3,Roll Right
867,65,0.04,0.02,1.0,3,Roll Right
868,66,0.04,0.02,1.0,3,Roll Right
869,67,0.04,0.03,1.0,3,Roll Right
870,68,0.04,0.02,1.0,3,Roll Right
871,69,0.04,0.03,1.0,3,Roll Right
872,70,0.04,0.03,1.0,3,Roll Right
873,71,0.04,0.03,1.0,3,Roll Right
874,72,0.04,0.02,1.0,3,Roll Right
875,73,0.04,0.03,1.0,3,Roll Right
876,74,0.04,0.02,1.0,3,Roll Right
877,75,0.04,0.03,1.0,3,Roll Right
878,76,0.04,0.03,1.0,3,Roll Right
879,77,0.04,0.02,1.0,3,Roll Right
880,78,0.04,0.02,1.0,3,Roll Right
881,79,0.04,0.03,1.0,3,Roll Right
882,80,-0.01,0.09,1.01,3,Roll Right
883,81,0.0,0.04,1.0,3,Roll Right
884,82,0.0,0.12,1.04,3,Roll Right
885,83,-0.04,0.45,1.02,3,Roll Right
886,84,-0.0,0.42,0.97,3,Roll Right
887,85,0.07,0.48,0.88,3,Roll Right
888,86,0.07,0.59,0.84,3,Roll Right
889,87,0.09,0.66,0.73,3,Roll Right
890,88,0.07,0.71,0.73,3,Roll Right
891,89,0.07,0.78,0.69,3,Roll Right
892,90,0.07,0.84,0.59,3,Roll Right
893,91,0.05,0.88,0.55,3,Roll Right
894,92,0.02,0.93,0.43,3,Roll Right
895,93,0.01,0.95,0.45,3,Roll Right
896,94,0.0,0.93,0.39,3,Roll Right
897,95,0.0,1.0,0.33,3,Roll Right
898,96,-0.0,0.92,0.36,3,Roll Right
899,97,0.0,0.91,0.51,3,Roll Right
900,98,-0.02,0.78,0.64,3,Roll Right
901,99,-0.0,0.64,0.76,3,Roll Right
902,100,0.0,0.68,0.96,3,Roll Right
903,101,-0.01,0.45,0.89,3,Roll Right
904,102,-0.07,0.6,1.18,3,Roll Right
905,103,0.0,0.24,0.97,3,Roll Right
906,104,0.03,0.05,1.04,3,Roll Right
907,105,0.03,0.03,1.0,3,Roll Right
908,106,0.02,0.01,1.02,3,Roll Right
909,107,0.04,0.03,1.0,3,Roll Right
910,108,0.04,0.03,1.0,3,Roll Right
911,109,0.04,0.03,1.0,3,Roll Right
912,110,0.04,0.03,1.0,3,Roll Right
913,111,0.04,0.03,1.0,3,Roll Right
914,112,0.04,0.03,1.0,3,Roll Right
915,113,0.04,0.02,1.0,3,Roll Right
916,114,0.04,0.02,1.0,3,Roll Right
917,115,0.04,0.02,1.0,3,Roll Right
918,116,0.04,0.03,1.0,3,Roll Right
919,117,0.04,0.03,1.0,3,Roll Right
920,118,0.04,0.02,1.0,3,Roll Right
921,119,0.04,0.03,1.0,3,Roll Right
922,120,0.04,0.02,1.0,3,Roll Right
923,121,0.04,0.03,1.0,3,Roll Right
924,122,0.04,0.02,1.0,3,Roll Right
925,123,0.04,0.02,1.0,3,Roll Right
926,124,0.04,0.02,1.0,3,Roll Right
927,125,0.04,0.02,1.0,3,Roll Right
928,126,0.04,0.04,1.0,3,Roll Right
929,127,0.04,0.01,1.0,3,Roll Right
930,128,0.02,0.04,1.0,3,Roll Right
931,129,0.02,0.05,1.01,3,Roll Right
932,130,0.01,0.13,1.0,3,Roll Right
933,131,0.0,0.26,1.0,3,Roll Right
934,132,0.04,0.35,1.03,3,Roll Right
935,133,0.08,0.6,0.83,3,Roll Right
936,134,0.1,0.72,0.69,3,Roll Right
937,135,0.08,0.8,0.61,3,Roll Right
938,136,0.09,0.86,0.51,3,Roll Right
939,137,0.07,0.97,0.43,3,Roll Right
940,138,0.03,1.01,0.29,3,Roll Right
941,139,0.03,1.0,0.29,3,Roll Right
942,140,0.04,1.0,0.26,3,Roll Right
943,141,0.03,0.98,0.32,3,Roll Right
944,142,0.03,0.98,0.34,3,Roll Right
945,143,0.01,0.91,0.44,3,Roll Right
946,144,0.0,0.87,0.51,3,Roll Right
947,145,0.02,0.75,0.68,3,Roll Right
948,146,0.03,0.64,0.84,3,Roll Right
949,147,0.02,0.42,0.94,3,Roll Right
950,148,0.02,0.25,1.0,3,Roll Right
951,149,0.04,0.14,1.04,3,Roll Right
952,150,0.03,0.01,0.97,3,Roll Right
953,151,-0.01,0.0,1.0,3,Roll Right
954,152,0.03,0.01,1.0,3,Roll Right
955,153,0.04,0.02,1.0,3,Roll Right
956,154,0.04,0.02,1.0,3,Roll Right
957,155,0.04,0.03,1.0,3,Roll Right
958,156,0.04,0.03,1.0,3,Roll Right
959,157,0.04,0.03,1.0,3,Roll Right
960,158,0.04,0.03,1.0,3,Roll Right
961,159,0.04,0.02,1.0,3,Roll Right
962,160,0.04,0.03,1.0,3,Roll Right
963,161,0.05,0.03,1.0,3,Roll Right
964,162,0.04,0.02,1.0,3,Roll Right
965,163,0.04,0.02,1.0,3,Roll Right
966,164,0.04,0.02,1.0,3,Roll Right
967,165,0.04,0.02,1.0,3,Roll Right
968,166,0.05,0.03,1.0,3,Roll Right
969,167,0.04,0.03,1.0,3,Roll Right
970,168,0.04,0.02,1.0,3,Roll Right
971,169,0.04,0.03,1.0,3,Roll Right
972,170,0.04,0.03,1.0,3,Roll Right
973,171,0.04,0.03,1.0,3,Roll Right
974,172,0.04,0.02,1.0,3,Roll Right
975,173,0.04,0.02,1.0,3,Roll Right
976,174,0.04,0.02,1.0,3,Roll Right
977,175,0.04,0.03,1.0,3,Roll Right
978,176,0.05,0.04,1.03,3,Roll Right
979,177,0.0,0.11,1.0,3,Roll Right
980,178,0.01,0.23,1.02,3,Roll Right
981,179,0.04,0.26,1.08,3,Roll Right
982,180,0.05,0.41,0.93,3,Roll Right
983,181,0.07,0.52,0.83,3,Roll Right
984,182,0.06,0.61,0.72,3,Roll Right
985,183,0.04,0.77,0.73,3,Roll Right
986,184,0.05,0.89,0.64,3,Roll Right
987,185,0.06,0.87,0.51,3,Roll Right
988,186,0.03,0.96,0.4,3,Roll Right
989,187,0.02,0.96,0.32,3,Roll Right
990,188,0.02,1.03,0.25,3,Roll Right
991,189,0.02,0.98,0.27,3,Roll Right
992,190,0.02,0.9,0.35,3,Roll Right
993,191,0.02,0.94,0.46,3,Roll Right
994,192,0.0,0.93,0.51,3,Roll Right
995,193,-0.02,0.81,0.62,3,Roll Right
996,194,-0.04,0.75,0.73,3,Roll Right
997,195,-0.04,0.57,0.82,3,Roll Right
998,196,-0.04,0.41,1.03,3,Roll Right
999,197,0.01,0.2,1.0,3,Roll Right
1000,198,0.0,0.07,1.02,3,Roll Right
1001,199,0.04,0.0,1.0,3,Roll Right
1002,200,0.04,0.03,1.0,3,Roll Right
1003,201,0.04,0.03,1.0,3,Roll Right
1004,202,0.05,0.02,1.0,3,Roll Right
1005,203,0.04,0.02,1.0,3,Roll Right
1006,204,0.04,0.02,1.0,3,Roll Right
1007,205,0.04,0.03,1.0,3,Roll Right
1008,206,0.04,0.02,1.0,3,Roll Right
1009,207,0.04,0.02,1.0,3,Roll Right
1010,208,0.04,0.02,1.0,3,Roll Right
1011,209,0.04,0.02,1.0,3,Roll Right
1012,210,0.04,0.02,1.0,3,Roll Right
1013,211,0.04,0.03,1.0,3,Roll Right
1014,212,0.04,0.02,1.0,3,Roll Right
1015,213,0.04,0.02,1.0,3,Roll Right
1016,214,0.04,0.02,1.0,3,Roll Right
1017,215,0.04,0.03,1.0,3,Roll Right
1018,216,0.04,0.03,1.0,3,Roll Right
1019,217,0.04,0.02,1.0,3,Roll Right
1020,218,0.05,0.03,1.0,3,Roll Right
1021,219,0.04,0.03,1.01,3,Roll Right
1022,220,0.04,0.03,1.0,3,Roll Right
1023,221,0.04,0.03,1.0,3,Roll Right
1024,222,0.04,0.02,1.0,3,Roll Right
1025,223,0.04,0.03,1.0,3,Roll Right
1026,224,0.02,0.04,1.0,3,Roll Right
1027,225,0.05,0.06,1.07,3,Roll Right
1028,226,0.01,0.23,1.1,3,Roll Right
1029,227,0.04,0.26,1.04,3,Roll Right
1030,228,0.06,0.35,0.93,3,Roll Right
1031,229,0.07,0.48,0.84,3,Roll Right
1032,230,0.08,0.63,0.76,3,Roll Right
1033,231,0.07,0.68,0.74,3,Roll Right
1034,232,0.07,0.8,0.62,3,Roll Right
1035,233,0.06,0.89,0.5,3,Roll Right
1036,234,0.05,0.92,0.51,3,Roll Right
1037,235,0.04,0.93,0.43,3,Roll Right
1038,236,0.04,0.95,0.5,3,Roll Right
1039,237,0.04,0.91,0.45,3,Roll Right
1040,238,0.04,0.91,0.43,3,Roll Right
1041,239,0.02,0.89,0.52,3,Roll Right
1042,240,0.02,0.75,0.62,3,Roll Right
1043,241,0.0,0.56,0.83,3,Roll Right
1044,242,-0.01,0.43,0.99,3,Roll Right
1045,243,-0.0,0.18,1.02,3,Roll Right
1046,244,0.0,0.13,0.99,3,Roll Right
1047,245,0.0,0.11,0.99,3,Roll Right
1048,246,0.0,0.04,0.99,3,Roll Right
1049,247,0.03,0.01,1.02,3,Roll Right
1050,248,0.05,0.03,1.0,3,Roll Right
1051,249,0.04,0.02,1.0,3,Roll Right
1052,250,0.04,0.02,1.0,3,Roll Right
1053,251,0.04,0.02,1.0,3,Roll Right
1054,252,0.04,0.03,1.0,3,Roll Right
1055,253,0.04,0.02,1.0,3,Roll Right
1056,254,0.04,0.03,1.0,3,Roll Right
1057,255,0.04,0.03,1.0,3,Roll Right
1058,256,0.04,0.03,1.0,3,Roll Right
1059,257,0.04,0.03,1.0,3,Roll Right
1060,258,0.04,0.03,1.0,3,Roll Right
1061,259,0.04,0.02,1.0,3,Roll Right
1062,260,0.04,0.03,1.0,3,Roll Right
1063,261,0.05,0.02,1.0,3,Roll Right
1064,262,0.04,0.02,1.0,3,Roll Right
1065,263,0.05,0.02,1.0,3,Roll Right
1066,264,0.04,0.03,1.0,3,Roll Right
1067,265,0.04,0.03,1.0,3,Roll Right
1068,266,0.04,0.02,1.0,3,Roll Right
1069,267,0.04,0.02,1.0,3,Roll Right
1070,268,0.04,0.02,1.0,3,Roll Right
1071,269,0.04,0.02,1.0,3,Roll Right
1072,270,0.04,0.03,1.0,3,Roll Right
1073,271,0.04,0.02,1.0,3,Roll Right
1074,272,0.04,0.03,1.0,3,Roll Right
1075,273,0.04,0.03,1.0,3,Roll Right
1076,274,0.04,0.03,1.0,3,Roll Right
1077,275,0.05,0.02,1.0,3,Roll Right
1078,276,0.02,0.09,1.01,3,Roll Right
1079,277,0.03,0.14,1.05,3,Roll Right
1080,278,0.04,0.2,1.0,3,Roll Right
1081,279,0.05,0.35,0.95,3,Roll Right
1082,280,0.06,0.49,0.92,3,Roll Right
1083,281,0.08,0.65,0.73,3,Roll Right
1084,282,0.07,0.81,0.6,3,Roll Right
1085,283,0.05,0.9,0.48,3,Roll Right
1086,284,0.04,0.98,0.41,3,Roll Right
1087,285,0.04,0.96,0.37,3,Roll Right
1088,286,0.02,0.99,0.36,3,Roll Right
1089,287,0.03,0.96,0.34,3,Roll Right
1090,288,0.02,0.94,0.36,3,Roll Right
1091,289,-0.0,0.89,0.49,3,Roll Right
1092,290,0.02,0.88,0.57,3,Roll Right
1093,291,0.03,0.75,0.73,3,Roll Right
1094,292,0.02,0.68,0.8,3,Roll Right
1095,293,0.02,0.55,0.9,3,Roll Right
1096,294,-0.01,0.46,0.94,3,Roll Right
1097,295,-0.0,0.54,1.2,3,Roll Right
1098,296,0.0,0.22,0.96,3,Roll Right
1099,297,0.02,0.09,0.98,3,Roll Right
1100,298,0.04,0.04,1.0,3,Roll Right
1101,299,0.04,0.03,1.0,3,Roll Right
1102,300,0.04,0.02,1.0,3,Roll Right
1103,301,0.04,0.03,1.0,3,Roll Right
1104,302,0.04,0.03,1.0,3,Roll Right
1105,303,0.04,0.03,1.0,3,Roll Right
1106,304,0.05,0.02,1.0,3,Roll Right
1107,305,0.05,0.02,1.0,3,Roll Right
1108,306,0.04,0.03,1.0,3,Roll Right
1109,307,0.04,0.03,1.0,3,Roll Right
1110,308,0.04,0.02,1.0,3,Roll Right
1111,309,0.04,0.03,1.0,3,Roll Right
1112,310,0.04,0.03,1.0,3,Roll Right
1113,311,0.04,0.02,1.0,3,Roll Right
1114,312,0.04,0.02,1.0,3,Roll Right
1115,313,0.04,0.03,1.0,3,Roll Right
1116,314,0.05,0.02,1.0,3,Roll Right
1117,315,0.04,0.02,1.0,3,Roll Right
1118,316,0.04,0.03,1.0,3,Roll Right
1119,317,0.04,0.03,1.0,3,Roll Right
1120,318,0.04,0.03,1.0,3,Roll Right
1121,319,0.05,0.03,1.0,3,Roll Right
1122,320,0.04,0.02,1.0,3,Roll Right
1123,321,0.04,0.03,1.0,3,Roll Right
1124,322,0.04,0.03,1.0,3,Roll Right
1125,323,0.04,0.03,1.0,3,Roll Right
1126,324,0.04,0.02,1.0,3,Roll Right
1127,325,0.03,0.02,1.01,3,Roll Right
1128,326,0.02,0.1,1.06,3,Roll Right
1129,327,0.04,0.07,1.04,3,Roll Right
1130,328,0.08,0.25,0.92,3,Roll Right
1131,329,0.11,0.37,0.91,3,Roll Right
1132,330,0.09,0.64,0.77,3,Roll Right
1133,331,0.08,0.69,0.76,3,Roll Right
1134,332,0.07,0.84,0.62,3,Roll Right
1135,333,0.05,0.9,0.46,3,Roll Right
1136,334,0.04,0.96,0.43,3,Roll Right
1137,335,0.02,0.96,0.37,3,Roll Right
1138,336,0.02,0.96,0.34,3,Roll Right
1139,337,0.04,0.96,0.46,3,Roll Right
1140,338,0.01,0.82,0.55,3,Roll Right
1141,339,0.04,0.7,0.74,3,Roll Right
1142,340,0.05,0.52,0.86,3,Roll Right
1143,341,0.05,0.48,0.97,3,Roll Right
1144,342,0.02,0.2,1.04,3,Roll Right
1145,343,0.04,0.11,0.99,3,Roll Right
1146,344,0.01,0.05,1.0,3,Roll Right
1147,345,-0.02,0.14,1.34,3,Roll Right
1148,346,0.03,0.03,1.01,3,Roll Right
1149,347,0.04,0.02,1.0,3,Roll Right
1150,348,0.04,0.03,1.0,3,Roll Right
1151,349,0.04,0.02,1.0,3,Roll Right
1152,350,0.04,0.02,1.0,3,Roll Right
1153,351,0.04,0.03,1.0,3,Roll Right
1154,352,0.04,0.03,1.0,3,Roll Right
1155,353,0.04,0.03,1.0,3,Roll Right
1156,354,0.04,0.02,1.0,3,Roll Right
1157,355,0.04,0.02,1.0,3,Roll Right
1158,356,0.04,0.02,1.0,3,Roll Right
1159,357,0.04,0.02,1.0,3,Roll Right
1160,358,0.04,0.02,1.0,3,Roll Right
1161,359,0.04,0.03,1.0,3,Roll Right
1162,360,0.04,0.02,1.0,3,Roll Right
1163,361,0.04,0.03,1.0,3,Roll Right
1164,362,0.04,0.03,1.01,3,Roll Right
1165,363,0.04,0.03,1.0,3,Roll Right
1166,364,0.04,0.03,1.0,3,Roll Right
1167,365,0.04,0.02,1.0,3,Roll Right
1168,366,0.04,0.03,1.0,3,Roll Right
1169,367,0.04,0.02,1.0,3,Roll Right
1170,368,0.04,0.03,1.0,3,Roll Right
1171,369,0.04,0.02,1.0,3,Roll Right
1172,370,0.04,0.02,1.0,3,Roll Right
1173,371,0.04,0.03,1.0,3,Roll Right
1174,372,0.04,0.02,1.0,3,Roll Right
1175,373,0.04,0.03,1.0,3,Roll Right
1176,374,0.04,0.03,1.0,3,Roll Right
1177,375,0.02,0.02,1.01,3,Roll Right
1178,376,-0.0,0.08,1.09,3,Roll Right
1179,377,0.0,0.25,0.98,3,Roll Right
1180,378,0.02,0.41,0.81,3,Roll Right
1181,379,0.07,0.58,0.76,3,Roll Right
1182,380,0.05,0.8,0.67,3,Roll Right
1183,381,0.05,0.87,0.58,3,Roll Right
1184,382,0.06,0.96,0.43,3,Roll Right
1185,383,0.06,0.93,0.39,3,Roll Right
1186,384,0.03,0.92,0.26,3,Roll Right
1187,385,0.04,1.0,0.33,3,Roll Right
1188,386,0.02,0.88,0.43,3,Roll Right
1189,387,0.02,0.86,0.55,3,Roll Right
1190,388,0.04,0.53,0.88,3,Roll Right
1191,389,0.02,0.37,0.98,3,Roll Right
1192,390,0.0,0.21,0.96,3,Roll Right
1193,391,0.0,0.0,1.04,3,Roll Right
1194,392,0.02,0.04,1.01,3,Roll Right
1195,393,0.05,-0.13,1.36,3,Roll Right
1196,394,0.02,0.01,0.99,3,Roll Right
1197,395,0.05,0.03,1.01,3,Roll Right
1198,396,0.04,0.03,1.0,3,Roll Right
1199,397,0.05,0.02,1.0,3,Roll Right
1200,398,0.04,0.03,1.0,3,Roll Right
1201,399,0.04,0.02,1.0,3,Roll Right
1202,400,0.04,0.02,1.0,3,Roll Right
1203,401,0.04,0.03,1.0,3,Roll Right
1204,402,0.04,0.03,1.0,3,Roll Right
1205,403,0.04,0.03,1.0,3,Roll Right
1206,404,0.04,0.03,1.0,3,Roll Right
1207,405,0.04,0.03,1.0,3,Roll Right
1208,406,0.04,0.02,1.0,3,Roll Right
1209,407,0.04,0.02,1.0,3,Roll Right
1210,408,0.04,0.02,1.0,3,Roll Right
1211,409,0.04,0.02,1.0,3,Roll Right
1212,410,0.04,0.02,1.0,3,Roll Right
1213,411,0.04,0.03,1.0,3,Roll Right
1214,412,0.04,0.03,1.0,3,Roll Right
1215,413,0.04,0.03,1.0,3,Roll Right
1216,414,0.05,0.03,1.0,3,Roll Right
1217,415,0.04,0.02,1.0,3,Roll Right
1218,416,0.04,0.03,1.0,3,Roll Right
1219,417,0.04,0.02,1.0,3,Roll Right
1220,418,0.04,0.03,1.0,3,Roll Right
1221,419,0.04,0.03,1.0,3,Roll Right
1222,420,0.05,0.02,1.0,3,Roll Right
1223,421,0.04,0.03,1.0,3,Roll Right
1224,422,0.04,0.0,1.0,3,Roll Right
1225,423,-0.01,0.09,1.05,3,Roll Right
1226,424,0.02,0.27,1.02,3,Roll Right
1227,425,0.04,0.42,0.85,3,Roll Right
1228,426,0.05,0.57,0.86,3,Roll Right
1229,427,0.07,0.66,0.74,3,Roll Right
1230,428,0.07,0.73,0.65,3,Roll Right
1231,429,0.04,0.85,0.66,3,Roll Right
1232,430,0.04,0.92,0.48,3,Roll Right
1233,431,0.03,0.97,0.39,3,Roll Right
1234,432,0.01,1.0,0.32,3,Roll Right
1235,433,0.01,0.99,0.31,3,Roll Right
1236,434,0.0,0.97,0.24,3,Roll Right
1237,435,-0.01,0.97,0.25,3,Roll Right
1238,436,0.0,0.99,0.37,3,Roll Right
1239,437,-0.04,0.86,0.5,3,Roll Right
1240,438,-0.02,0.88,0.63,3,Roll Right
1241,439,-0.04,0.72,0.75,3,Roll Right
1242,440,0.05,0.55,0.95,3,Roll Right
1243,441,0.01,0.14,1.06,3,Roll Right
1244,442,0.03,0.02,1.03,3,Roll Right
1245,443,0.04,0.04,0.98,3,Roll Right
1246,444,0.04,0.03,1.0,3,Roll Right
1247,445,0.05,0.03,1.0,3,Roll Right
1248,446,0.04,0.03,1.0,3,Roll Right
1249,447,0.04,0.02,1.0,3,Roll Right
1250,448,0.04,0.03,1.0,3,Roll Right
1251,449,0.05,0.03,1.0,3,Roll Right
1252,450,0.04,0.02,1.0,3,Roll Right
1253,451,0.04,0.02,1.0,3,Roll Right
1254,452,0.04,0.03,1.0,3,Roll Right
1255,453,0.04,0.03,1.0,3,Roll Right
1256,454,0.04,0.02,1.0,3,Roll Right
1257,455,0.04,0.03,1.0,3,Roll Right
1258,456,0.04,0.03,1.0,3,Roll Right
1259,457,0.04,0.03,1.0,3,Roll Right
1260,458,0.04,0.02,1.0,3,Roll Right
1261,459,0.04,0.03,1.0,3,Roll Right
1262,460,0.04,0.02,1.0,3,Roll Right
1263,461,0.04,0.03,1.0,3,Roll Right
1264,462,0.04,0.03,1.0,3,Roll Right
1265,463,0.04,0.03,1.0,3,Roll Right
1266,464,0.05,0.02,1.0,3,Roll Right
1267,465,0.04,0.02,1.0,3,Roll Right
1268,466,0.04,0.02,1.0,3,Roll Right
1269,467,0.03,0.0,1.02,3,Roll Right
1270,468,0.04,0.08,1.04,3,Roll Right
1271,469,-0.0,0.23,1.05,3,Roll Right
1272,470,0.03,0.25,0.94,3,Roll Right
1273,471,0.05,0.41,0.84,3,Roll Right
1274,472,0.03,0.68,0.79,3,Roll Right
1275,473,0.03,0.82,0.62,3,Roll Right
1276,474,0.02,0.89,0.48,3,Roll Right
1277,475,0.02,0.95,0.39,3,Roll Right
1278,476,0.0,0.94,0.38,3,Roll Right
1279,477,-0.0,1.0,0.32,3,Roll Right
1280,478,0.0,0.98,0.31,3,Roll Right
1281,479,0.01,0.87,0.37,3,Roll Right
1282,480,0.02,0.8,0.64,3,Roll Right
1283,481,0.05,0.63,0.71,3,Roll Right
1284,482,0.02,0.43,0.97,3,Roll Right
1285,483,0.01,0.32,1.0,3,Roll Right
1286,484,0.02,0.02,1.02,3,Roll Right
1287,485,0.03,0.08,1.11,3,Roll Right
1288,486,0.04,0.02,1.0,3,Roll Right
1289,487,0.05,0.03,1.0,3,Roll Right
1290,488,0.04,0.02,1.0,3,Roll Right
1291,489,0.04,0.03,1.0,3,Roll Right
1292,490,0.04,0.02,1.0,3,Roll Right
1293,491,0.05,0.02,1.0,3,Roll Right
1294,492,0.04,0.02,1.0,3,Roll Right
1295,493,0.04,0.02,1.0,3,Roll Right
1296,494,0.04,0.02,1.0,3,Roll Right
1297,495,0.05,0.02,1.0,3,Roll Right
1298,496,0.04,0.03,1.0,3,Roll Right
1299,497,0.04,0.02,1.0,3,Roll Right
1300,498,0.04,0.02,1.0,3,Roll Right
1301,499,0.05,0.02,1.0,3,Roll Right
1302,500,0.04,0.02,1.0,3,Roll Right
1303,501,0.04,0.03,1.0,3,Roll Right
1304,502,0.04,0.03,1.0,3,Roll Right
1305,503,0.04,0.03,1.0,3,Roll Right
1306,504,0.04,0.02,1.0,3,Roll Right
1307,505,0.04,0.03,1.0,3,Roll Right
1308,506,0.05,0.02,1.0,3,Roll Right
1309,507,0.04,0.03,1.0,3,Roll Right
1310,508,0.05,0.02,1.0,3,Roll Right
1311,509,0.04,0.03,1.0,3,Roll Right
1312,510,0.04,0.02,1.0,3,Roll Right
1313,511,0.04,0.03,1.0,3,Roll Right
1314,512,0.04,0.03,1.0,3,Roll Right
1315,513,0.05,-0.02,1.12,3,Roll Right
1316,514,-0.01,0.17,1.14,3,Roll Right
1317,515,0.02,0.37,0.93,3,Roll Right
1318,516,0.03,0.59,0.77,3,Roll Right
1319,517,0.02,0.65,0.68,3,Roll Right
1320,518,0.03,0.79,0.57,3,Roll Right
1321,519,0.01,1.0,0.47,3,Roll Right
1322,520,0.01,0.99,0.36,3,Roll Right
1323,521,0.02,0.97,0.29,3,Roll Right
1324,522,0.0,1.0,0.19,3,Roll Right
1325,523,-0.0,1.02,0.18,3,Roll Right
1326,524,-0.0,1.0,0.18,3,Roll Right
1327,525,-0.01,0.97,0.25,3,Roll Right
1328,526,0.0,0.94,0.41,3,Roll Right
1329,527,-0.0,0.77,0.62,3,Roll Right
1330,528,0.0,0.54,0.89,3,Roll Right
1331,529,0.0,0.27,0.96,3,Roll Right
1332,530,0.02,0.07,1.03,3,Roll Right
1333,531,0.02,0.02,1.01,3,Roll Right
1334,532,0.02,0.04,1.0,3,Roll Right
1335,533,0.05,0.04,1.0,3,Roll Right
1336,534,0.04,0.03,1.0,3,Roll Right
1337,535,0.04,0.03,1.0,3,Roll Right
1338,536,0.04,-0.04,0.97,3,Roll Right
1339,537,0.04,0.03,1.0,3,Roll Right
1340,538,0.04,0.02,1.0,3,Roll Right
1341,539,0.04,0.03,1.0,3,Roll Right
1342,540,0.05,0.02,1.0,3,Roll Right
1343,541,0.04,0.03,1.0,3,Roll Right
1344,542,0.04,0.03,1.0,3,Roll Right
1345,543,0.04,0.03,1.0,3,Roll Right
1346,544,0.04,0.02,1.0,3,Roll Right
1347,545,0.04,0.02,1.0,3,Roll Right
1348,546,0.04,0.03,1.0,3,Roll Right
1349,547,0.04,0.03,1.0,3,Roll Right
1350,548,0.04,0.02,1.0,3,Roll Right
1351,549,0.04,0.02,1.0,3,Roll Right
1352,550,0.04,0.03,1.0,3,Roll Right
1353,551,0.04,0.03,1.0,3,Roll Right
1354,552,0.04,0.02,1.0,3,Roll Right
1355,553,0.04,0.03,1.0,3,Roll Right
1356,554,0.04,0.03,1.0,3,Roll Right
1357,555,0.04,0.02,1.0,3,Roll Right
1358,556,0.04,0.03,1.0,3,Roll Right
1359,0,0.04,0.05,1.0,4,Roll Right
1360,1,0.04,0.05,1.0,4,Roll Right
1361,2,0.04,0.05,1.0,4,Roll Right
1362,3,0.04,0.05,1.0,4,Roll Right
1363,4,0.04,0.05,1.0,4,Roll Right
1364,5,0.04,0.05,1.0,4,Roll Right
1365,6,0.03,0.05,1.0,4,Roll Right
1366,7,0.04,0.05,1.0,4,Roll Right
1367,8,0.04,0.05,1.0,4,Roll Right
1368,9,0.04,0.05,1.0,4,Roll Right
1369,10,0.04,0.05,1.0,4,Roll Right
1370,11,0.04,0.05,1.0,4,Roll Right
1371,12,0.04,0.05,1.0,4,Roll Right
1372,13,0.04,0.04,1.0,4,Roll Right
1373,14,0.04,0.05,1.0,4,Roll Right
1374,15,0.04,0.05,1.0,4,Roll Right
1375,16,0.04,0.04,1.0,4,Roll Right
1376,17,0.04,0.05,1.0,4,Roll Right
1377,18,0.04,0.05,1.0,4,Roll Right
1378,19,0.04,0.05,1.0,4,Roll Right
1379,20,0.04,0.05,1.0,4,Roll Right
1380,21,0.04,0.05,1.0,4,Roll Right
1381,22,0.04,0.05,1.0,4,Roll Right
1382,23,0.04,0.05,1.0,4,Roll Right
1383,24,0.04,0.05,1.0,4,Roll Right
1384,25,0.04,0.04,1.0,4,Roll Right
1385,26,0.03,0.05,1.0,4,Roll Right
1386,27,0.04,0.05,1.0,4,Roll Right
1387,28,0.04,0.05,1.0,4,Roll Right
1388,29,0.04,0.05,1.0,4,Roll Right
1389,30,0.04,0.05,1.0,4,Roll Right
1390,31,0.04,0.05,1.0,4,Roll Right
1391,32,0.04,0.05,1.0,4,Roll Right
1392,33,0.04,0.05,1.0,4,Roll Right
1393,34,0.04,0.05,1.0,4,Roll Right
1394,35,0.04,0.05,1.0,4,Roll Right
1395,36,0.04,0.05,1.0,4,Roll Right
1396,37,0.04,0.04,1.0,4,Roll Right
1397,38,0.04,0.05,1.0,4,Roll Right
1398,39,0.04,0.05,1.0,4,Roll Right
1399,40,0.04,0.05,1.0,4,Roll Right
1400,41,0.03,0.05,1.0,4,Roll Right
1401,42,0.04,0.05,1.0,4,Roll Right
1402,43,0.04,0.04,1.0,4,Roll Right
1403,44,0.03,0.05,1.0,4,Roll Right
1404,45,0.04,0.05,1.0,4,Roll Right
1405,46,0.04,0.05,1.0,4,Roll Right
1406,47,0.06,0.02,1.0,4,Roll Right
1407,48,0.02,0.07,1.01,4,Roll Right
1408,49,-0.08,0.12,1.06,4,Roll Right
1409,50,-0.04,0.04,1.02,4,Roll Right
1410,51,0.01,0.05,0.94,4,Roll Right
1411,52,0.02,-0.0,0.98,4,Roll Right
1412,53,0.06,0.03,0.93,4,Roll Right
1413,54,0.06,-0.0,0.95,4,Roll Right
1414,55,-0.0,0.0,0.96,4,Roll Right
1415,56,0.04,0.59,0.97,4,Roll Right
1416,57,0.01,0.99,0.63,4,Roll Right
1417,58,0.12,0.95,0.28,4,Roll Right
1418,59,0.12,0.98,-0.22,4,Roll Right
1419,60,0.07,1.06,-0.26,4,Roll Right
1420,61,0.08,1.03,-0.24,4,Roll Right
1421,62,0.05,1.0,0.05,4,Roll Right
1422,63,0.04,1.13,0.4,4,Roll Right
1423,64,0.06,0.71,0.72,4,Roll Right
1424,65,0.08,0.29,1.02,4,Roll Right
1425,66,0.07,0.21,0.91,4,Roll Right
1426,67,0.09,0.06,0.96,4,Roll Right
1427,68,0.07,0.02,0.84,4,Roll Right
1428,69,0.05,0.05,1.11,4,Roll Right
1429,70,0.01,0.01,1.16,4,Roll Right
1430,71,-0.05,0.04,1.01,4,Roll Right
1431,72,-0.01,0.07,0.98,4,Roll Right
1432,73,0.04,0.06,1.01,4,Roll Right
1433,74,0.04,0.05,1.02,4,Roll Right
1434,75,0.05,0.05,1.0,4,Roll Right
1435,76,0.04,0.05,1.0,4,Roll Right
1436,77,0.04,0.05,1.0,4,Roll Right
1437,78,0.04,0.05,1.0,4,Roll Right
1438,79,0.04,0.05,1.0,4,Roll Right
1439,80,0.04,0.05,1.0,4,Roll Right
1440,81,0.04,0.05,1.0,4,Roll Right
1441,82,0.04,0.04,1.0,4,Roll Right
1442,83,0.04,0.05,1.0,4,Roll Right
1443,84,0.04,0.05,1.0,4,Roll Right
1444,85,0.04,0.05,1.0,4,Roll Right
1445,86,0.04,0.04,1.0,4,Roll Right
1446,87,0.04,0.04,1.0,4,Roll Right
1447,88,0.04,0.05,1.0,4,Roll Right
1448,89,0.04,0.05,1.0,4,Roll Right
1449,90,0.04,0.05,1.0,4,Roll Right
1450,91,0.04,0.05,1.0,4,Roll Right
1451,92,0.04,0.05,1.0,4,Roll Right
1452,93,0.04,0.04,1.0,4,Roll Right
1453,94,0.04,0.05,1.0,4,Roll Right
1454,95,0.04,0.05,1.0,4,Roll Right
1455,96,0.04,0.04,1.0,4,Roll Right
1456,97,0.04,0.04,1.0,4,Roll Right
1457,98,0.01,0.05,1.03,4,Roll Right
1458,99,-0.02,-0.04,1.0,4,Roll Right
1459,100,0.01,-0.01,0.99,4,Roll Right
1460,101,0.02,0.0,0.86,4,Roll Right
1461,102,0.05,-0.07,0.93,4,Roll Right
1462,103,0.07,-0.05,0.96,4,Roll Right
1463,104,0.06,-0.02,1.03,4,Roll Right
1464,105,0.06,0.11,1.01,4,Roll Right
1465,106,0.09,0.72,1.0,4,Roll Right
1466,107,0.1,0.89,0.47,4,Roll Right
1467,108,0.07,1.01,0.13,4,Roll Right
1468,109,0.1,0.97,-0.14,4,Roll Right
1469,110,0.05,1.04,-0.3,4,Roll Right
1470,111,0.07,1.0,-0.21,4,Roll Right
1471,112,0.03,1.02,-0.14,4,Roll Right
1472,113,0.05,1.0,0.25,4,Roll Right
1473,114,0.12,0.76,0.59,4,Roll Right
1474,115,0.15,0.4,0.94,4,Roll Right
1475,116,0.16,0.34,0.95,4,Roll Right
1476,117,0.11,0.24,0.88,4,Roll Right
1477,118,0.12,0.14,0.89,4,Roll Right
1478,119,0.07,0.11,1.04,4,Roll Right
1479,120,0.05,0.08,1.0,4,Roll Right
1480,121,0.05,0.15,1.02,4,Roll Right
1481,122,-0.03,0.06,1.02,4,Roll Right
1482,123,-0.0,0.07,0.98,4,Roll Right
1483,124,0.02,0.02,1.05,4,Roll Right
1484,125,0.04,0.04,1.0,4,Roll Right
1485,126,0.04,0.04,1.0,4,Roll Right
1486,127,0.04,0.04,1.0,4,Roll Right
1487,128,0.04,0.05,1.0,4,Roll Right
1488,129,0.04,0.05,1.0,4,Roll Right
1489,130,0.04,0.05,1.0,4,Roll Right
1490,131,0.04,0.04,1.0,4,Roll Right
1491,132,0.04,0.05,1.0,4,Roll Right
1492,133,0.04,0.05,1.0,4,Roll Right
1493,134,0.04,0.04,1.0,4,Roll Right
1494,135,0.04,0.05,1.0,4,Roll Right
1495,136,0.04,0.05,1.0,4,Roll Right
1496,137,0.04,0.05,1.0,4,Roll Right
1497,138,0.04,0.05,1.0,4,Roll Right
1498,139,0.04,0.05,1.0,4,Roll Right
1499,140,0.04,0.05,1.0,4,Roll Right
1500,141,0.04,0.05,1.0,4,Roll Right
1501,142,0.04,0.05,1.0,4,Roll Right
1502,143,0.04,0.05,1.0,4,Roll Right
1503,144,0.04,0.04,1.0,4,Roll Right
1504,145,0.04,0.05,1.0,4,Roll Right
1505,146,0.04,0.04,1.0,4,Roll Right
1506,147,0.04,0.05,1.0,4,Roll Right
1507,148,0.04,0.05,1.0,4,Roll Right
1508,149,0.02,0.05,1.01,4,Roll Right
1509,150,-0.05,0.01,1.02,4,Roll Right
1510,151,-0.07,-0.04,0.87,4,Roll Right
1511,152,-0.0,-0.01,0.96,4,Roll Right
1512,153,0.01,0.0,0.97,4,Roll Right
1513,154,0.04,-0.04,0.97,4,Roll Right
1514,155,0.06,-0.04,0.97,4,Roll Right
1515,156,0.06,0.0,1.01,4,Roll Right
1516,157,0.01,0.27,1.02,4,Roll Right
1517,158,0.08,0.66,0.76,4,Roll Right
1518,159,0.07,0.87,0.43,4,Roll Right
1519,160,0.08,1.01,0.04,4,Roll Right
1520,161,0.08,0.96,-0.22,4,Roll Right
1521,162,0.04,1.07,-0.29,4,Roll Right
1522,163,0.04,1.05,-0.15,4,Roll Right
1523,164,0.07,1.17,0.15,4,Roll Right
1524,165,0.08,0.91,0.48,4,Roll Right
1525,166,0.08,0.73,0.7,4,Roll Right
1526,167,0.11,0.47,0.9,4,Roll Right
1527,168,0.11,0.3,0.89,4,Roll Right
1528,169,0.06,0.25,0.99,4,Roll Right
1529,170,0.02,0.14,0.97,4,Roll Right
1530,171,0.02,0.08,1.05,4,Roll Right
1531,172,0.04,0.05,1.02,4,Roll Right
1532,173,0.03,-0.01,0.95,4,Roll Right
1533,174,0.04,0.04,0.98,4,Roll Right
1534,175,0.04,0.06,1.0,4,Roll Right
1535,176,0.06,0.03,0.96,4,Roll Right
1536,177,0.04,0.05,1.0,4,Roll Right
1537,178,0.04,0.05,1.0,4,Roll Right
1538,179,0.04,0.05,1.0,4,Roll Right
1539,180,0.04,0.05,1.0,4,Roll Right
1540,181,0.03,0.05,1.0,4,Roll Right
1541,182,0.04,0.05,1.0,4,Roll Right
1542,183,0.04,0.04,1.0,4,Roll Right
1543,184,0.04,0.05,1.0,4,Roll Right
1544,185,0.04,0.04,1.0,4,Roll Right
1545,186,0.04,0.05,1.0,4,Roll Right
1546,187,0.04,0.05,1.0,4,Roll Right
1547,188,0.04,0.05,1.0,4,Roll Right
1548,189,0.04,0.05,1.0,4,Roll Right
1549,190,0.04,0.05,1.0,4,Roll Right
1550,191,0.04,0.05,1.0,4,Roll Right
1551,192,0.04,0.05,1.0,4,Roll Right
1552,193,0.04,0.05,1.0,4,Roll Right
1553,194,0.04,0.05,1.0,4,Roll Right
1554,195,0.04,0.05,1.0,4,Roll Right
1555,196,0.04,0.05,1.0,4,Roll Right
1556,197,0.04,0.05,1.0,4,Roll Right
1557,198,0.04,0.04,1.0,4,Roll Right
1558,199,0.04,0.04,1.0,4,Roll Right
1559,200,0.04,0.05,1.0,4,Roll Right
1560,201,0.04,0.05,1.0,4,Roll Right
1561,202,0.04,0.05,1.0,4,Roll Right
1562,203,0.03,0.05,1.0,4,Roll Right
1563,204,0.04,0.04,1.0,4,Roll Right
1564,205,0.04,0.04,1.0,4,Roll Right
1565,206,0.04,0.05,1.0,4,Roll Right
1566,207,0.04,0.05,1.0,4,Roll Right
1567,208,0.04,0.05,1.0,4,Roll Right
1568,209,0.04,0.04,1.0,4,Roll Right
1569,210,0.04,0.04,1.0,4,Roll Right
1570,211,0.03,0.04,1.0,4,Roll Right
1571,212,0.02,0.04,1.02,4,Roll Right
1572,213,-0.02,0.24,1.27,4,Roll Right
1573,214,-0.01,0.11,1.03,4,Roll Right
1574,215,0.02,0.11,0.97,4,Roll Right
1575,216,0.06,0.02,0.99,4,Roll Right
1576,217,0.07,0.07,1.0,4,Roll Right
1577,218,0.1,0.65,0.84,4,Roll Right
1578,219,0.05,0.96,0.58,4,Roll Right
1579,220,0.12,1.03,0.05,4,Roll Right
1580,221,0.07,1.07,-0.19,4,Roll Right
1581,222,0.09,1.0,-0.19,4,Roll Right
1582,223,0.02,1.02,-0.18,4,Roll Right
1583,224,0.04,1.02,0.27,4,Roll Right
1584,225,0.14,0.82,0.63,4,Roll Right
1585,226,0.09,0.59,0.83,4,Roll Right
1586,227,0.13,0.39,0.9,4,Roll Right
1587,228,0.09,0.29,0.83,4,Roll Right
1588,229,0.05,0.23,0.99,4,Roll Right
1589,230,0.02,0.19,1.02,4,Roll Right
1590,231,0.04,0.06,1.02,4,Roll Right
1591,232,-0.01,0.14,0.97,4,Roll Right
1592,233,0.01,0.03,1.0,4,Roll Right
1593,234,0.03,0.05,1.01,4,Roll Right
1594,235,0.05,0.04,1.0,4,Roll Right
1595,236,0.04,0.05,1.0,4,Roll Right
1596,237,0.04,0.04,1.0,4,Roll Right
1597,238,0.04,0.04,1.0,4,Roll Right
1598,239,0.04,0.05,1.0,4,Roll Right
1599,240,0.04,0.05,1.0,4,Roll Right
1600,241,0.04,0.04,1.0,4,Roll Right
1601,242,0.04,0.05,1.0,4,Roll Right
1602,243,0.04,0.04,1.0,4,Roll Right
1603,244,0.04,0.04,1.0,4,Roll Right
1604,245,0.04,0.05,1.0,4,Roll Right
1605,246,0.04,0.05,1.0,4,Roll Right
1606,247,0.04,0.04,1.0,4,Roll Right
1607,248,0.04,0.04,1.0,4,Roll Right
1608,249,0.03,0.05,1.0,4,Roll Right
1609,250,0.04,0.05,1.0,4,Roll Right
1610,251,0.04,0.05,1.0,4,Roll Right
1611,252,0.04,0.05,1.0,4,Roll Right
1612,253,0.05,0.02,1.0,4,Roll Right
1613,254,0.03,0.05,1.0,4,Roll Right
1614,255,0.04,0.04,1.0,4,Roll Right
1615,256,0.04,0.05,1.0,4,Roll Right
1616,257,0.04,0.05,1.0,4,Roll Right
1617,258,0.04,0.05,1.0,4,Roll Right
1618,259,0.04,0.05,1.0,4,Roll Right
1619,260,0.04,0.05,1.0,4,Roll Right
1620,261,0.04,0.04,1.0,4,Roll Right
1621,262,0.07,0.02,1.02,4,Roll Right
1622,263,-0.03,0.2,1.04,4,Roll Right
1623,264,-0.01,-0.03,1.05,4,Roll Right
1624,265,0.02,0.02,0.96,4,Roll Right
1625,266,0.03,0.0,0.96,4,Roll Right
1626,267,0.04,0.0,0.98,4,Roll Right
1627,268,0.07,0.01,0.97,4,Roll Right
1628,269,0.08,0.01,0.98,4,Roll Right
1629,270,0.06,0.02,0.99,4,Roll Right
1630,271,0.07,0.02,1.02,4,Roll Right
1631,272,0.08,0.02,1.02,4,Roll Right
1632,273,0.09,0.11,1.07,4,Roll Right
1633,274,0.11,0.42,0.89,4,Roll Right
1634,275,0.1,0.81,0.63,4,Roll Right
1635,276,0.08,0.96,0.17,4,Roll Right
1636,277,0.04,1.02,-0.14,4,Roll Right
1637,278,0.04,0.99,-0.24,4,Roll Right
1638,279,0.04,1.01,-0.2,4,Roll Right
1639,280,0.07,1.07,0.2,4,Roll Right
1640,281,0.1,0.71,0.64,4,Roll Right
1641,282,0.1,0.57,1.04,4,Roll Right
1642,283,0.09,0.25,1.06,4,Roll Right
1643,284,0.07,0.04,1.0,4,Roll Right
1644,285,0.05,0.1,0.95,4,Roll Right
1645,286,0.06,0.07,0.95,4,Roll Right
1646,287,0.08,0.13,1.0,4,Roll Right
1647,288,0.02,0.02,1.01,4,Roll Right
1648,289,-0.03,0.06,1.0,4,Roll Right
1649,290,0.03,0.04,0.98,4,Roll Right
1650,291,0.05,0.05,1.0,4,Roll Right
1651,292,0.04,0.05,1.0,4,Roll Right
1652,293,0.04,0.05,1.0,4,Roll Right
1653,294,0.04,0.04,1.0,4,Roll Right
1654,295,0.04,0.04,1.0,4,Roll Right
1655,296,0.04,0.04,1.0,4,Roll Right
1656,297,0.04,0.05,1.0,4,Roll Right
1657,298,0.04,0.05,1.0,4,Roll Right
1658,299,0.04,0.05,1.0,4,Roll Right
1659,300,0.04,0.05,1.0,4,Roll Right
1660,301,0.04,0.04,1.0,4,Roll Right
1661,302,0.04,0.05,1.0,4,Roll Right
1662,303,0.04,0.05,1.0,4,Roll Right
1663,304,0.04,0.05,1.0,4,Roll Right
1664,305,0.04,0.04,1.0,4,Roll Right
1665,306,0.04,0.05,1.0,4,Roll Right
1666,307,0.04,0.05,1.0,4,Roll Right
1667,308,0.04,0.04,1.0,4,Roll Right
1668,309,0.04,0.05,1.0,4,Roll Right
1669,310,0.04,0.05,1.0,4,Roll Right
1670,311,0.04,0.05,1.0,4,Roll Right
1671,312,0.04,0.04,1.0,4,Roll Right
1672,313,0.04,0.05,1.0,4,Roll Right
1673,314,0.04,0.05,1.0,4,Roll Right
1674,315,0.04,0.05,1.0,4,Roll Right
1675,316,0.04,0.05,1.0,4,Roll Right
1676,317,0.03,0.05,1.0,4,Roll Right
1677,318,0.04,0.05,1.0,4,Roll Right
1678,319,0.04,0.05,1.0,4,Roll Right
1679,320,0.04,0.05,1.01,4,Roll Right
1680,321,0.03,0.05,1.0,4,Roll Right
1681,322,0.04,0.04,1.0,4,Roll Right
1682,323,0.04,0.04,1.0,4,Roll Right
1683,324,0.03,0.04,1.0,4,Roll Right
1684,325,0.02,0.05,1.07,4,Roll Right
1685,326,-0.01,-0.04,1.1,4,Roll Right
1686,327,0.0,0.02,1.05,4,Roll Right
1687,328,0.03,0.01,1.01,4,Roll Right
1688,329,0.05,-0.07,0.98,4,Roll Right
1689,330,0.07,-0.09,1.0,4,Roll Right
1690,331,0.1,0.0,0.98,4,Roll Right
1691,332,0.09,0.03,1.01,4,Roll Right
1692,333,0.08,0.29,0.92,4,Roll Right
1693,334,0.07,0.78,0.76,4,Roll Right
1694,335,0.14,0.91,0.47,4,Roll Right
1695,336,0.07,0.88,-0.08,4,Roll Right
1696,337,0.12,0.94,-0.16,4,Roll Right
1697,338,0.08,0.95,-0.28,4,Roll Right
1698,339,0.09,1.02,-0.23,4,Roll Right
1699,340,0.11,1.08,-0.08,4,Roll Right
1700,341,0.09,0.95,0.24,4,Roll Right
1701,342,0.11,0.81,0.66,4,Roll Right
1702,343,0.13,0.46,0.96,4,Roll Right
1703,344,0.12,0.27,0.94,4,Roll Right
1704,345,0.06,0.19,0.88,4,Roll Right
1705,346,0.06,0.16,1.01,4,Roll Right
1706,347,-0.0,0.13,1.02,4,Roll Right
1707,348,0.05,0.08,1.02,4,Roll Right
1708,349,-0.0,0.04,1.02,4,Roll Right
1709,350,-0.03,0.05,1.09,4,Roll Right
1710,351,0.01,-0.01,1.01,4,Roll Right
1711,352,0.03,0.05,1.0,4,Roll Right
1712,353,0.04,0.05,1.0,4,Roll Right
1713,354,0.03,0.05,1.0,4,Roll Right
1714,355,0.04,0.05,1.0,4,Roll Right
1715,356,0.04,0.04,1.0,4,Roll Right
1716,357,0.04,0.05,1.0,4,Roll Right
1717,358,0.04,0.05,1.0,4,Roll Right
1718,359,0.04,0.05,1.0,4,Roll Right
1719,360,0.04,0.05,1.0,4,Roll Right
1720,361,0.04,0.05,1.0,4,Roll Right
1721,362,0.04,0.05,1.0,4,Roll Right
1722,363,0.04,0.05,1.0,4,Roll Right
1723,364,0.04,0.05,1.0,4,Roll Right
1724,365,0.04,0.04,1.0,4,Roll Right
1725,366,0.04,0.05,1.0,4,Roll Right
1726,367,0.04,0.05,1.0,4,Roll Right
1727,368,0.04,0.04,1.0,4,Roll Right
1728,369,0.04,0.05,1.0,4,Roll Right
1729,370,0.04,0.05,1.0,4,Roll Right
1730,371,0.04,0.04,1.0,4,Roll Right
1731,372,0.04,0.05,1.0,4,Roll Right
1732,373,0.04,0.04,1.0,4,Roll Right
1733,374,0.04,0.05,1.0,4,Roll Right
1734,375,0.04,0.05,1.0,4,Roll Right
1735,376,0.04,0.05,1.0,4,Roll Right
1736,377,0.04,0.05,1.0,4,Roll Right
1737,378,0.04,0.05,1.0,4,Roll Right
1738,379,0.04,0.05,1.0,4,Roll Right
1739,380,0.04,0.05,1.0,4,Roll Right
1740,381,0.04,0.05,1.0,4,Roll Right
1741,382,0.04,0.05,1.0,4,Roll Right
1742,383,0.04,0.05,1.0,4,Roll Right
1743,384,0.04,0.05,1.0,4,Roll Right
1744,385,0.04,0.04,1.0,4,Roll Right
1745,386,0.04,0.05,1.0,4,Roll Right
1746,387,0.04,0.05,1.0,4,Roll Right
1747,388,0.04,0.05,1.0,4,Roll Right
1748,389,0.03,0.04,1.0,4,Roll Right
1749,390,0.02,0.03,1.05,4,Roll Right
1750,391,-0.01,-0.06,1.07,4,Roll Right
1751,392,-0.02,0.01,1.02,4,Roll Right
1752,393,0.0,0.04,1.0,4,Roll Right
1753,394,-0.01,-0.02,1.0,4,Roll Right
1754,395,0.04,0.02,0.97,4,Roll Right
1755,396,0.06,0.01,0.98,4,Roll Right
1756,397,0.04,0.05,0.99,4,Roll Right
1757,398,0.06,0.29,0.98,4,Roll Right
1758,399,0.05,0.63,0.9,4,Roll Right
1759,400,0.12,0.86,0.62,4,Roll Right
1760,401,0.08,1.06,0.26,4,Roll Right
1761,402,0.09,1.0,-0.1,4,Roll Right
1762,403,0.09,1.12,-0.22,4,Roll Right
1763,404,0.07,1.04,-0.32,4,Roll Right
1764,405,0.1,1.07,-0.1,4,Roll Right
1765,406,0.08,0.96,-0.08,4,Roll Right
1766,407,0.13,0.95,0.32,4,Roll Right
1767,408,0.12,0.85,0.52,4,Roll Right
1768,409,0.15,0.57,0.79,4,Roll Right
1769,410,0.14,0.42,0.92,4,Roll Right
1770,411,0.14,0.35,0.95,4,Roll Right
1771,412,0.11,0.25,0.94,4,Roll Right
1772,413,0.13,0.2,0.93,4,Roll Right
1773,414,0.11,0.19,0.99,4,Roll Right
1774,415,0.08,0.11,1.0,4,Roll Right
1775,416,0.04,0.08,1.01,4,Roll Right
1776,417,0.0,0.06,0.99,4,Roll Right
1777,418,-0.03,0.11,1.0,4,Roll Right
1778,419,0.01,0.07,0.98,4,Roll Right
1779,420,0.05,0.05,1.0,4,Roll Right
1780,421,0.04,0.05,1.0,4,Roll Right
1781,422,0.03,0.05,1.0,4,Roll Right
1782,423,0.04,0.05,1.0,4,Roll Right
1783,424,0.04,0.05,1.0,4,Roll Right
1784,425,0.04,0.05,1.0,4,Roll Right
1785,426,0.04,0.05,1.0,4,Roll Right
1786,427,0.04,0.05,1.0,4,Roll Right
1787,428,0.04,0.05,1.0,4,Roll Right
1788,429,0.04,0.04,1.0,4,Roll Right
1789,430,0.04,0.05,1.0,4,Roll Right
1790,431,0.04,0.04,1.0,4,Roll Right
1791,432,0.04,0.05,1.0,4,Roll Right
1792,433,0.04,0.05,1.0,4,Roll Right
1793,434,0.04,0.05,1.0,4,Roll Right
1794,435,0.04,0.05,1.0,4,Roll Right
1795,436,0.04,0.05,1.0,4,Roll Right
1796,437,0.04,0.05,1.0,4,Roll Right
1797,438,0.04,0.05,1.0,4,Roll Right
1798,439,0.04,0.04,1.0,4,Roll Right
1799,440,0.04,0.05,1.0,4,Roll Right
1800,441,0.04,0.05,1.0,4,Roll Right
1801,442,0.04,0.05,1.0,4,Roll Right
1802,443,0.04,0.05,1.0,4,Roll Right
1803,444,0.04,0.05,1.0,4,Roll Right
1804,445,0.04,0.05,1.0,4,Roll Right
1805,446,0.04,0.05,1.0,4,Roll Right
1806,447,0.04,0.05,1.0,4,Roll Right
1807,448,0.04,0.05,1.0,4,Roll Right
1808,449,0.03,0.05,1.0,4,Roll Right
1809,450,0.01,0.04,1.02,4,Roll Right
1810,451,-0.04,-0.09,1.12,4,Roll Right
1811,452,-0.02,-0.01,1.03,4,Roll Right
1812,453,0.0,0.0,1.07,4,Roll Right
1813,454,0.0,0.01,1.0,4,Roll Right
1814,455,0.03,0.02,0.97,4,Roll Right
1815,456,0.07,0.07,0.98,4,Roll Right
1816,457,0.08,0.05,0.95,4,Roll Right
1817,458,0.07,0.12,1.0,4,Roll Right
1818,459,0.05,0.3,0.94,4,Roll Right
1819,460,0.05,0.47,0.95,4,Roll Right
1820,461,0.07,0.93,0.62,4,Roll Right
1821,462,0.1,1.11,0.27,4,Roll Right
1822,463,0.15,1.14,0.0,4,Roll Right
1823,464,0.12,0.99,-0.22,4,Roll Right
1824,465,0.14,0.91,-0.25,4,Roll Right
1825,466,0.13,0.99,-0.18,4,Roll Right
1826,467,0.12,1.15,0.08,4,Roll Right
1827,468,0.12,1.01,0.34,4,Roll Right
1828,469,0.13,0.8,0.65,4,Roll Right
1829,470,0.16,0.64,0.8,4,Roll Right
1830,471,0.13,0.38,0.94,4,Roll Right
1831,472,0.12,0.22,0.96,4,Roll Right
1832,473,0.11,0.18,0.93,4,Roll Right
1833,474,0.11,0.18,0.96,4,Roll Right
1834,475,0.04,0.09,1.01,4,Roll Right
1835,476,0.05,0.11,1.0,4,Roll Right
1836,477,0.01,0.11,1.07,4,Roll Right
1837,478,0.04,0.02,1.02,4,Roll Right
1838,479,0.01,0.01,1.0,4,Roll Right
1839,480,-0.0,0.04,1.04,4,Roll Right
1840,481,0.03,0.05,1.01,4,Roll Right
1841,482,0.04,0.05,1.0,4,Roll Right
1842,483,0.04,0.04,1.0,4,Roll Right
1843,484,0.04,0.05,1.01,4,Roll Right
1844,485,0.04,0.05,1.0,4,Roll Right
1845,486,0.04,0.04,1.0,4,Roll Right
1846,487,0.04,0.05,1.0,4,Roll Right
1847,488,0.04,0.05,1.0,4,Roll Right
1848,489,0.04,0.05,1.0,4,Roll Right
1849,490,0.04,0.04,1.0,4,Roll Right
1850,491,0.04,0.05,1.0,4,Roll Right
1851,492,0.04,0.05,1.0,4,Roll Right
1852,493,0.04,0.05,1.0,4,Roll Right
1853,494,0.04,0.05,1.0,4,Roll Right
1854,495,0.04,0.05,1.0,4,Roll Right
1855,496,0.04,0.05,1.0,4,Roll Right
1856,497,0.04,0.05,1.0,4,Roll Right
1857,498,0.04,0.05,1.0,4,Roll Right
1858,499,0.04,0.04,1.0,4,Roll Right
1859,500,0.04,0.05,1.0,4,Roll Right
1860,501,0.04,0.05,1.0,4,Roll Right
1861,502,0.04,0.05,1.0,4,Roll Right
1862,503,0.04,0.05,1.0,4,Roll Right
1863,504,0.03,0.05,1.0,4,Roll Right
1864,0,0.04,0.04,1.0,5,Roll Right
1865,1,0.04,0.04,1.0,5,Roll Right
1866,2,0.04,0.04,1.0,5,Roll Right
1867,3,0.04,0.04,1.0,5,Roll Right
1868,4,0.04,0.04,1.0,5,Roll Right
1869,5,0.04,0.04,1.0,5,Roll Right
1870,6,0.04,0.04,1.0,5,Roll Right
1871,7,0.04,0.04,1.0,5,Roll Right
1872,8,0.04,0.04,1.0,5,Roll Right
1873,9,0.04,0.04,1.0,5,Roll Right
1874,10,0.04,0.04,1.0,5,Roll Right
1875,11,0.04,0.04,1.0,5,Roll Right
1876,12,0.04,0.04,1.0,5,Roll Right
1877,13,0.04,0.04,1.0,5,Roll Right
1878,14,0.04,0.04,1.0,5,Roll Right
1879,15,0.04,0.04,1.0,5,Roll Right
1880,16,0.04,0.05,1.0,5,Roll Right
1881,17,0.04,0.04,1.0,5,Roll Right
1882,18,0.04,0.04,1.0,5,Roll Right
1883,19,0.04,0.04,1.0,5,Roll Right
1884,20,0.04,0.04,1.0,5,Roll Right
1885,21,0.04,0.04,1.0,5,Roll Right
1886,22,0.04,0.04,1.0,5,Roll Right
1887,23,0.04,0.04,1.0,5,Roll Right
1888,24,0.04,0.04,1.0,5,Roll Right
1889,25,0.04,0.04,1.0,5,Roll Right
1890,26,0.04,0.04,1.0,5,Roll Right
1891,27,0.04,0.04,1.0,5,Roll Right
1892,28,0.04,0.04,1.0,5,Roll Right
1893,29,0.04,0.04,1.0,5,Roll Right
1894,30,0.04,0.04,1.0,5,Roll Right
1895,31,0.04,0.04,1.0,5,Roll Right
1896,32,0.04,0.04,1.0,5,Roll Right
1897,33,0.04,0.04,1.0,5,Roll Right
1898,34,0.04,0.04,1.0,5,Roll Right
1899,35,0.04,0.04,1.0,5,Roll Right
1900,36,0.04,0.04,1.0,5,Roll Right
1901,37,0.04,0.04,1.0,5,Roll Right
1902,38,0.04,0.05,1.0,5,Roll Right
1903,39,0.04,0.04,1.0,5,Roll Right
1904,40,0.04,0.05,1.0,5,Roll Right
1905,41,0.04,0.04,1.0,5,Roll Right
1906,42,0.04,0.04,1.0,5,Roll Right
1907,43,0.04,0.04,1.0,5,Roll Right
1908,44,0.05,0.05,1.0,5,Roll Right
1909,45,0.05,0.07,1.0,5,Roll Right
1910,46,0.05,0.18,1.08,5,Roll Right
1911,47,0.02,0.89,0.78,5,Roll Right
1912,48,0.08,0.92,0.29,5,Roll Right
1913,49,0.07,0.98,-0.07,5,Roll Right
1914,50,0.05,1.0,-0.25,5,Roll Right
1915,51,0.05,1.06,-0.2,5,Roll Right
1916,52,0.05,0.78,0.18,5,Roll Right
1917,53,0.09,0.89,0.67,5,Roll Right
1918,54,0.07,0.41,0.85,5,Roll Right
1919,55,0.09,0.26,1.05,5,Roll Right
1920,56,0.07,0.21,1.04,5,Roll Right
1921,57,0.05,0.01,1.11,5,Roll Right
1922,58,0.05,0.03,0.98,5,Roll Right
1923,59,0.04,-0.01,0.91,5,Roll Right
1924,60,0.05,0.03,1.0,5,Roll Right
1925,61,0.04,0.04,1.0,5,Roll Right
1926,62,0.04,0.04,1.0,5,Roll Right
1927,63,0.04,0.04,1.0,5,Roll Right
1928,64,0.04,0.04,1.0,5,Roll Right
1929,65,0.04,0.04,1.0,5,Roll Right
1930,66,0.04,0.04,1.0,5,Roll Right
1931,67,0.04,0.04,1.0,5,Roll Right
1932,68,0.04,0.04,1.0,5,Roll Right
1933,69,0.04,0.04,1.0,5,Roll Right
1934,70,0.04,0.04,1.0,5,Roll Right
1935,71,0.04,0.04,1.0,5,Roll Right
1936,72,0.04,0.04,1.0,5,Roll Right
1937,73,0.04,0.04,1.0,5,Roll Right
1938,74,0.04,0.04,1.0,5,Roll Right
1939,75,0.04,0.04,1.0,5,Roll Right
1940,76,0.04,0.04,1.0,5,Roll Right
1941,77,0.04,0.04,1.0,5,Roll Right
1942,78,0.04,0.04,1.0,5,Roll Right
1943,79,0.04,0.04,1.0,5,Roll Right
1944,80,0.04,0.04,1.0,5,Roll Right
1945,81,0.04,0.04,1.0,5,Roll Right
1946,82,0.04,0.04,1.0,5,Roll Right
1947,83,0.04,0.04,1.0,5,Roll Right
1948,84,0.04,0.04,1.0,5,Roll Right
1949,85,0.04,0.04,1.0,5,Roll Right
1950,86,0.04,0.04,1.0,5,Roll Right
1951,87,0.04,0.04,1.0,5,Roll Right
1952,88,0.04,0.04,1.0,5,Roll Right
1953,89,0.04,0.04,1.0,5,Roll Right
1954,90,0.04,0.04,1.0,5,Roll Right
1955,91,0.04,0.04,1.0,5,Roll Right
1956,92,0.04,0.04,1.0,5,Roll Right
1957,93,0.04,0.04,1.0,5,Roll Right
1958,94,0.05,0.02,1.11,5,Roll Right
1959,95,0.03,0.29,1.07,5,Roll Right
1960,96,-0.03,0.77,0.87,5,Roll Right
1961,97,-0.0,0.91,0.22,5,Roll Right
1962,98,0.01,1.06,0.04,5,Roll Right
1963,99,0.0,1.02,-0.18,5,Roll Right
1964,100,0.0,1.06,-0.1,5,Roll Right
1965,101,0.02,0.98,-0.02,5,Roll Right
1966,102,0.08,0.67,0.66,5,Roll Right
1967,103,0.08,0.45,0.95,5,Roll Right
1968,104,0.08,0.17,1.02,5,Roll Right
1969,105,0.04,0.16,0.98,5,Roll Right
1970,106,0.0,0.16,1.01,5,Roll Right
1971,107,0.02,0.08,0.99,5,Roll Right
1972,108,0.02,0.09,0.99,5,Roll Right
1973,109,0.03,0.04,1.0,5,Roll Right
1974,110,0.05,0.04,1.0,5,Roll Right
1975,111,0.06,0.04,1.0,5,Roll Right
1976,112,0.04,0.04,1.0,5,Roll Right
1977,113,0.04,0.04,1.0,5,Roll Right
1978,114,0.04,0.04,1.0,5,Roll Right
1979,115,0.04,0.04,1.0,5,Roll Right
1980,116,0.04,0.04,1.0,5,Roll Right
1981,117,0.04,0.04,1.0,5,Roll Right
1982,118,0.04,0.04,1.0,5,Roll Right
1983,119,0.04,0.04,1.0,5,Roll Right
1984,120,0.04,0.04,1.0,5,Roll Right
1985,121,0.04,0.04,1.0,5,Roll Right
1986,122,0.04,0.04,1.0,5,Roll Right
1987,123,0.04,0.04,1.0,5,Roll Right
1988,124,0.04,0.04,1.0,5,Roll Right
1989,125,0.04,0.04,1.0,5,Roll Right
1990,126,0.04,0.04,1.0,5,Roll Right
1991,127,0.04,0.04,1.0,5,Roll Right
1992,128,0.04,0.04,1.0,5,Roll Right
1993,129,0.04,0.04,1.0,5,Roll Right
1994,130,0.04,0.04,1.0,5,Roll Right
1995,131,0.04,0.04,1.0,5,Roll Right
1996,132,0.04,0.04,1.0,5,Roll Right
1997,133,0.04,0.04,1.0,5,Roll Right
1998,134,0.04,0.04,1.0,5,Roll Right
1999,135,0.04,0.04,1.0,5,Roll Right
2000,136,0.04,0.04,1.0,5,Roll Right
2001,137,0.04,0.04,1.0,5,Roll Right
2002,138,0.04,0.04,1.0,5,Roll Right
2003,139,0.04,0.04,1.0,5,Roll Right
2004,140,0.04,0.04,1.0,5,Roll Right
2005,141,0.04,0.04,1.0,5,Roll Right
2006,142,0.04,0.04,1.0,5,Roll Right
2007,143,0.04,0.04,1.0,5,Roll Right
2008,144,0.04,0.04,1.0,5,Roll Right
2009,145,0.01,0.06,1.0,5,Roll Right
2010,146,0.04,0.04,1.0,5,Roll Right
2011,147,0.03,0.02,1.02,5,Roll Right
2012,148,0.01,0.03,1.02,5,Roll Right
2013,149,0.0,0.43,1.24,5,Roll Right
2014,150,0.04,0.53,0.68,5,Roll Right
2015,151,0.01,0.79,0.53,5,Roll Right
2016,152,0.06,1.01,0.22,5,Roll Right
2017,153,0.09,0.98,-0.07,5,Roll Right
2018,154,0.11,0.99,-0.12,5,Roll Right
2019,155,0.07,1.01,-0.14,5,Roll Right
2020,156,0.07,1.01,-0.07,5,Roll Right
2021,157,0.08,0.92,0.14,5,Roll Right
2022,158,0.09,0.84,0.55,5,Roll Right
2023,159,0.03,0.56,0.72,5,Roll Right
2024,160,0.05,0.27,1.04,5,Roll Right
2025,161,0.02,0.19,1.02,5,Roll Right
2026,162,0.02,0.08,1.02,5,Roll Right
2027,163,0.07,0.12,1.0,5,Roll Right
2028,164,0.04,0.06,1.0,5,Roll Right
2029,165,0.01,0.1,1.15,5,Roll Right
2030,166,0.02,0.04,1.0,5,Roll Right
2031,167,0.03,0.03,1.0,5,Roll Right
2032,168,0.04,0.04,1.0,5,Roll Right
2033,169,0.04,0.04,1.0,5,Roll Right
2034,170,0.04,0.04,1.0,5,Roll Right
2035,171,0.04,0.04,1.0,5,Roll Right
2036,172,0.04,0.04,1.0,5,Roll Right
2037,173,0.04,0.04,1.0,5,Roll Right
2038,174,0.04,0.04,1.0,5,Roll Right
2039,175,0.04,0.04,1.0,5,Roll Right
2040,176,0.04,0.04,1.0,5,Roll Right
2041,177,0.04,0.04,1.0,5,Roll Right
2042,178,0.04,0.04,1.0,5,Roll Right
2043,179,0.04,0.04,1.0,5,Roll Right
2044,180,0.04,0.04,1.0,5,Roll Right
2045,181,0.04,0.04,1.0,5,Roll Right
2046,182,0.04,0.04,1.0,5,Roll Right
2047,183,0.04,0.04,1.0,5,Roll Right
2048,184,0.04,0.04,1.01,5,Roll Right
2049,185,0.04,0.04,1.0,5,Roll Right
2050,186,0.04,0.04,1.0,5,Roll Right
2051,187,0.04,0.04,1.0,5,Roll Right
2052,188,0.04,0.04,1.0,5,Roll Right
2053,189,0.04,0.04,1.0,5,Roll Right
2054,190,0.04,0.04,1.0,5,Roll Right
2055,191,0.04,0.04,1.0,5,Roll Right
2056,192,0.04,0.04,1.0,5,Roll Right
2057,193,0.04,0.04,1.0,5,Roll Right
2058,194,0.04,0.04,1.0,5,Roll Right
2059,195,0.04,0.04,1.0,5,Roll Right
2060,196,0.04,0.04,1.0,5,Roll Right
2061,197,0.04,0.04,1.0,5,Roll Right
2062,198,0.04,0.04,1.0,5,Roll Right
2063,199,0.04,0.04,1.0,5,Roll Right
2064,200,0.04,0.04,1.0,5,Roll Right
2065,201,0.07,0.05,1.02,5,Roll Right
2066,202,0.02,0.04,1.01,5,Roll Right
2067,203,0.04,0.07,1.11,5,Roll Right
2068,204,0.06,0.48,1.09,5,Roll Right
2069,205,0.02,0.64,0.64,5,Roll Right
2070,206,0.05,1.09,0.09,5,Roll Right
2071,207,0.14,0.99,-0.09,5,Roll Right
2072,208,0.09,0.93,-0.18,5,Roll Right
2073,209,0.09,0.99,-0.16,5,Roll Right
2074,210,0.06,1.09,0.43,5,Roll Right
2075,211,0.06,0.64,0.84,5,Roll Right
2076,212,0.08,0.33,0.99,5,Roll Right
2077,213,0.04,0.05,1.04,5,Roll Right
2078,214,0.0,0.04,1.02,5,Roll Right
2079,215,0.06,0.12,0.95,5,Roll Right
2080,216,0.05,0.04,0.98,5,Roll Right
2081,217,0.05,0.02,1.0,5,Roll Right
2082,218,0.04,0.03,1.0,5,Roll Right
2083,219,0.04,0.04,1.01,5,Roll Right
2084,220,0.04,0.04,1.0,5,Roll Right
2085,221,0.04,0.03,1.0,5,Roll Right
2086,222,0.04,0.04,1.0,5,Roll Right
2087,223,0.04,0.04,1.0,5,Roll Right
2088,224,0.04,0.04,1.0,5,Roll Right
2089,225,0.04,0.04,1.0,5,Roll Right
2090,226,0.04,0.04,1.0,5,Roll Right
2091,227,0.04,0.04,1.0,5,Roll Right
2092,228,0.04,0.04,1.0,5,Roll Right
2093,229,0.04,0.04,1.0,5,Roll Right
2094,230,0.04,0.04,1.0,5,Roll Right
2095,231,0.04,0.04,1.0,5,Roll Right
2096,232,0.04,0.04,1.0,5,Roll Right
2097,233,0.04,0.04,1.0,5,Roll Right
2098,234,0.04,0.04,1.0,5,Roll Right
2099,235,0.04,0.04,1.0,5,Roll Right
2100,236,0.04,0.04,1.0,5,Roll Right
2101,237,0.04,0.04,1.0,5,Roll Right
2102,238,0.04,0.04,1.0,5,Roll Right
2103,239,0.04,0.04,1.0,5,Roll Right
2104,240,0.04,0.04,1.0,5,Roll Right
2105,241,0.04,0.04,1.0,5,Roll Right
2106,242,0.03,0.04,1.0,5,Roll Right
2107,243,0.04,0.04,1.0,5,Roll Right
2108,244,0.04,0.04,1.0,5,Roll Right
2109,245,0.04,0.04,1.0,5,Roll Right
2110,246,0.04,0.04,1.0,5,Roll Right
2111,247,0.04,0.04,1.0,5,Roll Right
2112,248,0.04,0.04,1.0,5,Roll Right
2113,249,0.03,0.03,1.0,5,Roll Right
2114,250,0.02,0.07,1.0,5,Roll Right
2115,251,0.05,0.16,1.05,5,Roll Right
2116,252,-0.02,0.27,0.82,5,Roll Right
2117,253,0.05,0.92,0.55,5,Roll Right
2118,254,0.1,1.02,0.11,5,Roll Right
2119,255,0.09,1.0,-0.16,5,Roll Right
2120,256,0.1,0.96,-0.16,5,Roll Right
2121,257,0.09,1.02,-0.11,5,Roll Right
2122,258,0.07,0.86,0.16,5,Roll Right
2123,259,0.08,0.78,0.75,5,Roll Right
2124,260,0.03,0.53,0.99,5,Roll Right
2125,261,0.05,0.15,1.08,5,Roll Right
2126,262,0.05,0.12,1.12,5,Roll Right
2127,263,0.08,0.03,0.96,5,Roll Right
2128,264,0.05,0.06,0.98,5,Roll Right
2129,265,0.04,0.02,0.99,5,Roll Right
2130,266,0.04,0.03,1.0,5,Roll Right
2131,267,0.05,0.04,1.0,5,Roll Right
2132,268,0.04,0.04,1.0,5,Roll Right
2133,269,0.04,0.04,1.0,5,Roll Right
2134,270,0.04,0.04,1.0,5,Roll Right
2135,271,0.04,0.04,1.0,5,Roll Right
2136,272,0.04,0.04,1.0,5,Roll Right
2137,273,0.04,0.04,1.0,5,Roll Right
2138,274,0.04,0.04,1.0,5,Roll Right
2139,275,0.04,0.04,1.0,5,Roll Right
2140,276,0.04,0.04,1.0,5,Roll Right
2141,277,0.04,0.04,1.0,5,Roll Right
2142,278,0.04,0.04,1.0,5,Roll Right
2143,279,0.04,0.03,1.0,5,Roll Right
2144,280,0.04,0.04,1.0,5,Roll Right
2145,281,0.04,0.04,1.0,5,Roll Right
2146,282,0.04,0.03,1.0,5,Roll Right
2147,283,0.04,0.04,1.0,5,Roll Right
2148,284,0.04,0.04,1.0,5,Roll Right
2149,285,0.04,0.04,1.0,5,Roll Right
2150,286,0.04,0.04,1.0,5,Roll Right
2151,287,0.04,0.04,1.0,5,Roll Right
2152,288,0.04,0.04,1.0,5,Roll Right
2153,289,0.04,0.04,1.0,5,Roll Right
2154,290,0.04,0.03,1.0,5,Roll Right
2155,291,0.04,0.04,1.0,5,Roll Right
2156,292,0.04,0.04,1.0,5,Roll Right
2157,293,0.04,0.04,1.0,5,Roll Right
2158,294,0.04,0.04,1.0,5,Roll Right
2159,295,0.04,0.04,1.0,5,Roll Right
2160,296,0.03,0.04,1.0,5,Roll Right
2161,297,0.04,0.04,1.0,5,Roll Right
2162,298,0.04,0.04,1.0,5,Roll Right
2163,299,0.04,0.04,1.0,5,Roll Right
2164,300,0.04,0.04,1.0,5,Roll Right
2165,301,0.04,0.04,1.0,5,Roll Right
2166,302,0.04,0.04,1.0,5,Roll Right
2167,303,0.04,0.03,1.0,5,Roll Right
2168,304,0.04,0.04,1.0,5,Roll Right
2169,305,0.03,0.04,1.0,5,Roll Right
2170,306,-0.02,0.33,1.05,5,Roll Right
2171,307,0.0,0.64,0.88,5,Roll Right
2172,308,-0.03,0.86,0.49,5,Roll Right
2173,309,0.05,1.02,-0.11,5,Roll Right
2174,310,0.03,1.03,-0.23,5,Roll Right
2175,311,0.02,0.99,-0.22,5,Roll Right
2176,312,0.01,1.11,0.14,5,Roll Right
2177,313,0.0,0.77,0.63,5,Roll Right
2178,314,0.07,0.51,0.92,5,Roll Right
2179,315,0.05,0.18,1.06,5,Roll Right
2180,316,-0.03,0.08,1.07,5,Roll Right
2181,317,0.0,0.08,0.92,5,Roll Right
2182,318,0.02,0.05,1.06,5,Roll Right
2183,319,0.02,0.07,0.98,5,Roll Right
2184,320,0.05,0.03,1.0,5,Roll Right
2185,321,0.04,0.04,1.0,5,Roll Right
2186,322,0.04,0.04,1.0,5,Roll Right
2187,323,0.04,0.04,1.0,5,Roll Right
2188,324,0.04,0.04,1.0,5,Roll Right
2189,325,0.04,0.04,1.0,5,Roll Right
2190,326,0.04,0.04,1.0,5,Roll Right
2191,327,0.04,0.04,1.0,5,Roll Right
2192,328,0.03,0.04,1.0,5,Roll Right
2193,329,0.04,0.04,1.0,5,Roll Right
2194,330,0.04,0.04,1.0,5,Roll Right
2195,331,0.04,0.04,1.0,5,Roll Right
2196,332,0.04,0.04,1.0,5,Roll Right
2197,333,0.04,0.04,1.0,5,Roll Right
2198,334,0.04,0.03,1.0,5,Roll Right
2199,335,0.04,0.04,1.0,5,Roll Right
2200,336,0.04,0.03,1.0,5,Roll Right
2201,337,0.04,0.03,1.0,5,Roll Right
2202,338,0.04,0.03,1.0,5,Roll Right
2203,339,0.04,0.04,1.0,5,Roll Right
2204,340,0.04,0.04,1.0,5,Roll Right
2205,341,0.04,0.03,1.0,5,Roll Right
2206,342,0.04,0.04,1.0,5,Roll Right
2207,343,0.04,0.04,1.0,5,Roll Right
2208,344,0.04,0.04,1.0,5,Roll Right
2209,345,0.04,0.04,1.0,5,Roll Right
2210,346,0.04,0.04,1.01,5,Roll Right
2211,347,0.04,0.04,1.0,5,Roll Right
2212,348,0.04,0.03,1.0,5,Roll Right
2213,349,0.04,0.04,1.0,5,Roll Right
2214,350,0.04,0.04,1.0,5,Roll Right
2215,351,0.04,0.04,1.0,5,Roll Right
2216,352,0.04,0.04,1.0,5,Roll Right
2217,353,0.04,0.04,1.0,5,Roll Right
2218,354,0.04,0.04,1.0,5,Roll Right
2219,355,0.02,0.04,1.01,5,Roll Right
2220,356,-0.06,0.12,1.07,5,Roll Right
2221,357,-0.05,0.43,1.21,5,Roll Right
2222,358,-0.03,0.51,0.95,5,Roll Right
2223,359,-0.02,0.89,0.25,5,Roll Right
2224,360,0.03,0.99,-0.09,5,Roll Right
2225,361,0.06,0.99,-0.21,5,Roll Right
2226,362,0.04,1.0,-0.1,5,Roll Right
2227,363,-0.09,0.86,0.57,5,Roll Right
2228,364,0.04,0.69,1.0,5,Roll Right
2229,365,0.02,0.45,0.93,5,Roll Right
2230,366,0.02,0.23,1.05,5,Roll Right
2231,367,-0.02,0.07,1.02,5,Roll Right
2232,368,0.0,0.03,1.07,5,Roll Right
2233,369,0.02,0.04,1.01,5,Roll Right
2234,370,0.05,0.02,1.0,5,Roll Right
2235,371,0.04,0.03,1.0,5,Roll Right
2236,372,0.04,0.04,1.0,5,Roll Right
2237,373,0.04,0.04,1.0,5,Roll Right
2238,374,0.04,0.04,1.0,5,Roll Right
2239,375,0.04,0.03,1.0,5,Roll Right
2240,376,0.04,0.04,1.0,5,Roll Right
2241,377,0.04,0.04,1.0,5,Roll Right
2242,378,0.04,0.04,1.0,5,Roll Right
2243,379,0.04,0.04,1.0,5,Roll Right
2244,380,0.04,0.04,1.0,5,Roll Right
2245,381,0.03,0.04,1.0,5,Roll Right
2246,382,0.04,0.04,1.0,5,Roll Right
2247,383,0.04,0.04,1.0,5,Roll Right
2248,384,0.04,0.04,1.0,5,Roll Right
2249,385,0.04,0.04,1.0,5,Roll Right
2250,386,0.04,0.04,1.0,5,Roll Right
2251,387,0.04,0.04,1.0,5,Roll Right
2252,388,0.04,0.04,1.0,5,Roll Right
2253,389,0.03,0.04,1.0,5,Roll Right
2254,390,0.04,0.04,1.0,5,Roll Right
2255,391,0.04,0.04,1.0,5,Roll Right
2256,392,0.04,0.04,1.0,5,Roll Right
2257,393,0.04,0.04,1.0,5,Roll Right
2258,394,0.04,0.04,1.0,5,Roll Right
2259,395,0.04,0.03,1.0,5,Roll Right
2260,396,0.04,0.04,1.0,5,Roll Right
2261,397,0.04,0.04,1.0,5,Roll Right
2262,398,0.04,0.04,1.0,5,Roll Right
2263,399,0.04,0.03,1.0,5,Roll Right
2264,400,0.04,0.04,1.0,5,Roll Right
2265,401,0.04,0.04,1.0,5,Roll Right
2266,402,0.04,0.04,1.0,5,Roll Right
2267,403,0.04,0.03,1.01,5,Roll Right
2268,404,0.05,0.07,1.11,5,Roll Right
2269,405,0.03,0.46,0.93,5,Roll Right
2270,406,-0.04,0.8,0.8,5,Roll Right
2271,407,-0.03,0.89,0.15,5,Roll Right
2272,408,-0.03,1.0,-0.13,5,Roll Right
2273,409,-0.01,1.0,-0.05,5,Roll Right
2274,410,0.05,0.93,0.36,5,Roll Right
2275,411,0.09,0.72,0.65,5,Roll Right
2276,412,0.05,0.43,0.83,5,Roll Right
2277,413,0.05,0.18,1.05,5,Roll Right
2278,414,0.02,0.02,1.07,5,Roll Right
2279,415,0.03,0.07,0.96,5,Roll Right
2280,416,0.01,0.05,1.0,5,Roll Right
2281,417,0.02,0.05,1.0,5,Roll Right
2282,418,0.01,0.05,1.0,5,Roll Right
2283,419,0.05,0.04,1.0,5,Roll Right
2284,420,0.03,0.03,1.0,5,Roll Right
2285,421,0.04,0.04,1.0,5,Roll Right
2286,422,0.04,0.04,1.0,5,Roll Right
2287,423,0.03,0.04,1.0,5,Roll Right
2288,424,0.04,0.04,1.0,5,Roll Right
2289,425,0.04,0.04,1.0,5,Roll Right
2290,426,0.03,0.04,1.0,5,Roll Right
2291,427,0.03,0.04,1.0,5,Roll Right
2292,428,0.04,0.04,1.0,5,Roll Right
2293,429,0.04,0.04,1.0,5,Roll Right
2294,430,0.04,0.04,1.0,5,Roll Right
2295,431,0.03,0.04,1.0,5,Roll Right
2296,432,0.03,0.04,1.0,5,Roll Right
2297,433,0.04,0.04,1.0,5,Roll Right
2298,434,0.04,0.04,1.0,5,Roll Right
2299,435,0.04,0.04,1.0,5,Roll Right
2300,436,0.04,0.04,1.0,5,Roll Right
2301,437,0.04,0.04,1.0,5,Roll Right
2302,438,0.04,0.04,1.0,5,Roll Right
2303,439,0.03,0.04,1.0,5,Roll Right
2304,440,0.04,0.04,1.0,5,Roll Right
2305,441,0.04,0.04,1.0,5,Roll Right
2306,442,0.04,0.04,1.0,5,Roll Right
2307,443,0.04,0.04,1.0,5,Roll Right
2308,444,0.04,0.03,1.0,5,Roll Right
2309,0,0.04,-0.03,1.01,6,Roll Right
2310,1,0.04,-0.04,1.01,6,Roll Right
2311,2,0.03,-0.04,1.01,6,Roll Right
2312,3,0.03,-0.03,1.01,6,Roll Right
2313,4,0.04,-0.04,1.01,6,Roll Right
2314,5,0.04,-0.04,1.01,6,Roll Right
2315,6,0.04,-0.04,1.01,6,Roll Right
2316,7,0.03,-0.04,1.0,6,Roll Right
2317,8,0.04,-0.04,1.01,6,Roll Right
2318,9,0.04,-0.03,1.01,6,Roll Right
2319,10,0.03,-0.03,1.01,6,Roll Right
2320,11,0.04,-0.04,1.01,6,Roll Right
2321,12,0.04,-0.04,1.01,6,Roll Right
2322,13,0.04,-0.04,1.0,6,Roll Right
2323,14,0.04,-0.04,1.01,6,Roll Right
2324,15,0.04,-0.04,1.01,6,Roll Right
2325,16,0.03,-0.03,1.01,6,Roll Right
2326,17,0.04,-0.03,1.01,6,Roll Right
2327,18,0.02,-0.03,1.01,6,Roll Right
2328,19,0.04,-0.03,1.01,6,Roll Right
2329,20,0.02,-0.09,1.0,6,Roll Right
2330,21,0.04,-0.04,1.0,6,Roll Right
2331,22,0.03,-0.03,1.01,6,Roll Right
2332,23,0.01,-0.04,1.01,6,Roll Right
2333,24,0.02,-0.1,0.99,6,Roll Right
2334,25,0.02,-0.11,1.01,6,Roll Right
2335,26,0.0,-0.08,1.0,6,Roll Right
2336,27,0.01,-0.11,1.0,6,Roll Right
2337,28,0.0,-0.11,0.99,6,Roll Right
2338,29,0.02,-0.11,0.96,6,Roll Right
2339,30,0.02,-0.12,0.98,6,Roll Right
2340,31,0.01,-0.09,0.94,6,Roll Right
2341,32,0.01,-0.06,0.99,6,Roll Right
2342,33,0.0,-0.0,1.01,6,Roll Right
2343,34,0.01,-0.07,1.02,6,Roll Right
2344,35,0.04,-0.02,1.02,6,Roll Right
2345,36,0.02,-0.03,1.02,6,Roll Right
2346,37,0.03,-0.11,1.26,6,Roll Right
2347,38,0.04,-0.05,1.05,6,Roll Right
2348,39,0.09,0.02,0.94,6,Roll Right
2349,40,0.13,0.14,0.93,6,Roll Right
2350,41,0.12,0.5,0.65,6,Roll Right
2351,42,0.22,1.01,-0.02,6,Roll Right
2352,43,0.28,0.62,-0.39,6,Roll Right
2353,44,0.2,0.81,-0.71,6,Roll Right
2354,45,0.23,0.87,-0.51,6,Roll Right
2355,46,0.2,0.82,-0.34,6,Roll Right
2356,47,0.31,0.66,0.25,6,Roll Right
2357,48,0.22,0.53,0.84,6,Roll Right
2358,49,0.16,0.01,1.16,6,Roll Right
2359,50,0.12,-0.05,1.09,6,Roll Right
2360,51,0.05,0.02,1.02,6,Roll Right
2361,52,0.04,-0.02,1.05,6,Roll Right
2362,53,0.05,-0.02,0.96,6,Roll Right
2363,54,0.03,-0.04,1.19,6,Roll Right
2364,55,0.05,-0.07,1.02,6,Roll Right
2365,56,0.03,-0.03,1.0,6,Roll Right
2366,57,0.04,-0.03,1.01,6,Roll Right
2367,58,0.03,-0.04,1.02,6,Roll Right
2368,59,0.04,-0.04,1.01,6,Roll Right
2369,60,0.04,-0.04,1.0,6,Roll Right
2370,61,0.04,-0.04,1.01,6,Roll Right
2371,62,0.04,-0.04,1.01,6,Roll Right
2372,63,0.04,-0.04,1.01,6,Roll Right
2373,64,0.03,-0.03,1.01,6,Roll Right
2374,65,0.03,-0.03,1.01,6,Roll Right
2375,66,0.03,-0.03,1.01,6,Roll Right
2376,67,0.04,-0.04,1.01,6,Roll Right
2377,68,0.03,-0.03,1.01,6,Roll Right
2378,69,0.04,-0.04,1.01,6,Roll Right
2379,70,0.04,-0.04,1.0,6,Roll Right
2380,71,0.04,-0.04,1.0,6,Roll Right
2381,72,0.04,-0.04,1.01,6,Roll Right
2382,73,0.04,-0.04,1.01,6,Roll Right
2383,74,0.04,-0.03,1.0,6,Roll Right
2384,75,0.04,-0.04,1.01,6,Roll Right
2385,76,0.03,-0.03,1.01,6,Roll Right
2386,77,0.04,-0.04,1.0,6,Roll Right
2387,78,0.04,-0.03,1.01,6,Roll Right
2388,79,0.04,-0.04,1.01,6,Roll Right
2389,80,0.04,-0.03,1.01,6,Roll Right
2390,81,0.04,-0.03,1.01,6,Roll Right
2391,82,0.04,-0.04,1.01,6,Roll Right
2392,83,0.03,-0.04,1.01,6,Roll Right
2393,84,0.03,-0.03,1.01,6,Roll Right
2394,85,0.04,-0.02,0.99,6,Roll Right
2395,86,0.04,-0.04,1.01,6,Roll Right
2396,87,0.03,-0.03,1.01,6,Roll Right
2397,88,0.03,-0.04,1.01,6,Roll Right
2398,89,0.04,-0.03,1.0,6,Roll Right
2399,90,0.04,-0.04,1.01,6,Roll Right
2400,91,0.04,-0.03,1.01,6,Roll Right
2401,92,0.04,-0.03,1.01,6,Roll Right
2402,93,0.03,-0.05,1.02,6,Roll Right
2403,94,-0.0,0.0,1.02,6,Roll Right
2404,95,0.03,0.04,1.17,6,Roll Right
2405,96,0.1,0.16,1.09,6,Roll Right
2406,97,0.14,0.38,0.92,6,Roll Right
2407,98,0.19,0.67,0.75,6,Roll Right
2408,99,0.03,1.18,-0.04,6,Roll Right
2409,100,0.23,0.77,-0.57,6,Roll Right
2410,101,0.21,0.9,-0.34,6,Roll Right
2411,102,0.19,0.87,-0.39,6,Roll Right
2412,103,0.21,0.98,-0.35,6,Roll Right
2413,104,0.22,0.97,-0.15,6,Roll Right
2414,105,0.25,0.66,0.59,6,Roll Right
2415,106,0.21,0.21,0.85,6,Roll Right
2416,107,0.17,0.01,1.01,6,Roll Right
2417,108,0.09,0.02,1.0,6,Roll Right
2418,109,0.07,0.02,1.07,6,Roll Right
2419,110,0.05,-0.01,1.05,6,Roll Right
2420,111,0.02,-0.08,1.07,6,Roll Right
2421,112,0.0,0.0,1.02,6,Roll Right
2422,113,0.03,-0.02,1.0,6,Roll Right
2423,114,0.02,-0.03,1.02,6,Roll Right
2424,115,0.03,-0.03,1.01,6,Roll Right
2425,116,0.03,-0.04,1.01,6,Roll Right
2426,117,0.04,-0.03,1.0,6,Roll Right
2427,118,0.03,-0.03,1.0,6,Roll Right
2428,119,0.04,-0.04,1.01,6,Roll Right
2429,120,0.04,-0.04,1.02,6,Roll Right
2430,121,0.03,-0.04,1.01,6,Roll Right
2431,122,0.04,-0.03,1.0,6,Roll Right
2432,123,0.03,-0.04,1.01,6,Roll Right
2433,124,0.04,-0.04,1.01,6,Roll Right
2434,125,0.04,-0.03,1.0,6,Roll Right
2435,126,0.04,-0.04,1.01,6,Roll Right
2436,127,0.04,-0.04,1.01,6,Roll Right
2437,128,0.04,-0.04,1.01,6,Roll Right
2438,129,0.04,-0.04,1.01,6,Roll Right
2439,130,0.03,-0.03,1.01,6,Roll Right
2440,131,0.03,-0.04,1.01,6,Roll Right
2441,132,0.03,-0.03,1.01,6,Roll Right
2442,133,0.04,-0.03,1.01,6,Roll Right
2443,134,0.03,-0.04,1.01,6,Roll Right
2444,135,0.03,-0.03,1.01,6,Roll Right
2445,136,0.03,-0.04,1.01,6,Roll Right
2446,137,0.03,-0.04,1.01,6,Roll Right
2447,138,0.04,-0.04,1.01,6,Roll Right
2448,139,0.03,-0.03,1.01,6,Roll Right
2449,140,0.04,-0.04,1.01,6,Roll Right
2450,141,0.04,-0.04,1.0,6,Roll Right
2451,142,0.04,-0.03,1.01,6,Roll Right
2452,143,0.04,-0.04,1.01,6,Roll Right
2453,144,0.04,-0.03,1.01,6,Roll Right
2454,145,0.04,-0.03,1.01,6,Roll Right
2455,146,0.04,-0.04,1.0,6,Roll Right
2456,147,0.04,-0.04,1.01,6,Roll Right
2457,148,0.03,-0.04,1.01,6,Roll Right
2458,149,0.04,-0.04,1.01,6,Roll Right
2459,150,0.04,-0.03,1.0,6,Roll Right
2460,151,0.03,-0.03,1.01,6,Roll Right
2461,152,0.03,-0.03,1.01,6,Roll Right
2462,153,0.03,-0.04,1.01,6,Roll Right
2463,154,0.04,-0.02,0.99,6,Roll Right
2464,155,0.02,-0.05,1.01,6,Roll Right
2465,156,0.06,-0.02,1.05,6,Roll Right
2466,157,0.05,-0.07,1.15,6,Roll Right
2467,158,0.12,0.17,0.95,6,Roll Right
2468,159,0.1,0.6,0.97,6,Roll Right
2469,160,0.18,0.9,0.57,6,Roll Right
2470,161,0.22,0.95,-0.05,6,Roll Right
2471,162,0.27,0.88,-0.32,6,Roll Right
2472,163,0.25,1.02,-0.25,6,Roll Right
2473,164,0.26,0.93,-0.22,6,Roll Right
2474,165,0.31,0.77,0.31,6,Roll Right
2475,166,0.28,0.54,0.86,6,Roll Right
2476,167,0.22,0.09,1.11,6,Roll Right
2477,168,0.16,-0.09,1.03,6,Roll Right
2478,169,0.11,-0.14,1.07,6,Roll Right
2479,170,0.07,-0.09,0.99,6,Roll Right
2480,171,0.07,-0.12,1.12,6,Roll Right
2481,172,0.05,-0.13,1.06,6,Roll Right
2482,173,0.04,-0.03,1.03,6,Roll Right
2483,174,0.02,-0.01,1.02,6,Roll Right
2484,175,0.04,-0.04,1.01,6,Roll Right
2485,176,0.04,-0.03,1.01,6,Roll Right
2486,177,0.04,-0.03,1.01,6,Roll Right
2487,178,0.04,-0.04,1.01,6,Roll Right
2488,179,0.04,-0.04,1.01,6,Roll Right
2489,180,0.03,-0.04,1.01,6,Roll Right
2490,181,0.04,-0.04,1.01,6,Roll Right
2491,182,0.03,-0.04,1.01,6,Roll Right
2492,183,0.04,-0.03,1.0,6,Roll Right
2493,184,0.03,-0.04,1.01,6,Roll Right
2494,185,0.03,-0.04,1.01,6,Roll Right
2495,186,0.03,-0.04,1.0,6,Roll Right
2496,187,0.04,-0.04,1.01,6,Roll Right
2497,188,0.03,-0.04,1.01,6,Roll Right
2498,189,0.04,-0.04,1.01,6,Roll Right
2499,190,0.04,-0.04,1.01,6,Roll Right
2500,191,0.04,-0.04,1.01,6,Roll Right
2501,192,0.04,-0.04,1.01,6,Roll Right
2502,193,0.04,-0.04,1.01,6,Roll Right
2503,194,0.04,-0.04,1.01,6,Roll Right
2504,195,0.04,-0.04,1.01,6,Roll Right
2505,196,0.04,-0.03,1.01,6,Roll Right
2506,197,0.03,-0.03,1.0,6,Roll Right
2507,198,0.04,-0.04,1.01,6,Roll Right
2508,199,0.03,-0.03,1.01,6,Roll Right
2509,200,0.03,-0.04,1.01,6,Roll Right
2510,201,0.04,-0.03,1.01,6,Roll Right
2511,202,0.04,-0.04,1.01,6,Roll Right
2512,203,0.03,-0.04,1.01,6,Roll Right
2513,204,0.04,-0.03,1.01,6,Roll Right
2514,205,0.03,-0.03,1.01,6,Roll Right
2515,206,0.04,-0.03,1.01,6,Roll Right
2516,207,0.03,-0.04,1.01,6,Roll Right
2517,208,0.04,-0.03,1.01,6,Roll Right
2518,209,0.04,-0.03,1.0,6,Roll Right
2519,210,0.04,-0.04,1.01,6,Roll Right
2520,211,0.03,-0.04,1.0,6,Roll Right
2521,212,0.04,-0.03,1.01,6,Roll Right
2522,213,0.05,-0.12,0.97,6,Roll Right
2523,214,0.05,0.09,1.1,6,Roll Right
2524,215,0.09,0.27,0.92,6,Roll Right
2525,216,0.12,0.7,0.77,6,Roll Right
2526,217,0.15,0.92,0.48,6,Roll Right
2527,218,0.17,1.01,-0.02,6,Roll Right
2528,219,0.26,0.66,-0.32,6,Roll Right
2529,220,0.26,0.96,-0.3,6,Roll Right
2530,221,0.25,0.89,-0.37,6,Roll Right
2531,222,0.26,0.95,-0.24,6,Roll Right
2532,223,0.29,1.03,0.34,6,Roll Right
2533,224,0.3,0.56,0.73,6,Roll Right
2534,225,0.18,0.27,1.02,6,Roll Right
2535,226,0.15,0.07,1.05,6,Roll Right
2536,227,0.07,0.04,1.05,6,Roll Right
2537,228,0.04,0.04,1.07,6,Roll Right
2538,229,0.02,-0.06,1.03,6,Roll Right
2539,230,0.0,-0.03,1.05,6,Roll Right
2540,231,0.03,0.0,1.0,6,Roll Right
2541,232,0.05,-0.02,1.06,6,Roll Right
2542,233,0.03,-0.03,1.01,6,Roll Right
2543,234,0.04,-0.04,1.01,6,Roll Right
2544,235,0.04,-0.03,1.01,6,Roll Right
2545,236,0.04,-0.04,1.01,6,Roll Right
2546,237,0.04,-0.04,1.01,6,Roll Right
2547,238,0.04,-0.03,1.01,6,Roll Right
2548,239,0.04,-0.04,1.01,6,Roll Right
2549,240,0.04,-0.04,1.01,6,Roll Right
2550,241,0.04,-0.04,1.01,6,Roll Right
2551,242,0.04,-0.03,1.0,6,Roll Right
2552,243,0.04,-0.03,1.01,6,Roll Right
2553,244,0.04,-0.03,1.01,6,Roll Right
2554,245,0.04,-0.04,1.01,6,Roll Right
2555,246,0.04,-0.04,1.01,6,Roll Right
2556,247,0.03,-0.04,1.01,6,Roll Right
2557,248,0.03,-0.03,1.01,6,Roll Right
2558,249,0.04,-0.04,1.01,6,Roll Right
2559,250,0.04,-0.03,1.01,6,Roll Right
2560,251,0.04,-0.04,1.01,6,Roll Right
2561,252,0.04,-0.03,1.01,6,Roll Right
2562,253,0.04,-0.03,1.01,6,Roll Right
2563,254,0.04,-0.04,1.01,6,Roll Right
2564,255,0.04,-0.04,1.01,6,Roll Right
2565,256,0.04,-0.03,1.01,6,Roll Right
2566,257,0.04,-0.04,1.01,6,Roll Right
2567,258,0.04,-0.04,1.01,6,Roll Right
2568,259,0.03,-0.04,1.01,6,Roll Right
2569,260,0.03,-0.03,1.0,6,Roll Right
2570,261,0.04,-0.03,1.01,6,Roll Right
2571,262,0.03,-0.03,1.0,6,Roll Right
2572,263,0.04,-0.04,1.01,6,Roll Right
2573,264,0.04,-0.03,1.01,6,Roll Right
2574,265,0.03,-0.03,1.01,6,Roll Right
2575,266,0.04,-0.03,1.01,6,Roll Right
2576,267,0.03,-0.03,1.01,6,Roll Right
2577,268,0.04,-0.04,1.01,6,Roll Right
2578,269,0.04,-0.03,1.01,6,Roll Right
2579,270,0.04,-0.04,1.01,6,Roll Right
2580,271,0.04,-0.03,1.01,6,Roll Right
2581,272,0.03,-0.03,1.01,6,Roll Right
2582,273,0.04,-0.04,1.02,6,Roll Right
2583,274,0.04,-0.04,1.01,6,Roll Right
2584,275,0.03,-0.03,1.01,6,Roll Right
2585,276,0.03,-0.03,1.01,6,Roll Right
2586,277,0.02,-0.11,1.03,6,Roll Right
2587,278,-0.02,0.0,0.99,6,Roll Right
2588,279,0.04,0.02,1.11,6,Roll Right
2589,280,0.09,0.27,1.05,6,Roll Right
2590,281,0.13,0.7,0.68,6,Roll Right
2591,282,0.19,0.65,0.21,6,Roll Right
2592,283,0.25,0.89,-0.11,6,Roll Right
2593,284,0.22,0.88,-0.58,6,Roll Right
2594,285,0.22,1.03,-0.41,6,Roll Right
2595,286,0.23,0.92,-0.28,6,Roll Right
2596,287,0.24,0.93,0.22,6,Roll Right
2597,288,0.3,0.59,0.52,6,Roll Right
2598,289,0.24,0.27,0.91,6,Roll Right
2599,290,0.18,0.09,1.16,6,Roll Right
2600,291,0.11,0.02,1.04,6,Roll Right
2601,292,0.05,-0.0,1.07,6,Roll Right
2602,293,0.04,-0.04,1.02,6,Roll Right
2603,294,0.03,0.01,1.02,6,Roll Right
2604,295,0.05,-0.04,0.98,6,Roll Right
2605,296,0.05,-0.0,1.0,6,Roll Right
2606,297,0.05,-0.04,1.01,6,Roll Right
2607,298,0.04,-0.04,1.01,6,Roll Right
2608,299,0.04,-0.03,1.01,6,Roll Right
2609,300,0.04,-0.03,1.01,6,Roll Right
2610,301,0.03,-0.03,1.01,6,Roll Right
2611,302,0.03,-0.04,1.01,6,Roll Right
2612,303,0.04,-0.04,1.01,6,Roll Right
2613,304,0.04,-0.04,1.01,6,Roll Right
2614,305,0.03,-0.04,1.01,6,Roll Right
2615,306,0.04,-0.04,1.01,6,Roll Right
2616,307,0.04,-0.04,1.01,6,Roll Right
2617,308,0.04,-0.03,1.01,6,Roll Right
2618,309,0.04,-0.04,1.01,6,Roll Right
2619,310,0.03,-0.04,1.01,6,Roll Right
2620,311,0.04,-0.04,1.01,6,Roll Right
2621,312,0.04,-0.03,1.01,6,Roll Right
2622,313,0.04,-0.03,1.01,6,Roll Right
2623,314,0.04,-0.04,1.01,6,Roll Right
2624,315,0.04,-0.04,1.01,6,Roll Right
2625,316,0.04,-0.04,1.01,6,Roll Right
2626,317,0.04,-0.04,1.01,6,Roll Right
2627,318,0.04,-0.04,1.01,6,Roll Right
2628,319,0.04,-0.04,1.0,6,Roll Right
2629,320,0.03,-0.04,1.01,6,Roll Right
2630,321,0.04,-0.04,1.0,6,Roll Right
2631,322,0.04,-0.03,1.01,6,Roll Right
2632,323,0.04,-0.03,1.01,6,Roll Right
2633,324,0.04,-0.04,1.01,6,Roll Right
2634,325,0.04,-0.04,1.01,6,Roll Right
2635,326,0.04,-0.04,1.01,6,Roll Right
2636,327,0.03,-0.03,1.01,6,Roll Right
2637,328,0.04,-0.04,1.01,6,Roll Right
2638,329,0.04,-0.04,1.01,6,Roll Right
2639,330,0.04,-0.04,1.01,6,Roll Right
2640,331,0.04,-0.04,1.01,6,Roll Right
2641,332,0.04,-0.03,1.01,6,Roll Right
2642,333,0.04,-0.03,1.01,6,Roll Right
2643,334,0.04,-0.04,1.01,6,Roll Right
2644,335,0.0,0.01,1.0,6,Roll Right
2645,336,0.0,-0.14,1.31,6,Roll Right
2646,337,0.04,-0.06,1.14,6,Roll Right
2647,338,0.07,0.02,1.11,6,Roll Right
2648,339,0.11,0.3,0.91,6,Roll Right
2649,340,0.16,0.91,0.55,6,Roll Right
2650,341,0.18,0.96,0.04,6,Roll Right
2651,342,0.25,0.85,-0.36,6,Roll Right
2652,343,0.27,1.02,-0.27,6,Roll Right
2653,344,0.26,0.95,-0.3,6,Roll Right
2654,345,0.25,0.97,-0.17,6,Roll Right
2655,346,0.3,0.78,0.46,6,Roll Right
2656,347,0.28,0.43,0.92,6,Roll Right
2657,348,0.23,0.02,1.13,6,Roll Right
2658,349,0.19,-0.15,0.97,6,Roll Right
2659,350,0.12,-0.09,1.03,6,Roll Right
2660,351,0.05,-0.08,1.04,6,Roll Right
2661,352,0.03,-0.02,1.05,6,Roll Right
2662,353,0.01,-0.07,1.04,6,Roll Right
2663,354,0.02,-0.02,1.02,6,Roll Right
2664,355,0.02,-0.02,1.02,6,Roll Right
2665,356,0.04,-0.03,1.0,6,Roll Right
2666,357,0.04,-0.04,1.01,6,Roll Right
2667,358,0.04,-0.04,1.01,6,Roll Right
2668,359,0.04,-0.03,1.01,6,Roll Right
2669,360,0.04,-0.04,1.01,6,Roll Right
2670,361,0.04,-0.04,1.01,6,Roll Right
2671,362,0.04,-0.04,1.01,6,Roll Right
2672,363,0.04,-0.04,1.0,6,Roll Right
2673,364,0.04,-0.03,1.01,6,Roll Right
2674,365,0.04,-0.04,1.01,6,Roll Right
2675,366,0.04,-0.04,1.0,6,Roll Right
2676,367,0.04,-0.03,1.01,6,Roll Right
2677,368,0.04,-0.03,1.01,6,Roll Right
2678,369,0.03,-0.03,1.01,6,Roll Right
2679,370,0.04,-0.04,1.01,6,Roll Right
2680,371,0.04,-0.04,1.01,6,Roll Right
2681,372,0.04,-0.04,1.01,6,Roll Right
2682,373,0.04,-0.04,1.0,6,Roll Right
2683,374,0.04,-0.04,1.0,6,Roll Right
2684,375,0.04,-0.04,1.01,6,Roll Right
2685,376,0.04,-0.04,1.01,6,Roll Right
2686,377,0.04,-0.04,1.01,6,Roll Right
2687,378,0.04,-0.03,1.01,6,Roll Right
2688,379,0.04,-0.04,1.01,6,Roll Right
2689,380,0.04,-0.04,1.01,6,Roll Right
2690,381,0.04,-0.04,1.01,6,Roll Right
2691,382,0.04,-0.03,1.01,6,Roll Right
2692,383,0.04,-0.03,1.01,6,Roll Right
2693,384,0.04,-0.04,1.0,6,Roll Right
2694,385,0.04,-0.04,1.01,6,Roll Right
2695,386,0.04,-0.04,1.0,6,Roll Right
2696,387,0.04,-0.04,1.01,6,Roll Right
2697,388,0.03,-0.04,1.01,6,Roll Right
2698,389,0.04,-0.04,1.01,6,Roll Right
2699,390,0.04,-0.04,1.0,6,Roll Right
2700,391,0.04,-0.03,1.01,6,Roll Right
2701,392,0.04,-0.04,1.01,6,Roll Right
2702,393,0.03,-0.03,1.01,6,Roll Right
2703,394,0.03,-0.03,1.0,6,Roll Right
2704,395,0.04,-0.05,1.02,6,Roll Right
2705,396,0.04,-0.02,1.03,6,Roll Right
2706,397,0.02,-0.02,1.09,6,Roll Right
2707,398,0.06,0.08,1.07,6,Roll Right
2708,399,0.11,0.42,0.86,6,Roll Right
2709,400,0.12,1.02,0.52,6,Roll Right
2710,401,0.2,0.82,0.09,6,Roll Right
2711,402,0.24,1.03,-0.34,6,Roll Right
2712,403,0.29,0.7,-0.51,6,Roll Right
2713,404,0.27,0.9,-0.46,6,Roll Right
2714,405,0.29,0.89,-0.37,6,Roll Right
2715,406,0.3,0.82,0.07,6,Roll Right
2716,407,0.28,0.68,0.73,6,Roll Right
2717,408,0.21,0.25,1.0,6,Roll Right
2718,409,0.16,0.07,1.02,6,Roll Right
2719,410,0.09,0.0,1.05,6,Roll Right
2720,411,0.05,-0.09,1.03,6,Roll Right
2721,412,0.01,-0.04,1.05,6,Roll Right
2722,413,0.01,-0.08,1.08,6,Roll Right
2723,414,0.02,-0.03,1.02,6,Roll Right
2724,415,0.03,-0.04,1.01,6,Roll Right
2725,416,0.04,-0.04,1.01,6,Roll Right
2726,417,0.04,-0.03,1.01,6,Roll Right
2727,418,0.04,-0.04,1.01,6,Roll Right
2728,419,0.04,-0.03,1.01,6,Roll Right
2729,420,0.04,-0.03,1.01,6,Roll Right
2730,421,0.03,-0.04,1.01,6,Roll Right
2731,422,0.04,-0.04,1.01,6,Roll Right
2732,423,0.04,-0.04,1.01,6,Roll Right
2733,424,0.04,-0.04,1.01,6,Roll Right
2734,425,0.04,-0.04,1.01,6,Roll Right
2735,426,0.04,-0.03,1.01,6,Roll Right
2736,427,0.04,-0.04,1.01,6,Roll Right
2737,428,0.04,-0.04,1.01,6,Roll Right
2738,429,0.04,-0.04,1.01,6,Roll Right
2739,430,0.03,-0.03,1.01,6,Roll Right
2740,431,0.04,-0.04,1.01,6,Roll Right
2741,432,0.04,-0.04,1.01,6,Roll Right
2742,433,0.04,-0.04,1.01,6,Roll Right
2743,434,0.04,-0.04,1.01,6,Roll Right
2744,435,0.04,-0.04,1.01,6,Roll Right
2745,436,0.04,-0.04,1.01,6,Roll Right
2746,437,0.03,-0.04,1.01,6,Roll Right
2747,438,0.03,-0.03,1.01,6,Roll Right
2748,439,0.04,-0.04,1.01,6,Roll Right
2749,440,0.04,-0.04,1.01,6,Roll Right
2750,441,0.04,-0.03,1.0,6,Roll Right
2751,442,0.03,-0.04,1.01,6,Roll Right
2752,443,0.04,-0.04,1.01,6,Roll Right
2753,444,0.03,-0.03,1.01,6,Roll Right
2754,445,0.04,-0.04,1.0,6,Roll Right
2755,446,0.04,-0.04,1.01,6,Roll Right
2756,447,0.04,-0.04,1.01,6,Roll Right
2757,448,0.04,-0.04,1.01,6,Roll Right
2758,449,0.04,-0.04,1.01,6,Roll Right
2759,450,0.03,-0.03,1.01,6,Roll Right
2760,451,0.04,-0.04,1.0,6,Roll Right
2761,452,0.04,-0.03,1.01,6,Roll Right
2762,453,0.04,-0.04,1.01,6,Roll Right
2763,454,0.04,-0.03,1.01,6,Roll Right
2764,455,0.04,-0.05,1.01,6,Roll Right
2765,456,0.02,-0.03,1.17,6,Roll Right
2766,457,0.04,-0.05,1.12,6,Roll Right
2767,458,0.07,0.24,1.04,6,Roll Right
2768,459,0.08,0.68,0.84,6,Roll Right
2769,460,0.14,0.95,0.37,6,Roll Right
2770,461,0.25,1.02,0.0,6,Roll Right
2771,462,0.24,0.7,-0.53,6,Roll Right
2772,463,0.24,0.93,-0.44,6,Roll Right
2773,464,0.23,0.91,-0.46,6,Roll Right
2774,465,0.23,0.86,-0.39,6,Roll Right
2775,466,0.23,1.04,-0.1,6,Roll Right
2776,467,0.28,0.9,0.36,6,Roll Right
2777,468,0.3,0.32,0.77,6,Roll Right
2778,469,0.18,0.12,0.99,6,Roll Right
2779,470,0.17,-0.05,1.0,6,Roll Right
2780,471,0.12,-0.07,0.96,6,Roll Right
2781,472,0.07,-0.11,1.06,6,Roll Right
2782,473,0.05,-0.09,1.03,6,Roll Right
2783,474,0.03,-0.05,1.03,6,Roll Right
2784,475,0.03,-0.06,0.99,6,Roll Right
2785,476,0.03,-0.04,1.0,6,Roll Right
2786,477,0.03,-0.03,1.02,6,Roll Right
2787,478,0.04,-0.04,1.01,6,Roll Right
2788,479,0.04,-0.04,1.01,6,Roll Right
2789,480,0.04,-0.04,1.01,6,Roll Right
2790,481,0.04,-0.04,1.01,6,Roll Right
2791,482,0.04,-0.03,1.01,6,Roll Right
2792,483,0.04,-0.03,1.01,6,Roll Right
2793,484,0.03,-0.03,1.01,6,Roll Right
2794,485,0.04,-0.04,1.01,6,Roll Right
2795,486,0.04,-0.03,1.01,6,Roll Right
2796,487,0.04,-0.04,1.01,6,Roll Right
2797,488,0.04,-0.04,1.01,6,Roll Right
2798,489,0.04,-0.03,1.0,6,Roll Right
2799,490,0.03,-0.03,1.01,6,Roll Right
2800,491,0.04,-0.03,1.01,6,Roll Right
2801,492,0.03,-0.04,1.0,6,Roll Right
2802,493,0.04,-0.04,1.01,6,Roll Right
2803,494,0.03,-0.04,1.01,6,Roll Right
2804,495,0.04,-0.03,1.01,6,Roll Right
2805,496,0.04,-0.03,1.01,6,Roll Right
2806,497,0.04,-0.04,1.01,6,Roll Right
2807,498,0.04,-0.04,1.01,6,Roll Right
2808,499,0.04,-0.04,1.01,6,Roll Right
2809,500,0.04,-0.03,1.01,6,Roll Right
2810,501,0.04,-0.04,1.01,6,Roll Right
2811,502,0.04,-0.03,1.01,6,Roll Right
2812,503,0.03,-0.03,1.01,6,Roll Right
2813,504,0.03,-0.04,1.01,6,Roll Right
2814,505,0.04,-0.04,1.01,6,Roll Right
2815,506,0.03,-0.03,1.01,6,Roll Right
2816,507,0.04,-0.04,1.01,6,Roll Right
2817,508,0.03,-0.03,1.01,6,Roll Right
2818,509,0.03,-0.03,1.01,6,Roll Right
2819,510,0.04,-0.04,1.01,6,Roll Right
2820,511,0.04,-0.04,1.01,6,Roll Right
2821,512,0.04,-0.04,1.01,6,Roll Right
2822,513,0.04,-0.04,1.01,6,Roll Right
2823,514,0.04,-0.04,1.01,6,Roll Right
2824,515,0.04,-0.03,1.01,6,Roll Right
2825,516,0.04,-0.04,1.01,6,Roll Right
