,Unnamed: 0,x,y,z,subject,gesture_name
0,0,0.04,0.02,1.0,1,Tilt Down
1,1,0.04,0.02,1.0,1,Tilt Down
2,2,0.04,0.03,1.0,1,Tilt Down
3,3,0.04,0.02,1.0,1,Tilt Down
4,4,0.04,0.03,1.0,1,Tilt Down
5,5,0.04,0.03,1.0,1,Tilt Down
6,6,0.04,0.03,1.0,1,Tilt Down
7,7,0.04,0.04,1.0,1,Tilt Down
8,8,0.04,0.02,1.0,1,Tilt Down
9,9,0.04,0.02,1.0,1,Tilt Down
10,10,0.04,0.03,1.0,1,Tilt Down
11,11,0.04,0.02,1.0,1,Tilt Down
12,12,0.04,0.03,1.0,1,Tilt Down
13,13,0.04,0.03,1.0,1,Tilt Down
14,14,0.04,0.03,1.0,1,Tilt Down
15,15,0.04,0.04,1.0,1,Tilt Down
16,16,0.04,0.02,1.0,1,Tilt Down
17,17,0.04,0.02,1.0,1,Tilt Down
18,18,0.04,0.03,1.0,1,Tilt Down
19,19,0.04,0.02,1.0,1,Tilt Down
20,20,0.04,0.03,1.0,1,Tilt Down
21,21,0.04,0.03,1.0,1,Tilt Down
22,22,0.04,0.02,1.0,1,Tilt Down
23,23,0.04,0.03,1.0,1,Tilt Down
24,24,0.04,0.03,1.0,1,Tilt Down
25,25,0.04,0.03,1.0,1,Tilt Down
26,26,0.04,0.02,1.0,1,Tilt Down
27,27,0.04,0.03,1.0,1,Tilt Down
28,28,0.04,0.03,1.0,1,Tilt Down
29,29,0.04,0.03,1.0,1,Tilt Down
30,30,0.04,0.03,1.0,1,Tilt Down
31,31,0.04,0.03,1.0,1,Tilt Down
32,32,0.04,0.03,1.0,1,Tilt Down
33,33,0.04,0.03,1.0,1,Tilt Down
34,34,0.04,0.03,1.0,1,Tilt Down
35,35,0.04,0.03,1.0,1,Tilt Down
36,36,0.04,0.02,1.0,1,Tilt Down
37,37,0.04,0.03,1.01,1,Tilt Down
38,38,0.04,0.03,1.0,1,Tilt Down
39,39,0.04,0.03,1.0,1,Tilt Down
40,40,0.04,0.03,1.0,1,Tilt Down
41,41,0.04,0.03,1.0,1,Tilt Down
42,42,0.04,0.03,1.0,1,Tilt Down
43,43,0.04,0.03,1.0,1,Tilt Down
44,44,0.06,-0.05,1.0,1,Tilt Down
45,45,0.04,0.03,1.0,1,Tilt Down
46,46,-0.01,0.03,1.05,1,Tilt Down
47,47,0.0,0.05,1.14,1,Tilt Down
48,48,-0.11,0.12,0.96,1,Tilt Down
49,49,-0.25,-0.15,1.14,1,Tilt Down
50,50,-0.28,0.09,1.04,1,Tilt Down
51,51,-0.39,-0.05,1.17,1,Tilt Down
52,52,-0.51,-0.08,0.75,1,Tilt Down
53,53,-0.37,0.17,0.75,1,Tilt Down
54,54,-0.5,0.02,1.04,1,Tilt Down
55,55,-0.6,-0.05,0.71,1,Tilt Down
56,56,-0.61,-0.04,0.69,1,Tilt Down
57,57,-0.59,0.04,0.77,1,Tilt Down
58,58,-0.68,0.03,0.7,1,Tilt Down
59,59,-0.63,0.03,0.85,1,Tilt Down
60,60,-0.62,0.04,0.8,1,Tilt Down
61,61,-0.52,-0.04,0.89,1,Tilt Down
62,62,-0.57,-0.02,0.8,1,Tilt Down
63,63,-0.32,0.14,0.85,1,Tilt Down
64,64,-0.34,-0.12,0.96,1,Tilt Down
65,65,-0.1,0.06,1.05,1,Tilt Down
66,66,0.03,-0.02,1.0,1,Tilt Down
67,67,0.08,0.02,1.01,1,Tilt Down
68,68,0.11,-0.04,0.74,1,Tilt Down
69,69,0.1,0.0,1.04,1,Tilt Down
70,70,0.1,-0.04,0.87,1,Tilt Down
71,71,0.09,0.02,0.99,1,Tilt Down
72,72,0.01,0.03,1.15,1,Tilt Down
73,73,0.04,0.03,1.0,1,Tilt Down
74,74,0.04,0.03,1.0,1,Tilt Down
75,75,0.04,0.03,1.0,1,Tilt Down
76,76,0.04,0.03,1.0,1,Tilt Down
77,77,0.04,0.03,1.0,1,Tilt Down
78,78,0.04,0.03,1.0,1,Tilt Down
79,79,0.04,0.03,1.0,1,Tilt Down
80,80,0.04,0.03,1.0,1,Tilt Down
81,81,0.04,0.02,1.0,1,Tilt Down
82,82,0.04,0.02,1.0,1,Tilt Down
83,83,0.04,0.03,1.0,1,Tilt Down
84,84,0.04,0.02,1.01,1,Tilt Down
85,85,0.04,0.03,1.01,1,Tilt Down
86,86,0.04,0.02,1.0,1,Tilt Down
87,87,0.04,0.03,1.0,1,Tilt Down
88,88,0.04,0.03,1.0,1,Tilt Down
89,89,0.04,0.03,1.0,1,Tilt Down
90,90,0.04,0.03,1.0,1,Tilt Down
91,91,0.04,0.03,1.0,1,Tilt Down
92,92,0.04,0.03,1.0,1,Tilt Down
93,93,0.04,0.03,1.0,1,Tilt Down
94,94,0.04,0.03,1.0,1,Tilt Down
95,95,0.04,0.03,1.0,1,Tilt Down
96,96,0.04,0.02,1.0,1,Tilt Down
97,97,0.04,0.03,1.0,1,Tilt Down
98,98,0.04,0.03,1.0,1,Tilt Down
99,99,0.04,0.02,1.0,1,Tilt Down
100,100,0.04,0.02,1.0,1,Tilt Down
101,101,0.04,0.03,1.0,1,Tilt Down
102,102,0.04,0.03,1.01,1,Tilt Down
103,103,0.04,0.03,1.0,1,Tilt Down
104,104,0.04,0.03,1.0,1,Tilt Down
105,105,0.04,0.03,1.0,1,Tilt Down
106,106,0.04,0.03,1.0,1,Tilt Down
107,107,0.04,0.03,1.0,1,Tilt Down
108,108,0.04,0.03,1.0,1,Tilt Down
109,109,0.04,0.03,1.0,1,Tilt Down
110,110,0.04,0.03,1.01,1,Tilt Down
111,111,0.04,0.03,1.0,1,Tilt Down
112,112,0.04,0.03,1.0,1,Tilt Down
113,113,0.04,0.03,1.0,1,Tilt Down
114,114,0.04,0.03,1.0,1,Tilt Down
115,115,0.04,0.03,1.0,1,Tilt Down
116,116,0.04,0.03,1.0,1,Tilt Down
117,117,0.04,0.03,1.0,1,Tilt Down
118,118,0.02,0.02,1.0,1,Tilt Down
119,119,0.04,0.03,1.0,1,Tilt Down
120,120,0.04,0.01,1.01,1,Tilt Down
121,121,-0.02,0.02,1.01,1,Tilt Down
122,122,-0.1,0.06,1.07,1,Tilt Down
123,123,-0.02,0.06,0.95,1,Tilt Down
124,124,-0.04,0.04,0.98,1,Tilt Down
125,125,-0.06,0.2,0.97,1,Tilt Down
126,126,-0.3,0.01,1.08,1,Tilt Down
127,127,-0.36,0.16,0.91,1,Tilt Down
128,128,-0.5,-0.04,1.04,1,Tilt Down
129,129,-0.56,0.01,0.78,1,Tilt Down
130,130,-0.58,0.01,0.78,1,Tilt Down
131,131,-0.58,0.06,0.71,1,Tilt Down
132,132,-0.61,0.01,0.91,1,Tilt Down
133,133,-0.59,0.06,0.71,1,Tilt Down
134,134,-0.55,0.12,0.9,1,Tilt Down
135,135,-0.46,0.07,0.87,1,Tilt Down
136,136,-0.31,0.05,0.84,1,Tilt Down
137,137,-0.2,0.01,1.04,1,Tilt Down
138,138,-0.03,0.06,1.06,1,Tilt Down
139,139,0.0,0.03,1.07,1,Tilt Down
140,140,0.1,0.02,0.99,1,Tilt Down
141,141,0.01,-0.02,1.14,1,Tilt Down
142,142,0.09,-0.05,1.18,1,Tilt Down
143,143,0.02,-0.01,1.0,1,Tilt Down
144,144,0.04,0.03,1.0,1,Tilt Down
145,145,0.02,0.04,1.01,1,Tilt Down
146,146,0.04,0.03,1.0,1,Tilt Down
147,147,0.04,0.03,1.0,1,Tilt Down
148,148,0.04,0.03,1.0,1,Tilt Down
149,149,0.04,0.03,1.0,1,Tilt Down
150,150,0.04,0.03,1.0,1,Tilt Down
151,151,0.04,0.03,1.0,1,Tilt Down
152,152,0.04,0.03,1.0,1,Tilt Down
153,153,0.04,0.03,1.0,1,Tilt Down
154,154,0.04,0.03,1.0,1,Tilt Down
155,155,0.04,0.03,1.0,1,Tilt Down
156,156,0.04,0.03,1.0,1,Tilt Down
157,157,0.04,0.03,1.0,1,Tilt Down
158,158,0.04,0.03,1.0,1,Tilt Down
159,159,0.04,0.03,1.01,1,Tilt Down
160,160,0.04,0.03,1.0,1,Tilt Down
161,161,0.04,0.03,1.0,1,Tilt Down
162,162,0.04,0.03,1.0,1,Tilt Down
163,163,0.04,0.03,1.0,1,Tilt Down
164,164,0.04,0.03,1.0,1,Tilt Down
165,165,0.04,0.03,1.0,1,Tilt Down
166,166,0.04,0.03,1.0,1,Tilt Down
167,167,0.04,0.03,1.0,1,Tilt Down
168,168,0.04,0.03,1.0,1,Tilt Down
169,169,0.04,0.03,1.0,1,Tilt Down
170,170,0.04,0.03,1.0,1,Tilt Down
171,171,0.04,0.03,1.0,1,Tilt Down
172,172,0.04,0.02,1.0,1,Tilt Down
173,173,0.04,0.03,1.0,1,Tilt Down
174,174,0.04,0.02,1.0,1,Tilt Down
175,175,0.04,0.03,1.0,1,Tilt Down
176,176,0.04,0.03,1.0,1,Tilt Down
177,177,0.04,0.03,1.0,1,Tilt Down
178,178,0.04,0.03,1.0,1,Tilt Down
179,179,0.04,0.03,1.0,1,Tilt Down
180,180,0.04,0.03,1.0,1,Tilt Down
181,181,0.04,0.03,1.0,1,Tilt Down
182,182,0.04,0.03,1.0,1,Tilt Down
183,183,0.04,0.03,1.0,1,Tilt Down
184,184,0.04,0.03,1.0,1,Tilt Down
185,185,0.04,0.03,1.0,1,Tilt Down
186,186,0.05,0.02,1.0,1,Tilt Down
187,187,0.01,0.07,0.99,1,Tilt Down
188,188,-0.02,0.04,1.04,1,Tilt Down
189,189,-0.12,0.1,0.88,1,Tilt Down
190,190,-0.32,0.0,1.17,1,Tilt Down
191,191,-0.33,0.14,0.98,1,Tilt Down
192,192,-0.39,0.18,0.92,1,Tilt Down
193,193,-0.5,0.09,0.79,1,Tilt Down
194,194,-0.59,0.11,0.65,1,Tilt Down
195,195,-0.58,0.12,0.79,1,Tilt Down
196,196,-0.64,0.01,0.79,1,Tilt Down
197,197,-0.62,0.08,0.79,1,Tilt Down
198,198,-0.62,0.14,0.76,1,Tilt Down
199,199,-0.63,0.07,0.77,1,Tilt Down
200,200,-0.64,0.0,0.86,1,Tilt Down
201,201,-0.59,0.07,0.95,1,Tilt Down
202,202,-0.5,0.13,0.77,1,Tilt Down
203,203,-0.34,0.13,0.84,1,Tilt Down
204,204,-0.21,0.2,1.04,1,Tilt Down
205,205,0.0,0.02,0.91,1,Tilt Down
206,206,0.05,0.01,0.97,1,Tilt Down
207,207,0.06,0.01,0.99,1,Tilt Down
208,208,-0.05,0.06,0.96,1,Tilt Down
209,209,0.07,0.01,0.95,1,Tilt Down
210,210,0.06,0.07,1.0,1,Tilt Down
211,211,0.04,0.03,1.0,1,Tilt Down
212,212,0.04,0.03,1.0,1,Tilt Down
213,213,0.04,0.03,1.0,1,Tilt Down
214,214,0.04,0.03,1.0,1,Tilt Down
215,215,0.04,0.03,1.0,1,Tilt Down
216,216,0.04,0.03,1.0,1,Tilt Down
217,217,0.04,0.03,1.0,1,Tilt Down
218,218,0.04,0.02,1.0,1,Tilt Down
219,219,0.04,0.03,1.0,1,Tilt Down
220,220,0.04,0.02,1.0,1,Tilt Down
221,221,0.04,0.03,1.0,1,Tilt Down
222,222,0.04,0.03,1.0,1,Tilt Down
223,223,0.04,0.03,1.0,1,Tilt Down
224,224,0.04,0.02,1.0,1,Tilt Down
225,225,0.04,0.03,1.0,1,Tilt Down
226,226,0.04,0.03,1.0,1,Tilt Down
227,227,0.04,0.03,1.0,1,Tilt Down
228,228,0.04,0.03,1.0,1,Tilt Down
229,229,0.04,0.03,1.0,1,Tilt Down
230,230,0.04,0.03,1.0,1,Tilt Down
231,231,0.04,0.03,1.0,1,Tilt Down
232,232,0.04,0.03,1.0,1,Tilt Down
233,233,0.04,0.03,1.0,1,Tilt Down
234,234,0.04,0.03,1.0,1,Tilt Down
235,235,0.04,0.03,1.0,1,Tilt Down
236,236,0.04,0.03,1.0,1,Tilt Down
237,237,0.04,0.03,1.0,1,Tilt Down
238,238,0.04,0.03,1.0,1,Tilt Down
239,239,0.04,0.03,1.0,1,Tilt Down
240,240,0.04,0.03,1.0,1,Tilt Down
241,241,0.04,0.03,1.0,1,Tilt Down
242,242,0.04,0.03,1.0,1,Tilt Down
243,243,0.04,0.03,1.0,1,Tilt Down
244,244,0.04,0.03,1.01,1,Tilt Down
245,245,0.04,0.02,1.0,1,Tilt Down
246,246,0.04,0.03,1.01,1,Tilt Down
247,247,0.04,0.03,1.0,1,Tilt Down
248,248,0.04,0.02,1.0,1,Tilt Down
249,249,0.04,0.03,1.0,1,Tilt Down
250,250,0.04,0.03,1.0,1,Tilt Down
251,251,0.04,0.03,1.0,1,Tilt Down
252,252,0.04,0.03,1.0,1,Tilt Down
253,253,0.1,0.14,1.0,1,Tilt Down
254,254,0.06,0.01,1.0,1,Tilt Down
255,255,0.0,0.05,1.02,1,Tilt Down
256,256,-0.08,0.01,1.21,1,Tilt Down
257,257,-0.32,0.0,1.44,1,Tilt Down
258,258,-0.28,0.04,0.92,1,Tilt Down
259,259,-0.43,0.14,1.1,1,Tilt Down
260,260,-0.55,0.07,0.72,1,Tilt Down
261,261,-0.64,0.1,0.76,1,Tilt Down
262,262,-0.57,0.13,0.76,1,Tilt Down
263,263,-0.59,0.11,0.87,1,Tilt Down
264,264,-0.63,0.12,0.74,1,Tilt Down
265,265,-0.63,0.08,0.76,1,Tilt Down
266,266,-0.61,0.12,0.75,1,Tilt Down
267,267,-0.63,0.13,0.75,1,Tilt Down
268,268,-0.52,0.06,0.93,1,Tilt Down
269,269,-0.29,0.02,0.91,1,Tilt Down
270,270,-0.17,0.11,0.8,1,Tilt Down
271,271,-0.02,0.13,1.05,1,Tilt Down
272,272,0.02,0.1,1.05,1,Tilt Down
273,273,0.05,0.04,1.04,1,Tilt Down
274,274,0.08,0.02,0.92,1,Tilt Down
275,275,0.06,0.04,0.96,1,Tilt Down
276,276,0.05,0.02,1.03,1,Tilt Down
277,277,0.04,0.02,1.0,1,Tilt Down
278,278,0.04,0.03,1.0,1,Tilt Down
279,279,0.04,0.03,1.0,1,Tilt Down
280,280,0.04,0.03,1.0,1,Tilt Down
281,281,0.04,0.03,1.0,1,Tilt Down
282,282,0.04,0.03,1.0,1,Tilt Down
283,283,0.04,0.03,1.0,1,Tilt Down
284,284,0.04,0.03,1.0,1,Tilt Down
285,285,0.04,0.03,1.0,1,Tilt Down
286,286,0.04,0.02,1.0,1,Tilt Down
287,287,0.04,0.03,1.0,1,Tilt Down
288,288,0.04,0.03,1.0,1,Tilt Down
289,289,0.04,0.02,1.0,1,Tilt Down
290,290,0.04,0.03,1.0,1,Tilt Down
291,291,0.04,0.03,1.0,1,Tilt Down
292,292,0.04,0.02,1.0,1,Tilt Down
293,293,0.04,0.03,1.0,1,Tilt Down
294,294,0.04,0.03,1.0,1,Tilt Down
295,295,0.04,0.03,1.0,1,Tilt Down
296,296,0.04,0.03,1.0,1,Tilt Down
297,297,0.04,0.03,1.0,1,Tilt Down
298,298,0.04,0.03,1.0,1,Tilt Down
299,299,0.04,0.03,1.0,1,Tilt Down
300,300,0.04,0.03,1.0,1,Tilt Down
301,301,0.04,0.03,1.0,1,Tilt Down
302,302,0.04,0.03,1.0,1,Tilt Down
303,303,0.04,0.03,1.01,1,Tilt Down
304,304,0.04,0.03,1.0,1,Tilt Down
305,305,0.04,0.03,1.0,1,Tilt Down
306,306,0.04,0.03,1.0,1,Tilt Down
307,307,0.04,0.02,1.0,1,Tilt Down
308,308,0.04,0.03,1.0,1,Tilt Down
309,309,0.04,0.03,1.0,1,Tilt Down
310,310,0.04,0.03,1.0,1,Tilt Down
311,311,0.04,0.03,1.0,1,Tilt Down
312,312,0.04,0.02,1.0,1,Tilt Down
313,313,0.04,0.03,1.0,1,Tilt Down
314,314,0.04,0.02,1.0,1,Tilt Down
315,315,0.04,0.02,1.0,1,Tilt Down
316,316,0.04,0.03,1.0,1,Tilt Down
317,317,0.05,0.02,1.0,1,Tilt Down
318,318,0.02,0.02,1.04,1,Tilt Down
319,319,0.01,0.03,1.08,1,Tilt Down
320,320,-0.11,0.04,1.21,1,Tilt Down
321,321,-0.3,-0.08,1.18,1,Tilt Down
322,322,-0.29,0.26,1.04,1,Tilt Down
323,323,-0.59,0.13,0.65,1,Tilt Down
324,324,-0.62,0.09,0.8,1,Tilt Down
325,325,-0.7,0.0,0.88,1,Tilt Down
326,326,-0.7,0.0,0.59,1,Tilt Down
327,327,-0.66,0.09,0.77,1,Tilt Down
328,328,-0.65,0.06,0.75,1,Tilt Down
329,329,-0.57,0.06,0.76,1,Tilt Down
330,330,-0.6,0.03,0.93,1,Tilt Down
331,331,-0.32,0.21,0.88,1,Tilt Down
332,332,-0.19,-0.01,1.07,1,Tilt Down
333,333,0.05,0.08,1.01,1,Tilt Down
334,334,0.15,0.02,0.93,1,Tilt Down
335,335,0.08,0.12,1.0,1,Tilt Down
336,336,0.05,0.1,1.2,1,Tilt Down
337,337,0.06,0.06,0.9,1,Tilt Down
338,338,0.04,0.04,1.0,1,Tilt Down
339,339,0.04,0.03,1.01,1,Tilt Down
340,340,0.04,0.03,1.0,1,Tilt Down
341,341,0.04,0.03,1.0,1,Tilt Down
342,342,0.04,0.03,1.0,1,Tilt Down
343,343,0.04,0.03,1.0,1,Tilt Down
344,344,0.04,0.03,1.0,1,Tilt Down
345,345,0.04,0.02,1.0,1,Tilt Down
346,346,0.04,0.02,1.0,1,Tilt Down
347,347,0.04,0.03,1.0,1,Tilt Down
348,348,0.04,0.03,1.0,1,Tilt Down
349,349,0.04,0.03,1.0,1,Tilt Down
350,350,0.04,0.03,1.01,1,Tilt Down
351,351,0.04,0.03,1.0,1,Tilt Down
352,352,0.04,0.03,1.0,1,Tilt Down
353,353,0.04,0.03,1.0,1,Tilt Down
354,354,0.04,0.03,1.0,1,Tilt Down
355,355,0.04,0.03,1.0,1,Tilt Down
356,356,0.04,0.03,1.0,1,Tilt Down
357,357,0.04,0.03,1.0,1,Tilt Down
358,358,0.04,0.03,1.0,1,Tilt Down
359,359,0.04,0.03,1.0,1,Tilt Down
360,360,0.04,0.03,1.0,1,Tilt Down
361,361,0.04,0.03,1.0,1,Tilt Down
362,362,0.04,0.03,1.0,1,Tilt Down
363,363,0.04,0.03,1.0,1,Tilt Down
364,364,0.04,0.03,1.0,1,Tilt Down
365,365,0.04,0.03,1.0,1,Tilt Down
366,366,0.04,0.03,1.0,1,Tilt Down
367,367,0.04,0.03,1.0,1,Tilt Down
368,368,0.04,0.03,1.0,1,Tilt Down
369,369,0.04,0.02,1.0,1,Tilt Down
370,370,0.04,0.02,1.0,1,Tilt Down
371,371,0.04,0.03,1.0,1,Tilt Down
372,372,0.04,0.03,1.0,1,Tilt Down
373,373,0.04,0.03,1.0,1,Tilt Down
374,374,0.04,0.03,1.0,1,Tilt Down
375,375,0.04,0.04,1.0,1,Tilt Down
376,376,0.0,0.02,1.0,1,Tilt Down
377,377,-0.12,-0.01,1.01,1,Tilt Down
378,378,-0.17,0.1,1.0,1,Tilt Down
379,379,-0.19,-0.01,0.89,1,Tilt Down
380,380,-0.23,0.23,0.9,1,Tilt Down
381,381,-0.39,0.03,0.82,1,Tilt Down
382,382,-0.5,0.06,0.9,1,Tilt Down
383,383,-0.63,0.11,0.83,1,Tilt Down
384,384,-0.64,0.03,0.88,1,Tilt Down
385,385,-0.65,0.06,0.79,1,Tilt Down
386,386,-0.63,0.1,0.8,1,Tilt Down
387,387,-0.55,0.04,0.91,1,Tilt Down
388,388,-0.41,0.15,0.86,1,Tilt Down
389,389,-0.15,0.14,0.91,1,Tilt Down
390,390,-0.09,0.27,0.96,1,Tilt Down
391,391,0.12,-0.02,0.86,1,Tilt Down
392,392,0.02,-0.05,0.99,1,Tilt Down
393,393,0.07,0.03,1.0,1,Tilt Down
394,394,0.01,0.09,0.97,1,Tilt Down
395,395,0.06,0.0,0.93,1,Tilt Down
396,396,0.04,0.04,1.04,1,Tilt Down
397,397,0.03,0.02,1.0,1,Tilt Down
398,398,0.04,0.03,1.0,1,Tilt Down
399,399,0.04,0.03,1.0,1,Tilt Down
400,400,0.04,0.03,1.0,1,Tilt Down
401,401,0.04,0.03,1.0,1,Tilt Down
402,402,0.05,0.03,1.0,1,Tilt Down
403,403,0.04,0.03,1.0,1,Tilt Down
404,404,0.04,0.03,1.01,1,Tilt Down
405,405,0.04,0.03,1.0,1,Tilt Down
406,406,0.04,0.03,1.0,1,Tilt Down
407,407,0.04,0.03,1.0,1,Tilt Down
408,408,0.04,0.03,1.0,1,Tilt Down
409,409,0.04,0.03,1.0,1,Tilt Down
410,410,0.04,0.03,1.0,1,Tilt Down
411,411,0.04,0.03,1.0,1,Tilt Down
412,412,0.04,0.03,1.0,1,Tilt Down
413,413,0.04,0.02,1.0,1,Tilt Down
414,414,0.04,0.03,1.0,1,Tilt Down
415,415,0.04,0.02,1.0,1,Tilt Down
416,416,0.04,0.03,1.0,1,Tilt Down
417,417,0.04,0.03,1.0,1,Tilt Down
418,418,0.04,0.03,1.0,1,Tilt Down
419,419,0.04,0.03,1.0,1,Tilt Down
420,420,0.04,0.02,1.01,1,Tilt Down
421,421,0.04,0.03,1.0,1,Tilt Down
422,422,0.04,0.03,1.0,1,Tilt Down
423,423,0.04,0.03,1.01,1,Tilt Down
424,424,0.04,0.03,1.0,1,Tilt Down
425,425,0.04,0.03,1.0,1,Tilt Down
426,426,0.04,0.03,1.0,1,Tilt Down
427,427,0.04,0.03,1.0,1,Tilt Down
428,428,0.04,0.03,1.0,1,Tilt Down
429,429,0.04,0.03,1.0,1,Tilt Down
430,0,0.04,0.03,1.0,2,Tilt Down
431,1,0.04,0.03,1.01,2,Tilt Down
432,2,0.04,0.03,1.0,2,Tilt Down
433,3,0.04,0.02,1.0,2,Tilt Down
434,4,0.04,0.03,1.0,2,Tilt Down
435,5,0.04,0.03,1.0,2,Tilt Down
436,6,0.04,0.03,1.0,2,Tilt Down
437,7,0.04,0.03,1.0,2,Tilt Down
438,8,0.04,0.03,1.0,2,Tilt Down
439,9,0.04,0.03,1.01,2,Tilt Down
440,10,0.04,0.03,1.0,2,Tilt Down
441,11,0.04,0.02,1.0,2,Tilt Down
442,12,0.04,0.02,1.0,2,Tilt Down
443,13,0.04,0.03,1.0,2,Tilt Down
444,14,0.04,0.02,1.0,2,Tilt Down
445,15,0.04,0.02,1.0,2,Tilt Down
446,16,0.04,0.02,1.0,2,Tilt Down
447,17,0.04,0.02,1.0,2,Tilt Down
448,18,0.04,0.02,1.0,2,Tilt Down
449,19,0.04,0.02,1.0,2,Tilt Down
450,20,0.04,0.03,1.0,2,Tilt Down
451,21,0.04,0.03,1.0,2,Tilt Down
452,22,0.04,0.02,1.0,2,Tilt Down
453,23,0.04,0.03,1.0,2,Tilt Down
454,24,0.04,0.03,1.0,2,Tilt Down
455,25,0.04,0.03,1.0,2,Tilt Down
456,26,0.04,0.03,1.0,2,Tilt Down
457,27,0.04,0.03,1.0,2,Tilt Down
458,28,0.04,0.02,1.0,2,Tilt Down
459,29,0.04,0.02,1.0,2,Tilt Down
460,30,0.04,0.02,1.0,2,Tilt Down
461,31,0.04,0.03,1.01,2,Tilt Down
462,32,0.04,0.03,1.0,2,Tilt Down
463,33,0.04,0.02,1.0,2,Tilt Down
464,34,0.04,0.03,1.0,2,Tilt Down
465,35,0.04,0.02,1.0,2,Tilt Down
466,36,0.04,0.02,1.0,2,Tilt Down
467,37,0.04,0.02,1.0,2,Tilt Down
468,38,0.04,0.02,1.0,2,Tilt Down
469,39,0.04,0.02,1.0,2,Tilt Down
470,40,0.04,0.03,1.0,2,Tilt Down
471,41,0.04,0.02,1.0,2,Tilt Down
472,42,0.04,0.02,1.0,2,Tilt Down
473,43,0.04,0.02,1.0,2,Tilt Down
474,44,0.04,0.02,1.0,2,Tilt Down
475,45,-0.06,0.0,1.01,2,Tilt Down
476,46,-0.08,0.01,1.06,2,Tilt Down
477,47,-0.52,0.09,1.24,2,Tilt Down
478,48,-0.42,0.12,0.99,2,Tilt Down
479,49,-0.64,0.25,0.57,2,Tilt Down
480,50,-0.91,0.3,0.4,2,Tilt Down
481,51,-0.92,0.07,0.35,2,Tilt Down
482,52,-0.99,0.25,0.12,2,Tilt Down
483,53,-1.0,0.2,0.23,2,Tilt Down
484,54,-0.89,0.09,0.51,2,Tilt Down
485,55,-0.77,0.39,0.51,2,Tilt Down
486,56,-0.4,0.36,0.72,2,Tilt Down
487,57,-0.2,0.03,0.73,2,Tilt Down
488,58,-0.01,0.31,1.32,2,Tilt Down
489,59,-0.03,0.26,1.07,2,Tilt Down
490,60,0.02,-0.02,0.89,2,Tilt Down
491,61,0.0,0.05,1.0,2,Tilt Down
492,62,0.03,0.03,1.0,2,Tilt Down
493,63,0.04,0.02,1.0,2,Tilt Down
494,64,0.04,0.02,1.0,2,Tilt Down
495,65,0.04,0.02,1.0,2,Tilt Down
496,66,0.04,0.03,1.0,2,Tilt Down
497,67,0.04,0.02,1.0,2,Tilt Down
498,68,0.07,0.06,1.0,2,Tilt Down
499,69,0.04,0.03,1.0,2,Tilt Down
500,70,0.04,0.03,1.0,2,Tilt Down
501,71,0.04,0.03,1.0,2,Tilt Down
502,72,0.04,0.03,1.0,2,Tilt Down
503,73,0.04,0.03,1.0,2,Tilt Down
504,74,0.04,0.03,1.0,2,Tilt Down
505,75,0.04,0.02,1.0,2,Tilt Down
506,76,0.04,0.02,1.0,2,Tilt Down
507,77,0.04,0.02,1.0,2,Tilt Down
508,78,0.04,0.02,1.0,2,Tilt Down
509,79,0.04,0.03,1.0,2,Tilt Down
510,80,0.04,0.02,1.0,2,Tilt Down
511,81,0.04,0.02,1.0,2,Tilt Down
512,82,0.04,0.02,1.0,2,Tilt Down
513,83,0.04,0.03,1.0,2,Tilt Down
514,84,0.04,0.02,1.0,2,Tilt Down
515,85,0.04,0.02,1.0,2,Tilt Down
516,86,0.04,0.03,1.0,2,Tilt Down
517,87,0.03,0.02,1.0,2,Tilt Down
518,88,0.04,0.02,1.0,2,Tilt Down
519,89,0.04,0.03,1.0,2,Tilt Down
520,90,0.04,0.02,1.0,2,Tilt Down
521,91,0.04,0.02,1.0,2,Tilt Down
522,92,0.0,0.04,1.05,2,Tilt Down
523,93,-0.19,0.08,1.06,2,Tilt Down
524,94,-0.34,0.05,1.22,2,Tilt Down
525,95,-0.55,0.25,0.68,2,Tilt Down
526,96,-0.75,0.13,0.71,2,Tilt Down
527,97,-0.9,0.2,0.33,2,Tilt Down
528,98,-0.92,0.14,0.27,2,Tilt Down
529,99,-0.95,0.16,0.12,2,Tilt Down
530,100,-1.02,0.12,0.2,2,Tilt Down
531,101,-0.96,0.14,0.24,2,Tilt Down
532,102,-0.84,0.07,0.84,2,Tilt Down
533,103,-0.38,0.7,0.59,2,Tilt Down
534,104,-0.09,-0.01,0.66,2,Tilt Down
535,105,-0.1,0.09,1.06,2,Tilt Down
536,106,-0.16,0.04,0.98,2,Tilt Down
537,107,-0.04,0.06,1.0,2,Tilt Down
538,108,0.03,0.0,0.99,2,Tilt Down
539,109,0.04,0.02,1.0,2,Tilt Down
540,110,0.04,0.02,1.0,2,Tilt Down
541,111,0.04,0.03,1.0,2,Tilt Down
542,112,0.04,0.02,1.0,2,Tilt Down
543,113,0.04,0.02,1.0,2,Tilt Down
544,114,0.04,0.03,1.0,2,Tilt Down
545,115,0.04,0.02,1.0,2,Tilt Down
546,116,0.04,0.02,1.0,2,Tilt Down
547,117,0.04,0.03,1.0,2,Tilt Down
548,118,0.04,0.03,1.01,2,Tilt Down
549,119,0.04,0.02,1.0,2,Tilt Down
550,120,0.04,0.02,1.0,2,Tilt Down
551,121,0.04,0.03,1.0,2,Tilt Down
552,122,0.04,0.03,1.0,2,Tilt Down
553,123,0.04,0.02,1.0,2,Tilt Down
554,124,0.04,0.03,1.0,2,Tilt Down
555,125,0.04,0.02,1.0,2,Tilt Down
556,126,0.04,0.02,1.0,2,Tilt Down
557,127,0.04,0.02,1.0,2,Tilt Down
558,128,0.04,0.02,1.0,2,Tilt Down
559,129,0.04,0.02,1.0,2,Tilt Down
560,130,0.04,0.02,1.0,2,Tilt Down
561,131,0.04,0.03,1.0,2,Tilt Down
562,132,0.04,0.02,1.0,2,Tilt Down
563,133,0.04,0.02,1.0,2,Tilt Down
564,134,0.04,0.02,1.0,2,Tilt Down
565,135,0.04,0.03,1.0,2,Tilt Down
566,136,0.04,0.03,1.0,2,Tilt Down
567,137,0.04,0.03,1.0,2,Tilt Down
568,138,0.04,0.03,1.0,2,Tilt Down
569,139,0.04,0.02,1.0,2,Tilt Down
570,140,0.04,-0.14,1.0,2,Tilt Down
571,141,-0.05,0.02,1.02,2,Tilt Down
572,142,-0.11,0.17,1.07,2,Tilt Down
573,143,-0.34,0.09,1.29,2,Tilt Down
574,144,-0.48,0.29,0.82,2,Tilt Down
575,145,-0.62,0.14,0.86,2,Tilt Down
576,146,-0.91,0.2,0.37,2,Tilt Down
577,147,-0.93,0.13,0.26,2,Tilt Down
578,148,-0.93,0.18,0.26,2,Tilt Down
579,149,-1.0,0.14,0.16,2,Tilt Down
580,150,-0.79,0.08,0.41,2,Tilt Down
581,151,-0.71,0.27,0.36,2,Tilt Down
582,152,-0.81,-0.29,1.08,2,Tilt Down
583,153,-0.37,0.38,0.95,2,Tilt Down
584,154,-0.02,0.04,0.77,2,Tilt Down
585,155,-0.04,0.12,1.12,2,Tilt Down
586,156,-0.0,0.11,0.96,2,Tilt Down
587,157,0.01,0.05,1.0,2,Tilt Down
588,158,0.04,0.03,1.0,2,Tilt Down
589,159,0.04,0.02,1.0,2,Tilt Down
590,160,0.04,0.03,1.0,2,Tilt Down
591,161,0.04,0.02,1.0,2,Tilt Down
592,162,0.04,0.02,1.0,2,Tilt Down
593,163,0.04,0.02,1.0,2,Tilt Down
594,164,0.04,0.03,1.0,2,Tilt Down
595,165,0.04,0.02,1.0,2,Tilt Down
596,166,0.04,0.02,1.0,2,Tilt Down
597,167,0.04,0.02,1.0,2,Tilt Down
598,168,0.04,0.03,1.0,2,Tilt Down
599,169,0.04,0.02,1.0,2,Tilt Down
600,170,0.04,0.02,1.0,2,Tilt Down
601,171,0.04,0.02,1.0,2,Tilt Down
602,172,0.04,0.03,1.0,2,Tilt Down
603,173,0.04,0.03,1.0,2,Tilt Down
604,174,0.04,0.03,1.0,2,Tilt Down
605,175,0.04,0.02,1.0,2,Tilt Down
606,176,0.04,0.03,1.0,2,Tilt Down
607,177,0.04,0.02,1.0,2,Tilt Down
608,178,0.04,0.02,1.0,2,Tilt Down
609,179,0.04,0.02,1.0,2,Tilt Down
610,180,0.04,0.03,1.0,2,Tilt Down
611,181,0.04,0.02,1.0,2,Tilt Down
612,182,0.04,0.02,1.0,2,Tilt Down
613,183,0.04,0.02,1.0,2,Tilt Down
614,184,0.04,0.02,1.0,2,Tilt Down
615,185,0.04,0.03,1.0,2,Tilt Down
616,186,0.04,0.03,1.0,2,Tilt Down
617,187,0.04,0.03,1.0,2,Tilt Down
618,188,0.04,0.02,1.0,2,Tilt Down
619,189,0.04,0.03,1.0,2,Tilt Down
620,190,0.05,0.07,1.0,2,Tilt Down
621,191,0.01,0.0,1.02,2,Tilt Down
622,192,-0.15,0.06,1.07,2,Tilt Down
623,193,-0.2,0.11,1.13,2,Tilt Down
624,194,-0.5,0.34,0.65,2,Tilt Down
625,195,-0.65,0.27,0.65,2,Tilt Down
626,196,-0.82,0.14,0.5,2,Tilt Down
627,197,-0.91,0.21,0.27,2,Tilt Down
628,198,-0.96,0.21,0.23,2,Tilt Down
629,199,-0.98,0.23,0.12,2,Tilt Down
630,200,-0.91,0.14,0.37,2,Tilt Down
631,201,-0.89,0.2,0.36,2,Tilt Down
632,202,-0.55,0.43,0.69,2,Tilt Down
633,203,-0.29,0.12,0.95,2,Tilt Down
634,204,-0.16,0.02,0.92,2,Tilt Down
635,205,-0.07,0.12,1.25,2,Tilt Down
636,206,-0.06,0.18,0.89,2,Tilt Down
637,207,-0.03,0.09,0.98,2,Tilt Down
638,208,0.03,0.04,1.0,2,Tilt Down
639,209,0.08,0.0,0.96,2,Tilt Down
640,210,0.04,0.03,1.0,2,Tilt Down
641,211,0.04,0.03,1.0,2,Tilt Down
642,212,0.04,0.03,1.0,2,Tilt Down
643,213,0.04,0.02,1.0,2,Tilt Down
644,214,0.04,0.02,1.0,2,Tilt Down
645,215,0.04,0.02,1.0,2,Tilt Down
646,216,0.04,0.03,1.0,2,Tilt Down
647,217,0.04,0.02,1.0,2,Tilt Down
648,218,0.04,0.03,1.0,2,Tilt Down
649,219,0.04,0.03,1.0,2,Tilt Down
650,220,0.04,0.02,1.0,2,Tilt Down
651,221,0.04,0.02,1.0,2,Tilt Down
652,222,0.04,0.03,1.0,2,Tilt Down
653,223,0.04,0.02,1.0,2,Tilt Down
654,224,0.04,0.03,1.0,2,Tilt Down
655,225,0.04,0.02,1.0,2,Tilt Down
656,226,0.03,0.02,1.0,2,Tilt Down
657,227,0.04,0.03,1.0,2,Tilt Down
658,228,0.04,0.03,1.0,2,Tilt Down
659,229,0.04,0.03,1.0,2,Tilt Down
660,230,0.04,0.03,1.0,2,Tilt Down
661,231,0.04,0.03,1.0,2,Tilt Down
662,232,0.04,0.03,1.0,2,Tilt Down
663,233,0.04,0.02,1.0,2,Tilt Down
664,234,0.04,0.03,1.0,2,Tilt Down
665,235,0.04,0.02,1.0,2,Tilt Down
666,236,0.04,0.03,1.0,2,Tilt Down
667,237,0.04,0.02,1.0,2,Tilt Down
668,238,0.04,0.03,1.0,2,Tilt Down
669,239,0.04,0.03,1.0,2,Tilt Down
670,240,0.04,0.02,1.0,2,Tilt Down
671,241,0.0,-0.01,1.02,2,Tilt Down
672,242,-0.17,0.0,1.06,2,Tilt Down
673,243,-0.39,0.09,0.77,2,Tilt Down
674,244,-0.41,0.09,0.62,2,Tilt Down
675,245,-0.64,0.03,0.73,2,Tilt Down
676,246,-0.66,0.09,0.64,2,Tilt Down
677,247,-0.91,0.25,0.35,2,Tilt Down
678,248,-0.95,0.25,0.14,2,Tilt Down
679,249,-0.94,0.08,0.15,2,Tilt Down
680,250,-0.92,0.14,0.3,2,Tilt Down
681,251,-0.9,0.31,0.22,2,Tilt Down
682,252,-0.56,-0.04,0.88,2,Tilt Down
683,253,-0.38,0.93,0.9,2,Tilt Down
684,254,-0.23,-0.08,0.69,2,Tilt Down
685,255,-0.03,0.13,1.12,2,Tilt Down
686,256,-0.08,0.08,0.98,2,Tilt Down
687,257,-0.05,0.09,0.99,2,Tilt Down
688,258,-0.0,0.05,1.01,2,Tilt Down
689,259,0.09,-0.03,0.99,2,Tilt Down
690,260,0.04,0.03,1.0,2,Tilt Down
691,261,0.04,0.02,1.0,2,Tilt Down
692,262,0.04,0.03,1.0,2,Tilt Down
693,263,0.04,0.02,1.0,2,Tilt Down
694,264,0.04,0.02,1.0,2,Tilt Down
695,265,0.04,0.03,1.0,2,Tilt Down
696,266,0.04,0.02,1.0,2,Tilt Down
697,267,0.04,0.03,1.0,2,Tilt Down
698,268,0.04,0.02,1.0,2,Tilt Down
699,269,0.04,0.02,1.0,2,Tilt Down
700,270,0.04,0.03,1.0,2,Tilt Down
701,271,0.04,0.02,1.0,2,Tilt Down
702,272,0.04,0.02,1.0,2,Tilt Down
703,273,0.04,0.02,1.0,2,Tilt Down
704,274,0.04,0.02,1.0,2,Tilt Down
705,275,0.04,0.02,1.0,2,Tilt Down
706,276,0.04,0.02,1.0,2,Tilt Down
707,277,0.04,0.03,1.0,2,Tilt Down
708,278,0.04,0.03,1.0,2,Tilt Down
709,279,0.04,0.03,1.0,2,Tilt Down
710,280,0.04,0.03,1.0,2,Tilt Down
711,281,0.04,0.02,1.0,2,Tilt Down
712,282,0.04,0.02,1.0,2,Tilt Down
713,283,0.04,0.02,1.0,2,Tilt Down
714,284,0.04,0.02,1.0,2,Tilt Down
715,285,0.04,0.02,1.0,2,Tilt Down
716,286,0.04,0.03,1.0,2,Tilt Down
717,287,0.04,0.03,1.0,2,Tilt Down
718,288,0.04,0.02,1.0,2,Tilt Down
719,289,-0.01,0.08,1.03,2,Tilt Down
720,290,-0.02,-0.01,1.0,2,Tilt Down
721,291,-0.2,0.09,1.25,2,Tilt Down
722,292,-0.35,0.15,0.73,2,Tilt Down
723,293,-0.55,0.23,0.76,2,Tilt Down
724,294,-0.64,0.25,0.48,2,Tilt Down
725,295,-0.87,0.2,0.38,2,Tilt Down
726,296,-1.0,0.29,0.16,2,Tilt Down
727,297,-0.93,0.17,0.06,2,Tilt Down
728,298,-0.92,0.16,0.32,2,Tilt Down
729,299,-0.97,0.08,0.26,2,Tilt Down
730,300,-0.54,0.21,0.82,2,Tilt Down
731,301,-0.73,0.43,0.86,2,Tilt Down
732,302,-0.13,0.23,0.94,2,Tilt Down
733,303,-0.23,0.0,0.99,2,Tilt Down
734,304,0.05,-0.06,1.09,2,Tilt Down
735,305,0.01,0.01,1.05,2,Tilt Down
736,306,0.03,0.07,0.98,2,Tilt Down
737,307,0.03,0.03,1.03,2,Tilt Down
738,308,0.02,0.02,0.98,2,Tilt Down
739,309,0.04,0.02,1.01,2,Tilt Down
740,310,0.04,0.02,1.0,2,Tilt Down
741,311,0.05,0.02,1.0,2,Tilt Down
742,312,0.04,0.02,1.0,2,Tilt Down
743,313,0.04,0.03,1.0,2,Tilt Down
744,314,0.04,0.03,1.0,2,Tilt Down
745,315,0.04,0.02,1.0,2,Tilt Down
746,316,0.04,0.03,1.0,2,Tilt Down
747,317,0.04,0.02,1.0,2,Tilt Down
748,318,0.04,0.03,1.0,2,Tilt Down
749,319,0.04,0.02,1.0,2,Tilt Down
750,320,0.04,0.03,1.0,2,Tilt Down
751,321,0.04,0.02,1.0,2,Tilt Down
752,322,0.04,0.03,1.0,2,Tilt Down
753,323,0.04,0.02,1.0,2,Tilt Down
754,324,0.04,0.03,1.0,2,Tilt Down
755,325,0.04,0.02,1.0,2,Tilt Down
756,326,0.04,0.02,1.0,2,Tilt Down
757,327,0.04,0.02,1.01,2,Tilt Down
758,328,0.04,0.02,1.0,2,Tilt Down
759,329,0.04,0.02,1.0,2,Tilt Down
760,330,0.04,0.02,1.0,2,Tilt Down
761,331,0.04,0.03,1.0,2,Tilt Down
762,332,0.04,0.03,1.0,2,Tilt Down
763,333,0.04,0.03,1.0,2,Tilt Down
764,334,0.04,0.02,1.0,2,Tilt Down
765,335,0.04,0.03,1.0,2,Tilt Down
766,336,0.04,0.03,1.01,2,Tilt Down
767,337,-0.0,0.15,1.0,2,Tilt Down
768,338,0.07,-0.07,1.14,2,Tilt Down
769,339,-0.27,0.2,1.02,2,Tilt Down
770,340,-0.36,0.16,0.61,2,Tilt Down
771,341,-0.58,0.23,0.64,2,Tilt Down
772,342,-0.76,0.26,0.52,2,Tilt Down
773,343,-0.85,0.15,0.65,2,Tilt Down
774,344,-0.91,0.15,0.22,2,Tilt Down
775,345,-0.97,0.18,0.09,2,Tilt Down
776,346,-0.88,0.15,0.48,2,Tilt Down
777,347,-0.98,0.23,0.62,2,Tilt Down
778,348,-0.59,0.25,0.61,2,Tilt Down
779,349,-0.53,-0.18,0.71,2,Tilt Down
780,350,-0.15,0.41,0.91,2,Tilt Down
781,351,-0.06,0.15,1.2,2,Tilt Down
782,352,-0.06,0.03,1.11,2,Tilt Down
783,353,-0.05,0.0,0.93,2,Tilt Down
784,354,0.02,0.03,1.0,2,Tilt Down
785,355,0.07,0.07,1.13,2,Tilt Down
786,356,0.04,0.02,1.0,2,Tilt Down
787,357,0.04,0.03,1.0,2,Tilt Down
788,358,0.04,0.02,1.0,2,Tilt Down
789,359,0.04,0.02,1.0,2,Tilt Down
790,360,0.04,0.02,1.0,2,Tilt Down
791,361,0.04,0.03,1.0,2,Tilt Down
792,362,0.03,0.03,1.0,2,Tilt Down
793,363,0.04,0.02,1.0,2,Tilt Down
794,364,0.04,0.03,1.0,2,Tilt Down
795,365,0.04,0.02,1.0,2,Tilt Down
796,366,0.04,0.02,1.0,2,Tilt Down
797,367,0.04,0.02,1.0,2,Tilt Down
798,368,0.04,0.02,1.0,2,Tilt Down
799,369,0.04,0.02,1.0,2,Tilt Down
800,370,0.04,0.03,1.0,2,Tilt Down
801,371,0.04,0.02,1.0,2,Tilt Down
802,372,0.04,0.02,1.0,2,Tilt Down
803,373,0.04,0.02,1.0,2,Tilt Down
804,374,0.04,0.02,1.0,2,Tilt Down
805,375,0.04,0.03,1.0,2,Tilt Down
806,376,0.04,0.02,1.0,2,Tilt Down
807,377,0.04,0.03,1.0,2,Tilt Down
808,378,0.04,0.02,1.0,2,Tilt Down
809,379,0.04,0.02,1.0,2,Tilt Down
810,380,0.04,0.03,1.01,2,Tilt Down
811,381,0.04,0.02,1.0,2,Tilt Down
812,382,0.04,0.02,1.0,2,Tilt Down
813,383,0.04,0.03,1.0,2,Tilt Down
814,384,0.04,0.03,1.0,2,Tilt Down
815,385,0.04,0.02,1.0,2,Tilt Down
816,386,0.04,0.02,1.0,2,Tilt Down
817,0,0.04,0.02,1.0,3,Tilt Down
818,1,0.04,0.03,1.0,3,Tilt Down
819,2,0.04,0.03,1.0,3,Tilt Down
820,3,0.04,0.02,1.0,3,Tilt Down
821,4,0.04,0.02,1.0,3,Tilt Down
822,5,0.04,0.03,1.0,3,Tilt Down
823,6,0.04,0.02,1.0,3,Tilt Down
824,7,0.04,0.03,1.0,3,Tilt Down
825,8,0.04,0.02,1.0,3,Tilt Down
826,9,0.04,0.03,1.0,3,Tilt Down
827,10,0.04,0.03,1.0,3,Tilt Down
828,11,0.04,0.02,1.0,3,Tilt Down
829,12,0.04,0.02,1.0,3,Tilt Down
830,13,0.04,0.03,1.0,3,Tilt Down
831,14,0.04,0.02,1.0,3,Tilt Down
832,15,0.04,0.03,1.0,3,Tilt Down
833,16,0.04,0.02,1.0,3,Tilt Down
834,17,0.04,0.03,1.0,3,Tilt Down
835,18,0.04,0.03,1.0,3,Tilt Down
836,19,0.04,0.02,1.0,3,Tilt Down
837,20,0.04,0.02,1.0,3,Tilt Down
838,21,0.04,0.03,1.0,3,Tilt Down
839,22,0.04,0.02,1.0,3,Tilt Down
840,23,0.04,0.02,1.0,3,Tilt Down
841,24,0.04,0.02,1.0,3,Tilt Down
842,25,0.04,0.02,1.0,3,Tilt Down
843,26,0.04,0.02,1.0,3,Tilt Down
844,27,0.04,0.03,1.0,3,Tilt Down
845,28,0.04,0.03,1.0,3,Tilt Down
846,29,0.04,0.02,1.0,3,Tilt Down
847,30,0.04,0.03,1.0,3,Tilt Down
848,31,0.04,0.02,1.0,3,Tilt Down
849,32,0.04,0.03,1.0,3,Tilt Down
850,33,0.04,0.03,1.0,3,Tilt Down
851,34,0.04,0.02,1.0,3,Tilt Down
852,35,0.04,0.02,1.0,3,Tilt Down
853,36,0.04,0.03,1.0,3,Tilt Down
854,37,0.04,0.02,1.0,3,Tilt Down
855,38,0.04,0.02,1.0,3,Tilt Down
856,39,0.04,0.02,1.0,3,Tilt Down
857,40,0.04,0.03,1.0,3,Tilt Down
858,41,0.04,0.03,1.0,3,Tilt Down
859,42,0.04,0.03,1.0,3,Tilt Down
860,43,0.03,0.02,1.0,3,Tilt Down
861,44,0.0,0.02,1.04,3,Tilt Down
862,45,-0.1,0.06,1.01,3,Tilt Down
863,46,-0.22,0.09,1.0,3,Tilt Down
864,47,-0.25,0.09,0.95,3,Tilt Down
865,48,-0.28,0.14,1.0,3,Tilt Down
866,49,-0.36,0.11,0.88,3,Tilt Down
867,50,-0.4,0.1,0.89,3,Tilt Down
868,51,-0.45,0.12,0.87,3,Tilt Down
869,52,-0.49,0.08,0.89,3,Tilt Down
870,53,-0.46,0.12,0.87,3,Tilt Down
871,54,-0.44,0.11,0.91,3,Tilt Down
872,55,-0.43,0.09,0.89,3,Tilt Down
873,56,-0.32,0.13,0.92,3,Tilt Down
874,57,-0.16,0.0,1.0,3,Tilt Down
875,58,-0.11,0.12,1.0,3,Tilt Down
876,59,-0.05,0.08,1.02,3,Tilt Down
877,60,0.0,0.02,1.01,3,Tilt Down
878,61,0.03,0.04,1.04,3,Tilt Down
879,62,0.03,0.03,1.0,3,Tilt Down
880,63,0.04,0.02,1.0,3,Tilt Down
881,64,0.04,0.02,1.0,3,Tilt Down
882,65,0.03,0.02,1.0,3,Tilt Down
883,66,0.04,0.02,1.0,3,Tilt Down
884,67,0.04,0.02,1.0,3,Tilt Down
885,68,0.04,0.03,1.0,3,Tilt Down
886,69,0.04,0.03,1.0,3,Tilt Down
887,70,0.04,0.03,1.0,3,Tilt Down
888,71,0.04,0.03,1.0,3,Tilt Down
889,72,0.04,0.03,1.0,3,Tilt Down
890,73,0.04,0.03,1.0,3,Tilt Down
891,74,0.04,0.03,1.0,3,Tilt Down
892,75,0.04,0.03,1.0,3,Tilt Down
893,76,0.04,0.02,1.0,3,Tilt Down
894,77,0.04,0.03,1.0,3,Tilt Down
895,78,0.04,0.02,1.0,3,Tilt Down
896,79,0.04,0.02,1.0,3,Tilt Down
897,80,0.04,0.02,1.0,3,Tilt Down
898,81,0.04,0.03,1.0,3,Tilt Down
899,82,0.04,0.02,1.0,3,Tilt Down
900,83,0.04,0.03,1.0,3,Tilt Down
901,84,0.04,0.03,1.0,3,Tilt Down
902,85,0.04,0.03,1.0,3,Tilt Down
903,86,0.03,0.03,1.0,3,Tilt Down
904,87,0.04,0.03,1.0,3,Tilt Down
905,88,0.04,0.02,1.0,3,Tilt Down
906,89,0.04,0.02,1.0,3,Tilt Down
907,90,0.03,0.03,1.0,3,Tilt Down
908,91,0.03,0.03,1.0,3,Tilt Down
909,92,0.01,0.04,1.0,3,Tilt Down
910,93,-0.03,0.02,1.01,3,Tilt Down
911,94,-0.09,0.02,1.01,3,Tilt Down
912,95,-0.18,0.04,0.97,3,Tilt Down
913,96,-0.23,0.1,1.09,3,Tilt Down
914,97,-0.27,0.11,0.93,3,Tilt Down
915,98,-0.37,0.05,1.02,3,Tilt Down
916,99,-0.43,0.12,0.91,3,Tilt Down
917,100,-0.41,0.09,0.8,3,Tilt Down
918,101,-0.49,0.09,0.87,3,Tilt Down
919,102,-0.48,0.09,0.88,3,Tilt Down
920,103,-0.51,0.07,0.85,3,Tilt Down
921,104,-0.51,0.09,0.83,3,Tilt Down
922,105,-0.49,0.09,0.84,3,Tilt Down
923,106,-0.45,0.11,0.85,3,Tilt Down
924,107,-0.41,0.16,0.96,3,Tilt Down
925,108,-0.29,0.04,0.94,3,Tilt Down
926,109,-0.23,0.06,0.87,3,Tilt Down
927,110,-0.14,0.11,1.09,3,Tilt Down
928,111,-0.07,0.06,0.99,3,Tilt Down
929,112,-0.06,0.04,1.06,3,Tilt Down
930,113,0.0,0.02,1.0,3,Tilt Down
931,114,0.02,0.04,1.0,3,Tilt Down
932,115,0.04,0.03,1.0,3,Tilt Down
933,116,0.04,0.02,1.01,3,Tilt Down
934,117,0.04,0.02,1.0,3,Tilt Down
935,118,0.04,0.03,1.0,3,Tilt Down
936,119,0.04,0.03,1.0,3,Tilt Down
937,120,0.04,0.03,1.0,3,Tilt Down
938,121,0.04,0.02,1.0,3,Tilt Down
939,122,0.04,0.02,1.0,3,Tilt Down
940,123,0.04,0.02,1.0,3,Tilt Down
941,124,0.04,0.03,1.0,3,Tilt Down
942,125,0.04,0.03,1.0,3,Tilt Down
943,126,0.04,0.03,1.0,3,Tilt Down
944,127,0.04,0.03,1.0,3,Tilt Down
945,128,0.04,0.02,1.0,3,Tilt Down
946,129,0.04,0.02,1.0,3,Tilt Down
947,130,0.04,0.03,1.0,3,Tilt Down
948,131,0.04,0.03,1.0,3,Tilt Down
949,132,0.04,0.03,1.0,3,Tilt Down
950,133,0.04,0.03,1.0,3,Tilt Down
951,134,0.04,0.02,1.0,3,Tilt Down
952,135,0.04,0.02,1.0,3,Tilt Down
953,136,0.04,0.02,1.0,3,Tilt Down
954,137,0.04,0.02,1.0,3,Tilt Down
955,138,0.04,0.03,1.0,3,Tilt Down
956,139,0.04,0.03,1.0,3,Tilt Down
957,140,0.04,0.03,1.0,3,Tilt Down
958,141,0.04,0.02,1.0,3,Tilt Down
959,142,0.04,0.03,1.0,3,Tilt Down
960,143,0.03,0.01,1.0,3,Tilt Down
961,144,0.03,0.03,1.05,3,Tilt Down
962,145,-0.05,0.03,1.08,3,Tilt Down
963,146,-0.15,0.06,0.88,3,Tilt Down
964,147,-0.23,0.1,0.88,3,Tilt Down
965,148,-0.26,0.12,1.0,3,Tilt Down
966,149,-0.29,0.09,0.92,3,Tilt Down
967,150,-0.36,0.06,0.86,3,Tilt Down
968,151,-0.37,0.09,0.92,3,Tilt Down
969,152,-0.41,0.09,0.94,3,Tilt Down
970,153,-0.42,0.1,0.86,3,Tilt Down
971,154,-0.42,0.1,0.91,3,Tilt Down
972,155,-0.46,0.11,0.83,3,Tilt Down
973,156,-0.48,0.08,0.89,3,Tilt Down
974,157,-0.52,0.09,0.85,3,Tilt Down
975,158,-0.54,0.1,0.84,3,Tilt Down
976,159,-0.54,0.09,0.81,3,Tilt Down
977,160,-0.56,0.07,0.84,3,Tilt Down
978,161,-0.53,0.09,0.8,3,Tilt Down
979,162,-0.41,0.08,0.91,3,Tilt Down
980,163,-0.34,0.12,1.04,3,Tilt Down
981,164,-0.18,0.06,0.95,3,Tilt Down
982,165,-0.04,0.05,0.93,3,Tilt Down
983,166,-0.0,0.16,0.93,3,Tilt Down
984,167,-0.03,0.06,1.04,3,Tilt Down
985,168,0.04,0.05,1.0,3,Tilt Down
986,169,0.04,0.03,1.0,3,Tilt Down
987,170,0.0,0.04,1.01,3,Tilt Down
988,171,0.04,0.03,1.0,3,Tilt Down
989,172,0.04,0.02,1.0,3,Tilt Down
990,173,0.04,0.03,1.0,3,Tilt Down
991,174,0.04,0.02,1.0,3,Tilt Down
992,175,0.04,0.03,1.0,3,Tilt Down
993,176,0.04,0.03,1.0,3,Tilt Down
994,177,0.03,0.03,1.0,3,Tilt Down
995,178,0.04,0.02,1.0,3,Tilt Down
996,179,0.04,0.02,1.0,3,Tilt Down
997,180,0.04,0.02,1.0,3,Tilt Down
998,181,0.04,0.03,1.0,3,Tilt Down
999,182,0.04,0.03,1.0,3,Tilt Down
1000,183,0.04,0.03,1.0,3,Tilt Down
1001,184,0.04,0.03,1.0,3,Tilt Down
1002,185,0.04,0.03,1.0,3,Tilt Down
1003,186,0.04,0.03,1.0,3,Tilt Down
1004,187,0.04,0.03,1.0,3,Tilt Down
1005,188,0.04,0.02,1.0,3,Tilt Down
1006,189,0.04,0.02,1.0,3,Tilt Down
1007,190,0.04,0.03,1.0,3,Tilt Down
1008,191,0.04,0.03,1.0,3,Tilt Down
1009,192,0.04,0.03,1.0,3,Tilt Down
1010,193,0.04,0.02,1.0,3,Tilt Down
1011,194,0.04,0.02,1.0,3,Tilt Down
1012,195,0.04,0.02,1.0,3,Tilt Down
1013,196,0.04,0.03,1.0,3,Tilt Down
1014,197,0.04,0.03,1.0,3,Tilt Down
1015,198,0.04,0.02,1.0,3,Tilt Down
1016,199,0.04,0.03,1.0,3,Tilt Down
1017,200,0.03,0.03,1.0,3,Tilt Down
1018,201,-0.05,0.03,1.04,3,Tilt Down
1019,202,-0.18,0.03,0.95,3,Tilt Down
1020,203,-0.26,0.09,0.79,3,Tilt Down
1021,204,-0.39,0.11,0.99,3,Tilt Down
1022,205,-0.41,0.11,0.88,3,Tilt Down
1023,206,-0.48,0.04,0.79,3,Tilt Down
1024,207,-0.55,0.11,0.87,3,Tilt Down
1025,208,-0.62,0.07,0.79,3,Tilt Down
1026,209,-0.65,0.05,0.75,3,Tilt Down
1027,210,-0.65,0.06,0.76,3,Tilt Down
1028,211,-0.66,0.05,0.71,3,Tilt Down
1029,212,-0.66,0.05,0.75,3,Tilt Down
1030,213,-0.64,0.06,0.77,3,Tilt Down
1031,214,-0.69,0.05,0.7,3,Tilt Down
1032,215,-0.68,0.07,0.71,3,Tilt Down
1033,216,-0.69,0.06,0.7,3,Tilt Down
1034,217,-0.56,0.06,0.71,3,Tilt Down
1035,218,-0.37,0.04,0.88,3,Tilt Down
1036,219,-0.2,0.09,0.95,3,Tilt Down
1037,220,-0.13,-0.02,1.09,3,Tilt Down
1038,221,-0.04,0.04,0.99,3,Tilt Down
1039,222,0.03,0.05,1.0,3,Tilt Down
1040,223,0.03,0.02,1.0,3,Tilt Down
1041,224,0.04,0.02,1.0,3,Tilt Down
1042,225,0.04,0.02,1.0,3,Tilt Down
1043,226,0.04,0.02,1.0,3,Tilt Down
1044,227,0.04,0.02,1.0,3,Tilt Down
1045,228,0.04,0.02,1.0,3,Tilt Down
1046,229,0.04,0.02,1.0,3,Tilt Down
1047,230,0.04,0.03,1.0,3,Tilt Down
1048,231,0.04,0.02,1.0,3,Tilt Down
1049,232,0.04,0.03,1.0,3,Tilt Down
1050,233,0.04,0.02,1.0,3,Tilt Down
1051,234,0.04,0.03,1.0,3,Tilt Down
1052,235,0.04,0.03,1.0,3,Tilt Down
1053,236,0.04,0.03,1.0,3,Tilt Down
1054,237,0.04,0.02,1.0,3,Tilt Down
1055,238,0.04,0.02,1.0,3,Tilt Down
1056,239,0.03,0.02,1.0,3,Tilt Down
1057,240,0.04,0.03,1.0,3,Tilt Down
1058,241,0.04,0.02,1.0,3,Tilt Down
1059,242,0.04,0.03,1.0,3,Tilt Down
1060,243,0.04,0.03,1.0,3,Tilt Down
1061,244,0.04,0.03,1.0,3,Tilt Down
1062,245,0.04,0.02,1.0,3,Tilt Down
1063,246,0.04,0.03,1.0,3,Tilt Down
1064,247,0.04,0.02,1.0,3,Tilt Down
1065,248,0.04,0.03,1.0,3,Tilt Down
1066,249,0.04,0.02,1.0,3,Tilt Down
1067,250,0.04,0.03,1.0,3,Tilt Down
1068,251,0.04,0.03,1.0,3,Tilt Down
1069,252,0.03,0.03,1.0,3,Tilt Down
1070,253,0.04,0.02,1.0,3,Tilt Down
1071,254,0.04,0.03,1.0,3,Tilt Down
1072,255,0.04,0.03,1.0,3,Tilt Down
1073,256,0.04,0.02,1.0,3,Tilt Down
1074,257,0.04,0.03,1.0,3,Tilt Down
1075,258,0.01,0.06,1.0,3,Tilt Down
1076,259,0.02,0.08,1.07,3,Tilt Down
1077,260,-0.12,0.08,0.93,3,Tilt Down
1078,261,-0.24,0.13,1.02,3,Tilt Down
1079,262,-0.32,0.09,0.89,3,Tilt Down
1080,263,-0.45,0.1,0.88,3,Tilt Down
1081,264,-0.51,0.06,0.87,3,Tilt Down
1082,265,-0.57,0.05,0.74,3,Tilt Down
1083,266,-0.66,0.08,0.74,3,Tilt Down
1084,267,-0.68,0.07,0.73,3,Tilt Down
1085,268,-0.71,0.07,0.72,3,Tilt Down
1086,269,-0.73,0.08,0.7,3,Tilt Down
1087,270,-0.72,0.05,0.68,3,Tilt Down
1088,271,-0.73,0.05,0.67,3,Tilt Down
1089,272,-0.72,0.07,0.66,3,Tilt Down
1090,273,-0.69,0.05,0.73,3,Tilt Down
1091,274,-0.61,0.12,0.6,3,Tilt Down
1092,275,-0.52,0.04,0.93,3,Tilt Down
1093,276,-0.25,0.07,0.89,3,Tilt Down
1094,277,-0.13,0.07,1.06,3,Tilt Down
1095,278,-0.05,0.09,0.99,3,Tilt Down
1096,279,0.0,0.02,1.01,3,Tilt Down
1097,280,0.02,0.04,1.02,3,Tilt Down
1098,281,0.07,0.01,1.0,3,Tilt Down
1099,282,0.04,0.03,1.0,3,Tilt Down
1100,283,0.04,0.02,1.0,3,Tilt Down
1101,284,0.04,0.02,1.0,3,Tilt Down
1102,285,0.04,0.02,1.0,3,Tilt Down
1103,286,0.04,0.03,1.0,3,Tilt Down
1104,287,0.04,0.02,1.0,3,Tilt Down
1105,288,0.04,0.03,1.0,3,Tilt Down
1106,289,0.04,0.02,1.0,3,Tilt Down
1107,290,0.04,0.03,1.0,3,Tilt Down
1108,291,0.04,0.02,1.0,3,Tilt Down
1109,292,0.04,0.02,1.0,3,Tilt Down
1110,293,0.04,0.02,1.0,3,Tilt Down
1111,294,0.04,0.03,1.0,3,Tilt Down
1112,295,0.04,0.02,1.0,3,Tilt Down
1113,296,0.04,0.02,1.0,3,Tilt Down
1114,297,0.04,0.02,1.0,3,Tilt Down
1115,298,0.04,0.02,1.0,3,Tilt Down
1116,299,0.04,0.03,1.0,3,Tilt Down
1117,300,0.04,0.03,1.0,3,Tilt Down
1118,301,0.04,0.03,1.0,3,Tilt Down
1119,302,0.04,0.03,1.0,3,Tilt Down
1120,303,0.04,0.03,1.0,3,Tilt Down
1121,304,0.04,0.03,1.0,3,Tilt Down
1122,305,0.04,0.03,1.0,3,Tilt Down
1123,306,0.03,0.02,1.0,3,Tilt Down
1124,307,0.04,0.03,1.0,3,Tilt Down
1125,308,0.04,0.03,1.0,3,Tilt Down
1126,309,0.04,0.02,1.0,3,Tilt Down
1127,310,0.04,0.02,1.0,3,Tilt Down
1128,311,0.07,0.04,1.0,3,Tilt Down
1129,312,-0.0,0.07,1.08,3,Tilt Down
1130,313,-0.15,0.04,1.01,3,Tilt Down
1131,314,-0.28,0.05,0.82,3,Tilt Down
1132,315,-0.41,0.11,0.95,3,Tilt Down
1133,316,-0.47,0.07,0.87,3,Tilt Down
1134,317,-0.5,0.09,0.8,3,Tilt Down
1135,318,-0.56,0.07,0.81,3,Tilt Down
1136,319,-0.59,0.07,0.78,3,Tilt Down
1137,320,-0.61,0.09,0.75,3,Tilt Down
1138,321,-0.59,0.1,0.77,3,Tilt Down
1139,322,-0.64,0.06,0.79,3,Tilt Down
1140,323,-0.6,0.09,0.78,3,Tilt Down
1141,324,-0.52,0.09,0.79,3,Tilt Down
1142,325,-0.4,0.1,0.84,3,Tilt Down
1143,326,-0.17,0.02,0.93,3,Tilt Down
1144,327,0.0,0.01,1.03,3,Tilt Down
1145,328,0.02,0.05,1.06,3,Tilt Down
1146,329,0.02,0.02,1.01,3,Tilt Down
1147,330,0.03,0.02,1.0,3,Tilt Down
1148,331,0.03,0.03,1.0,3,Tilt Down
1149,332,0.04,0.03,1.0,3,Tilt Down
1150,333,0.04,0.03,1.0,3,Tilt Down
1151,334,0.04,0.03,1.0,3,Tilt Down
1152,335,0.04,0.02,1.0,3,Tilt Down
1153,336,0.04,0.02,1.0,3,Tilt Down
1154,337,0.04,0.02,1.0,3,Tilt Down
1155,338,0.04,0.03,1.0,3,Tilt Down
1156,339,0.04,0.02,1.0,3,Tilt Down
1157,340,0.04,0.03,1.0,3,Tilt Down
1158,341,0.04,0.02,1.0,3,Tilt Down
1159,342,0.04,0.02,1.0,3,Tilt Down
1160,343,0.04,0.03,1.0,3,Tilt Down
1161,344,0.04,0.03,1.0,3,Tilt Down
1162,345,0.04,0.03,1.0,3,Tilt Down
1163,346,0.04,0.03,1.0,3,Tilt Down
1164,347,0.04,0.03,1.0,3,Tilt Down
1165,348,0.04,0.03,1.0,3,Tilt Down
1166,349,0.04,0.03,1.0,3,Tilt Down
1167,350,0.04,0.02,1.0,3,Tilt Down
1168,351,0.04,0.03,1.0,3,Tilt Down
1169,352,0.04,0.02,1.0,3,Tilt Down
1170,353,0.04,0.03,1.0,3,Tilt Down
1171,354,0.04,0.03,1.0,3,Tilt Down
1172,355,0.04,0.03,1.0,3,Tilt Down
1173,356,0.04,0.02,1.0,3,Tilt Down
1174,357,0.04,0.03,1.0,3,Tilt Down
1175,358,0.04,0.03,1.0,3,Tilt Down
1176,359,0.04,0.03,1.0,3,Tilt Down
1177,360,0.04,0.03,1.0,3,Tilt Down
1178,361,0.05,0.03,1.0,3,Tilt Down
1179,362,0.02,0.03,1.04,3,Tilt Down
1180,363,-0.11,0.07,1.0,3,Tilt Down
1181,364,-0.25,0.03,1.05,3,Tilt Down
1182,365,-0.35,0.05,0.93,3,Tilt Down
1183,366,-0.42,0.11,0.89,3,Tilt Down
1184,367,-0.52,0.03,0.79,3,Tilt Down
1185,368,-0.62,0.11,0.77,3,Tilt Down
1186,369,-0.7,0.02,0.72,3,Tilt Down
1187,370,-0.68,0.03,0.71,3,Tilt Down
1188,371,-0.73,0.04,0.66,3,Tilt Down
1189,372,-0.73,0.02,0.68,3,Tilt Down
1190,373,-0.7,0.04,0.7,3,Tilt Down
1191,374,-0.57,0.08,0.68,3,Tilt Down
1192,375,-0.53,0.11,0.77,3,Tilt Down
1193,376,-0.26,-0.02,0.83,3,Tilt Down
1194,377,-0.12,0.07,1.15,3,Tilt Down
1195,378,-0.04,0.07,1.05,3,Tilt Down
1196,379,-0.01,0.04,1.11,3,Tilt Down
1197,380,0.03,0.02,1.0,3,Tilt Down
1198,381,0.02,0.03,1.0,3,Tilt Down
1199,382,0.1,0.02,1.0,3,Tilt Down
1200,383,0.04,0.02,1.0,3,Tilt Down
1201,384,0.04,0.03,1.0,3,Tilt Down
1202,385,0.04,0.03,1.0,3,Tilt Down
1203,386,0.04,0.02,1.0,3,Tilt Down
1204,387,0.04,0.03,1.0,3,Tilt Down
1205,388,0.04,0.03,1.0,3,Tilt Down
1206,389,0.04,0.03,1.0,3,Tilt Down
1207,390,0.04,0.02,1.0,3,Tilt Down
1208,391,0.04,0.03,1.0,3,Tilt Down
1209,392,0.04,0.03,1.0,3,Tilt Down
1210,393,0.04,0.03,1.0,3,Tilt Down
1211,394,0.04,0.02,1.0,3,Tilt Down
1212,395,0.04,0.03,1.0,3,Tilt Down
1213,396,0.04,0.02,1.0,3,Tilt Down
1214,397,0.04,0.03,1.0,3,Tilt Down
1215,398,0.04,0.02,1.0,3,Tilt Down
1216,399,0.04,0.03,1.0,3,Tilt Down
1217,400,0.04,0.02,1.0,3,Tilt Down
1218,401,0.04,0.02,1.0,3,Tilt Down
1219,402,0.04,0.02,1.0,3,Tilt Down
1220,403,0.04,0.02,1.0,3,Tilt Down
1221,404,0.04,0.02,1.0,3,Tilt Down
1222,405,0.04,0.03,1.0,3,Tilt Down
1223,406,0.04,0.02,1.0,3,Tilt Down
1224,407,0.04,0.03,1.01,3,Tilt Down
1225,408,0.04,0.03,1.0,3,Tilt Down
1226,409,0.04,0.03,1.0,3,Tilt Down
1227,410,0.04,0.02,1.0,3,Tilt Down
1228,411,0.04,0.03,1.0,3,Tilt Down
1229,412,0.05,0.03,1.0,3,Tilt Down
1230,413,0.04,0.03,1.01,3,Tilt Down
1231,414,-0.11,0.07,0.96,3,Tilt Down
1232,415,-0.2,0.12,0.89,3,Tilt Down
1233,416,-0.36,0.06,0.93,3,Tilt Down
1234,417,-0.46,0.09,0.82,3,Tilt Down
1235,418,-0.58,0.07,0.8,3,Tilt Down
1236,419,-0.64,0.08,0.75,3,Tilt Down
1237,420,-0.67,0.09,0.71,3,Tilt Down
1238,421,-0.73,0.11,0.68,3,Tilt Down
1239,422,-0.72,0.05,0.66,3,Tilt Down
1240,423,-0.72,0.05,0.66,3,Tilt Down
1241,424,-0.72,0.06,0.66,3,Tilt Down
1242,425,-0.67,0.07,0.72,3,Tilt Down
1243,426,-0.59,0.12,0.79,3,Tilt Down
1244,427,-0.4,-0.08,0.85,3,Tilt Down
1245,428,-0.13,0.22,1.03,3,Tilt Down
1246,429,-0.02,0.08,1.14,3,Tilt Down
1247,430,0.0,0.02,0.89,3,Tilt Down
1248,431,0.01,0.03,1.0,3,Tilt Down
1249,432,0.05,0.03,1.01,3,Tilt Down
1250,433,0.03,0.02,1.01,3,Tilt Down
1251,434,0.04,0.03,1.0,3,Tilt Down
1252,435,0.04,0.02,1.0,3,Tilt Down
1253,436,0.04,0.02,1.0,3,Tilt Down
1254,437,0.04,0.02,1.0,3,Tilt Down
1255,438,0.04,0.03,1.0,3,Tilt Down
1256,439,0.04,0.02,1.0,3,Tilt Down
1257,440,0.04,0.02,1.0,3,Tilt Down
1258,441,0.04,0.03,1.0,3,Tilt Down
1259,442,0.04,0.03,1.0,3,Tilt Down
1260,443,0.04,0.03,1.0,3,Tilt Down
1261,444,0.04,0.02,1.0,3,Tilt Down
1262,445,0.04,0.03,1.0,3,Tilt Down
1263,446,0.04,0.02,1.0,3,Tilt Down
1264,447,0.04,0.02,1.0,3,Tilt Down
1265,448,0.04,0.03,1.0,3,Tilt Down
1266,449,0.04,0.02,1.0,3,Tilt Down
1267,450,0.04,0.03,1.0,3,Tilt Down
1268,451,0.04,0.03,1.0,3,Tilt Down
1269,452,0.04,0.02,1.0,3,Tilt Down
1270,453,0.04,0.02,1.0,3,Tilt Down
1271,454,0.04,0.02,1.0,3,Tilt Down
1272,455,0.03,0.03,1.0,3,Tilt Down
1273,456,0.04,0.03,1.0,3,Tilt Down
1274,457,0.04,0.03,1.0,3,Tilt Down
1275,458,0.04,0.03,1.0,3,Tilt Down
1276,459,0.04,0.03,1.0,3,Tilt Down
1277,460,0.04,0.02,1.0,3,Tilt Down
1278,461,0.04,0.03,1.0,3,Tilt Down
1279,462,0.04,0.03,1.0,3,Tilt Down
1280,463,0.04,0.03,1.0,3,Tilt Down
1281,464,0.0,0.04,1.0,3,Tilt Down
1282,465,-0.02,0.07,1.08,3,Tilt Down
1283,466,-0.17,0.09,0.86,3,Tilt Down
1284,467,-0.33,0.09,0.84,3,Tilt Down
1285,468,-0.43,0.12,0.88,3,Tilt Down
1286,469,-0.57,0.07,0.82,3,Tilt Down
1287,470,-0.65,0.16,0.69,3,Tilt Down
1288,471,-0.74,0.1,0.69,3,Tilt Down
1289,472,-0.74,0.09,0.61,3,Tilt Down
1290,473,-0.76,0.1,0.64,3,Tilt Down
1291,474,-0.77,0.06,0.6,3,Tilt Down
1292,475,-0.76,0.07,0.62,3,Tilt Down
1293,476,-0.68,0.08,0.75,3,Tilt Down
1294,477,-0.68,0.14,0.67,3,Tilt Down
1295,478,-0.28,0.11,1.0,3,Tilt Down
1296,479,-0.24,0.04,0.89,3,Tilt Down
1297,480,-0.01,0.07,1.09,3,Tilt Down
1298,481,-0.02,0.0,1.0,3,Tilt Down
1299,482,0.03,0.01,1.01,3,Tilt Down
1300,483,0.04,0.03,1.0,3,Tilt Down
1301,484,0.04,0.02,1.0,3,Tilt Down
1302,485,0.04,0.02,1.0,3,Tilt Down
1303,486,0.04,0.03,1.0,3,Tilt Down
1304,487,0.04,0.02,1.0,3,Tilt Down
1305,488,0.04,0.03,1.0,3,Tilt Down
1306,489,0.04,0.02,1.0,3,Tilt Down
1307,490,0.04,0.02,1.0,3,Tilt Down
1308,491,0.04,0.03,1.0,3,Tilt Down
1309,492,0.04,0.03,1.0,3,Tilt Down
1310,493,0.04,0.03,1.0,3,Tilt Down
1311,494,0.04,0.03,1.0,3,Tilt Down
1312,495,0.04,0.02,1.0,3,Tilt Down
1313,496,0.04,0.03,1.0,3,Tilt Down
1314,497,0.04,0.02,1.0,3,Tilt Down
1315,498,0.04,0.03,1.0,3,Tilt Down
1316,499,0.04,0.02,1.0,3,Tilt Down
1317,500,0.04,0.02,1.0,3,Tilt Down
1318,501,0.04,0.03,1.0,3,Tilt Down
1319,502,0.04,0.03,1.0,3,Tilt Down
1320,503,0.04,0.02,1.0,3,Tilt Down
1321,504,0.04,0.03,1.0,3,Tilt Down
1322,505,0.04,0.02,1.0,3,Tilt Down
1323,506,0.04,0.02,1.0,3,Tilt Down
1324,507,0.04,0.02,1.0,3,Tilt Down
1325,508,0.04,0.03,1.0,3,Tilt Down
1326,509,0.04,0.03,1.0,3,Tilt Down
1327,510,0.04,0.03,1.0,3,Tilt Down
1328,511,0.04,0.03,1.0,3,Tilt Down
1329,512,0.04,0.03,1.0,3,Tilt Down
1330,513,0.04,0.03,1.0,3,Tilt Down
1331,514,0.04,0.03,1.0,3,Tilt Down
1332,515,0.04,0.03,1.0,3,Tilt Down
1333,516,0.02,0.02,1.01,3,Tilt Down
1334,517,-0.07,0.03,1.03,3,Tilt Down
1335,518,-0.26,0.04,1.14,3,Tilt Down
1336,519,-0.37,0.09,0.84,3,Tilt Down
1337,520,-0.53,0.14,0.93,3,Tilt Down
1338,521,-0.55,0.14,0.75,3,Tilt Down
1339,522,-0.65,0.11,0.71,3,Tilt Down
1340,523,-0.73,0.06,0.68,3,Tilt Down
1341,524,-0.77,0.07,0.63,3,Tilt Down
1342,525,-0.78,0.08,0.63,3,Tilt Down
1343,526,-0.78,0.08,0.57,3,Tilt Down
1344,527,-0.76,0.08,0.6,3,Tilt Down
1345,528,-0.75,0.07,0.66,3,Tilt Down
1346,529,-0.73,0.12,0.51,3,Tilt Down
1347,530,-0.59,0.16,0.77,3,Tilt Down
1348,531,-0.3,0.06,0.9,3,Tilt Down
1349,532,0.0,0.16,1.0,3,Tilt Down
1350,533,-0.06,0.0,1.04,3,Tilt Down
1351,534,0.01,0.04,0.99,3,Tilt Down
1352,535,0.02,0.04,1.0,3,Tilt Down
1353,536,0.04,0.02,1.0,3,Tilt Down
1354,537,0.04,0.03,1.0,3,Tilt Down
1355,538,0.04,0.02,1.0,3,Tilt Down
1356,539,0.04,0.03,1.0,3,Tilt Down
1357,540,0.04,0.03,1.0,3,Tilt Down
1358,541,0.04,0.03,1.0,3,Tilt Down
1359,542,0.04,0.02,1.0,3,Tilt Down
1360,543,0.04,0.03,1.0,3,Tilt Down
1361,544,0.04,0.02,1.0,3,Tilt Down
1362,545,0.04,0.02,1.0,3,Tilt Down
1363,546,0.04,0.03,1.0,3,Tilt Down
1364,547,0.04,0.02,1.0,3,Tilt Down
1365,548,0.04,0.02,1.0,3,Tilt Down
1366,549,0.04,0.02,1.0,3,Tilt Down
1367,550,0.04,0.03,1.0,3,Tilt Down
1368,551,0.04,0.02,1.0,3,Tilt Down
1369,552,0.04,0.03,1.0,3,Tilt Down
1370,553,0.04,0.02,1.0,3,Tilt Down
1371,554,0.04,0.03,1.0,3,Tilt Down
1372,555,0.04,0.02,1.0,3,Tilt Down
1373,556,0.04,0.03,1.0,3,Tilt Down
1374,557,0.04,0.03,1.0,3,Tilt Down
1375,558,0.04,0.03,1.0,3,Tilt Down
1376,559,0.04,0.03,1.0,3,Tilt Down
1377,560,0.04,0.02,1.0,3,Tilt Down
1378,561,0.04,0.02,1.0,3,Tilt Down
1379,0,0.04,0.05,1.0,4,Tilt Down
1380,1,0.04,0.05,1.0,4,Tilt Down
1381,2,0.04,0.05,1.0,4,Tilt Down
1382,3,0.04,0.04,1.0,4,Tilt Down
1383,4,0.04,0.05,1.0,4,Tilt Down
1384,5,0.04,0.05,1.0,4,Tilt Down
1385,6,0.03,0.05,1.0,4,Tilt Down
1386,7,0.04,0.05,1.0,4,Tilt Down
1387,8,0.04,0.05,1.0,4,Tilt Down
1388,9,0.04,0.05,1.0,4,Tilt Down
1389,10,0.04,0.05,1.0,4,Tilt Down
1390,11,0.04,0.04,1.0,4,Tilt Down
1391,12,0.04,0.05,1.0,4,Tilt Down
1392,13,0.04,0.04,1.0,4,Tilt Down
1393,14,0.04,0.05,1.0,4,Tilt Down
1394,15,0.04,0.05,1.0,4,Tilt Down
1395,16,0.04,0.05,1.0,4,Tilt Down
1396,17,0.04,0.04,1.0,4,Tilt Down
1397,18,0.04,0.05,1.0,4,Tilt Down
1398,19,0.04,0.05,1.0,4,Tilt Down
1399,20,0.04,0.05,1.0,4,Tilt Down
1400,21,0.04,0.04,1.0,4,Tilt Down
1401,22,0.04,0.05,1.0,4,Tilt Down
1402,23,0.04,0.05,1.0,4,Tilt Down
1403,24,0.04,0.05,1.0,4,Tilt Down
1404,25,0.04,0.05,1.0,4,Tilt Down
1405,26,0.04,0.05,1.0,4,Tilt Down
1406,27,0.04,0.05,1.0,4,Tilt Down
1407,28,0.04,0.05,1.0,4,Tilt Down
1408,29,0.04,0.05,1.0,4,Tilt Down
1409,30,0.04,0.05,1.0,4,Tilt Down
1410,31,0.04,0.05,1.0,4,Tilt Down
1411,32,0.04,0.05,1.0,4,Tilt Down
1412,33,0.04,0.05,1.0,4,Tilt Down
1413,34,0.04,0.04,1.0,4,Tilt Down
1414,35,0.04,0.05,1.0,4,Tilt Down
1415,36,0.04,0.05,1.0,4,Tilt Down
1416,37,0.04,0.05,1.0,4,Tilt Down
1417,38,0.04,0.05,1.0,4,Tilt Down
1418,39,0.04,0.05,1.0,4,Tilt Down
1419,40,0.03,0.05,1.0,4,Tilt Down
1420,41,0.02,0.03,1.07,4,Tilt Down
1421,42,-0.07,0.13,0.98,4,Tilt Down
1422,43,-0.12,0.08,1.04,4,Tilt Down
1423,44,-0.15,0.06,1.0,4,Tilt Down
1424,45,-0.23,0.04,0.95,4,Tilt Down
1425,46,-0.29,0.05,1.02,4,Tilt Down
1426,47,-0.41,0.11,0.98,4,Tilt Down
1427,48,-0.47,0.04,0.84,4,Tilt Down
1428,49,-0.54,0.15,0.9,4,Tilt Down
1429,50,-0.66,0.03,1.14,4,Tilt Down
1430,51,-0.58,0.07,0.8,4,Tilt Down
1431,52,-0.53,0.07,0.89,4,Tilt Down
1432,53,-0.38,0.09,0.89,4,Tilt Down
1433,54,-0.16,0.09,0.97,4,Tilt Down
1434,55,-0.1,0.07,0.97,4,Tilt Down
1435,56,0.07,-0.01,0.99,4,Tilt Down
1436,57,0.05,0.04,0.88,4,Tilt Down
1437,58,0.12,0.08,0.91,4,Tilt Down
1438,59,0.05,0.01,1.04,4,Tilt Down
1439,60,0.01,-0.01,1.05,4,Tilt Down
1440,61,0.0,-0.08,1.03,4,Tilt Down
1441,62,0.03,0.01,0.94,4,Tilt Down
1442,63,0.05,0.05,1.0,4,Tilt Down
1443,64,0.04,0.04,1.0,4,Tilt Down
1444,65,0.03,0.05,1.0,4,Tilt Down
1445,66,0.04,0.05,1.0,4,Tilt Down
1446,67,0.04,0.05,1.0,4,Tilt Down
1447,68,0.04,0.04,1.0,4,Tilt Down
1448,69,0.04,0.04,1.0,4,Tilt Down
1449,70,0.04,0.05,1.01,4,Tilt Down
1450,71,0.04,0.05,1.0,4,Tilt Down
1451,72,0.04,0.05,1.0,4,Tilt Down
1452,73,0.04,0.05,1.0,4,Tilt Down
1453,74,0.04,0.05,1.0,4,Tilt Down
1454,75,0.04,0.05,1.02,4,Tilt Down
1455,76,0.03,0.05,1.0,4,Tilt Down
1456,77,0.04,0.05,1.0,4,Tilt Down
1457,78,0.04,0.05,1.0,4,Tilt Down
1458,79,0.04,0.05,1.0,4,Tilt Down
1459,80,0.04,0.05,1.0,4,Tilt Down
1460,81,0.04,0.04,1.0,4,Tilt Down
1461,82,0.04,0.05,1.0,4,Tilt Down
1462,83,0.05,0.05,0.91,4,Tilt Down
1463,84,0.04,0.04,1.0,4,Tilt Down
1464,85,0.03,0.05,1.0,4,Tilt Down
1465,86,0.04,0.04,1.0,4,Tilt Down
1466,87,0.04,0.05,1.0,4,Tilt Down
1467,88,0.05,0.04,0.97,4,Tilt Down
1468,89,0.04,0.05,1.0,4,Tilt Down
1469,90,0.04,0.05,1.0,4,Tilt Down
1470,91,0.04,0.05,1.0,4,Tilt Down
1471,92,0.04,0.05,1.0,4,Tilt Down
1472,93,0.04,0.05,0.99,4,Tilt Down
1473,94,0.04,0.05,1.0,4,Tilt Down
1474,95,0.04,0.05,1.0,4,Tilt Down
1475,96,0.04,0.04,1.0,4,Tilt Down
1476,97,0.04,0.05,1.0,4,Tilt Down
1477,98,0.05,0.03,1.0,4,Tilt Down
1478,99,0.03,0.05,1.02,4,Tilt Down
1479,100,-0.06,0.08,1.2,4,Tilt Down
1480,101,-0.02,0.07,1.0,4,Tilt Down
1481,102,0.0,0.0,0.98,4,Tilt Down
1482,103,0.05,0.01,0.95,4,Tilt Down
1483,104,-0.01,0.05,0.91,4,Tilt Down
1484,105,-0.13,0.01,0.93,4,Tilt Down
1485,106,-0.28,0.04,1.06,4,Tilt Down
1486,107,-0.41,0.1,0.89,4,Tilt Down
1487,108,-0.5,0.09,0.88,4,Tilt Down
1488,109,-0.56,0.11,0.79,4,Tilt Down
1489,110,-0.51,0.11,0.83,4,Tilt Down
1490,111,-0.55,0.15,0.97,4,Tilt Down
1491,112,-0.42,0.15,0.83,4,Tilt Down
1492,113,-0.19,0.08,1.02,4,Tilt Down
1493,114,-0.06,0.02,0.94,4,Tilt Down
1494,115,0.02,0.05,0.95,4,Tilt Down
1495,116,0.02,0.05,0.98,4,Tilt Down
1496,117,0.0,0.05,1.04,4,Tilt Down
1497,118,-0.02,-0.07,1.56,4,Tilt Down
1498,119,0.06,0.05,1.05,4,Tilt Down
1499,120,0.04,0.05,1.0,4,Tilt Down
1500,121,0.02,0.06,1.0,4,Tilt Down
1501,122,0.04,0.05,1.0,4,Tilt Down
1502,123,0.04,0.04,1.0,4,Tilt Down
1503,124,0.04,0.05,1.0,4,Tilt Down
1504,125,0.04,0.05,1.0,4,Tilt Down
1505,126,0.04,0.04,1.0,4,Tilt Down
1506,127,0.04,0.05,1.0,4,Tilt Down
1507,128,0.04,0.05,1.0,4,Tilt Down
1508,129,0.04,0.05,1.0,4,Tilt Down
1509,130,0.04,0.05,1.0,4,Tilt Down
1510,131,0.04,0.05,1.0,4,Tilt Down
1511,132,0.04,0.05,1.0,4,Tilt Down
1512,133,0.04,0.05,1.0,4,Tilt Down
1513,134,0.04,0.05,1.0,4,Tilt Down
1514,135,0.04,0.04,1.0,4,Tilt Down
1515,136,0.04,0.05,1.0,4,Tilt Down
1516,137,0.04,0.05,1.0,4,Tilt Down
1517,138,0.04,0.05,1.0,4,Tilt Down
1518,139,0.04,0.04,1.0,4,Tilt Down
1519,140,0.04,0.05,1.0,4,Tilt Down
1520,141,0.04,0.05,1.0,4,Tilt Down
1521,142,0.04,0.05,1.0,4,Tilt Down
1522,143,0.04,0.04,1.0,4,Tilt Down
1523,144,0.04,0.05,1.0,4,Tilt Down
1524,145,0.04,0.05,1.0,4,Tilt Down
1525,146,0.04,0.05,1.0,4,Tilt Down
1526,147,0.04,0.06,1.0,4,Tilt Down
1527,148,0.04,0.05,1.0,4,Tilt Down
1528,149,0.04,0.04,1.0,4,Tilt Down
1529,150,0.04,0.05,1.0,4,Tilt Down
1530,151,0.04,0.05,1.0,4,Tilt Down
1531,152,0.04,0.05,1.0,4,Tilt Down
1532,153,0.01,0.05,1.02,4,Tilt Down
1533,154,-0.02,-0.04,1.06,4,Tilt Down
1534,155,-0.03,0.0,0.91,4,Tilt Down
1535,156,-0.01,0.02,1.0,4,Tilt Down
1536,157,0.03,0.06,0.99,4,Tilt Down
1537,158,0.03,0.04,0.99,4,Tilt Down
1538,159,0.03,0.05,0.89,4,Tilt Down
1539,160,-0.04,0.11,0.95,4,Tilt Down
1540,161,-0.16,0.01,0.98,4,Tilt Down
1541,162,-0.32,0.04,0.99,4,Tilt Down
1542,163,-0.49,0.08,0.86,4,Tilt Down
1543,164,-0.55,0.15,0.88,4,Tilt Down
1544,165,-0.63,0.06,0.78,4,Tilt Down
1545,166,-0.63,0.11,0.77,4,Tilt Down
1546,167,-0.66,0.1,0.73,4,Tilt Down
1547,168,-0.67,0.14,0.7,4,Tilt Down
1548,169,-0.48,0.07,0.92,4,Tilt Down
1549,170,-0.33,0.08,0.9,4,Tilt Down
1550,171,-0.12,0.04,1.0,4,Tilt Down
1551,172,-0.05,0.03,0.91,4,Tilt Down
1552,173,0.02,0.04,0.9,4,Tilt Down
1553,174,0.03,0.01,1.0,4,Tilt Down
1554,175,-0.01,-0.0,1.05,4,Tilt Down
1555,176,-0.0,-0.0,1.09,4,Tilt Down
1556,177,0.02,-0.0,0.94,4,Tilt Down
1557,178,0.03,0.03,0.98,4,Tilt Down
1558,179,0.02,0.01,0.98,4,Tilt Down
1559,180,0.04,0.04,1.0,4,Tilt Down
1560,181,0.04,0.04,1.0,4,Tilt Down
1561,182,0.04,0.05,1.0,4,Tilt Down
1562,183,0.04,0.05,1.0,4,Tilt Down
1563,184,0.04,0.05,1.0,4,Tilt Down
1564,185,0.04,0.04,1.0,4,Tilt Down
1565,186,0.04,0.05,1.0,4,Tilt Down
1566,187,0.03,0.05,1.0,4,Tilt Down
1567,188,0.04,0.05,1.0,4,Tilt Down
1568,189,0.04,0.05,1.0,4,Tilt Down
1569,190,0.04,0.05,1.0,4,Tilt Down
1570,191,0.04,0.05,1.0,4,Tilt Down
1571,192,0.04,0.05,1.0,4,Tilt Down
1572,193,0.04,0.04,1.0,4,Tilt Down
1573,194,0.04,0.04,1.0,4,Tilt Down
1574,195,0.04,0.05,1.0,4,Tilt Down
1575,196,0.04,0.05,1.0,4,Tilt Down
1576,197,0.04,0.04,1.0,4,Tilt Down
1577,198,0.04,0.05,1.0,4,Tilt Down
1578,199,0.04,0.05,1.0,4,Tilt Down
1579,200,0.04,0.05,1.0,4,Tilt Down
1580,201,0.04,0.04,1.0,4,Tilt Down
1581,202,0.04,0.04,1.0,4,Tilt Down
1582,203,0.04,0.05,1.0,4,Tilt Down
1583,204,0.04,0.05,1.0,4,Tilt Down
1584,205,0.04,0.05,1.0,4,Tilt Down
1585,206,0.04,0.05,1.0,4,Tilt Down
1586,207,0.04,0.05,1.0,4,Tilt Down
1587,208,0.04,0.05,1.0,4,Tilt Down
1588,209,0.04,0.05,1.0,4,Tilt Down
1589,210,0.06,0.03,1.03,4,Tilt Down
1590,211,-0.08,0.04,1.11,4,Tilt Down
1591,212,-0.02,0.07,0.95,4,Tilt Down
1592,213,0.01,0.01,0.98,4,Tilt Down
1593,214,0.02,-0.01,0.94,4,Tilt Down
1594,215,0.02,0.03,1.02,4,Tilt Down
1595,216,0.04,0.03,0.95,4,Tilt Down
1596,217,0.02,0.07,0.91,4,Tilt Down
1597,218,-0.05,0.03,0.96,4,Tilt Down
1598,219,-0.22,0.06,1.02,4,Tilt Down
1599,220,-0.37,0.05,1.04,4,Tilt Down
1600,221,-0.49,0.11,0.87,4,Tilt Down
1601,222,-0.59,0.04,0.84,4,Tilt Down
1602,223,-0.68,0.1,0.76,4,Tilt Down
1603,224,-0.71,0.15,0.64,4,Tilt Down
1604,225,-0.75,0.12,0.63,4,Tilt Down
1605,226,-0.75,0.12,0.63,4,Tilt Down
1606,227,-0.72,0.13,0.71,4,Tilt Down
1607,228,-0.61,0.04,0.95,4,Tilt Down
1608,229,-0.57,0.11,0.86,4,Tilt Down
1609,230,-0.39,-0.02,1.06,4,Tilt Down
1610,231,-0.15,0.02,0.89,4,Tilt Down
1611,232,-0.01,0.0,0.96,4,Tilt Down
1612,233,0.05,-0.01,0.95,4,Tilt Down
1613,234,0.06,-0.01,1.0,4,Tilt Down
1614,235,0.05,-0.01,0.96,4,Tilt Down
1615,236,0.07,0.0,1.0,4,Tilt Down
1616,237,0.06,-0.02,0.95,4,Tilt Down
1617,238,0.02,0.1,1.06,4,Tilt Down
1618,239,0.03,0.02,1.07,4,Tilt Down
1619,240,0.03,0.04,1.03,4,Tilt Down
1620,241,-0.02,0.03,0.96,4,Tilt Down
1621,242,0.07,0.14,0.89,4,Tilt Down
1622,243,-0.04,0.04,1.06,4,Tilt Down
1623,244,0.03,0.05,1.02,4,Tilt Down
1624,245,0.03,0.1,1.02,4,Tilt Down
1625,246,0.04,0.04,1.0,4,Tilt Down
1626,247,0.04,0.05,1.0,4,Tilt Down
1627,248,0.04,0.05,1.0,4,Tilt Down
1628,249,0.04,0.05,1.0,4,Tilt Down
1629,250,0.03,0.05,1.0,4,Tilt Down
1630,251,0.04,0.05,1.0,4,Tilt Down
1631,252,0.04,0.05,1.0,4,Tilt Down
1632,253,0.04,0.05,1.0,4,Tilt Down
1633,254,0.04,0.05,1.0,4,Tilt Down
1634,255,0.04,0.05,1.0,4,Tilt Down
1635,256,0.04,0.05,1.0,4,Tilt Down
1636,257,0.04,0.05,1.0,4,Tilt Down
1637,258,0.04,0.05,1.0,4,Tilt Down
1638,259,0.04,0.05,1.0,4,Tilt Down
1639,260,0.04,0.05,1.0,4,Tilt Down
1640,261,0.04,0.05,1.0,4,Tilt Down
1641,262,0.04,0.05,1.0,4,Tilt Down
1642,263,0.04,0.04,1.0,4,Tilt Down
1643,264,0.04,0.05,1.0,4,Tilt Down
1644,265,0.04,0.05,1.0,4,Tilt Down
1645,266,0.04,0.05,1.0,4,Tilt Down
1646,267,0.04,0.05,1.0,4,Tilt Down
1647,268,0.04,0.05,1.0,4,Tilt Down
1648,269,0.04,0.05,1.0,4,Tilt Down
1649,270,0.04,0.05,1.0,4,Tilt Down
1650,271,0.04,0.04,1.0,4,Tilt Down
1651,272,0.04,0.04,1.0,4,Tilt Down
1652,273,0.04,0.05,1.0,4,Tilt Down
1653,274,0.04,0.05,1.0,4,Tilt Down
1654,275,0.04,0.05,1.0,4,Tilt Down
1655,276,0.04,0.04,1.0,4,Tilt Down
1656,277,0.04,0.04,1.0,4,Tilt Down
1657,278,0.04,0.05,1.0,4,Tilt Down
1658,279,0.04,0.05,1.0,4,Tilt Down
1659,280,0.04,0.04,1.0,4,Tilt Down
1660,281,0.04,0.05,1.0,4,Tilt Down
1661,282,0.04,0.05,1.0,4,Tilt Down
1662,283,0.03,0.05,1.0,4,Tilt Down
1663,284,0.04,0.05,1.0,4,Tilt Down
1664,285,0.03,0.05,1.01,4,Tilt Down
1665,286,-0.01,0.05,1.03,4,Tilt Down
1666,287,-0.05,0.05,1.06,4,Tilt Down
1667,288,-0.03,0.02,0.95,4,Tilt Down
1668,289,0.01,0.09,0.94,4,Tilt Down
1669,290,0.02,0.0,1.0,4,Tilt Down
1670,291,0.07,0.04,0.96,4,Tilt Down
1671,292,0.13,0.05,0.93,4,Tilt Down
1672,293,0.16,0.1,0.9,4,Tilt Down
1673,294,0.1,0.07,0.92,4,Tilt Down
1674,295,0.0,0.07,0.94,4,Tilt Down
1675,296,-0.15,0.07,0.98,4,Tilt Down
1676,297,-0.32,0.08,0.97,4,Tilt Down
1677,298,-0.46,0.16,0.9,4,Tilt Down
1678,299,-0.54,0.1,0.82,4,Tilt Down
1679,300,-0.68,0.09,0.79,4,Tilt Down
1680,301,-0.74,0.18,0.65,4,Tilt Down
1681,302,-0.82,0.16,0.55,4,Tilt Down
1682,303,-0.77,0.15,0.59,4,Tilt Down
1683,304,-0.8,0.15,0.57,4,Tilt Down
1684,305,-0.71,0.14,0.64,4,Tilt Down
1685,306,-0.64,0.05,0.83,4,Tilt Down
1686,307,-0.56,0.03,0.83,4,Tilt Down
1687,308,-0.33,0.11,0.78,4,Tilt Down
1688,309,-0.22,-0.0,0.96,4,Tilt Down
1689,310,-0.19,0.07,0.97,4,Tilt Down
1690,311,-0.08,-0.04,0.95,4,Tilt Down
1691,312,-0.04,0.01,1.1,4,Tilt Down
1692,313,-0.01,0.09,1.02,4,Tilt Down
1693,314,0.02,0.0,0.97,4,Tilt Down
1694,315,0.06,0.06,0.95,4,Tilt Down
1695,316,0.04,0.07,0.98,4,Tilt Down
1696,317,0.02,0.08,1.02,4,Tilt Down
1697,318,0.05,0.06,1.01,4,Tilt Down
1698,319,0.04,0.05,1.0,4,Tilt Down
1699,320,0.04,0.05,1.0,4,Tilt Down
1700,321,0.04,0.05,1.0,4,Tilt Down
1701,322,0.04,0.05,1.0,4,Tilt Down
1702,323,0.03,0.05,1.0,4,Tilt Down
1703,324,0.04,0.05,1.0,4,Tilt Down
1704,325,0.04,0.05,1.0,4,Tilt Down
1705,326,0.04,0.04,1.0,4,Tilt Down
1706,327,0.03,0.05,1.0,4,Tilt Down
1707,328,0.04,0.05,1.0,4,Tilt Down
1708,329,0.04,0.05,1.0,4,Tilt Down
1709,330,0.04,0.05,1.0,4,Tilt Down
1710,331,0.04,0.04,1.0,4,Tilt Down
1711,332,0.04,0.04,1.0,4,Tilt Down
1712,333,0.04,0.05,1.0,4,Tilt Down
1713,334,0.04,0.05,1.0,4,Tilt Down
1714,335,0.04,0.05,1.0,4,Tilt Down
1715,336,0.04,0.05,1.0,4,Tilt Down
1716,337,0.04,0.05,1.0,4,Tilt Down
1717,338,0.04,0.04,1.0,4,Tilt Down
1718,339,0.04,0.05,1.0,4,Tilt Down
1719,340,0.04,0.05,1.0,4,Tilt Down
1720,341,0.03,0.05,1.0,4,Tilt Down
1721,342,0.04,0.05,1.0,4,Tilt Down
1722,343,0.04,0.05,1.0,4,Tilt Down
1723,344,0.04,0.05,1.0,4,Tilt Down
1724,345,0.04,0.05,1.0,4,Tilt Down
1725,346,0.04,0.05,1.0,4,Tilt Down
1726,347,0.04,0.05,1.0,4,Tilt Down
1727,348,0.04,0.05,1.0,4,Tilt Down
1728,349,0.04,0.05,1.0,4,Tilt Down
1729,350,0.04,0.05,1.0,4,Tilt Down
1730,351,0.03,0.14,1.01,4,Tilt Down
1731,352,0.02,0.04,1.1,4,Tilt Down
1732,353,0.0,0.09,0.97,4,Tilt Down
1733,354,-0.02,0.14,1.0,4,Tilt Down
1734,355,0.0,0.0,0.94,4,Tilt Down
1735,356,0.01,-0.02,0.96,4,Tilt Down
1736,357,0.02,-0.0,0.96,4,Tilt Down
1737,358,0.03,0.11,1.01,4,Tilt Down
1738,359,0.05,0.05,0.81,4,Tilt Down
1739,360,-0.07,0.09,1.01,4,Tilt Down
1740,361,-0.23,0.11,1.0,4,Tilt Down
1741,362,-0.37,0.11,0.96,4,Tilt Down
1742,363,-0.51,0.08,0.8,4,Tilt Down
1743,364,-0.6,0.09,0.87,4,Tilt Down
1744,365,-0.64,0.13,0.74,4,Tilt Down
1745,366,-0.68,0.15,0.75,4,Tilt Down
1746,367,-0.73,0.13,0.65,4,Tilt Down
1747,368,-0.73,0.11,0.66,4,Tilt Down
1748,369,-0.75,0.11,0.63,4,Tilt Down
1749,370,-0.73,0.09,0.79,4,Tilt Down
1750,371,-0.7,0.03,0.76,4,Tilt Down
1751,372,-0.56,0.02,0.77,4,Tilt Down
1752,373,-0.41,0.0,0.97,4,Tilt Down
1753,374,-0.25,0.04,0.86,4,Tilt Down
1754,375,-0.12,0.0,0.92,4,Tilt Down
1755,376,-0.05,-0.03,0.96,4,Tilt Down
1756,377,-0.04,-0.05,1.06,4,Tilt Down
1757,378,-0.01,-0.01,0.96,4,Tilt Down
1758,379,-0.0,0.09,1.02,4,Tilt Down
1759,380,0.01,0.05,1.05,4,Tilt Down
1760,381,0.04,-0.03,1.09,4,Tilt Down
1761,382,0.07,0.02,0.95,4,Tilt Down
1762,383,0.05,0.05,1.0,4,Tilt Down
1763,384,0.04,0.07,1.02,4,Tilt Down
1764,385,0.04,0.05,1.0,4,Tilt Down
1765,386,0.04,0.05,1.0,4,Tilt Down
1766,387,0.04,0.05,1.0,4,Tilt Down
1767,388,0.04,0.05,1.0,4,Tilt Down
1768,389,0.04,0.04,1.0,4,Tilt Down
1769,390,0.04,0.05,1.0,4,Tilt Down
1770,391,0.04,0.05,1.0,4,Tilt Down
1771,392,0.04,0.05,1.0,4,Tilt Down
1772,393,0.04,0.05,1.0,4,Tilt Down
1773,394,0.04,0.04,1.0,4,Tilt Down
1774,395,0.04,0.05,1.0,4,Tilt Down
1775,396,0.04,0.05,1.0,4,Tilt Down
1776,397,0.04,0.05,1.0,4,Tilt Down
1777,398,0.04,0.05,1.0,4,Tilt Down
1778,399,0.04,0.05,1.0,4,Tilt Down
1779,400,0.03,0.05,1.0,4,Tilt Down
1780,401,0.04,0.05,1.0,4,Tilt Down
1781,402,0.04,0.04,1.0,4,Tilt Down
1782,403,0.04,0.05,1.0,4,Tilt Down
1783,404,0.04,0.05,1.0,4,Tilt Down
1784,405,0.04,0.05,1.0,4,Tilt Down
1785,406,0.03,0.05,1.0,4,Tilt Down
1786,407,0.03,0.05,1.0,4,Tilt Down
1787,408,0.04,0.05,1.0,4,Tilt Down
1788,409,0.04,0.05,1.0,4,Tilt Down
1789,410,0.04,0.05,1.0,4,Tilt Down
1790,411,0.05,0.05,1.01,4,Tilt Down
1791,412,0.02,0.02,1.05,4,Tilt Down
1792,413,-0.01,0.05,0.94,4,Tilt Down
1793,414,0.02,0.13,0.86,4,Tilt Down
1794,415,-0.03,0.0,1.05,4,Tilt Down
1795,416,0.01,-0.01,1.03,4,Tilt Down
1796,417,0.04,0.08,0.96,4,Tilt Down
1797,418,0.06,0.12,0.95,4,Tilt Down
1798,419,0.02,0.13,0.87,4,Tilt Down
1799,420,-0.1,0.1,0.92,4,Tilt Down
1800,421,-0.24,0.08,1.06,4,Tilt Down
1801,422,-0.4,0.09,0.93,4,Tilt Down
1802,423,-0.53,0.1,0.85,4,Tilt Down
1803,424,-0.65,0.1,0.66,4,Tilt Down
1804,425,-0.69,0.17,0.68,4,Tilt Down
1805,426,-0.71,0.14,0.65,4,Tilt Down
1806,427,-0.73,0.14,0.71,4,Tilt Down
1807,428,-0.76,0.13,0.64,4,Tilt Down
1808,429,-0.77,0.13,0.61,4,Tilt Down
1809,430,-0.76,0.13,0.61,4,Tilt Down
1810,431,-0.68,0.2,0.75,4,Tilt Down
1811,432,-0.56,0.02,0.85,4,Tilt Down
1812,433,-0.41,-0.0,0.91,4,Tilt Down
1813,434,-0.26,0.03,0.98,4,Tilt Down
1814,435,-0.09,-0.02,0.93,4,Tilt Down
1815,436,-0.06,0.08,0.87,4,Tilt Down
1816,437,-0.09,0.0,1.0,4,Tilt Down
1817,438,-0.03,-0.04,0.99,4,Tilt Down
1818,439,-0.02,-0.07,0.98,4,Tilt Down
1819,440,0.03,-0.08,1.02,4,Tilt Down
1820,441,-0.11,0.03,1.12,4,Tilt Down
1821,442,0.06,0.03,0.89,4,Tilt Down
1822,443,0.04,0.05,1.02,4,Tilt Down
1823,444,0.04,0.04,1.01,4,Tilt Down
1824,445,0.04,0.04,1.01,4,Tilt Down
1825,446,0.04,0.05,1.0,4,Tilt Down
1826,447,0.04,0.04,1.0,4,Tilt Down
1827,448,0.04,0.05,1.0,4,Tilt Down
1828,449,0.04,0.05,1.01,4,Tilt Down
1829,450,0.04,0.05,1.0,4,Tilt Down
1830,451,0.03,0.05,1.0,4,Tilt Down
1831,452,0.04,0.04,1.0,4,Tilt Down
1832,453,0.03,0.05,1.0,4,Tilt Down
1833,454,0.04,0.05,1.0,4,Tilt Down
1834,455,0.04,0.05,1.0,4,Tilt Down
1835,456,0.04,0.05,1.0,4,Tilt Down
1836,457,0.04,0.05,1.0,4,Tilt Down
1837,458,0.03,0.05,1.0,4,Tilt Down
1838,459,0.04,0.05,1.0,4,Tilt Down
1839,460,0.04,0.05,1.0,4,Tilt Down
1840,461,0.04,0.05,1.0,4,Tilt Down
1841,462,0.04,0.05,1.0,4,Tilt Down
1842,463,0.03,0.05,1.0,4,Tilt Down
1843,464,0.04,0.05,1.0,4,Tilt Down
1844,465,0.04,0.05,1.0,4,Tilt Down
1845,466,0.04,0.05,1.0,4,Tilt Down
1846,467,0.04,0.05,1.0,4,Tilt Down
1847,468,0.04,0.05,1.0,4,Tilt Down
1848,469,0.04,0.05,1.0,4,Tilt Down
1849,470,0.04,0.04,1.0,4,Tilt Down
1850,471,0.04,0.05,1.0,4,Tilt Down
1851,472,0.04,0.05,1.0,4,Tilt Down
1852,473,0.04,0.05,1.0,4,Tilt Down
1853,474,0.04,0.05,1.0,4,Tilt Down
1854,475,0.04,0.05,1.0,4,Tilt Down
1855,476,0.04,0.05,1.0,4,Tilt Down
1856,477,0.04,0.05,1.0,4,Tilt Down
1857,478,0.04,0.05,1.0,4,Tilt Down
1858,479,0.04,0.05,1.0,4,Tilt Down
1859,480,0.04,0.05,1.0,4,Tilt Down
1860,481,0.0,0.04,1.01,4,Tilt Down
1861,482,0.05,0.02,1.05,4,Tilt Down
1862,483,-0.01,0.02,1.0,4,Tilt Down
1863,484,0.01,0.1,1.05,4,Tilt Down
1864,485,0.02,0.09,0.95,4,Tilt Down
1865,486,0.05,0.01,0.92,4,Tilt Down
1866,487,0.04,0.05,1.01,4,Tilt Down
1867,488,0.04,0.08,0.94,4,Tilt Down
1868,489,0.01,0.08,0.88,4,Tilt Down
1869,490,-0.14,0.06,0.93,4,Tilt Down
1870,491,-0.28,0.11,0.99,4,Tilt Down
1871,492,-0.45,0.04,1.0,4,Tilt Down
1872,493,-0.56,0.07,0.81,4,Tilt Down
1873,494,-0.69,0.18,0.7,4,Tilt Down
1874,495,-0.79,0.05,0.73,4,Tilt Down
1875,496,-0.82,0.14,0.5,4,Tilt Down
1876,497,-0.87,0.12,0.48,4,Tilt Down
1877,498,-0.84,0.14,0.5,4,Tilt Down
1878,499,-0.88,0.13,0.42,4,Tilt Down
1879,500,-0.86,0.18,0.54,4,Tilt Down
1880,501,-0.75,0.1,0.64,4,Tilt Down
1881,502,-0.65,0.18,0.65,4,Tilt Down
1882,503,-0.48,0.11,0.83,4,Tilt Down
1883,504,-0.36,0.03,0.91,4,Tilt Down
1884,505,-0.1,0.03,0.88,4,Tilt Down
1885,506,-0.0,-0.07,1.01,4,Tilt Down
1886,507,0.02,-0.01,0.91,4,Tilt Down
1887,508,0.05,-0.02,1.0,4,Tilt Down
1888,509,0.07,0.02,1.03,4,Tilt Down
1889,510,0.07,0.02,1.06,4,Tilt Down
1890,511,0.08,-0.06,1.05,4,Tilt Down
1891,512,0.07,0.01,1.06,4,Tilt Down
1892,513,0.08,-0.01,0.96,4,Tilt Down
1893,514,0.13,0.05,0.96,4,Tilt Down
1894,515,0.09,0.05,0.98,4,Tilt Down
1895,516,0.03,0.05,1.05,4,Tilt Down
1896,517,0.04,0.04,1.0,4,Tilt Down
1897,518,0.04,0.05,1.0,4,Tilt Down
1898,519,0.04,0.05,1.0,4,Tilt Down
1899,520,0.04,0.05,1.0,4,Tilt Down
1900,521,0.03,0.05,1.0,4,Tilt Down
1901,522,0.04,0.05,1.0,4,Tilt Down
1902,523,0.03,0.05,1.0,4,Tilt Down
1903,524,0.04,0.05,1.0,4,Tilt Down
1904,525,0.03,0.05,1.0,4,Tilt Down
1905,526,0.04,0.04,1.0,4,Tilt Down
1906,527,0.03,0.05,1.0,4,Tilt Down
1907,528,0.04,0.05,1.0,4,Tilt Down
1908,529,0.04,0.05,1.0,4,Tilt Down
1909,530,0.04,0.04,1.0,4,Tilt Down
1910,531,0.04,0.05,1.0,4,Tilt Down
1911,532,0.04,0.05,1.0,4,Tilt Down
1912,533,0.04,0.05,1.0,4,Tilt Down
1913,534,0.04,0.05,1.0,4,Tilt Down
1914,535,0.04,0.05,1.0,4,Tilt Down
1915,536,0.04,0.04,1.0,4,Tilt Down
1916,537,0.04,0.05,1.0,4,Tilt Down
1917,538,0.04,0.05,1.0,4,Tilt Down
1918,539,0.04,0.05,1.0,4,Tilt Down
1919,540,0.04,0.05,1.0,4,Tilt Down
1920,541,0.04,0.04,1.0,4,Tilt Down
1921,542,0.03,0.05,1.0,4,Tilt Down
1922,543,0.04,0.05,1.0,4,Tilt Down
1923,544,0.04,0.05,1.0,4,Tilt Down
1924,545,0.04,0.05,1.0,4,Tilt Down
1925,546,0.03,0.05,1.0,4,Tilt Down
1926,547,0.04,0.05,1.0,4,Tilt Down
1927,548,0.04,0.05,1.0,4,Tilt Down
1928,549,0.04,0.04,1.0,4,Tilt Down
1929,550,0.04,0.05,1.0,4,Tilt Down
1930,0,0.04,0.05,1.0,5,Tilt Down
1931,1,0.04,0.05,1.0,5,Tilt Down
1932,2,0.04,0.05,1.0,5,Tilt Down
1933,3,0.04,0.04,1.0,5,Tilt Down
1934,4,0.04,0.05,1.0,5,Tilt Down
1935,5,0.04,0.05,1.0,5,Tilt Down
1936,6,0.04,0.05,1.0,5,Tilt Down
1937,7,0.04,0.05,1.0,5,Tilt Down
1938,8,0.04,0.04,1.0,5,Tilt Down
1939,9,0.04,0.05,1.0,5,Tilt Down
1940,10,0.04,0.04,1.0,5,Tilt Down
1941,11,0.04,0.05,1.0,5,Tilt Down
1942,12,0.04,0.05,1.0,5,Tilt Down
1943,13,0.04,0.04,1.0,5,Tilt Down
1944,14,0.04,0.05,1.0,5,Tilt Down
1945,15,0.04,0.05,1.0,5,Tilt Down
1946,16,0.04,0.05,1.0,5,Tilt Down
1947,17,0.04,0.05,1.0,5,Tilt Down
1948,18,0.04,0.05,1.0,5,Tilt Down
1949,19,0.04,0.05,1.0,5,Tilt Down
1950,20,0.04,0.04,1.0,5,Tilt Down
1951,21,0.04,0.04,1.0,5,Tilt Down
1952,22,0.04,0.04,1.0,5,Tilt Down
1953,23,0.04,0.04,1.0,5,Tilt Down
1954,24,0.04,0.05,1.0,5,Tilt Down
1955,25,0.04,0.05,1.0,5,Tilt Down
1956,26,0.04,0.04,1.0,5,Tilt Down
1957,27,0.04,0.05,1.0,5,Tilt Down
1958,28,0.04,0.04,1.0,5,Tilt Down
1959,29,0.04,0.04,1.0,5,Tilt Down
1960,30,0.04,0.05,1.0,5,Tilt Down
1961,31,0.04,0.05,1.0,5,Tilt Down
1962,32,0.04,0.05,1.0,5,Tilt Down
1963,33,0.04,0.05,1.0,5,Tilt Down
1964,34,0.04,0.04,1.0,5,Tilt Down
1965,35,0.04,0.05,1.0,5,Tilt Down
1966,36,0.04,0.05,1.0,5,Tilt Down
1967,37,0.04,0.04,1.0,5,Tilt Down
1968,38,0.04,0.05,1.01,5,Tilt Down
1969,39,0.04,0.05,1.0,5,Tilt Down
1970,40,0.04,0.04,1.0,5,Tilt Down
1971,41,0.04,0.03,1.01,5,Tilt Down
1972,42,-0.09,0.09,1.07,5,Tilt Down
1973,43,-0.2,0.16,1.23,5,Tilt Down
1974,44,-0.23,0.05,0.82,5,Tilt Down
1975,45,-0.47,0.15,0.8,5,Tilt Down
1976,46,-0.63,0.19,1.0,5,Tilt Down
1977,47,-0.6,0.19,0.96,5,Tilt Down
1978,48,-0.73,0.01,0.86,5,Tilt Down
1979,49,-0.66,0.14,0.98,5,Tilt Down
1980,50,-0.66,0.1,0.8,5,Tilt Down
1981,51,-0.57,0.04,0.84,5,Tilt Down
1982,52,-0.43,0.05,0.66,5,Tilt Down
1983,53,-0.11,0.11,0.86,5,Tilt Down
1984,54,-0.12,0.01,0.98,5,Tilt Down
1985,55,0.02,-0.1,1.12,5,Tilt Down
1986,56,-0.01,0.1,1.01,5,Tilt Down
1987,57,0.09,0.0,1.04,5,Tilt Down
1988,58,0.07,0.02,0.99,5,Tilt Down
1989,59,0.06,0.07,1.12,5,Tilt Down
1990,60,0.05,0.04,1.0,5,Tilt Down
1991,61,0.04,0.04,1.0,5,Tilt Down
1992,62,0.05,0.05,1.0,5,Tilt Down
1993,63,0.04,0.04,1.0,5,Tilt Down
1994,64,0.04,0.04,1.0,5,Tilt Down
1995,65,0.04,0.04,1.0,5,Tilt Down
1996,66,0.04,0.05,1.0,5,Tilt Down
1997,67,0.04,0.05,1.0,5,Tilt Down
1998,68,0.04,0.04,1.0,5,Tilt Down
1999,69,0.04,0.05,1.0,5,Tilt Down
2000,70,0.05,0.04,1.0,5,Tilt Down
2001,71,0.04,0.05,1.0,5,Tilt Down
2002,72,0.04,0.04,1.0,5,Tilt Down
2003,73,0.04,0.05,1.0,5,Tilt Down
2004,74,0.04,0.05,1.0,5,Tilt Down
2005,75,0.04,0.05,1.0,5,Tilt Down
2006,76,0.04,0.04,1.0,5,Tilt Down
2007,77,0.04,0.05,1.0,5,Tilt Down
2008,78,0.04,0.05,1.0,5,Tilt Down
2009,79,0.04,0.04,1.0,5,Tilt Down
2010,80,0.04,0.05,1.0,5,Tilt Down
2011,81,0.04,0.05,1.0,5,Tilt Down
2012,82,0.04,0.05,1.0,5,Tilt Down
2013,83,0.04,0.04,1.0,5,Tilt Down
2014,84,0.04,0.05,1.0,5,Tilt Down
2015,85,0.05,0.05,1.0,5,Tilt Down
2016,86,0.04,0.05,1.0,5,Tilt Down
2017,87,0.04,0.05,1.0,5,Tilt Down
2018,88,0.04,0.05,1.0,5,Tilt Down
2019,89,0.04,0.05,1.0,5,Tilt Down
2020,90,0.04,0.05,1.0,5,Tilt Down
2021,91,0.04,0.04,1.0,5,Tilt Down
2022,92,0.04,0.05,1.0,5,Tilt Down
2023,93,0.04,0.04,1.0,5,Tilt Down
2024,94,0.04,0.05,1.0,5,Tilt Down
2025,95,0.04,0.05,1.0,5,Tilt Down
2026,96,-0.04,0.14,1.08,5,Tilt Down
2027,97,-0.13,0.03,1.06,5,Tilt Down
2028,98,-0.22,0.17,0.57,5,Tilt Down
2029,99,-0.29,0.12,0.96,5,Tilt Down
2030,100,-0.51,0.09,0.79,5,Tilt Down
2031,101,-0.59,0.1,0.88,5,Tilt Down
2032,102,-0.65,0.12,0.84,5,Tilt Down
2033,103,-0.72,0.12,0.7,5,Tilt Down
2034,104,-0.73,0.12,0.72,5,Tilt Down
2035,105,-0.72,0.07,0.76,5,Tilt Down
2036,106,-0.61,0.12,0.6,5,Tilt Down
2037,107,-0.41,0.11,0.95,5,Tilt Down
2038,108,-0.12,0.03,0.85,5,Tilt Down
2039,109,0.03,0.06,1.09,5,Tilt Down
2040,110,0.1,0.03,0.98,5,Tilt Down
2041,111,0.11,0.0,1.02,5,Tilt Down
2042,112,0.07,-0.02,1.26,5,Tilt Down
2043,113,0.05,0.0,0.97,5,Tilt Down
2044,114,0.07,0.06,1.14,5,Tilt Down
2045,115,0.09,0.08,1.03,5,Tilt Down
2046,116,0.04,0.04,1.0,5,Tilt Down
2047,117,0.05,0.05,1.0,5,Tilt Down
2048,118,0.04,0.04,1.0,5,Tilt Down
2049,119,0.04,0.04,1.0,5,Tilt Down
2050,120,0.04,0.04,1.0,5,Tilt Down
2051,121,0.04,0.04,1.0,5,Tilt Down
2052,122,0.04,0.05,1.0,5,Tilt Down
2053,123,0.04,0.05,1.0,5,Tilt Down
2054,124,0.04,0.05,1.0,5,Tilt Down
2055,125,0.04,0.05,1.0,5,Tilt Down
2056,126,0.04,0.05,1.0,5,Tilt Down
2057,127,0.05,0.04,1.0,5,Tilt Down
2058,128,0.04,0.05,1.0,5,Tilt Down
2059,129,0.05,0.04,1.0,5,Tilt Down
2060,130,0.04,0.04,1.0,5,Tilt Down
2061,131,0.04,0.04,1.0,5,Tilt Down
2062,132,0.04,0.05,1.0,5,Tilt Down
2063,133,0.04,0.05,1.0,5,Tilt Down
2064,134,0.04,0.04,1.0,5,Tilt Down
2065,135,0.04,0.05,1.0,5,Tilt Down
2066,136,0.04,0.04,1.0,5,Tilt Down
2067,137,0.04,0.05,1.0,5,Tilt Down
2068,138,0.04,0.05,1.0,5,Tilt Down
2069,139,0.04,0.05,1.0,5,Tilt Down
2070,140,0.04,0.04,1.0,5,Tilt Down
2071,141,0.04,0.05,1.0,5,Tilt Down
2072,142,0.04,0.05,1.0,5,Tilt Down
2073,143,0.04,0.05,1.0,5,Tilt Down
2074,144,0.04,0.05,1.0,5,Tilt Down
2075,145,0.04,0.05,1.0,5,Tilt Down
2076,146,0.04,0.04,1.0,5,Tilt Down
2077,147,0.01,0.02,1.0,5,Tilt Down
2078,148,-0.11,0.02,1.04,5,Tilt Down
2079,149,-0.16,0.09,1.12,5,Tilt Down
2080,150,-0.25,0.25,1.05,5,Tilt Down
2081,151,-0.36,0.17,0.65,5,Tilt Down
2082,152,-0.58,0.01,0.89,5,Tilt Down
2083,153,-0.62,0.23,0.7,5,Tilt Down
2084,154,-0.75,0.23,0.57,5,Tilt Down
2085,155,-0.85,0.21,0.43,5,Tilt Down
2086,156,-0.76,0.14,0.55,5,Tilt Down
2087,157,-0.65,0.28,0.49,5,Tilt Down
2088,158,-0.58,0.13,0.86,5,Tilt Down
2089,159,-0.32,0.04,0.92,5,Tilt Down
2090,160,-0.11,0.04,0.94,5,Tilt Down
2091,161,-0.09,0.0,0.95,5,Tilt Down
2092,162,-0.09,-0.01,1.03,5,Tilt Down
2093,163,-0.1,0.0,0.95,5,Tilt Down
2094,164,-0.03,0.03,1.01,5,Tilt Down
2095,165,-0.01,0.04,0.99,5,Tilt Down
2096,166,0.0,0.06,1.01,5,Tilt Down
2097,167,0.04,0.05,1.0,5,Tilt Down
2098,168,0.04,0.05,1.0,5,Tilt Down
2099,169,0.04,0.05,1.0,5,Tilt Down
2100,170,0.05,0.03,1.0,5,Tilt Down
2101,171,0.04,0.04,1.0,5,Tilt Down
2102,172,0.04,0.05,1.0,5,Tilt Down
2103,173,0.04,0.05,1.0,5,Tilt Down
2104,174,0.04,0.04,1.0,5,Tilt Down
2105,175,0.04,0.05,1.0,5,Tilt Down
2106,176,0.04,0.04,1.0,5,Tilt Down
2107,177,0.04,0.05,1.0,5,Tilt Down
2108,178,0.04,0.04,1.0,5,Tilt Down
2109,179,0.04,0.04,1.0,5,Tilt Down
2110,180,0.04,0.05,1.0,5,Tilt Down
2111,181,0.04,0.05,1.0,5,Tilt Down
2112,182,0.04,0.05,1.0,5,Tilt Down
2113,183,0.04,0.05,1.0,5,Tilt Down
2114,184,0.04,0.05,1.0,5,Tilt Down
2115,185,0.04,0.05,1.0,5,Tilt Down
2116,186,0.04,0.04,1.0,5,Tilt Down
2117,187,0.04,0.05,1.0,5,Tilt Down
2118,188,0.04,0.04,1.0,5,Tilt Down
2119,189,0.04,0.05,1.0,5,Tilt Down
2120,190,0.04,0.05,1.0,5,Tilt Down
2121,191,0.04,0.05,1.0,5,Tilt Down
2122,192,0.04,0.04,1.0,5,Tilt Down
2123,193,0.04,0.05,1.0,5,Tilt Down
2124,194,0.04,0.04,1.0,5,Tilt Down
2125,195,0.04,0.04,1.0,5,Tilt Down
2126,196,0.04,0.05,1.0,5,Tilt Down
2127,197,0.04,0.05,1.0,5,Tilt Down
2128,198,0.04,0.04,1.0,5,Tilt Down
2129,199,0.04,0.04,1.0,5,Tilt Down
2130,200,0.04,0.05,1.0,5,Tilt Down
2131,201,0.04,0.05,1.0,5,Tilt Down
2132,202,0.04,0.04,1.0,5,Tilt Down
2133,203,0.04,0.05,1.0,5,Tilt Down
2134,204,0.05,0.06,1.0,5,Tilt Down
2135,205,-0.02,-0.0,1.02,5,Tilt Down
2136,206,-0.07,0.13,1.11,5,Tilt Down
2137,207,-0.21,0.13,0.79,5,Tilt Down
2138,208,-0.4,0.17,0.89,5,Tilt Down
2139,209,-0.43,0.14,0.84,5,Tilt Down
2140,210,-0.4,0.09,0.88,5,Tilt Down
2141,211,-0.65,0.07,0.83,5,Tilt Down
2142,212,-0.71,0.14,0.68,5,Tilt Down
2143,213,-0.75,0.14,0.54,5,Tilt Down
2144,214,-0.77,0.14,0.58,5,Tilt Down
2145,215,-0.78,0.05,0.63,5,Tilt Down
2146,216,-0.63,0.12,0.91,5,Tilt Down
2147,217,-0.25,0.09,1.02,5,Tilt Down
2148,218,-0.09,0.02,0.93,5,Tilt Down
2149,219,0.0,0.0,0.92,5,Tilt Down
2150,220,0.05,-0.01,1.01,5,Tilt Down
2151,221,0.01,0.11,1.01,5,Tilt Down
2152,222,-0.01,-0.02,1.1,5,Tilt Down
2153,223,0.04,0.03,1.0,5,Tilt Down
2154,224,0.02,0.05,0.98,5,Tilt Down
2155,225,0.02,0.04,1.0,5,Tilt Down
2156,226,0.04,0.05,1.0,5,Tilt Down
2157,227,0.04,0.05,1.0,5,Tilt Down
2158,228,0.05,0.05,1.0,5,Tilt Down
2159,229,0.04,0.04,1.0,5,Tilt Down
2160,230,0.04,0.05,1.0,5,Tilt Down
2161,231,0.04,0.04,1.0,5,Tilt Down
2162,232,0.04,0.04,1.0,5,Tilt Down
2163,233,0.04,0.04,1.0,5,Tilt Down
2164,234,0.04,0.04,1.0,5,Tilt Down
2165,235,0.04,0.05,1.0,5,Tilt Down
2166,236,0.04,0.05,1.0,5,Tilt Down
2167,237,0.04,0.04,1.0,5,Tilt Down
2168,238,0.04,0.05,1.0,5,Tilt Down
2169,239,0.04,0.04,1.0,5,Tilt Down
2170,240,0.04,0.04,1.0,5,Tilt Down
2171,241,0.04,0.05,1.0,5,Tilt Down
2172,242,0.04,0.04,1.0,5,Tilt Down
2173,243,0.04,0.04,1.0,5,Tilt Down
2174,244,0.04,0.04,1.0,5,Tilt Down
2175,245,0.04,0.05,1.0,5,Tilt Down
2176,246,0.04,0.04,1.0,5,Tilt Down
2177,247,0.04,0.04,1.0,5,Tilt Down
2178,248,0.04,0.04,1.0,5,Tilt Down
2179,249,0.04,0.05,1.0,5,Tilt Down
2180,250,0.04,0.05,1.0,5,Tilt Down
2181,251,0.04,0.05,1.0,5,Tilt Down
2182,252,0.04,0.04,1.0,5,Tilt Down
2183,253,0.04,0.05,1.0,5,Tilt Down
2184,254,0.04,0.05,1.0,5,Tilt Down
2185,255,0.04,0.04,1.0,5,Tilt Down
2186,256,0.05,0.04,1.0,5,Tilt Down
2187,257,0.04,0.05,1.0,5,Tilt Down
2188,258,0.04,0.05,1.0,5,Tilt Down
2189,259,0.04,0.04,1.0,5,Tilt Down
2190,260,0.03,0.03,1.04,5,Tilt Down
2191,261,-0.07,-0.0,1.16,5,Tilt Down
2192,262,-0.05,0.11,1.01,5,Tilt Down
2193,263,-0.2,0.13,0.96,5,Tilt Down
2194,264,-0.25,0.16,0.87,5,Tilt Down
2195,265,-0.33,0.21,0.97,5,Tilt Down
2196,266,-0.45,0.08,0.99,5,Tilt Down
2197,267,-0.57,0.09,0.79,5,Tilt Down
2198,268,-0.65,0.09,0.77,5,Tilt Down
2199,269,-0.67,0.12,0.71,5,Tilt Down
2200,270,-0.66,0.09,0.71,5,Tilt Down
2201,271,-0.55,0.09,0.93,5,Tilt Down
2202,272,-0.44,0.07,0.97,5,Tilt Down
2203,273,-0.22,0.04,0.98,5,Tilt Down
2204,274,-0.07,0.07,1.05,5,Tilt Down
2205,275,0.04,0.01,1.02,5,Tilt Down
2206,276,0.05,0.14,0.97,5,Tilt Down
2207,277,0.05,0.05,0.97,5,Tilt Down
2208,278,0.06,0.07,1.06,5,Tilt Down
2209,279,0.06,0.03,1.0,5,Tilt Down
2210,280,0.05,0.07,1.03,5,Tilt Down
2211,281,0.05,0.06,0.98,5,Tilt Down
2212,282,0.05,0.03,1.0,5,Tilt Down
2213,283,0.04,0.04,1.0,5,Tilt Down
2214,284,0.04,0.05,1.0,5,Tilt Down
2215,285,0.04,0.04,1.0,5,Tilt Down
2216,286,0.04,0.04,1.0,5,Tilt Down
2217,287,0.04,0.05,1.0,5,Tilt Down
2218,288,0.04,0.05,1.0,5,Tilt Down
2219,289,0.04,0.05,1.0,5,Tilt Down
2220,290,0.04,0.04,1.0,5,Tilt Down
2221,291,0.04,0.04,1.0,5,Tilt Down
2222,292,0.04,0.05,1.0,5,Tilt Down
2223,293,0.04,0.04,1.0,5,Tilt Down
2224,294,0.04,0.04,1.0,5,Tilt Down
2225,295,0.04,0.04,1.0,5,Tilt Down
2226,296,0.04,0.05,1.0,5,Tilt Down
2227,297,0.04,0.04,1.0,5,Tilt Down
2228,298,0.04,0.04,1.0,5,Tilt Down
2229,299,0.04,0.04,1.0,5,Tilt Down
2230,300,0.04,0.04,1.0,5,Tilt Down
2231,301,0.04,0.04,1.0,5,Tilt Down
2232,302,0.04,0.05,1.0,5,Tilt Down
2233,303,0.04,0.04,1.0,5,Tilt Down
2234,304,0.04,0.05,1.0,5,Tilt Down
2235,305,0.04,0.04,1.0,5,Tilt Down
2236,306,0.04,0.05,1.0,5,Tilt Down
2237,307,0.04,0.04,1.01,5,Tilt Down
2238,308,0.04,0.04,1.0,5,Tilt Down
2239,309,0.04,0.05,1.0,5,Tilt Down
2240,310,0.04,0.05,1.0,5,Tilt Down
2241,311,0.04,0.05,1.0,5,Tilt Down
2242,312,0.05,0.04,1.0,5,Tilt Down
2243,313,0.04,0.04,1.0,5,Tilt Down
2244,314,0.04,0.05,1.0,5,Tilt Down
2245,315,0.04,0.04,1.0,5,Tilt Down
2246,316,0.04,0.05,1.0,5,Tilt Down
2247,317,-0.05,-0.13,1.0,5,Tilt Down
2248,318,-0.13,0.04,1.02,5,Tilt Down
2249,319,-0.14,0.07,1.08,5,Tilt Down
2250,320,-0.37,0.11,0.74,5,Tilt Down
2251,321,-0.38,0.14,0.93,5,Tilt Down
2252,322,-0.63,0.2,0.7,5,Tilt Down
2253,323,-0.72,0.14,0.59,5,Tilt Down
2254,324,-0.74,0.17,0.76,5,Tilt Down
2255,325,-0.63,0.12,0.79,5,Tilt Down
2256,326,-0.68,0.09,0.77,5,Tilt Down
2257,327,-0.63,0.11,0.76,5,Tilt Down
2258,328,-0.53,0.09,0.77,5,Tilt Down
2259,329,-0.45,0.09,0.87,5,Tilt Down
2260,330,-0.19,0.05,0.9,5,Tilt Down
2261,331,-0.12,-0.08,1.0,5,Tilt Down
2262,332,-0.09,0.02,1.01,5,Tilt Down
2263,333,-0.05,-0.03,1.04,5,Tilt Down
2264,334,0.0,0.06,0.94,5,Tilt Down
2265,335,0.04,0.06,0.98,5,Tilt Down
2266,336,0.09,0.05,1.12,5,Tilt Down
2267,337,0.03,0.04,0.99,5,Tilt Down
2268,338,0.04,0.02,1.02,5,Tilt Down
2269,339,0.04,0.04,1.0,5,Tilt Down
2270,340,0.05,0.04,1.0,5,Tilt Down
2271,341,0.04,0.04,1.0,5,Tilt Down
2272,342,0.03,0.04,1.0,5,Tilt Down
2273,343,0.04,0.04,1.0,5,Tilt Down
2274,344,0.04,0.04,1.0,5,Tilt Down
2275,345,0.04,0.04,1.0,5,Tilt Down
2276,346,0.04,0.04,1.0,5,Tilt Down
2277,347,0.03,0.04,1.0,5,Tilt Down
2278,348,0.04,0.04,1.0,5,Tilt Down
2279,349,0.03,0.04,1.0,5,Tilt Down
2280,350,0.04,0.04,1.0,5,Tilt Down
2281,351,0.04,0.04,1.0,5,Tilt Down
2282,352,0.04,0.04,1.0,5,Tilt Down
2283,353,0.04,0.04,1.0,5,Tilt Down
2284,354,0.04,0.04,1.0,5,Tilt Down
2285,355,0.04,0.04,1.0,5,Tilt Down
2286,356,0.04,0.04,1.0,5,Tilt Down
2287,357,0.04,0.04,1.0,5,Tilt Down
2288,358,0.04,0.04,1.0,5,Tilt Down
2289,359,0.04,0.04,1.0,5,Tilt Down
2290,360,0.04,0.04,1.0,5,Tilt Down
2291,361,0.04,0.04,1.0,5,Tilt Down
2292,362,0.04,0.04,1.0,5,Tilt Down
2293,363,0.04,0.04,1.0,5,Tilt Down
2294,364,0.04,0.04,1.0,5,Tilt Down
2295,365,0.04,0.04,1.0,5,Tilt Down
2296,366,0.04,0.04,1.0,5,Tilt Down
2297,367,0.03,0.04,1.01,5,Tilt Down
2298,368,-0.05,0.02,1.02,5,Tilt Down
2299,369,-0.11,0.02,1.03,5,Tilt Down
2300,370,-0.2,0.09,1.14,5,Tilt Down
2301,371,-0.29,0.21,0.91,5,Tilt Down
2302,372,-0.49,0.21,0.8,5,Tilt Down
2303,373,-0.6,0.18,0.8,5,Tilt Down
2304,374,-0.66,0.08,0.72,5,Tilt Down
2305,375,-0.71,0.21,0.61,5,Tilt Down
2306,376,-0.76,0.1,0.65,5,Tilt Down
2307,377,-0.8,0.12,0.55,5,Tilt Down
2308,378,-0.8,0.07,0.66,5,Tilt Down
2309,379,-0.7,0.1,0.83,5,Tilt Down
2310,380,-0.46,0.04,0.77,5,Tilt Down
2311,381,-0.47,0.13,0.78,5,Tilt Down
2312,382,-0.24,0.08,0.91,5,Tilt Down
2313,383,-0.14,0.03,1.0,5,Tilt Down
2314,384,-0.09,-0.0,0.89,5,Tilt Down
2315,385,-0.03,0.07,1.09,5,Tilt Down
2316,386,0.0,0.07,0.93,5,Tilt Down
2317,387,0.02,0.07,1.03,5,Tilt Down
2318,388,0.03,-0.05,1.17,5,Tilt Down
2319,389,0.03,0.04,1.01,5,Tilt Down
2320,390,0.04,0.04,1.0,5,Tilt Down
2321,391,0.04,0.04,1.0,5,Tilt Down
2322,392,0.04,0.04,1.0,5,Tilt Down
2323,393,0.04,0.04,1.0,5,Tilt Down
2324,394,0.04,0.04,1.0,5,Tilt Down
2325,395,0.04,0.04,1.0,5,Tilt Down
2326,396,0.04,0.04,1.01,5,Tilt Down
2327,397,0.04,0.04,1.0,5,Tilt Down
2328,398,0.04,0.04,1.0,5,Tilt Down
2329,399,0.04,0.04,1.0,5,Tilt Down
2330,400,0.04,0.05,1.0,5,Tilt Down
2331,401,0.04,0.04,1.0,5,Tilt Down
2332,402,0.04,0.04,1.0,5,Tilt Down
2333,403,0.04,0.04,1.0,5,Tilt Down
2334,404,0.04,0.04,1.0,5,Tilt Down
2335,405,0.04,0.04,1.0,5,Tilt Down
2336,406,0.04,0.04,1.0,5,Tilt Down
2337,407,0.04,0.04,1.0,5,Tilt Down
2338,408,0.04,0.04,1.0,5,Tilt Down
2339,409,0.04,0.05,1.0,5,Tilt Down
2340,410,0.04,0.04,1.0,5,Tilt Down
2341,411,0.04,0.04,1.0,5,Tilt Down
2342,412,0.04,0.04,1.0,5,Tilt Down
2343,413,0.04,0.04,1.0,5,Tilt Down
2344,414,0.04,0.04,1.0,5,Tilt Down
2345,415,0.04,0.04,1.0,5,Tilt Down
2346,416,0.04,0.04,1.0,5,Tilt Down
2347,417,0.04,0.04,1.0,5,Tilt Down
2348,418,0.04,0.04,1.0,5,Tilt Down
2349,419,0.04,0.04,1.0,5,Tilt Down
2350,420,0.04,0.04,1.0,5,Tilt Down
2351,421,0.04,0.03,1.04,5,Tilt Down
2352,422,-0.09,0.12,1.08,5,Tilt Down
2353,423,-0.13,0.08,0.67,5,Tilt Down
2354,424,-0.27,0.24,0.8,5,Tilt Down
2355,425,-0.36,0.26,0.75,5,Tilt Down
2356,426,-0.48,0.24,0.74,5,Tilt Down
2357,427,-0.62,0.12,0.76,5,Tilt Down
2358,428,-0.72,0.11,0.76,5,Tilt Down
2359,429,-0.74,0.07,0.77,5,Tilt Down
2360,430,-0.7,0.05,0.73,5,Tilt Down
2361,431,-0.64,0.05,0.87,5,Tilt Down
2362,432,-0.54,0.08,0.86,5,Tilt Down
2363,433,-0.29,0.06,0.88,5,Tilt Down
2364,434,-0.24,0.09,0.87,5,Tilt Down
2365,435,-0.1,-0.05,1.0,5,Tilt Down
2366,436,-0.07,-0.03,1.0,5,Tilt Down
2367,437,-0.02,0.01,1.04,5,Tilt Down
2368,438,0.01,0.04,1.02,5,Tilt Down
2369,439,0.08,0.08,1.07,5,Tilt Down
2370,440,0.07,0.0,1.04,5,Tilt Down
2371,441,0.05,0.01,0.96,5,Tilt Down
2372,442,0.04,0.04,1.0,5,Tilt Down
2373,443,0.04,0.04,1.0,5,Tilt Down
2374,444,0.04,0.04,1.0,5,Tilt Down
2375,445,0.04,0.04,1.0,5,Tilt Down
2376,446,0.04,0.04,1.0,5,Tilt Down
2377,447,0.04,0.04,1.0,5,Tilt Down
2378,448,0.04,0.04,1.0,5,Tilt Down
2379,449,0.04,0.04,1.0,5,Tilt Down
2380,450,0.04,0.04,1.0,5,Tilt Down
2381,451,0.04,0.04,1.0,5,Tilt Down
2382,452,0.04,0.04,1.0,5,Tilt Down
2383,453,0.04,0.04,1.0,5,Tilt Down
2384,454,0.03,0.04,1.0,5,Tilt Down
2385,455,0.04,0.04,1.0,5,Tilt Down
2386,456,0.04,0.04,1.0,5,Tilt Down
2387,457,0.04,0.04,1.0,5,Tilt Down
2388,458,0.04,0.04,1.0,5,Tilt Down
2389,459,0.04,0.04,1.0,5,Tilt Down
2390,460,0.04,0.04,1.0,5,Tilt Down
2391,461,0.04,0.04,1.0,5,Tilt Down
2392,462,0.04,0.04,1.0,5,Tilt Down
2393,463,0.03,0.04,1.0,5,Tilt Down
2394,464,0.04,0.04,1.0,5,Tilt Down
2395,465,0.04,0.04,1.0,5,Tilt Down
2396,466,0.04,0.04,1.0,5,Tilt Down
2397,467,0.04,0.04,1.0,5,Tilt Down
2398,468,0.04,0.04,1.0,5,Tilt Down
2399,469,0.04,0.04,1.0,5,Tilt Down
2400,470,0.04,0.04,1.0,5,Tilt Down
2401,471,0.04,0.04,1.0,5,Tilt Down
2402,472,0.04,0.04,1.0,5,Tilt Down
2403,473,-0.08,0.03,1.0,5,Tilt Down
2404,474,0.04,0.05,1.0,5,Tilt Down
2405,475,0.01,0.09,1.25,5,Tilt Down
2406,476,-0.07,0.12,0.92,5,Tilt Down
2407,477,-0.12,0.03,1.08,5,Tilt Down
2408,478,-0.2,0.14,1.05,5,Tilt Down
2409,479,-0.5,0.15,0.78,5,Tilt Down
2410,480,-0.53,0.13,0.75,5,Tilt Down
2411,481,-0.69,0.13,0.62,5,Tilt Down
2412,482,-0.76,0.12,0.55,5,Tilt Down
2413,483,-0.75,0.12,0.72,5,Tilt Down
2414,484,-0.77,0.05,0.55,5,Tilt Down
2415,485,-0.75,0.05,0.72,5,Tilt Down
2416,486,-0.55,0.05,0.75,5,Tilt Down
2417,487,-0.39,-0.03,0.92,5,Tilt Down
2418,488,-0.27,0.12,0.99,5,Tilt Down
2419,489,-0.1,-0.0,1.07,5,Tilt Down
2420,490,0.0,-0.05,1.02,5,Tilt Down
2421,491,0.04,0.05,1.08,5,Tilt Down
2422,492,0.06,0.02,1.02,5,Tilt Down
2423,493,0.07,0.06,1.0,5,Tilt Down
2424,494,0.09,0.01,0.92,5,Tilt Down
2425,495,0.06,0.06,1.08,5,Tilt Down
2426,496,0.04,0.04,1.0,5,Tilt Down
2427,497,0.05,0.04,1.0,5,Tilt Down
2428,498,0.04,0.04,1.0,5,Tilt Down
2429,499,0.04,0.04,1.0,5,Tilt Down
2430,500,0.04,0.04,1.0,5,Tilt Down
2431,501,0.04,0.04,1.0,5,Tilt Down
2432,502,0.04,0.04,1.0,5,Tilt Down
2433,503,0.04,0.04,1.0,5,Tilt Down
2434,504,0.04,0.04,1.0,5,Tilt Down
2435,505,0.04,0.04,1.0,5,Tilt Down
2436,506,0.04,0.04,1.0,5,Tilt Down
2437,507,0.04,0.04,1.0,5,Tilt Down
2438,508,0.04,0.04,1.0,5,Tilt Down
2439,509,0.04,0.05,1.0,5,Tilt Down
2440,510,0.04,0.04,1.0,5,Tilt Down
2441,511,0.04,0.04,1.0,5,Tilt Down
2442,512,0.04,0.04,1.0,5,Tilt Down
2443,513,0.05,0.04,1.0,5,Tilt Down
2444,514,0.04,0.04,1.0,5,Tilt Down
2445,515,0.04,0.04,1.0,5,Tilt Down
2446,516,0.04,0.04,1.0,5,Tilt Down
2447,517,0.04,0.04,1.0,5,Tilt Down
2448,518,0.04,0.04,1.0,5,Tilt Down
2449,519,0.04,0.04,1.0,5,Tilt Down
2450,520,0.04,0.04,1.0,5,Tilt Down
2451,521,0.04,0.04,1.0,5,Tilt Down
2452,522,0.04,0.04,1.0,5,Tilt Down
2453,523,0.04,0.04,1.0,5,Tilt Down
2454,0,0.04,-0.04,1.01,6,Tilt Down
2455,1,0.03,-0.04,1.01,6,Tilt Down
2456,2,0.04,-0.03,1.0,6,Tilt Down
2457,3,0.04,-0.04,1.01,6,Tilt Down
2458,4,0.04,-0.04,1.01,6,Tilt Down
2459,5,0.04,-0.03,1.01,6,Tilt Down
2460,6,0.04,-0.04,1.01,6,Tilt Down
2461,7,0.03,-0.04,1.01,6,Tilt Down
2462,8,0.04,-0.04,1.01,6,Tilt Down
2463,9,0.04,-0.04,1.01,6,Tilt Down
2464,10,0.04,-0.03,1.01,6,Tilt Down
2465,11,0.04,-0.04,1.01,6,Tilt Down
2466,12,0.04,-0.04,1.01,6,Tilt Down
2467,13,0.04,-0.04,1.01,6,Tilt Down
2468,14,0.03,-0.04,1.01,6,Tilt Down
2469,15,0.04,-0.04,1.01,6,Tilt Down
2470,16,0.04,-0.04,1.01,6,Tilt Down
2471,17,0.03,-0.04,1.01,6,Tilt Down
2472,18,0.04,-0.04,1.01,6,Tilt Down
2473,19,0.04,-0.04,1.01,6,Tilt Down
2474,20,0.03,-0.03,1.01,6,Tilt Down
2475,21,0.03,-0.04,1.01,6,Tilt Down
2476,22,0.04,-0.04,1.01,6,Tilt Down
2477,23,0.04,-0.04,1.01,6,Tilt Down
2478,24,0.04,-0.03,1.0,6,Tilt Down
2479,25,0.03,-0.04,1.01,6,Tilt Down
2480,26,0.03,-0.04,1.0,6,Tilt Down
2481,27,0.03,-0.04,1.01,6,Tilt Down
2482,28,0.03,-0.04,1.01,6,Tilt Down
2483,29,0.04,-0.03,1.01,6,Tilt Down
2484,30,0.04,-0.03,1.01,6,Tilt Down
2485,31,0.04,-0.04,1.0,6,Tilt Down
2486,32,0.04,-0.03,1.01,6,Tilt Down
2487,33,0.04,-0.03,0.99,6,Tilt Down
2488,34,0.0,-0.04,1.1,6,Tilt Down
2489,35,-0.0,-0.08,1.13,6,Tilt Down
2490,36,-0.01,-0.14,1.05,6,Tilt Down
2491,37,-0.14,-0.12,0.92,6,Tilt Down
2492,38,-0.45,-0.01,0.85,6,Tilt Down
2493,39,-0.73,0.0,0.65,6,Tilt Down
2494,40,-0.91,-0.06,0.59,6,Tilt Down
2495,41,-0.92,0.18,0.21,6,Tilt Down
2496,42,-0.92,0.02,0.32,6,Tilt Down
2497,43,-0.88,0.03,0.39,6,Tilt Down
2498,44,-0.93,0.02,0.44,6,Tilt Down
2499,45,-0.75,0.06,0.76,6,Tilt Down
2500,46,-0.46,0.0,0.85,6,Tilt Down
2501,47,-0.21,0.16,0.83,6,Tilt Down
2502,48,-0.03,0.08,0.89,6,Tilt Down
2503,49,0.08,-0.04,1.11,6,Tilt Down
2504,50,0.03,0.04,0.99,6,Tilt Down
2505,51,0.05,-0.04,1.04,6,Tilt Down
2506,52,0.06,-0.09,1.03,6,Tilt Down
2507,53,0.05,-0.06,1.01,6,Tilt Down
2508,54,0.04,-0.03,1.01,6,Tilt Down
2509,55,0.03,-0.04,1.01,6,Tilt Down
2510,56,0.03,-0.04,1.01,6,Tilt Down
2511,57,0.04,-0.03,1.01,6,Tilt Down
2512,58,0.04,-0.04,1.01,6,Tilt Down
2513,59,0.04,-0.04,1.01,6,Tilt Down
2514,60,0.04,-0.04,1.01,6,Tilt Down
2515,61,0.03,-0.04,1.01,6,Tilt Down
2516,62,0.04,-0.04,1.01,6,Tilt Down
2517,63,0.03,-0.04,1.01,6,Tilt Down
2518,64,0.04,-0.03,1.0,6,Tilt Down
2519,65,0.04,-0.03,1.01,6,Tilt Down
2520,66,0.03,-0.04,1.01,6,Tilt Down
2521,67,0.04,-0.04,1.01,6,Tilt Down
2522,68,0.04,-0.03,1.0,6,Tilt Down
2523,69,0.04,-0.03,1.01,6,Tilt Down
2524,70,0.04,-0.04,1.01,6,Tilt Down
2525,71,0.03,-0.04,1.01,6,Tilt Down
2526,72,0.04,-0.04,1.0,6,Tilt Down
2527,73,0.04,-0.03,1.01,6,Tilt Down
2528,74,0.03,-0.03,1.01,6,Tilt Down
2529,75,0.04,-0.04,1.01,6,Tilt Down
2530,76,0.04,-0.03,1.01,6,Tilt Down
2531,77,0.04,-0.04,1.01,6,Tilt Down
2532,78,0.03,-0.04,1.0,6,Tilt Down
2533,79,0.03,-0.03,1.01,6,Tilt Down
2534,80,0.04,-0.04,1.01,6,Tilt Down
2535,81,0.04,-0.04,1.01,6,Tilt Down
2536,82,0.04,-0.03,1.01,6,Tilt Down
2537,83,0.04,-0.03,1.01,6,Tilt Down
2538,84,0.04,-0.04,1.01,6,Tilt Down
2539,85,0.02,-0.05,1.03,6,Tilt Down
2540,86,-0.05,0.02,1.07,6,Tilt Down
2541,87,-0.13,0.04,1.0,6,Tilt Down
2542,88,-0.27,0.03,0.89,6,Tilt Down
2543,89,-0.43,0.13,0.89,6,Tilt Down
2544,90,-0.68,0.12,0.7,6,Tilt Down
2545,91,-0.82,0.07,0.45,6,Tilt Down
2546,92,-0.8,0.07,0.48,6,Tilt Down
2547,93,-0.83,0.0,0.52,6,Tilt Down
2548,94,-0.84,0.07,0.49,6,Tilt Down
2549,95,-0.81,0.11,0.48,6,Tilt Down
2550,96,-0.63,0.26,0.74,6,Tilt Down
2551,97,-0.45,0.0,0.98,6,Tilt Down
2552,98,-0.19,0.23,1.01,6,Tilt Down
2553,99,0.0,-0.07,1.18,6,Tilt Down
2554,100,0.0,0.09,0.98,6,Tilt Down
2555,101,0.06,-0.07,1.02,6,Tilt Down
2556,102,0.05,-0.07,1.07,6,Tilt Down
2557,103,0.07,-0.02,0.81,6,Tilt Down
2558,104,0.01,-0.01,1.01,6,Tilt Down
2559,105,0.03,-0.03,1.01,6,Tilt Down
2560,106,0.04,-0.04,1.01,6,Tilt Down
2561,107,0.04,-0.04,1.01,6,Tilt Down
2562,108,0.04,-0.04,1.01,6,Tilt Down
2563,109,0.04,-0.04,1.01,6,Tilt Down
2564,110,0.04,-0.04,1.01,6,Tilt Down
2565,111,0.04,-0.03,1.01,6,Tilt Down
2566,112,0.04,-0.04,1.01,6,Tilt Down
2567,113,0.04,-0.04,1.01,6,Tilt Down
2568,114,0.04,-0.04,1.01,6,Tilt Down
2569,115,0.04,-0.04,1.01,6,Tilt Down
2570,116,0.04,-0.04,1.01,6,Tilt Down
2571,117,0.04,-0.03,1.01,6,Tilt Down
2572,118,0.04,-0.04,1.01,6,Tilt Down
2573,119,0.04,-0.03,1.01,6,Tilt Down
2574,120,0.04,-0.04,1.01,6,Tilt Down
2575,121,0.04,-0.03,1.01,6,Tilt Down
2576,122,0.04,-0.04,1.01,6,Tilt Down
2577,123,0.04,-0.04,1.01,6,Tilt Down
2578,124,0.04,-0.03,1.01,6,Tilt Down
2579,125,0.04,-0.03,1.01,6,Tilt Down
2580,126,0.04,-0.03,1.01,6,Tilt Down
2581,127,0.04,-0.04,1.01,6,Tilt Down
2582,128,0.04,-0.04,1.01,6,Tilt Down
2583,129,0.04,-0.04,1.01,6,Tilt Down
2584,130,0.04,-0.04,1.0,6,Tilt Down
2585,131,0.04,-0.03,1.0,6,Tilt Down
2586,132,0.04,-0.03,1.01,6,Tilt Down
2587,133,0.04,-0.04,1.01,6,Tilt Down
2588,134,0.03,-0.04,1.0,6,Tilt Down
2589,135,0.04,-0.03,1.0,6,Tilt Down
2590,136,0.03,-0.01,1.04,6,Tilt Down
2591,137,0.0,-0.05,1.05,6,Tilt Down
2592,138,-0.02,-0.04,1.04,6,Tilt Down
2593,139,0.01,0.0,0.86,6,Tilt Down
2594,140,-0.05,-0.02,1.16,6,Tilt Down
2595,141,-0.16,-0.04,1.12,6,Tilt Down
2596,142,-0.29,0.07,0.9,6,Tilt Down
2597,143,-0.52,-0.05,0.73,6,Tilt Down
2598,144,-0.83,0.12,0.7,6,Tilt Down
2599,145,-0.84,0.12,0.36,6,Tilt Down
2600,146,-0.91,0.18,0.43,6,Tilt Down
2601,147,-0.88,0.05,0.47,6,Tilt Down
2602,148,-0.88,0.02,0.43,6,Tilt Down
2603,149,-0.81,0.09,0.49,6,Tilt Down
2604,150,-0.73,0.11,0.78,6,Tilt Down
2605,151,-0.63,0.12,0.57,6,Tilt Down
2606,152,-0.35,0.36,0.86,6,Tilt Down
2607,153,-0.12,-0.28,1.0,6,Tilt Down
2608,154,0.0,0.03,0.87,6,Tilt Down
2609,155,0.09,0.09,1.11,6,Tilt Down
2610,156,0.05,0.03,0.95,6,Tilt Down
2611,157,0.04,0.14,1.03,6,Tilt Down
2612,158,0.08,-0.02,0.88,6,Tilt Down
2613,159,0.04,-0.06,0.97,6,Tilt Down
2614,160,0.03,-0.03,1.01,6,Tilt Down
2615,161,0.04,-0.04,1.0,6,Tilt Down
2616,162,0.04,-0.04,1.01,6,Tilt Down
2617,163,0.04,-0.04,1.01,6,Tilt Down
2618,164,0.04,-0.04,1.01,6,Tilt Down
2619,165,0.04,-0.04,1.01,6,Tilt Down
2620,166,0.03,-0.04,1.01,6,Tilt Down
2621,167,0.04,-0.04,1.01,6,Tilt Down
2622,168,0.04,-0.04,1.01,6,Tilt Down
2623,169,0.03,-0.03,1.0,6,Tilt Down
2624,170,0.04,-0.04,1.01,6,Tilt Down
2625,171,0.04,-0.03,1.01,6,Tilt Down
2626,172,0.04,-0.04,1.01,6,Tilt Down
2627,173,0.04,-0.03,1.0,6,Tilt Down
2628,174,0.04,-0.04,1.01,6,Tilt Down
2629,175,0.04,-0.03,1.01,6,Tilt Down
2630,176,0.04,-0.04,1.0,6,Tilt Down
2631,177,0.04,-0.04,1.01,6,Tilt Down
2632,178,0.04,-0.04,1.01,6,Tilt Down
2633,179,0.04,-0.03,1.0,6,Tilt Down
2634,180,0.04,-0.04,1.01,6,Tilt Down
2635,181,0.04,-0.04,1.01,6,Tilt Down
2636,182,0.03,-0.04,1.01,6,Tilt Down
2637,183,0.04,-0.04,1.01,6,Tilt Down
2638,184,0.04,-0.04,1.01,6,Tilt Down
2639,185,0.04,-0.04,1.01,6,Tilt Down
2640,186,0.03,-0.04,1.01,6,Tilt Down
2641,187,0.04,-0.03,1.0,6,Tilt Down
2642,188,0.02,-0.01,1.32,6,Tilt Down
2643,189,0.0,-0.04,1.02,6,Tilt Down
2644,190,-0.05,-0.02,1.11,6,Tilt Down
2645,191,-0.21,-0.09,1.09,6,Tilt Down
2646,192,-0.39,0.07,0.84,6,Tilt Down
2647,193,-0.56,0.06,0.82,6,Tilt Down
2648,194,-0.67,0.07,0.65,6,Tilt Down
2649,195,-0.74,0.02,0.63,6,Tilt Down
2650,196,-0.86,0.17,0.46,6,Tilt Down
2651,197,-0.84,0.1,0.58,6,Tilt Down
2652,198,-0.83,0.05,0.55,6,Tilt Down
2653,199,-0.86,0.08,0.5,6,Tilt Down
2654,200,-0.87,0.12,0.5,6,Tilt Down
2655,201,-0.85,0.12,0.45,6,Tilt Down
2656,202,-0.85,0.15,0.48,6,Tilt Down
2657,203,-0.82,0.16,0.57,6,Tilt Down
2658,204,-0.77,0.16,0.64,6,Tilt Down
2659,205,-0.59,0.17,0.68,6,Tilt Down
2660,206,-0.28,0.24,0.82,6,Tilt Down
2661,207,-0.21,0.14,1.04,6,Tilt Down
2662,208,-0.09,0.0,1.14,6,Tilt Down
2663,209,0.05,0.11,0.97,6,Tilt Down
2664,210,0.05,-0.12,1.05,6,Tilt Down
2665,211,0.04,-0.1,1.19,6,Tilt Down
2666,212,0.03,-0.03,1.01,6,Tilt Down
2667,213,0.04,-0.04,1.01,6,Tilt Down
2668,214,0.04,-0.03,1.01,6,Tilt Down
2669,215,0.04,-0.03,1.01,6,Tilt Down
2670,216,0.04,-0.04,1.01,6,Tilt Down
2671,217,0.04,-0.03,1.01,6,Tilt Down
2672,218,0.04,-0.04,1.01,6,Tilt Down
2673,219,0.04,-0.03,1.01,6,Tilt Down
2674,220,0.04,-0.04,1.01,6,Tilt Down
2675,221,0.04,-0.03,1.01,6,Tilt Down
2676,222,0.03,-0.04,1.01,6,Tilt Down
2677,223,0.04,-0.04,1.0,6,Tilt Down
2678,224,0.04,-0.04,1.01,6,Tilt Down
2679,225,0.04,-0.03,1.01,6,Tilt Down
2680,226,0.04,-0.04,1.01,6,Tilt Down
2681,227,0.04,-0.04,1.01,6,Tilt Down
2682,228,0.04,-0.03,1.01,6,Tilt Down
2683,229,0.03,-0.04,1.01,6,Tilt Down
2684,230,0.04,-0.03,1.01,6,Tilt Down
2685,231,0.04,-0.03,1.01,6,Tilt Down
2686,232,0.04,-0.04,1.01,6,Tilt Down
2687,233,0.03,-0.03,1.0,6,Tilt Down
2688,234,0.04,-0.03,1.0,6,Tilt Down
2689,235,0.04,-0.04,1.01,6,Tilt Down
2690,236,0.04,-0.04,1.01,6,Tilt Down
2691,237,0.04,-0.04,1.01,6,Tilt Down
2692,238,0.04,-0.04,1.01,6,Tilt Down
2693,239,0.04,-0.04,1.01,6,Tilt Down
2694,240,0.03,-0.03,1.01,6,Tilt Down
2695,241,0.03,-0.04,1.01,6,Tilt Down
2696,242,-0.01,-0.0,1.09,6,Tilt Down
2697,243,-0.01,-0.05,0.98,6,Tilt Down
2698,244,-0.06,0.01,1.0,6,Tilt Down
2699,245,-0.14,0.07,0.85,6,Tilt Down
2700,246,-0.39,0.04,0.88,6,Tilt Down
2701,247,-0.59,0.11,0.83,6,Tilt Down
2702,248,-0.76,0.13,0.75,6,Tilt Down
2703,249,-0.82,0.14,0.57,6,Tilt Down
2704,250,-0.83,0.08,0.52,6,Tilt Down
2705,251,-0.84,0.08,0.47,6,Tilt Down
2706,252,-0.83,0.04,0.52,6,Tilt Down
2707,253,-0.76,0.11,0.61,6,Tilt Down
2708,254,-0.54,0.11,0.57,6,Tilt Down
2709,255,-0.36,0.12,0.83,6,Tilt Down
2710,256,-0.25,0.14,1.04,6,Tilt Down
2711,257,-0.14,-0.02,0.99,6,Tilt Down
2712,258,0.0,-0.04,1.08,6,Tilt Down
2713,259,-0.03,-0.03,0.92,6,Tilt Down
2714,260,0.02,-0.02,1.02,6,Tilt Down
2715,261,0.04,-0.04,1.02,6,Tilt Down
2716,262,0.04,-0.04,1.01,6,Tilt Down
2717,263,0.03,-0.04,1.01,6,Tilt Down
2718,264,0.04,-0.04,1.0,6,Tilt Down
2719,265,0.04,-0.03,1.01,6,Tilt Down
2720,266,0.04,-0.04,1.01,6,Tilt Down
2721,267,0.03,-0.04,1.01,6,Tilt Down
2722,268,0.03,-0.03,1.01,6,Tilt Down
2723,269,0.03,-0.04,1.01,6,Tilt Down
2724,270,0.04,-0.04,1.01,6,Tilt Down
2725,271,0.04,-0.04,1.01,6,Tilt Down
2726,272,0.04,-0.03,1.01,6,Tilt Down
2727,273,0.04,-0.03,1.0,6,Tilt Down
2728,274,0.04,-0.04,1.01,6,Tilt Down
2729,275,0.04,-0.04,1.01,6,Tilt Down
2730,276,0.04,-0.04,1.01,6,Tilt Down
2731,277,0.04,-0.04,1.0,6,Tilt Down
2732,278,0.03,-0.04,1.01,6,Tilt Down
2733,279,0.04,-0.04,1.01,6,Tilt Down
2734,280,0.04,-0.03,1.01,6,Tilt Down
2735,281,0.04,-0.04,1.0,6,Tilt Down
2736,282,0.04,-0.04,1.01,6,Tilt Down
2737,283,0.04,-0.04,1.01,6,Tilt Down
2738,284,0.04,-0.04,1.01,6,Tilt Down
2739,285,0.04,-0.03,1.01,6,Tilt Down
2740,286,0.04,-0.03,1.01,6,Tilt Down
2741,287,0.03,-0.04,1.0,6,Tilt Down
2742,288,0.03,-0.04,1.01,6,Tilt Down
2743,289,0.03,-0.04,1.0,6,Tilt Down
2744,290,0.03,-0.04,1.01,6,Tilt Down
2745,291,0.02,-0.02,1.01,6,Tilt Down
2746,292,0.01,-0.01,1.06,6,Tilt Down
2747,293,0.04,-0.02,1.09,6,Tilt Down
2748,294,0.02,0.0,1.03,6,Tilt Down
2749,295,0.01,-0.01,0.95,6,Tilt Down
2750,296,-0.09,0.02,1.1,6,Tilt Down
2751,297,-0.28,0.04,0.8,6,Tilt Down
2752,298,-0.55,0.0,0.95,6,Tilt Down
2753,299,-0.74,0.07,0.52,6,Tilt Down
2754,300,-0.88,0.14,0.31,6,Tilt Down
2755,301,-0.88,0.0,0.37,6,Tilt Down
2756,302,-0.93,0.07,0.39,6,Tilt Down
2757,303,-0.91,0.17,0.39,6,Tilt Down
2758,304,-0.91,0.1,0.39,6,Tilt Down
2759,305,-0.85,0.06,0.45,6,Tilt Down
2760,306,-0.84,0.16,0.46,6,Tilt Down
2761,307,-0.64,0.11,0.75,6,Tilt Down
2762,308,-0.47,-0.04,0.78,6,Tilt Down
2763,309,-0.33,0.11,0.8,6,Tilt Down
2764,310,-0.18,-0.16,1.03,6,Tilt Down
2765,311,-0.05,-0.09,1.08,6,Tilt Down
2766,312,0.05,-0.13,1.02,6,Tilt Down
2767,313,0.05,-0.07,1.12,6,Tilt Down
2768,314,0.05,-0.04,0.91,6,Tilt Down
2769,315,0.04,-0.03,1.01,6,Tilt Down
2770,316,0.04,-0.03,1.01,6,Tilt Down
2771,317,0.03,-0.03,1.01,6,Tilt Down
2772,318,0.03,-0.04,1.01,6,Tilt Down
2773,319,0.03,-0.04,1.01,6,Tilt Down
2774,320,0.04,-0.03,1.0,6,Tilt Down
2775,321,0.04,-0.04,1.01,6,Tilt Down
2776,322,0.04,-0.04,1.01,6,Tilt Down
2777,323,0.04,-0.03,1.01,6,Tilt Down
2778,324,0.04,-0.04,1.0,6,Tilt Down
2779,325,0.03,-0.03,1.01,6,Tilt Down
2780,326,0.04,-0.04,1.01,6,Tilt Down
2781,327,0.04,-0.04,1.0,6,Tilt Down
2782,328,0.03,-0.03,1.01,6,Tilt Down
2783,329,0.04,-0.04,1.01,6,Tilt Down
2784,330,0.03,-0.04,1.0,6,Tilt Down
2785,331,0.04,-0.04,1.01,6,Tilt Down
2786,332,0.04,-0.04,1.01,6,Tilt Down
2787,333,0.04,-0.04,1.01,6,Tilt Down
2788,334,0.04,-0.04,1.01,6,Tilt Down
2789,335,0.04,-0.04,1.01,6,Tilt Down
2790,336,0.04,-0.04,1.01,6,Tilt Down
2791,337,0.03,-0.03,1.01,6,Tilt Down
2792,338,0.04,-0.04,1.0,6,Tilt Down
2793,339,0.04,-0.04,1.01,6,Tilt Down
2794,340,0.04,-0.04,1.01,6,Tilt Down
2795,341,0.03,-0.04,1.01,6,Tilt Down
2796,342,0.04,-0.04,1.01,6,Tilt Down
2797,343,0.03,-0.04,1.01,6,Tilt Down
2798,344,0.04,-0.04,1.01,6,Tilt Down
2799,345,0.02,-0.02,1.02,6,Tilt Down
2800,346,0.03,-0.05,1.02,6,Tilt Down
2801,347,-0.01,-0.07,1.18,6,Tilt Down
2802,348,0.02,-0.04,1.02,6,Tilt Down
2803,349,0.01,0.09,0.86,6,Tilt Down
2804,350,-0.11,0.04,0.82,6,Tilt Down
2805,351,-0.42,0.05,0.91,6,Tilt Down
2806,352,-0.64,0.18,0.78,6,Tilt Down
2807,353,-0.7,-0.01,0.58,6,Tilt Down
2808,354,-0.83,0.1,0.41,6,Tilt Down
2809,355,-0.87,0.05,0.39,6,Tilt Down
2810,356,-0.86,0.02,0.45,6,Tilt Down
2811,357,-0.86,0.07,0.47,6,Tilt Down
2812,358,-0.87,0.09,0.55,6,Tilt Down
2813,359,-0.76,0.07,0.63,6,Tilt Down
2814,360,-0.54,0.08,0.7,6,Tilt Down
2815,361,-0.35,0.04,0.68,6,Tilt Down
2816,362,-0.15,0.25,1.07,6,Tilt Down
2817,363,-0.01,-0.06,1.0,6,Tilt Down
2818,364,0.07,0.1,1.02,6,Tilt Down
2819,365,0.06,-0.08,1.08,6,Tilt Down
2820,366,0.05,-0.0,1.08,6,Tilt Down
2821,367,0.02,-0.03,1.12,6,Tilt Down
2822,368,0.0,0.02,1.14,6,Tilt Down
2823,369,0.04,-0.03,1.01,6,Tilt Down
2824,370,0.04,-0.03,1.01,6,Tilt Down
2825,371,0.04,-0.04,1.01,6,Tilt Down
2826,372,0.04,-0.04,1.0,6,Tilt Down
2827,373,0.04,-0.04,1.01,6,Tilt Down
2828,374,0.04,-0.04,1.01,6,Tilt Down
2829,375,0.03,-0.03,1.01,6,Tilt Down
2830,376,0.04,-0.04,1.01,6,Tilt Down
2831,377,0.04,-0.04,1.0,6,Tilt Down
2832,378,0.04,-0.04,1.01,6,Tilt Down
2833,379,0.04,-0.04,1.01,6,Tilt Down
2834,380,0.04,-0.04,1.01,6,Tilt Down
2835,381,0.04,-0.04,1.0,6,Tilt Down
2836,382,0.04,-0.04,1.01,6,Tilt Down
2837,383,0.04,-0.04,1.01,6,Tilt Down
2838,384,0.04,-0.04,1.01,6,Tilt Down
2839,385,0.04,-0.04,1.01,6,Tilt Down
2840,386,0.04,-0.03,1.01,6,Tilt Down
2841,387,0.04,-0.04,1.01,6,Tilt Down
2842,388,0.04,-0.03,1.01,6,Tilt Down
2843,389,0.03,-0.04,1.01,6,Tilt Down
2844,390,0.04,-0.03,1.01,6,Tilt Down
2845,391,0.04,-0.03,1.01,6,Tilt Down
2846,392,0.04,-0.04,1.01,6,Tilt Down
2847,393,0.03,-0.04,1.01,6,Tilt Down
2848,394,0.03,-0.02,1.02,6,Tilt Down
2849,395,0.04,-0.06,1.02,6,Tilt Down
2850,396,0.0,0.09,1.09,6,Tilt Down
2851,397,-0.0,-0.1,1.04,6,Tilt Down
2852,398,-0.13,0.06,0.96,6,Tilt Down
2853,399,-0.21,0.07,0.78,6,Tilt Down
2854,400,-0.36,0.08,0.82,6,Tilt Down
2855,401,-0.66,0.04,0.88,6,Tilt Down
2856,402,-0.75,0.1,0.57,6,Tilt Down
2857,403,-0.84,0.13,0.52,6,Tilt Down
2858,404,-0.88,0.08,0.41,6,Tilt Down
2859,405,-0.87,0.08,0.44,6,Tilt Down
2860,406,-0.85,0.11,0.48,6,Tilt Down
2861,407,-0.87,0.16,0.71,6,Tilt Down
2862,408,-0.67,0.12,0.75,6,Tilt Down
2863,409,-0.36,0.03,0.91,6,Tilt Down
2864,410,-0.17,0.24,0.88,6,Tilt Down
2865,411,0.09,0.08,0.99,6,Tilt Down
2866,412,0.18,-0.0,0.82,6,Tilt Down
2867,413,0.11,-0.05,1.16,6,Tilt Down
2868,414,0.04,0.07,0.97,6,Tilt Down
2869,415,0.04,-0.05,1.06,6,Tilt Down
2870,416,0.03,0.0,1.03,6,Tilt Down
2871,417,0.02,0.03,0.92,6,Tilt Down
2872,418,0.03,-0.04,1.03,6,Tilt Down
2873,419,0.04,-0.04,1.01,6,Tilt Down
2874,420,0.04,-0.04,1.01,6,Tilt Down
2875,421,0.04,-0.04,1.0,6,Tilt Down
2876,422,0.04,-0.04,1.0,6,Tilt Down
2877,423,0.04,-0.04,1.02,6,Tilt Down
2878,424,0.04,-0.04,1.01,6,Tilt Down
2879,425,0.04,-0.04,1.01,6,Tilt Down
2880,426,0.04,-0.04,1.01,6,Tilt Down
2881,427,0.04,-0.03,1.01,6,Tilt Down
2882,428,0.04,-0.04,1.01,6,Tilt Down
2883,429,0.04,-0.04,1.0,6,Tilt Down
2884,430,0.04,-0.04,1.01,6,Tilt Down
2885,431,0.03,-0.03,1.01,6,Tilt Down
2886,432,0.03,-0.04,1.01,6,Tilt Down
2887,433,0.04,-0.04,1.01,6,Tilt Down
2888,434,0.04,-0.04,1.0,6,Tilt Down
2889,435,0.04,-0.04,1.01,6,Tilt Down
2890,436,0.04,-0.04,1.0,6,Tilt Down
2891,437,0.04,-0.04,1.01,6,Tilt Down
2892,438,0.04,-0.03,1.01,6,Tilt Down
2893,439,0.04,-0.03,1.0,6,Tilt Down
2894,440,0.04,-0.04,1.01,6,Tilt Down
