,Unnamed: 0,x,y,z,subject,gesture_name
0,0,0.04,0.03,1.0,1,Yaw Right
1,1,0.04,0.03,1.0,1,Yaw Right
2,2,0.04,0.03,1.0,1,Yaw Right
3,3,0.04,0.03,1.0,1,Yaw Right
4,4,0.04,0.02,1.0,1,Yaw Right
5,5,0.04,0.02,1.0,1,Yaw Right
6,6,0.04,0.03,1.0,1,Yaw Right
7,7,0.04,0.03,1.0,1,Yaw Right
8,8,0.04,0.03,1.0,1,Yaw Right
9,9,0.04,0.03,1.0,1,Yaw Right
10,10,0.04,0.03,1.0,1,Yaw Right
11,11,0.04,0.02,1.0,1,Yaw Right
12,12,0.04,0.03,1.0,1,Yaw Right
13,13,0.04,0.03,1.0,1,Yaw Right
14,14,0.04,0.03,1.0,1,Yaw Right
15,15,0.04,0.03,1.0,1,Yaw Right
16,16,0.04,0.02,1.0,1,Yaw Right
17,17,0.04,0.03,1.0,1,Yaw Right
18,18,0.04,0.02,1.0,1,Yaw Right
19,19,0.04,0.03,1.0,1,Yaw Right
20,20,0.04,0.03,1.01,1,Yaw Right
21,21,0.04,0.03,1.0,1,Yaw Right
22,22,0.04,0.03,1.0,1,Yaw Right
23,23,0.04,0.03,1.0,1,Yaw Right
24,24,0.04,0.03,1.0,1,Yaw Right
25,25,0.03,0.02,1.0,1,Yaw Right
26,26,0.05,0.01,1.0,1,Yaw Right
27,27,0.04,0.01,1.0,1,Yaw Right
28,28,0.04,0.0,1.18,1,Yaw Right
29,29,0.13,-0.13,0.91,1,Yaw Right
30,30,0.14,0.16,0.96,1,Yaw Right
31,31,0.11,0.1,0.86,1,Yaw Right
32,32,0.15,0.23,0.86,1,Yaw Right
33,33,0.1,0.51,0.95,1,Yaw Right
34,34,0.17,0.24,1.04,1,Yaw Right
35,35,0.1,0.29,0.87,1,Yaw Right
36,36,0.12,0.24,1.01,1,Yaw Right
37,37,0.12,0.29,0.93,1,Yaw Right
38,38,0.13,0.29,0.96,1,Yaw Right
39,39,0.13,0.36,0.96,1,Yaw Right
40,40,0.22,0.21,0.96,1,Yaw Right
41,41,0.2,0.22,0.88,1,Yaw Right
42,42,0.16,0.07,0.99,1,Yaw Right
43,43,0.12,0.13,0.95,1,Yaw Right
44,44,0.05,0.13,1.04,1,Yaw Right
45,45,0.07,0.01,1.04,1,Yaw Right
46,46,0.03,0.1,0.96,1,Yaw Right
47,47,0.02,0.09,1.01,1,Yaw Right
48,48,0.03,0.02,0.98,1,Yaw Right
49,49,0.05,0.02,0.99,1,Yaw Right
50,50,0.05,0.05,1.0,1,Yaw Right
51,51,0.04,0.03,1.0,1,Yaw Right
52,52,0.04,0.03,1.0,1,Yaw Right
53,53,0.04,0.03,1.0,1,Yaw Right
54,54,0.04,0.03,1.0,1,Yaw Right
55,55,0.04,0.03,1.0,1,Yaw Right
56,56,0.04,0.03,1.0,1,Yaw Right
57,57,0.04,0.03,1.0,1,Yaw Right
58,58,0.04,0.03,1.0,1,Yaw Right
59,59,0.04,0.03,1.0,1,Yaw Right
60,60,0.04,0.03,1.0,1,Yaw Right
61,61,0.04,0.03,1.0,1,Yaw Right
62,62,0.04,0.03,1.0,1,Yaw Right
63,63,0.04,0.03,1.0,1,Yaw Right
64,64,0.04,0.03,1.0,1,Yaw Right
65,65,0.03,0.03,1.0,1,Yaw Right
66,66,0.04,0.03,1.01,1,Yaw Right
67,67,0.04,0.03,1.0,1,Yaw Right
68,68,0.04,0.03,1.0,1,Yaw Right
69,69,0.04,0.03,1.0,1,Yaw Right
70,70,0.04,0.03,1.0,1,Yaw Right
71,71,0.04,0.03,1.0,1,Yaw Right
72,72,0.04,0.02,1.0,1,Yaw Right
73,73,0.04,0.03,1.0,1,Yaw Right
74,74,0.04,0.03,1.0,1,Yaw Right
75,75,0.04,0.03,1.0,1,Yaw Right
76,76,0.04,0.03,1.0,1,Yaw Right
77,77,0.04,0.03,1.0,1,Yaw Right
78,78,0.04,0.03,1.0,1,Yaw Right
79,79,0.04,0.03,1.0,1,Yaw Right
80,80,0.04,0.03,1.0,1,Yaw Right
81,81,0.04,0.03,1.0,1,Yaw Right
82,82,0.04,0.03,1.0,1,Yaw Right
83,83,0.04,0.03,1.0,1,Yaw Right
84,84,0.03,0.03,1.0,1,Yaw Right
85,85,0.02,0.03,1.0,1,Yaw Right
86,86,0.03,0.0,0.98,1,Yaw Right
87,87,0.0,-0.04,1.23,1,Yaw Right
88,88,0.11,-0.12,0.89,1,Yaw Right
89,89,0.15,0.0,1.0,1,Yaw Right
90,90,0.03,0.34,0.82,1,Yaw Right
91,91,0.16,0.0,0.96,1,Yaw Right
92,92,0.15,0.37,0.98,1,Yaw Right
93,93,0.18,0.11,1.14,1,Yaw Right
94,94,0.16,0.25,0.94,1,Yaw Right
95,95,0.15,0.2,0.99,1,Yaw Right
96,96,0.17,0.25,0.99,1,Yaw Right
97,97,0.19,0.26,1.02,1,Yaw Right
98,98,0.15,0.36,0.91,1,Yaw Right
99,99,0.19,0.12,1.0,1,Yaw Right
100,100,0.09,0.27,0.87,1,Yaw Right
101,101,0.0,0.08,1.09,1,Yaw Right
102,102,0.04,0.11,1.0,1,Yaw Right
103,103,0.01,0.11,0.93,1,Yaw Right
104,104,0.01,0.06,1.0,1,Yaw Right
105,105,0.05,0.05,1.0,1,Yaw Right
106,106,0.02,0.02,1.0,1,Yaw Right
107,107,0.04,0.03,1.0,1,Yaw Right
108,108,0.04,0.03,1.0,1,Yaw Right
109,109,0.04,0.03,1.0,1,Yaw Right
110,110,0.04,0.03,1.0,1,Yaw Right
111,111,0.04,0.03,1.01,1,Yaw Right
112,112,0.04,0.03,1.0,1,Yaw Right
113,113,0.04,0.03,1.0,1,Yaw Right
114,114,0.04,0.03,1.0,1,Yaw Right
115,115,0.04,0.03,1.0,1,Yaw Right
116,116,0.04,0.03,1.0,1,Yaw Right
117,117,0.04,0.03,1.0,1,Yaw Right
118,118,0.04,0.03,1.0,1,Yaw Right
119,119,0.04,0.02,1.0,1,Yaw Right
120,120,0.04,0.03,1.0,1,Yaw Right
121,121,0.04,0.03,1.0,1,Yaw Right
122,122,0.04,0.03,1.0,1,Yaw Right
123,123,0.04,0.03,1.0,1,Yaw Right
124,124,0.04,0.03,1.0,1,Yaw Right
125,125,0.04,0.03,1.0,1,Yaw Right
126,126,0.04,0.03,1.0,1,Yaw Right
127,127,0.04,0.03,1.0,1,Yaw Right
128,128,0.04,0.03,1.0,1,Yaw Right
129,129,0.04,0.03,1.0,1,Yaw Right
130,130,0.03,0.03,1.0,1,Yaw Right
131,131,0.04,0.03,1.0,1,Yaw Right
132,132,0.04,0.03,1.0,1,Yaw Right
133,133,0.04,0.03,1.0,1,Yaw Right
134,134,0.04,0.03,1.0,1,Yaw Right
135,135,0.04,0.03,1.0,1,Yaw Right
136,136,0.04,0.03,1.0,1,Yaw Right
137,137,0.04,0.04,1.0,1,Yaw Right
138,138,0.04,0.03,1.0,1,Yaw Right
139,139,0.04,0.03,1.0,1,Yaw Right
140,140,0.04,0.02,1.0,1,Yaw Right
141,141,0.04,0.03,1.0,1,Yaw Right
142,142,0.09,0.04,1.0,1,Yaw Right
143,143,0.04,0.04,1.0,1,Yaw Right
144,144,0.04,0.0,0.99,1,Yaw Right
145,145,-0.04,0.02,1.08,1,Yaw Right
146,146,0.11,0.07,1.04,1,Yaw Right
147,147,0.16,-0.03,1.0,1,Yaw Right
148,148,0.19,0.02,1.0,1,Yaw Right
149,149,0.16,0.04,0.97,1,Yaw Right
150,150,0.11,0.35,0.96,1,Yaw Right
151,151,0.13,0.14,0.99,1,Yaw Right
152,152,0.14,0.35,1.11,1,Yaw Right
153,153,0.11,0.33,0.86,1,Yaw Right
154,154,0.12,0.27,0.95,1,Yaw Right
155,155,0.11,0.28,0.98,1,Yaw Right
156,156,0.11,0.36,1.04,1,Yaw Right
157,157,0.18,0.18,1.02,1,Yaw Right
158,158,0.18,0.2,0.96,1,Yaw Right
159,159,0.14,0.11,0.78,1,Yaw Right
160,160,0.11,0.12,0.91,1,Yaw Right
161,161,0.09,0.1,1.05,1,Yaw Right
162,162,0.03,0.1,0.98,1,Yaw Right
163,163,0.06,0.02,1.14,1,Yaw Right
164,164,0.03,0.01,0.98,1,Yaw Right
165,165,-0.02,-0.03,1.01,1,Yaw Right
166,166,0.03,0.03,1.01,1,Yaw Right
167,167,0.04,0.03,1.0,1,Yaw Right
168,168,0.03,0.03,1.0,1,Yaw Right
169,169,0.04,0.03,1.0,1,Yaw Right
170,170,0.04,0.03,1.0,1,Yaw Right
171,171,0.04,0.03,1.0,1,Yaw Right
172,172,0.04,0.03,1.0,1,Yaw Right
173,173,0.04,0.03,1.0,1,Yaw Right
174,174,0.04,0.03,1.0,1,Yaw Right
175,175,0.04,0.03,1.01,1,Yaw Right
176,176,0.04,0.03,1.0,1,Yaw Right
177,177,0.04,0.03,1.0,1,Yaw Right
178,178,0.04,0.03,1.0,1,Yaw Right
179,179,0.04,0.03,1.0,1,Yaw Right
180,180,0.04,0.02,1.0,1,Yaw Right
181,181,0.04,0.03,1.0,1,Yaw Right
182,182,0.04,0.03,1.0,1,Yaw Right
183,183,0.04,0.03,1.0,1,Yaw Right
184,184,0.04,0.03,1.0,1,Yaw Right
185,185,0.04,0.03,1.0,1,Yaw Right
186,186,0.04,0.03,1.0,1,Yaw Right
187,187,0.04,0.03,1.0,1,Yaw Right
188,188,0.04,0.03,1.0,1,Yaw Right
189,189,0.04,0.03,1.0,1,Yaw Right
190,190,0.04,0.03,1.0,1,Yaw Right
191,191,0.04,0.03,1.0,1,Yaw Right
192,192,0.04,0.03,1.0,1,Yaw Right
193,193,0.04,0.02,1.0,1,Yaw Right
194,194,0.04,0.03,1.0,1,Yaw Right
195,195,0.04,0.03,1.0,1,Yaw Right
196,196,0.04,0.03,1.0,1,Yaw Right
197,197,0.04,0.03,1.0,1,Yaw Right
198,198,0.04,0.03,1.0,1,Yaw Right
199,199,0.04,0.03,1.0,1,Yaw Right
200,200,0.04,0.03,1.01,1,Yaw Right
201,201,0.04,0.02,1.0,1,Yaw Right
202,202,0.04,0.03,1.0,1,Yaw Right
203,203,0.04,0.02,1.0,1,Yaw Right
204,204,0.04,0.03,1.0,1,Yaw Right
205,205,0.04,0.03,1.0,1,Yaw Right
206,206,0.04,0.03,1.0,1,Yaw Right
207,207,0.04,0.03,1.0,1,Yaw Right
208,208,0.04,0.03,1.0,1,Yaw Right
209,209,0.01,0.02,1.0,1,Yaw Right
210,210,0.02,0.02,0.98,1,Yaw Right
211,211,-0.0,-0.05,1.09,1,Yaw Right
212,212,0.1,-0.13,0.93,1,Yaw Right
213,213,0.05,-0.14,0.91,1,Yaw Right
214,214,0.13,0.1,1.05,1,Yaw Right
215,215,-0.03,0.57,0.92,1,Yaw Right
216,216,0.11,0.13,0.8,1,Yaw Right
217,217,0.08,0.34,1.19,1,Yaw Right
218,218,0.09,0.25,1.01,1,Yaw Right
219,219,0.12,0.31,1.0,1,Yaw Right
220,220,0.16,0.41,1.01,1,Yaw Right
221,221,0.2,0.23,0.95,1,Yaw Right
222,222,0.15,0.3,0.91,1,Yaw Right
223,223,0.19,0.01,0.95,1,Yaw Right
224,224,0.07,0.04,1.13,1,Yaw Right
225,225,0.09,0.17,1.0,1,Yaw Right
226,226,0.07,0.09,1.0,1,Yaw Right
227,227,0.04,0.05,1.0,1,Yaw Right
228,228,0.05,0.04,1.0,1,Yaw Right
229,229,0.1,0.1,1.0,1,Yaw Right
230,230,0.05,0.04,1.0,1,Yaw Right
231,231,0.04,0.03,1.0,1,Yaw Right
232,232,0.04,0.03,1.0,1,Yaw Right
233,233,0.04,0.03,1.0,1,Yaw Right
234,234,0.04,0.03,1.0,1,Yaw Right
235,235,0.04,0.03,1.0,1,Yaw Right
236,236,0.04,0.03,1.0,1,Yaw Right
237,237,0.04,0.03,1.0,1,Yaw Right
238,238,0.04,0.03,1.0,1,Yaw Right
239,239,0.04,0.03,1.01,1,Yaw Right
240,240,0.04,0.02,1.0,1,Yaw Right
241,241,0.04,0.03,1.0,1,Yaw Right
242,242,0.04,0.03,1.0,1,Yaw Right
243,243,0.04,0.03,1.0,1,Yaw Right
244,244,0.04,0.03,1.0,1,Yaw Right
245,245,0.04,0.03,1.0,1,Yaw Right
246,246,0.04,0.02,1.0,1,Yaw Right
247,247,0.04,0.02,1.0,1,Yaw Right
248,248,0.04,0.03,1.0,1,Yaw Right
249,249,0.04,0.03,1.0,1,Yaw Right
250,250,0.04,0.03,1.0,1,Yaw Right
251,251,0.04,0.03,1.0,1,Yaw Right
252,252,0.04,0.03,1.0,1,Yaw Right
253,253,0.04,0.03,1.0,1,Yaw Right
254,254,0.04,0.03,1.0,1,Yaw Right
255,255,0.04,0.03,1.0,1,Yaw Right
256,256,0.04,0.03,1.0,1,Yaw Right
257,257,0.04,0.03,1.0,1,Yaw Right
258,258,0.04,0.03,1.0,1,Yaw Right
259,259,0.04,0.03,1.0,1,Yaw Right
260,260,0.04,0.03,1.0,1,Yaw Right
261,261,0.04,0.03,1.0,1,Yaw Right
262,262,0.04,0.02,1.0,1,Yaw Right
263,263,0.04,0.03,1.0,1,Yaw Right
264,264,0.04,0.03,1.0,1,Yaw Right
265,265,0.04,0.03,1.0,1,Yaw Right
266,266,0.04,0.03,1.0,1,Yaw Right
267,267,0.04,0.03,1.0,1,Yaw Right
268,268,0.04,0.03,1.0,1,Yaw Right
269,269,0.04,0.03,1.0,1,Yaw Right
270,270,0.04,0.03,1.0,1,Yaw Right
271,271,0.04,0.03,1.0,1,Yaw Right
272,272,0.04,0.02,1.0,1,Yaw Right
273,273,0.04,0.03,1.0,1,Yaw Right
274,274,0.05,0.03,1.0,1,Yaw Right
275,275,0.04,0.04,1.01,1,Yaw Right
276,276,0.02,-0.05,0.95,1,Yaw Right
277,277,0.01,-0.02,0.99,1,Yaw Right
278,278,-0.03,0.02,1.09,1,Yaw Right
279,279,0.08,0.02,0.95,1,Yaw Right
280,280,0.14,0.02,0.91,1,Yaw Right
281,281,0.09,0.03,1.02,1,Yaw Right
282,282,0.14,-0.07,0.98,1,Yaw Right
283,283,0.09,-0.05,1.12,1,Yaw Right
284,284,0.1,-0.12,0.85,1,Yaw Right
285,285,0.06,0.14,0.97,1,Yaw Right
286,286,-0.01,0.39,1.05,1,Yaw Right
287,287,0.04,0.26,0.94,1,Yaw Right
288,288,0.02,0.28,1.06,1,Yaw Right
289,289,0.04,0.29,0.94,1,Yaw Right
290,290,0.03,0.29,0.93,1,Yaw Right
291,291,0.09,0.31,1.0,1,Yaw Right
292,292,0.14,0.17,0.86,1,Yaw Right
293,293,0.1,0.14,0.95,1,Yaw Right
294,294,0.03,-0.07,1.03,1,Yaw Right
295,295,0.08,0.02,1.14,1,Yaw Right
296,296,0.07,0.09,0.91,1,Yaw Right
297,297,0.05,-0.01,1.08,1,Yaw Right
298,298,0.04,0.0,0.96,1,Yaw Right
299,299,0.05,-0.0,0.97,1,Yaw Right
300,300,0.03,0.04,1.0,1,Yaw Right
301,301,0.03,0.03,1.0,1,Yaw Right
302,302,0.04,0.02,1.0,1,Yaw Right
303,303,0.06,0.07,1.04,1,Yaw Right
304,304,0.04,0.03,1.0,1,Yaw Right
305,305,0.04,0.02,1.0,1,Yaw Right
306,306,0.04,0.03,1.0,1,Yaw Right
307,307,0.04,0.03,1.0,1,Yaw Right
308,308,0.04,0.02,1.0,1,Yaw Right
309,309,0.04,0.03,1.0,1,Yaw Right
310,310,0.04,0.03,1.0,1,Yaw Right
311,311,0.04,0.03,1.0,1,Yaw Right
312,312,0.04,0.03,1.0,1,Yaw Right
313,313,0.04,0.02,1.0,1,Yaw Right
314,314,0.04,0.03,1.0,1,Yaw Right
315,315,0.04,0.03,1.0,1,Yaw Right
316,316,0.04,0.03,1.0,1,Yaw Right
317,317,0.04,0.03,1.01,1,Yaw Right
318,318,0.04,0.03,1.01,1,Yaw Right
319,319,0.04,0.03,1.0,1,Yaw Right
320,320,0.04,0.03,1.0,1,Yaw Right
321,321,0.04,0.03,1.0,1,Yaw Right
322,322,0.04,0.03,1.0,1,Yaw Right
323,323,0.04,0.02,1.0,1,Yaw Right
324,324,0.04,0.03,1.0,1,Yaw Right
325,325,0.04,0.03,1.0,1,Yaw Right
326,326,0.04,0.02,1.0,1,Yaw Right
327,327,0.04,0.03,1.0,1,Yaw Right
328,328,0.04,0.04,1.0,1,Yaw Right
329,329,0.04,0.03,1.0,1,Yaw Right
330,330,0.04,0.03,1.0,1,Yaw Right
331,331,0.04,0.03,1.0,1,Yaw Right
332,332,0.04,0.03,1.0,1,Yaw Right
333,333,0.04,0.03,1.0,1,Yaw Right
334,334,0.04,0.02,1.0,1,Yaw Right
335,335,0.04,0.03,1.0,1,Yaw Right
336,336,0.04,0.03,1.0,1,Yaw Right
337,337,0.04,0.03,1.0,1,Yaw Right
338,338,0.04,0.03,1.0,1,Yaw Right
339,339,0.04,0.03,1.0,1,Yaw Right
340,340,0.04,0.03,1.0,1,Yaw Right
341,341,0.04,0.03,1.0,1,Yaw Right
342,342,0.04,0.03,1.0,1,Yaw Right
343,343,0.04,0.03,1.0,1,Yaw Right
344,344,0.04,0.04,1.0,1,Yaw Right
345,345,0.0,0.03,1.02,1,Yaw Right
346,346,0.05,0.02,1.01,1,Yaw Right
347,347,-0.0,0.01,1.25,1,Yaw Right
348,348,0.11,-0.06,1.0,1,Yaw Right
349,349,0.12,-0.06,0.93,1,Yaw Right
350,350,0.14,-0.02,1.0,1,Yaw Right
351,351,0.08,-0.11,0.96,1,Yaw Right
352,352,0.11,0.46,0.99,1,Yaw Right
353,353,0.06,0.27,0.68,1,Yaw Right
354,354,0.11,0.28,1.12,1,Yaw Right
355,355,0.11,0.27,0.99,1,Yaw Right
356,356,0.06,0.24,0.93,1,Yaw Right
357,357,0.05,0.28,0.82,1,Yaw Right
358,358,0.07,0.44,1.0,1,Yaw Right
359,359,0.05,0.29,0.88,1,Yaw Right
360,360,0.04,0.07,1.14,1,Yaw Right
361,361,0.09,0.08,0.86,1,Yaw Right
362,362,0.1,0.1,0.98,1,Yaw Right
363,363,0.09,0.1,1.09,1,Yaw Right
364,364,0.07,0.02,1.03,1,Yaw Right
365,365,0.06,0.12,1.0,1,Yaw Right
366,366,0.06,0.03,1.0,1,Yaw Right
367,367,0.02,0.07,1.01,1,Yaw Right
368,368,0.05,0.01,1.0,1,Yaw Right
369,369,0.04,0.02,1.0,1,Yaw Right
370,370,0.04,0.02,1.0,1,Yaw Right
371,371,0.04,0.03,1.0,1,Yaw Right
372,372,0.04,0.03,1.0,1,Yaw Right
373,373,0.04,0.03,1.0,1,Yaw Right
374,374,0.04,0.03,1.0,1,Yaw Right
375,375,0.04,0.03,1.0,1,Yaw Right
376,376,0.04,0.02,1.0,1,Yaw Right
377,377,0.04,0.02,1.0,1,Yaw Right
378,378,0.04,0.03,1.0,1,Yaw Right
379,379,0.04,0.03,1.0,1,Yaw Right
380,380,0.04,0.03,1.01,1,Yaw Right
381,381,0.04,0.03,1.0,1,Yaw Right
382,382,0.04,0.02,1.0,1,Yaw Right
383,383,0.04,0.03,1.0,1,Yaw Right
384,384,0.04,0.03,1.0,1,Yaw Right
385,385,0.04,0.03,1.0,1,Yaw Right
386,386,0.04,0.03,1.0,1,Yaw Right
387,387,0.04,0.03,1.0,1,Yaw Right
388,388,0.04,0.03,1.0,1,Yaw Right
389,389,0.04,0.03,1.0,1,Yaw Right
390,390,0.04,0.03,1.0,1,Yaw Right
391,391,0.04,0.03,1.0,1,Yaw Right
392,392,0.04,0.03,1.0,1,Yaw Right
393,393,0.04,0.02,1.0,1,Yaw Right
394,394,0.04,0.03,1.0,1,Yaw Right
395,395,0.04,0.03,1.0,1,Yaw Right
396,396,0.04,0.03,1.0,1,Yaw Right
397,397,0.04,0.03,1.0,1,Yaw Right
398,398,0.04,0.03,1.0,1,Yaw Right
399,399,0.04,0.03,1.0,1,Yaw Right
400,400,0.04,0.03,1.0,1,Yaw Right
401,401,0.04,0.03,1.0,1,Yaw Right
402,402,0.04,0.03,1.0,1,Yaw Right
403,403,0.04,0.03,1.0,1,Yaw Right
404,404,0.04,0.02,1.0,1,Yaw Right
405,405,0.04,0.03,1.0,1,Yaw Right
406,406,0.04,0.03,1.0,1,Yaw Right
407,407,0.04,0.03,1.0,1,Yaw Right
408,408,0.05,0.04,1.0,1,Yaw Right
409,409,0.05,0.04,1.0,1,Yaw Right
410,410,0.03,0.02,1.0,1,Yaw Right
411,411,0.03,0.03,1.06,1,Yaw Right
412,412,0.05,0.06,1.0,1,Yaw Right
413,413,0.09,-0.05,0.98,1,Yaw Right
414,414,0.15,0.12,1.05,1,Yaw Right
415,415,0.11,0.2,0.99,1,Yaw Right
416,416,0.0,0.42,0.84,1,Yaw Right
417,417,0.08,0.53,1.01,1,Yaw Right
418,418,0.1,0.21,1.06,1,Yaw Right
419,419,0.07,0.19,0.9,1,Yaw Right
420,420,0.09,0.31,0.99,1,Yaw Right
421,421,0.06,0.39,1.04,1,Yaw Right
422,422,0.11,0.21,0.93,1,Yaw Right
423,423,0.12,0.24,0.83,1,Yaw Right
424,424,0.11,0.28,1.0,1,Yaw Right
425,425,0.07,-0.01,1.08,1,Yaw Right
426,426,0.12,0.18,0.88,1,Yaw Right
427,427,0.08,-0.12,1.02,1,Yaw Right
428,428,0.04,0.05,0.99,1,Yaw Right
429,429,0.05,0.07,1.01,1,Yaw Right
430,430,0.04,0.02,0.99,1,Yaw Right
431,431,0.05,0.07,1.05,1,Yaw Right
432,432,0.04,-0.02,1.09,1,Yaw Right
433,433,0.05,0.0,1.09,1,Yaw Right
434,434,0.04,0.02,1.0,1,Yaw Right
435,435,0.05,0.02,1.0,1,Yaw Right
436,436,0.04,0.03,1.0,1,Yaw Right
437,437,0.04,0.03,1.0,1,Yaw Right
438,438,0.04,0.03,1.0,1,Yaw Right
439,439,0.04,0.03,1.0,1,Yaw Right
440,440,0.04,0.02,1.0,1,Yaw Right
441,441,0.04,0.03,1.0,1,Yaw Right
442,442,0.04,0.03,1.0,1,Yaw Right
443,443,0.04,0.03,1.0,1,Yaw Right
444,444,0.04,0.03,1.01,1,Yaw Right
445,445,0.04,0.03,1.0,1,Yaw Right
446,446,0.04,0.03,1.0,1,Yaw Right
447,447,0.04,0.03,1.01,1,Yaw Right
448,448,0.04,0.03,1.0,1,Yaw Right
449,449,0.04,0.02,1.0,1,Yaw Right
450,450,0.04,0.03,1.0,1,Yaw Right
451,451,0.04,0.03,1.0,1,Yaw Right
452,452,0.04,0.03,1.0,1,Yaw Right
453,453,0.04,0.03,1.0,1,Yaw Right
454,454,0.04,0.03,1.0,1,Yaw Right
455,455,0.04,0.03,1.0,1,Yaw Right
456,456,0.04,0.03,1.0,1,Yaw Right
457,457,0.04,0.03,1.0,1,Yaw Right
458,458,0.04,0.03,1.0,1,Yaw Right
459,459,0.04,0.03,1.0,1,Yaw Right
460,460,0.04,0.03,1.0,1,Yaw Right
461,461,0.04,0.02,1.0,1,Yaw Right
462,462,0.04,0.03,1.0,1,Yaw Right
463,463,0.04,0.03,1.0,1,Yaw Right
464,464,0.04,0.03,1.0,1,Yaw Right
465,465,0.04,0.03,1.0,1,Yaw Right
466,466,0.04,0.03,1.0,1,Yaw Right
467,467,0.04,0.03,1.0,1,Yaw Right
468,468,0.04,0.02,1.0,1,Yaw Right
469,469,0.04,0.03,1.0,1,Yaw Right
470,470,0.04,0.03,1.0,1,Yaw Right
471,471,0.04,0.03,1.0,1,Yaw Right
472,472,0.04,0.03,1.01,1,Yaw Right
473,473,0.04,0.03,1.0,1,Yaw Right
474,474,0.04,0.02,1.0,1,Yaw Right
475,475,0.04,0.03,1.0,1,Yaw Right
476,476,0.01,0.0,0.99,1,Yaw Right
477,477,0.08,-0.05,0.97,1,Yaw Right
478,478,-0.03,-0.06,1.01,1,Yaw Right
479,479,0.11,-0.07,1.0,1,Yaw Right
480,480,0.14,-0.17,0.97,1,Yaw Right
481,481,0.1,0.13,1.05,1,Yaw Right
482,482,0.05,0.4,1.03,1,Yaw Right
483,483,0.05,0.39,0.79,1,Yaw Right
484,484,0.02,0.48,0.98,1,Yaw Right
485,485,0.06,0.36,1.04,1,Yaw Right
486,486,0.04,0.37,0.98,1,Yaw Right
487,487,0.09,0.39,1.02,1,Yaw Right
488,488,0.05,0.42,0.86,1,Yaw Right
489,489,0.03,0.48,0.95,1,Yaw Right
490,490,0.1,0.24,0.95,1,Yaw Right
491,491,0.14,0.22,0.94,1,Yaw Right
492,492,0.23,0.27,0.75,1,Yaw Right
493,493,0.15,0.12,0.92,1,Yaw Right
494,494,0.06,0.07,1.19,1,Yaw Right
495,495,0.02,0.06,0.93,1,Yaw Right
496,496,0.05,0.07,0.99,1,Yaw Right
497,497,0.02,0.06,1.01,1,Yaw Right
498,498,0.02,0.06,0.95,1,Yaw Right
499,499,0.03,0.01,1.02,1,Yaw Right
500,500,0.06,0.04,1.0,1,Yaw Right
501,501,0.04,0.02,1.0,1,Yaw Right
502,502,0.04,0.03,1.0,1,Yaw Right
503,503,0.04,0.03,1.0,1,Yaw Right
504,504,0.04,0.02,1.0,1,Yaw Right
505,505,0.04,0.03,1.0,1,Yaw Right
506,506,0.04,0.03,1.0,1,Yaw Right
507,507,0.04,0.03,1.0,1,Yaw Right
508,508,0.04,0.03,1.0,1,Yaw Right
509,509,0.04,0.03,1.01,1,Yaw Right
510,510,0.04,0.02,1.0,1,Yaw Right
511,511,0.04,0.03,1.0,1,Yaw Right
512,512,0.04,0.03,1.0,1,Yaw Right
513,513,0.04,0.03,1.0,1,Yaw Right
514,514,0.04,0.03,1.0,1,Yaw Right
515,515,0.04,0.03,1.0,1,Yaw Right
516,516,0.04,0.03,1.0,1,Yaw Right
517,517,0.04,0.03,1.0,1,Yaw Right
518,518,0.04,0.03,1.0,1,Yaw Right
519,519,0.04,0.03,1.0,1,Yaw Right
520,520,0.04,0.03,1.0,1,Yaw Right
521,521,0.04,0.02,1.0,1,Yaw Right
522,522,0.04,0.03,1.0,1,Yaw Right
523,523,0.04,0.03,1.0,1,Yaw Right
524,524,0.04,0.03,1.0,1,Yaw Right
525,525,0.04,0.03,1.01,1,Yaw Right
526,526,0.04,0.03,1.0,1,Yaw Right
527,527,0.04,0.03,1.0,1,Yaw Right
528,528,0.04,0.03,1.01,1,Yaw Right
529,529,0.04,0.02,1.0,1,Yaw Right
530,530,0.04,0.03,1.0,1,Yaw Right
531,531,0.04,0.03,1.0,1,Yaw Right
532,532,0.04,0.02,1.0,1,Yaw Right
533,533,0.04,0.03,1.0,1,Yaw Right
534,534,0.04,0.03,1.0,1,Yaw Right
535,535,0.04,0.02,1.0,1,Yaw Right
536,0,0.04,0.02,1.0,2,Yaw Right
537,1,0.04,0.03,1.0,2,Yaw Right
538,2,0.04,0.03,1.0,2,Yaw Right
539,3,0.04,0.02,1.0,2,Yaw Right
540,4,0.04,0.03,0.99,2,Yaw Right
541,5,0.04,0.03,1.0,2,Yaw Right
542,6,0.04,0.02,1.0,2,Yaw Right
543,7,0.04,0.02,1.01,2,Yaw Right
544,8,0.04,0.02,1.0,2,Yaw Right
545,9,0.04,0.03,1.0,2,Yaw Right
546,10,0.04,0.03,1.0,2,Yaw Right
547,11,0.04,0.02,1.0,2,Yaw Right
548,12,0.04,0.03,0.99,2,Yaw Right
549,13,0.04,0.03,1.0,2,Yaw Right
550,14,0.04,0.02,1.0,2,Yaw Right
551,15,0.04,0.02,1.01,2,Yaw Right
552,16,0.04,0.03,1.0,2,Yaw Right
553,17,0.04,0.03,1.0,2,Yaw Right
554,18,0.04,0.03,1.0,2,Yaw Right
555,19,0.04,0.03,1.0,2,Yaw Right
556,20,0.04,0.03,1.0,2,Yaw Right
557,21,0.04,0.03,1.0,2,Yaw Right
558,22,0.04,0.03,1.0,2,Yaw Right
559,23,0.04,0.03,1.0,2,Yaw Right
560,24,0.04,0.03,1.0,2,Yaw Right
561,25,0.04,0.03,1.0,2,Yaw Right
562,26,0.04,0.03,1.0,2,Yaw Right
563,27,0.04,0.02,1.0,2,Yaw Right
564,28,0.04,0.02,1.0,2,Yaw Right
565,29,0.05,0.02,1.0,2,Yaw Right
566,30,0.0,0.0,1.0,2,Yaw Right
567,31,0.02,-0.08,1.18,2,Yaw Right
568,32,0.06,0.08,1.07,2,Yaw Right
569,33,0.09,0.11,0.92,2,Yaw Right
570,34,0.16,0.12,1.0,2,Yaw Right
571,35,0.07,-0.09,1.16,2,Yaw Right
572,36,0.09,0.19,0.92,2,Yaw Right
573,37,-0.04,0.13,1.07,2,Yaw Right
574,38,0.09,0.32,0.87,2,Yaw Right
575,39,0.04,0.34,0.97,2,Yaw Right
576,40,0.01,0.1,0.96,2,Yaw Right
577,41,0.13,0.08,1.02,2,Yaw Right
578,42,0.15,0.5,1.14,2,Yaw Right
579,43,0.18,-0.13,0.89,2,Yaw Right
580,44,0.13,0.03,0.99,2,Yaw Right
581,45,0.08,0.03,0.99,2,Yaw Right
582,46,0.03,-0.08,0.89,2,Yaw Right
583,47,0.07,0.12,0.92,2,Yaw Right
584,48,0.04,0.02,1.0,2,Yaw Right
585,49,0.04,0.03,1.0,2,Yaw Right
586,50,0.04,0.02,1.0,2,Yaw Right
587,51,0.04,0.03,1.0,2,Yaw Right
588,52,0.04,0.02,1.0,2,Yaw Right
589,53,0.04,0.03,1.0,2,Yaw Right
590,54,0.04,0.03,1.0,2,Yaw Right
591,55,0.04,0.03,1.0,2,Yaw Right
592,56,0.04,0.02,1.0,2,Yaw Right
593,57,0.04,0.02,1.0,2,Yaw Right
594,58,0.04,0.03,1.0,2,Yaw Right
595,59,0.04,0.02,1.0,2,Yaw Right
596,60,0.04,0.03,1.0,2,Yaw Right
597,61,0.04,0.03,1.0,2,Yaw Right
598,62,0.04,0.02,1.0,2,Yaw Right
599,63,0.04,0.02,1.0,2,Yaw Right
600,64,0.04,0.03,1.0,2,Yaw Right
601,65,0.04,0.02,1.0,2,Yaw Right
602,66,0.04,0.02,1.0,2,Yaw Right
603,67,0.04,0.02,1.0,2,Yaw Right
604,68,0.04,0.03,1.0,2,Yaw Right
605,69,0.04,0.03,1.0,2,Yaw Right
606,70,0.04,0.02,1.0,2,Yaw Right
607,71,0.04,0.03,1.0,2,Yaw Right
608,72,0.04,0.03,1.0,2,Yaw Right
609,73,0.04,0.03,1.0,2,Yaw Right
610,74,0.04,0.02,1.0,2,Yaw Right
611,75,0.04,0.03,1.0,2,Yaw Right
612,76,0.04,0.03,1.0,2,Yaw Right
613,77,0.04,0.02,1.0,2,Yaw Right
614,78,0.04,0.02,1.0,2,Yaw Right
615,79,0.04,0.02,1.0,2,Yaw Right
616,80,0.04,0.02,1.0,2,Yaw Right
617,81,0.05,0.02,1.0,2,Yaw Right
618,82,0.0,-0.11,1.05,2,Yaw Right
619,83,0.09,-0.06,1.01,2,Yaw Right
620,84,0.08,0.04,0.78,2,Yaw Right
621,85,0.12,0.03,1.0,2,Yaw Right
622,86,0.14,0.18,0.93,2,Yaw Right
623,87,0.02,0.11,0.97,2,Yaw Right
624,88,0.03,0.25,0.98,2,Yaw Right
625,89,0.01,0.18,1.08,2,Yaw Right
626,90,0.02,0.33,0.98,2,Yaw Right
627,91,0.0,0.12,0.97,2,Yaw Right
628,92,0.1,0.18,0.85,2,Yaw Right
629,93,0.2,0.08,1.1,2,Yaw Right
630,94,0.04,-0.05,1.02,2,Yaw Right
631,95,0.07,-0.04,0.98,2,Yaw Right
632,96,0.03,-0.14,0.96,2,Yaw Right
633,97,0.02,0.05,0.91,2,Yaw Right
634,98,0.07,0.09,0.88,2,Yaw Right
635,99,0.05,0.02,1.0,2,Yaw Right
636,100,0.04,0.02,1.0,2,Yaw Right
637,101,0.04,0.03,1.0,2,Yaw Right
638,102,0.04,0.02,1.0,2,Yaw Right
639,103,0.04,0.03,1.0,2,Yaw Right
640,104,0.04,0.02,1.0,2,Yaw Right
641,105,0.04,0.02,1.0,2,Yaw Right
642,106,0.04,0.02,1.0,2,Yaw Right
643,107,0.04,0.03,1.0,2,Yaw Right
644,108,0.04,0.03,1.0,2,Yaw Right
645,109,0.04,0.03,1.0,2,Yaw Right
646,110,0.04,0.02,1.0,2,Yaw Right
647,111,0.04,0.02,1.0,2,Yaw Right
648,112,0.04,0.02,1.0,2,Yaw Right
649,113,0.04,0.03,1.0,2,Yaw Right
650,114,0.04,0.03,1.0,2,Yaw Right
651,115,0.04,0.02,1.0,2,Yaw Right
652,116,0.04,0.02,1.0,2,Yaw Right
653,117,0.04,0.03,1.0,2,Yaw Right
654,118,0.04,0.02,1.0,2,Yaw Right
655,119,0.04,0.03,1.0,2,Yaw Right
656,120,0.04,0.03,1.01,2,Yaw Right
657,121,0.04,0.02,1.0,2,Yaw Right
658,122,0.04,0.03,1.0,2,Yaw Right
659,123,0.04,0.03,1.0,2,Yaw Right
660,124,0.04,0.02,1.0,2,Yaw Right
661,125,0.04,0.02,1.0,2,Yaw Right
662,126,0.04,0.03,1.0,2,Yaw Right
663,127,0.04,0.02,1.0,2,Yaw Right
664,128,0.04,0.02,1.0,2,Yaw Right
665,129,0.04,0.03,1.0,2,Yaw Right
666,130,0.04,0.02,1.0,2,Yaw Right
667,131,0.04,0.02,1.0,2,Yaw Right
668,132,0.03,0.08,1.0,2,Yaw Right
669,133,-0.04,-0.1,0.96,2,Yaw Right
670,134,0.1,-0.08,1.11,2,Yaw Right
671,135,0.03,0.08,0.9,2,Yaw Right
672,136,0.12,0.1,0.86,2,Yaw Right
673,137,0.09,0.09,1.02,2,Yaw Right
674,138,0.05,0.06,1.01,2,Yaw Right
675,139,0.05,0.34,1.04,2,Yaw Right
676,140,-0.02,0.17,0.9,2,Yaw Right
677,141,0.02,0.36,1.09,2,Yaw Right
678,142,0.05,0.34,0.98,2,Yaw Right
679,143,0.07,0.12,1.02,2,Yaw Right
680,144,0.1,0.43,1.01,2,Yaw Right
681,145,0.09,-0.15,0.97,2,Yaw Right
682,146,0.02,0.14,0.94,2,Yaw Right
683,147,0.12,-0.2,0.97,2,Yaw Right
684,148,-0.01,-0.04,1.13,2,Yaw Right
685,149,0.02,0.1,0.92,2,Yaw Right
686,150,0.03,0.02,1.0,2,Yaw Right
687,151,0.04,0.03,1.0,2,Yaw Right
688,152,0.04,0.03,1.0,2,Yaw Right
689,153,0.04,0.02,1.01,2,Yaw Right
690,154,0.04,0.02,1.0,2,Yaw Right
691,155,0.04,0.02,1.0,2,Yaw Right
692,156,0.04,0.02,1.0,2,Yaw Right
693,157,0.04,0.02,1.0,2,Yaw Right
694,158,0.04,0.03,1.0,2,Yaw Right
695,159,0.04,0.02,1.0,2,Yaw Right
696,160,0.04,0.03,1.0,2,Yaw Right
697,161,0.04,0.02,1.0,2,Yaw Right
698,162,0.04,0.02,1.0,2,Yaw Right
699,163,0.04,0.03,1.0,2,Yaw Right
700,164,0.04,0.02,1.0,2,Yaw Right
701,165,0.04,0.03,1.0,2,Yaw Right
702,166,0.04,0.03,1.0,2,Yaw Right
703,167,0.04,0.02,1.0,2,Yaw Right
704,168,0.04,0.02,1.0,2,Yaw Right
705,169,0.04,0.03,1.0,2,Yaw Right
706,170,0.04,0.02,1.0,2,Yaw Right
707,171,0.04,0.03,1.0,2,Yaw Right
708,172,0.04,0.02,1.0,2,Yaw Right
709,173,0.04,0.02,1.0,2,Yaw Right
710,174,0.04,0.03,1.0,2,Yaw Right
711,175,0.04,0.02,1.0,2,Yaw Right
712,176,0.04,0.02,1.0,2,Yaw Right
713,177,0.04,0.03,1.0,2,Yaw Right
714,178,0.04,0.03,1.0,2,Yaw Right
715,179,0.02,0.04,1.0,2,Yaw Right
716,180,0.04,0.03,1.0,2,Yaw Right
717,181,-0.03,-0.04,1.04,2,Yaw Right
718,182,0.07,-0.0,1.0,2,Yaw Right
719,183,0.04,-0.15,0.98,2,Yaw Right
720,184,0.1,0.07,0.94,2,Yaw Right
721,185,0.13,0.11,1.0,2,Yaw Right
722,186,0.03,0.16,0.98,2,Yaw Right
723,187,0.04,0.29,1.03,2,Yaw Right
724,188,0.04,0.11,1.0,2,Yaw Right
725,189,0.07,0.35,1.05,2,Yaw Right
726,190,0.08,0.24,1.02,2,Yaw Right
727,191,0.07,0.45,1.02,2,Yaw Right
728,192,0.12,-0.07,0.95,2,Yaw Right
729,193,0.15,-0.03,1.1,2,Yaw Right
730,194,0.05,0.2,1.0,2,Yaw Right
731,195,0.12,-0.08,0.99,2,Yaw Right
732,196,0.03,-0.03,1.01,2,Yaw Right
733,197,0.02,0.01,0.98,2,Yaw Right
734,198,-0.0,0.02,1.02,2,Yaw Right
735,199,0.07,0.06,1.0,2,Yaw Right
736,200,0.04,0.02,1.0,2,Yaw Right
737,201,0.04,0.03,1.0,2,Yaw Right
738,202,0.04,0.03,1.0,2,Yaw Right
739,203,0.04,0.03,1.0,2,Yaw Right
740,204,0.04,0.03,1.0,2,Yaw Right
741,205,0.04,0.02,1.0,2,Yaw Right
742,206,0.04,0.02,1.0,2,Yaw Right
743,207,0.04,0.03,1.0,2,Yaw Right
744,208,0.04,0.02,1.0,2,Yaw Right
745,209,0.04,0.03,1.0,2,Yaw Right
746,210,0.04,0.03,1.0,2,Yaw Right
747,211,0.04,0.03,1.0,2,Yaw Right
748,212,0.04,0.02,1.0,2,Yaw Right
749,213,0.04,0.02,1.0,2,Yaw Right
750,214,0.04,0.02,1.0,2,Yaw Right
751,215,0.04,0.02,1.0,2,Yaw Right
752,216,0.04,0.03,1.0,2,Yaw Right
753,217,0.04,0.03,1.0,2,Yaw Right
754,218,0.04,0.03,1.0,2,Yaw Right
755,219,0.04,0.03,1.0,2,Yaw Right
756,220,0.04,0.02,1.0,2,Yaw Right
757,221,0.04,0.03,1.0,2,Yaw Right
758,222,0.04,0.03,1.0,2,Yaw Right
759,223,0.04,0.02,1.0,2,Yaw Right
760,224,0.04,0.02,1.0,2,Yaw Right
761,225,0.04,0.02,1.0,2,Yaw Right
762,226,0.04,0.03,1.0,2,Yaw Right
763,227,0.04,0.02,1.0,2,Yaw Right
764,228,0.04,0.03,1.0,2,Yaw Right
765,229,0.04,0.02,1.0,2,Yaw Right
766,230,0.04,0.03,1.0,2,Yaw Right
767,231,0.04,0.03,1.0,2,Yaw Right
768,232,0.04,0.02,1.0,2,Yaw Right
769,233,0.04,0.04,1.01,2,Yaw Right
770,234,0.03,0.0,1.2,2,Yaw Right
771,235,0.06,0.01,0.86,2,Yaw Right
772,236,0.16,0.19,1.01,2,Yaw Right
773,237,0.12,0.02,0.93,2,Yaw Right
774,238,0.09,0.25,0.96,2,Yaw Right
775,239,0.06,0.2,0.99,2,Yaw Right
776,240,0.04,0.25,1.01,2,Yaw Right
777,241,0.09,0.25,0.83,2,Yaw Right
778,242,0.01,0.26,1.05,2,Yaw Right
779,243,-0.02,0.45,0.97,2,Yaw Right
780,244,0.07,0.04,0.95,2,Yaw Right
781,245,0.15,0.09,1.06,2,Yaw Right
782,246,0.05,-0.16,0.97,2,Yaw Right
783,247,0.05,-0.1,1.0,2,Yaw Right
784,248,0.02,0.02,1.01,2,Yaw Right
785,249,0.02,0.12,1.01,2,Yaw Right
786,250,0.04,0.07,0.96,2,Yaw Right
787,251,0.03,-0.0,1.0,2,Yaw Right
788,252,0.04,0.02,1.0,2,Yaw Right
789,253,0.04,0.02,1.0,2,Yaw Right
790,254,0.04,0.02,1.0,2,Yaw Right
791,255,0.04,0.02,1.0,2,Yaw Right
792,256,0.04,0.02,1.0,2,Yaw Right
793,257,0.04,0.02,1.0,2,Yaw Right
794,258,0.04,0.02,1.0,2,Yaw Right
795,259,0.04,0.03,1.0,2,Yaw Right
796,260,0.04,0.02,1.0,2,Yaw Right
797,261,0.04,0.02,1.0,2,Yaw Right
798,262,0.04,0.02,1.0,2,Yaw Right
799,263,0.04,0.02,1.0,2,Yaw Right
800,264,0.04,0.03,1.0,2,Yaw Right
801,265,0.04,0.02,1.01,2,Yaw Right
802,266,0.04,0.03,1.0,2,Yaw Right
803,267,0.04,0.02,1.0,2,Yaw Right
804,268,0.04,0.03,1.0,2,Yaw Right
805,269,0.04,0.02,1.0,2,Yaw Right
806,270,0.04,0.02,1.0,2,Yaw Right
807,271,0.04,0.03,1.0,2,Yaw Right
808,272,0.04,0.02,1.0,2,Yaw Right
809,273,0.04,0.03,1.0,2,Yaw Right
810,274,0.04,0.03,1.0,2,Yaw Right
811,275,0.04,0.03,1.0,2,Yaw Right
812,276,0.04,0.02,1.0,2,Yaw Right
813,277,0.04,0.03,1.0,2,Yaw Right
814,278,0.04,0.03,1.0,2,Yaw Right
815,279,0.04,0.02,1.0,2,Yaw Right
816,280,0.04,0.03,1.0,2,Yaw Right
817,281,0.04,0.03,1.0,2,Yaw Right
818,282,0.04,0.02,1.0,2,Yaw Right
819,283,0.04,0.03,1.0,2,Yaw Right
820,284,0.03,0.03,1.01,2,Yaw Right
821,285,0.03,0.04,0.99,2,Yaw Right
822,286,0.05,0.01,1.21,2,Yaw Right
823,287,0.09,-0.16,0.9,2,Yaw Right
824,288,0.11,0.04,1.04,2,Yaw Right
825,289,0.13,0.02,1.02,2,Yaw Right
826,290,0.07,0.15,1.0,2,Yaw Right
827,291,0.06,0.23,0.98,2,Yaw Right
828,292,0.03,0.25,1.09,2,Yaw Right
829,293,0.07,0.26,0.91,2,Yaw Right
830,294,0.04,0.45,1.0,2,Yaw Right
831,295,0.03,0.34,0.95,2,Yaw Right
832,296,0.14,0.48,0.76,2,Yaw Right
833,297,-0.0,0.04,1.16,2,Yaw Right
834,298,0.12,0.11,0.93,2,Yaw Right
835,299,0.13,-0.18,1.0,2,Yaw Right
836,300,0.03,0.2,0.93,2,Yaw Right
837,301,0.05,-0.06,0.99,2,Yaw Right
838,302,0.04,0.04,1.02,2,Yaw Right
839,303,0.04,-0.01,1.0,2,Yaw Right
840,304,0.05,0.02,1.0,2,Yaw Right
841,305,0.04,0.03,1.0,2,Yaw Right
842,306,0.04,0.02,1.0,2,Yaw Right
843,307,0.04,0.02,1.0,2,Yaw Right
844,308,0.04,0.02,1.0,2,Yaw Right
845,309,0.04,0.02,1.0,2,Yaw Right
846,310,0.04,0.02,1.0,2,Yaw Right
847,311,0.04,0.02,1.0,2,Yaw Right
848,312,0.04,0.03,1.0,2,Yaw Right
849,313,0.04,0.03,1.0,2,Yaw Right
850,314,0.04,0.02,1.0,2,Yaw Right
851,315,0.04,0.03,1.0,2,Yaw Right
852,316,0.04,0.03,1.0,2,Yaw Right
853,317,0.04,0.02,1.0,2,Yaw Right
854,318,0.04,0.02,1.0,2,Yaw Right
855,319,0.04,0.02,1.0,2,Yaw Right
856,320,0.04,0.03,1.0,2,Yaw Right
857,321,0.04,0.03,1.0,2,Yaw Right
858,322,0.04,0.03,1.0,2,Yaw Right
859,323,0.04,0.02,1.0,2,Yaw Right
860,324,0.04,0.02,1.0,2,Yaw Right
861,325,0.04,0.03,1.0,2,Yaw Right
862,326,0.04,0.03,1.0,2,Yaw Right
863,327,0.04,0.03,1.0,2,Yaw Right
864,328,0.04,0.02,1.0,2,Yaw Right
865,329,0.04,0.02,1.0,2,Yaw Right
866,330,0.04,0.02,1.0,2,Yaw Right
867,331,0.04,0.03,1.0,2,Yaw Right
868,332,0.04,0.02,1.0,2,Yaw Right
869,333,0.04,0.02,1.0,2,Yaw Right
870,334,0.04,0.02,1.0,2,Yaw Right
871,335,0.05,-0.0,1.04,2,Yaw Right
872,336,-0.03,0.0,1.29,2,Yaw Right
873,337,0.1,-0.11,0.87,2,Yaw Right
874,338,0.1,0.07,1.11,2,Yaw Right
875,339,0.14,0.09,0.91,2,Yaw Right
876,340,0.07,0.17,0.93,2,Yaw Right
877,341,0.05,0.16,1.08,2,Yaw Right
878,342,0.05,0.39,1.02,2,Yaw Right
879,343,0.04,0.37,0.95,2,Yaw Right
880,344,0.01,0.44,0.96,2,Yaw Right
881,345,0.02,0.25,1.01,2,Yaw Right
882,346,0.14,0.02,0.95,2,Yaw Right
883,347,0.12,-0.05,1.09,2,Yaw Right
884,348,0.05,0.04,0.96,2,Yaw Right
885,349,0.09,-0.07,1.12,2,Yaw Right
886,350,-0.04,0.07,0.94,2,Yaw Right
887,351,0.05,0.09,1.0,2,Yaw Right
888,352,0.04,0.02,1.0,2,Yaw Right
889,353,0.04,0.03,1.0,2,Yaw Right
890,354,0.04,0.03,1.0,2,Yaw Right
891,355,0.04,0.02,1.0,2,Yaw Right
892,356,0.04,0.03,1.0,2,Yaw Right
893,357,0.04,0.03,1.0,2,Yaw Right
894,358,0.04,0.03,1.0,2,Yaw Right
895,359,0.04,0.03,1.0,2,Yaw Right
896,360,0.04,0.02,1.0,2,Yaw Right
897,361,0.04,0.02,1.0,2,Yaw Right
898,362,0.04,0.02,1.0,2,Yaw Right
899,363,0.04,0.02,1.0,2,Yaw Right
900,364,0.04,0.02,1.0,2,Yaw Right
901,365,0.04,0.02,1.0,2,Yaw Right
902,366,0.04,0.02,1.0,2,Yaw Right
903,367,0.04,0.02,1.0,2,Yaw Right
904,368,0.04,0.03,1.0,2,Yaw Right
905,369,0.04,0.03,1.0,2,Yaw Right
906,370,0.04,0.03,1.0,2,Yaw Right
907,371,0.04,0.02,1.0,2,Yaw Right
908,372,0.04,0.02,1.0,2,Yaw Right
909,373,0.04,0.02,1.0,2,Yaw Right
910,374,0.04,0.02,1.0,2,Yaw Right
911,375,0.04,0.03,1.0,2,Yaw Right
912,376,0.04,0.03,1.0,2,Yaw Right
913,377,0.04,0.03,1.0,2,Yaw Right
914,378,0.04,0.03,1.0,2,Yaw Right
915,379,0.04,0.03,1.0,2,Yaw Right
916,380,0.04,0.02,1.0,2,Yaw Right
917,381,0.04,0.03,1.0,2,Yaw Right
918,382,0.04,0.03,1.0,2,Yaw Right
919,383,0.04,0.02,1.0,2,Yaw Right
920,384,0.04,0.02,1.0,2,Yaw Right
921,385,0.04,0.02,1.0,2,Yaw Right
922,386,0.03,0.01,1.04,2,Yaw Right
923,387,0.02,0.05,1.2,2,Yaw Right
924,388,0.04,-0.26,0.88,2,Yaw Right
925,389,0.09,0.04,1.0,2,Yaw Right
926,390,0.15,0.11,1.05,2,Yaw Right
927,391,0.15,0.17,0.95,2,Yaw Right
928,392,0.11,0.19,1.03,2,Yaw Right
929,393,0.05,0.24,0.94,2,Yaw Right
930,394,0.13,0.26,0.98,2,Yaw Right
931,395,0.05,0.33,0.98,2,Yaw Right
932,396,0.04,0.43,0.91,2,Yaw Right
933,397,0.09,0.01,0.9,2,Yaw Right
934,398,0.12,0.17,1.01,2,Yaw Right
935,399,0.12,-0.2,0.93,2,Yaw Right
936,400,0.04,0.06,0.96,2,Yaw Right
937,401,0.06,0.0,1.06,2,Yaw Right
938,402,-0.03,0.08,1.01,2,Yaw Right
939,403,0.03,0.07,0.99,2,Yaw Right
940,404,0.04,0.03,1.01,2,Yaw Right
941,405,0.04,0.02,1.0,2,Yaw Right
942,406,0.04,0.02,1.0,2,Yaw Right
943,407,0.04,0.02,1.0,2,Yaw Right
944,408,0.04,0.03,1.0,2,Yaw Right
945,409,0.04,0.03,1.0,2,Yaw Right
946,410,0.04,0.02,1.0,2,Yaw Right
947,411,0.04,0.03,1.0,2,Yaw Right
948,412,0.04,0.02,1.0,2,Yaw Right
949,413,0.04,0.03,1.0,2,Yaw Right
950,414,0.04,0.02,1.0,2,Yaw Right
951,415,0.04,0.03,1.0,2,Yaw Right
952,416,0.04,0.02,1.0,2,Yaw Right
953,417,0.04,0.02,1.0,2,Yaw Right
954,418,0.04,0.03,1.0,2,Yaw Right
955,419,0.04,0.02,1.0,2,Yaw Right
956,420,0.04,0.03,1.0,2,Yaw Right
957,421,0.04,0.02,1.0,2,Yaw Right
958,422,0.04,0.02,1.0,2,Yaw Right
959,423,0.04,0.03,1.0,2,Yaw Right
960,424,0.04,0.02,1.0,2,Yaw Right
961,425,0.04,0.02,1.01,2,Yaw Right
962,426,0.04,0.03,1.0,2,Yaw Right
963,427,0.04,0.02,1.0,2,Yaw Right
964,428,0.04,0.02,1.0,2,Yaw Right
965,429,0.04,0.02,1.0,2,Yaw Right
966,430,0.04,0.02,1.0,2,Yaw Right
967,431,0.04,0.03,1.0,2,Yaw Right
968,432,0.04,0.03,1.0,2,Yaw Right
969,433,0.04,0.02,1.0,2,Yaw Right
970,434,0.04,0.03,1.0,2,Yaw Right
971,435,0.04,0.03,1.0,2,Yaw Right
972,436,0.04,0.02,1.0,2,Yaw Right
973,437,0.05,0.04,1.01,2,Yaw Right
974,438,-0.01,-0.15,1.01,2,Yaw Right
975,439,0.02,-0.08,0.98,2,Yaw Right
976,440,0.06,0.05,0.96,2,Yaw Right
977,441,0.11,0.06,0.91,2,Yaw Right
978,442,0.07,0.22,1.01,2,Yaw Right
979,443,0.07,0.23,0.89,2,Yaw Right
980,444,0.06,0.25,1.05,2,Yaw Right
981,445,0.08,0.3,0.88,2,Yaw Right
982,446,0.04,0.38,1.09,2,Yaw Right
983,447,0.0,0.23,0.98,2,Yaw Right
984,448,0.12,0.61,0.82,2,Yaw Right
985,449,0.03,-0.21,1.22,2,Yaw Right
986,450,0.04,0.12,0.99,2,Yaw Right
987,451,0.08,-0.18,1.04,2,Yaw Right
988,452,0.03,-0.11,1.22,2,Yaw Right
989,453,-0.02,0.02,1.04,2,Yaw Right
990,454,0.04,0.03,1.0,2,Yaw Right
991,455,0.04,0.03,1.0,2,Yaw Right
992,456,0.04,0.03,1.0,2,Yaw Right
993,457,0.04,0.02,1.0,2,Yaw Right
994,458,0.04,0.03,1.0,2,Yaw Right
995,459,0.04,0.03,1.0,2,Yaw Right
996,460,0.04,0.03,1.0,2,Yaw Right
997,461,0.04,0.02,1.0,2,Yaw Right
998,462,0.04,0.03,1.0,2,Yaw Right
999,463,0.04,0.03,1.0,2,Yaw Right
1000,464,0.04,0.03,1.0,2,Yaw Right
1001,465,0.04,0.02,1.0,2,Yaw Right
1002,466,0.04,0.02,1.0,2,Yaw Right
1003,467,0.04,0.02,1.0,2,Yaw Right
1004,468,0.04,0.03,1.0,2,Yaw Right
1005,469,0.04,0.02,1.0,2,Yaw Right
1006,470,0.04,0.03,1.0,2,Yaw Right
1007,471,0.04,0.03,1.0,2,Yaw Right
1008,472,0.04,0.02,1.0,2,Yaw Right
1009,473,0.04,0.03,1.0,2,Yaw Right
1010,474,0.04,0.02,1.0,2,Yaw Right
1011,475,0.04,0.03,1.0,2,Yaw Right
1012,476,0.04,0.03,1.0,2,Yaw Right
1013,477,0.04,0.03,1.0,2,Yaw Right
1014,478,0.04,0.03,1.0,2,Yaw Right
1015,479,0.04,0.02,1.0,2,Yaw Right
1016,480,0.04,0.03,1.0,2,Yaw Right
1017,481,0.04,0.03,1.0,2,Yaw Right
1018,482,0.04,0.02,1.0,2,Yaw Right
1019,0,0.04,0.03,1.0,3,Yaw Right
1020,1,0.04,0.03,1.0,3,Yaw Right
1021,2,0.04,0.03,1.0,3,Yaw Right
1022,3,0.04,0.03,1.0,3,Yaw Right
1023,4,0.04,0.02,1.0,3,Yaw Right
1024,5,0.04,0.03,1.0,3,Yaw Right
1025,6,0.04,0.03,1.0,3,Yaw Right
1026,7,0.04,0.03,1.0,3,Yaw Right
1027,8,0.04,0.03,1.0,3,Yaw Right
1028,9,0.04,0.03,1.0,3,Yaw Right
1029,10,0.04,0.03,1.0,3,Yaw Right
1030,11,0.04,0.03,1.0,3,Yaw Right
1031,12,0.04,0.02,1.0,3,Yaw Right
1032,13,0.04,0.03,1.0,3,Yaw Right
1033,14,0.04,0.03,1.0,3,Yaw Right
1034,15,0.04,0.02,1.0,3,Yaw Right
1035,16,0.04,0.03,1.0,3,Yaw Right
1036,17,0.04,0.02,1.0,3,Yaw Right
1037,18,0.04,0.03,1.0,3,Yaw Right
1038,19,0.04,0.03,1.0,3,Yaw Right
1039,20,0.04,0.03,1.0,3,Yaw Right
1040,21,0.04,0.02,1.0,3,Yaw Right
1041,22,0.04,0.03,1.0,3,Yaw Right
1042,23,0.04,0.03,1.0,3,Yaw Right
1043,24,0.04,0.02,1.0,3,Yaw Right
1044,25,0.04,0.03,1.0,3,Yaw Right
1045,26,0.04,0.03,1.0,3,Yaw Right
1046,27,0.04,0.03,1.0,3,Yaw Right
1047,28,0.04,0.03,1.0,3,Yaw Right
1048,29,0.04,0.02,1.0,3,Yaw Right
1049,30,0.04,0.02,1.0,3,Yaw Right
1050,31,0.04,0.03,1.0,3,Yaw Right
1051,32,0.04,0.03,1.0,3,Yaw Right
1052,33,0.04,0.02,1.0,3,Yaw Right
1053,34,0.04,0.03,1.0,3,Yaw Right
1054,35,0.04,0.02,1.0,3,Yaw Right
1055,36,0.04,0.03,1.0,3,Yaw Right
1056,37,0.04,0.03,1.0,3,Yaw Right
1057,38,0.04,0.03,1.0,3,Yaw Right
1058,39,0.04,0.03,1.0,3,Yaw Right
1059,40,0.04,0.02,1.0,3,Yaw Right
1060,41,0.03,0.01,1.0,3,Yaw Right
1061,42,0.03,0.03,1.0,3,Yaw Right
1062,43,0.04,0.02,1.0,3,Yaw Right
1063,44,0.04,0.03,1.0,3,Yaw Right
1064,45,0.04,0.03,1.0,3,Yaw Right
1065,46,0.04,0.03,1.0,3,Yaw Right
1066,47,0.07,-0.07,1.0,3,Yaw Right
1067,48,-0.05,-0.13,1.22,3,Yaw Right
1068,49,0.03,0.11,0.84,3,Yaw Right
1069,50,0.07,0.32,0.95,3,Yaw Right
1070,51,0.03,0.1,1.0,3,Yaw Right
1071,52,0.03,0.17,1.04,3,Yaw Right
1072,53,0.06,0.08,0.99,3,Yaw Right
1073,54,0.08,0.13,0.97,3,Yaw Right
1074,55,0.07,0.13,1.05,3,Yaw Right
1075,56,-0.01,0.4,0.95,3,Yaw Right
1076,57,-0.1,0.31,1.02,3,Yaw Right
1077,58,-0.0,-0.32,0.94,3,Yaw Right
1078,59,0.04,-0.08,0.93,3,Yaw Right
1079,60,0.04,-0.12,1.06,3,Yaw Right
1080,61,0.04,0.07,1.0,3,Yaw Right
1081,62,0.02,0.02,1.01,3,Yaw Right
1082,63,0.04,0.03,1.0,3,Yaw Right
1083,64,0.04,0.02,1.0,3,Yaw Right
1084,65,0.04,0.02,1.0,3,Yaw Right
1085,66,0.04,0.02,1.0,3,Yaw Right
1086,67,0.04,0.02,1.0,3,Yaw Right
1087,68,0.04,0.03,1.0,3,Yaw Right
1088,69,0.04,0.03,1.0,3,Yaw Right
1089,70,0.04,0.03,1.0,3,Yaw Right
1090,71,0.04,0.02,1.0,3,Yaw Right
1091,72,0.04,0.02,1.0,3,Yaw Right
1092,73,0.04,0.03,1.0,3,Yaw Right
1093,74,0.04,0.02,1.0,3,Yaw Right
1094,75,0.04,0.02,1.0,3,Yaw Right
1095,76,0.04,0.02,1.0,3,Yaw Right
1096,77,0.04,0.02,1.0,3,Yaw Right
1097,78,0.04,0.03,1.0,3,Yaw Right
1098,79,0.04,0.03,1.0,3,Yaw Right
1099,80,0.04,0.02,1.0,3,Yaw Right
1100,81,0.04,0.03,1.0,3,Yaw Right
1101,82,0.04,0.03,1.0,3,Yaw Right
1102,83,0.04,0.02,1.0,3,Yaw Right
1103,84,0.04,0.03,1.0,3,Yaw Right
1104,85,0.04,0.03,1.0,3,Yaw Right
1105,86,0.03,0.02,1.0,3,Yaw Right
1106,87,0.04,0.03,1.0,3,Yaw Right
1107,88,0.04,0.03,1.0,3,Yaw Right
1108,89,0.04,0.03,1.0,3,Yaw Right
1109,90,0.04,0.02,1.0,3,Yaw Right
1110,91,0.04,0.02,1.0,3,Yaw Right
1111,92,0.04,-0.03,1.04,3,Yaw Right
1112,93,0.02,-0.37,1.25,3,Yaw Right
1113,94,0.07,-0.02,0.92,3,Yaw Right
1114,95,0.0,0.24,0.95,3,Yaw Right
1115,96,0.05,0.16,1.01,3,Yaw Right
1116,97,0.04,0.22,1.02,3,Yaw Right
1117,98,0.08,0.06,0.99,3,Yaw Right
1118,99,0.0,0.47,0.93,3,Yaw Right
1119,100,-0.09,0.36,0.98,3,Yaw Right
1120,101,-0.03,-0.12,0.85,3,Yaw Right
1121,102,0.0,-0.17,1.05,3,Yaw Right
1122,103,0.03,0.05,1.02,3,Yaw Right
1123,104,0.04,-0.04,1.0,3,Yaw Right
1124,105,0.04,0.03,1.02,3,Yaw Right
1125,106,0.04,0.03,1.0,3,Yaw Right
1126,107,0.04,0.03,1.0,3,Yaw Right
1127,108,0.04,0.03,1.0,3,Yaw Right
1128,109,0.04,0.02,1.0,3,Yaw Right
1129,110,0.04,0.02,1.0,3,Yaw Right
1130,111,0.04,0.02,1.0,3,Yaw Right
1131,112,0.04,0.03,1.0,3,Yaw Right
1132,113,0.04,0.02,1.0,3,Yaw Right
1133,114,0.04,0.03,1.0,3,Yaw Right
1134,115,0.04,0.03,1.0,3,Yaw Right
1135,116,0.04,0.03,1.0,3,Yaw Right
1136,117,0.04,0.03,1.0,3,Yaw Right
1137,118,0.04,0.02,1.0,3,Yaw Right
1138,119,0.04,0.02,1.0,3,Yaw Right
1139,120,0.03,0.03,1.01,3,Yaw Right
1140,121,0.04,0.02,1.0,3,Yaw Right
1141,122,0.04,0.03,1.0,3,Yaw Right
1142,123,0.04,0.03,1.0,3,Yaw Right
1143,124,0.04,0.02,1.0,3,Yaw Right
1144,125,0.04,0.02,1.0,3,Yaw Right
1145,126,0.04,0.03,1.0,3,Yaw Right
1146,127,0.04,0.03,1.0,3,Yaw Right
1147,128,0.04,0.02,1.0,3,Yaw Right
1148,129,0.04,0.03,1.0,3,Yaw Right
1149,130,0.04,0.03,1.0,3,Yaw Right
1150,131,0.04,0.02,1.0,3,Yaw Right
1151,132,0.04,0.02,1.0,3,Yaw Right
1152,133,0.04,0.02,1.0,3,Yaw Right
1153,134,0.04,0.0,1.0,3,Yaw Right
1154,135,-0.02,-0.13,1.1,3,Yaw Right
1155,136,0.09,-0.17,1.02,3,Yaw Right
1156,137,0.05,-0.0,1.0,3,Yaw Right
1157,138,0.02,0.16,0.91,3,Yaw Right
1158,139,0.03,0.25,0.95,3,Yaw Right
1159,140,0.03,0.14,1.0,3,Yaw Right
1160,141,0.08,0.18,1.0,3,Yaw Right
1161,142,0.04,0.34,0.99,3,Yaw Right
1162,143,-0.09,0.45,1.02,3,Yaw Right
1163,144,-0.0,-0.04,0.86,3,Yaw Right
1164,145,0.04,-0.12,0.97,3,Yaw Right
1165,146,0.04,-0.16,1.06,3,Yaw Right
1166,147,0.03,0.01,0.99,3,Yaw Right
1167,148,0.04,0.07,1.02,3,Yaw Right
1168,149,0.04,0.03,1.0,3,Yaw Right
1169,150,0.04,0.03,1.0,3,Yaw Right
1170,151,0.04,0.03,1.0,3,Yaw Right
1171,152,0.04,0.02,1.0,3,Yaw Right
1172,153,0.04,0.02,1.0,3,Yaw Right
1173,154,0.04,0.03,1.0,3,Yaw Right
1174,155,0.04,0.04,1.0,3,Yaw Right
1175,156,0.04,0.03,1.0,3,Yaw Right
1176,157,0.04,0.03,1.0,3,Yaw Right
1177,158,0.03,0.03,1.0,3,Yaw Right
1178,159,0.04,0.02,1.0,3,Yaw Right
1179,160,0.04,0.03,1.0,3,Yaw Right
1180,161,0.04,0.03,1.0,3,Yaw Right
1181,162,0.04,0.02,1.0,3,Yaw Right
1182,163,0.04,0.02,1.0,3,Yaw Right
1183,164,0.04,0.03,1.0,3,Yaw Right
1184,165,0.04,0.03,1.0,3,Yaw Right
1185,166,0.04,0.02,1.0,3,Yaw Right
1186,167,0.04,0.03,1.0,3,Yaw Right
1187,168,0.04,0.03,1.0,3,Yaw Right
1188,169,0.04,0.03,1.0,3,Yaw Right
1189,170,0.04,0.03,1.0,3,Yaw Right
1190,171,0.04,0.02,1.0,3,Yaw Right
1191,172,0.04,0.02,1.0,3,Yaw Right
1192,173,0.04,0.03,1.0,3,Yaw Right
1193,174,0.04,0.03,1.0,3,Yaw Right
1194,175,0.04,0.03,1.0,3,Yaw Right
1195,176,0.04,0.03,1.0,3,Yaw Right
1196,177,0.04,0.03,1.0,3,Yaw Right
1197,178,0.04,0.03,1.0,3,Yaw Right
1198,179,0.04,0.03,1.0,3,Yaw Right
1199,180,0.04,0.03,1.0,3,Yaw Right
1200,181,-0.08,-0.1,1.19,3,Yaw Right
1201,182,0.04,-0.06,0.95,3,Yaw Right
1202,183,0.12,-0.2,1.0,3,Yaw Right
1203,184,0.09,0.16,0.86,3,Yaw Right
1204,185,0.05,0.18,1.0,3,Yaw Right
1205,186,0.04,0.12,1.03,3,Yaw Right
1206,187,0.05,0.14,1.01,3,Yaw Right
1207,188,0.01,0.26,0.97,3,Yaw Right
1208,189,0.08,0.23,0.99,3,Yaw Right
1209,190,0.11,-0.07,0.93,3,Yaw Right
1210,191,0.13,-0.19,0.98,3,Yaw Right
1211,192,0.08,-0.04,1.04,3,Yaw Right
1212,193,0.08,-0.17,1.19,3,Yaw Right
1213,194,0.14,-0.01,0.82,3,Yaw Right
1214,195,0.05,0.02,1.0,3,Yaw Right
1215,196,0.04,0.02,1.0,3,Yaw Right
1216,197,0.04,0.03,1.0,3,Yaw Right
1217,198,0.04,0.02,1.0,3,Yaw Right
1218,199,0.04,0.03,1.0,3,Yaw Right
1219,200,0.04,0.03,1.0,3,Yaw Right
1220,201,0.04,0.02,1.0,3,Yaw Right
1221,202,0.04,0.03,1.0,3,Yaw Right
1222,203,0.03,0.03,1.0,3,Yaw Right
1223,204,0.04,0.02,1.0,3,Yaw Right
1224,205,0.04,0.03,1.0,3,Yaw Right
1225,206,0.04,0.02,1.0,3,Yaw Right
1226,207,0.04,0.02,1.0,3,Yaw Right
1227,208,0.04,0.02,1.0,3,Yaw Right
1228,209,0.04,0.03,1.0,3,Yaw Right
1229,210,0.04,0.03,1.0,3,Yaw Right
1230,211,0.04,0.02,1.0,3,Yaw Right
1231,212,0.04,0.03,1.0,3,Yaw Right
1232,213,0.04,0.03,1.0,3,Yaw Right
1233,214,0.04,0.02,1.0,3,Yaw Right
1234,215,0.04,0.03,1.0,3,Yaw Right
1235,216,0.04,0.03,1.0,3,Yaw Right
1236,217,0.04,0.03,1.0,3,Yaw Right
1237,218,0.04,0.02,1.0,3,Yaw Right
1238,219,0.04,0.02,1.0,3,Yaw Right
1239,220,0.04,0.03,1.0,3,Yaw Right
1240,221,0.04,0.03,1.0,3,Yaw Right
1241,222,0.04,0.03,1.0,3,Yaw Right
1242,223,0.04,0.03,1.0,3,Yaw Right
1243,224,0.04,0.02,1.0,3,Yaw Right
1244,225,0.05,-0.07,1.02,3,Yaw Right
1245,226,-0.05,-0.12,0.99,3,Yaw Right
1246,227,0.16,-0.08,0.96,3,Yaw Right
1247,228,0.06,-0.03,1.0,3,Yaw Right
1248,229,0.03,0.2,0.96,3,Yaw Right
1249,230,0.03,0.18,1.02,3,Yaw Right
1250,231,0.06,0.05,1.04,3,Yaw Right
1251,232,0.03,0.19,1.0,3,Yaw Right
1252,233,0.01,0.28,0.93,3,Yaw Right
1253,234,0.05,0.18,1.02,3,Yaw Right
1254,235,0.07,-0.24,1.0,3,Yaw Right
1255,236,0.05,-0.2,0.97,3,Yaw Right
1256,237,0.05,-0.0,1.04,3,Yaw Right
1257,238,0.04,0.01,0.99,3,Yaw Right
1258,239,0.05,0.0,0.99,3,Yaw Right
1259,240,0.04,0.03,1.0,3,Yaw Right
1260,241,0.04,0.02,1.0,3,Yaw Right
1261,242,0.04,0.02,1.0,3,Yaw Right
1262,243,0.04,0.03,1.0,3,Yaw Right
1263,244,0.04,0.02,1.0,3,Yaw Right
1264,245,0.04,0.02,1.0,3,Yaw Right
1265,246,0.04,0.03,1.0,3,Yaw Right
1266,247,0.04,0.03,1.0,3,Yaw Right
1267,248,0.04,0.03,1.0,3,Yaw Right
1268,249,0.04,0.02,1.0,3,Yaw Right
1269,250,0.04,0.03,1.0,3,Yaw Right
1270,251,0.04,0.03,1.0,3,Yaw Right
1271,252,0.04,0.02,1.0,3,Yaw Right
1272,253,0.04,0.02,1.0,3,Yaw Right
1273,254,0.04,0.02,1.0,3,Yaw Right
1274,255,0.04,0.03,1.0,3,Yaw Right
1275,256,0.04,0.03,1.0,3,Yaw Right
1276,257,0.04,0.02,1.0,3,Yaw Right
1277,258,0.04,0.02,1.0,3,Yaw Right
1278,259,0.04,0.03,1.0,3,Yaw Right
1279,260,0.04,0.03,1.0,3,Yaw Right
1280,261,0.04,0.03,1.0,3,Yaw Right
1281,262,0.04,0.02,1.0,3,Yaw Right
1282,263,0.04,0.02,1.0,3,Yaw Right
1283,264,0.04,0.03,1.0,3,Yaw Right
1284,265,0.04,0.03,1.0,3,Yaw Right
1285,266,0.04,0.03,1.0,3,Yaw Right
1286,267,0.04,0.02,1.0,3,Yaw Right
1287,268,0.04,0.03,1.0,3,Yaw Right
1288,269,0.04,0.02,1.0,3,Yaw Right
1289,270,0.0,0.08,1.01,3,Yaw Right
1290,271,0.0,-0.08,1.21,3,Yaw Right
1291,272,0.05,-0.16,0.99,3,Yaw Right
1292,273,0.18,0.11,0.94,3,Yaw Right
1293,274,0.11,0.01,0.88,3,Yaw Right
1294,275,0.03,0.22,0.98,3,Yaw Right
1295,276,0.03,0.22,1.04,3,Yaw Right
1296,277,0.09,0.06,1.02,3,Yaw Right
1297,278,0.05,0.16,0.97,3,Yaw Right
1298,279,-0.03,0.35,0.98,3,Yaw Right
1299,280,0.0,0.21,0.96,3,Yaw Right
1300,281,0.07,-0.18,0.88,3,Yaw Right
1301,282,0.11,-0.15,0.99,3,Yaw Right
1302,283,0.05,-0.11,1.02,3,Yaw Right
1303,284,0.07,-0.07,1.09,3,Yaw Right
1304,285,0.05,0.03,1.0,3,Yaw Right
1305,286,0.04,0.02,1.0,3,Yaw Right
1306,287,0.04,0.03,1.0,3,Yaw Right
1307,288,0.04,0.03,1.0,3,Yaw Right
1308,289,0.04,0.03,1.0,3,Yaw Right
1309,290,0.04,0.03,1.0,3,Yaw Right
1310,291,0.04,0.02,1.0,3,Yaw Right
1311,292,0.04,0.03,1.0,3,Yaw Right
1312,293,0.04,0.03,1.0,3,Yaw Right
1313,294,0.04,0.03,1.0,3,Yaw Right
1314,295,0.04,0.03,1.01,3,Yaw Right
1315,296,0.04,0.03,1.0,3,Yaw Right
1316,297,0.04,0.03,1.0,3,Yaw Right
1317,298,0.04,0.03,1.0,3,Yaw Right
1318,299,0.04,0.03,1.0,3,Yaw Right
1319,300,0.04,0.03,1.0,3,Yaw Right
1320,301,0.04,0.03,1.0,3,Yaw Right
1321,302,0.04,0.02,1.0,3,Yaw Right
1322,303,0.04,0.03,1.0,3,Yaw Right
1323,304,0.04,0.02,1.0,3,Yaw Right
1324,305,0.04,0.03,1.0,3,Yaw Right
1325,306,0.04,0.02,1.0,3,Yaw Right
1326,307,0.04,0.02,1.0,3,Yaw Right
1327,308,0.04,0.02,1.0,3,Yaw Right
1328,309,0.04,0.02,1.0,3,Yaw Right
1329,310,0.04,0.02,1.0,3,Yaw Right
1330,311,0.04,0.03,1.0,3,Yaw Right
1331,312,0.04,0.03,1.0,3,Yaw Right
1332,313,0.05,-0.01,1.02,3,Yaw Right
1333,314,-0.04,-0.1,1.0,3,Yaw Right
1334,315,0.06,-0.12,1.02,3,Yaw Right
1335,316,0.13,0.03,0.95,3,Yaw Right
1336,317,0.12,0.03,1.0,3,Yaw Right
1337,318,0.04,0.23,0.94,3,Yaw Right
1338,319,0.04,0.08,1.03,3,Yaw Right
1339,320,0.06,0.2,1.02,3,Yaw Right
1340,321,0.07,0.2,1.0,3,Yaw Right
1341,322,0.06,0.25,0.97,3,Yaw Right
1342,323,0.01,0.28,0.96,3,Yaw Right
1343,324,0.01,0.39,1.02,3,Yaw Right
1344,325,0.01,-0.09,0.87,3,Yaw Right
1345,326,0.07,-0.09,0.96,3,Yaw Right
1346,327,0.08,-0.04,1.06,3,Yaw Right
1347,328,0.07,-0.01,0.91,3,Yaw Right
1348,329,0.06,0.02,0.96,3,Yaw Right
1349,330,0.03,0.02,1.0,3,Yaw Right
1350,331,0.04,0.02,1.0,3,Yaw Right
1351,332,0.04,0.02,1.0,3,Yaw Right
1352,333,0.04,0.02,1.0,3,Yaw Right
1353,334,0.04,0.02,1.0,3,Yaw Right
1354,335,0.04,0.03,1.0,3,Yaw Right
1355,336,0.04,0.03,1.0,3,Yaw Right
1356,337,0.04,0.02,1.0,3,Yaw Right
1357,338,0.04,0.03,1.0,3,Yaw Right
1358,339,0.04,0.03,1.0,3,Yaw Right
1359,340,0.04,0.02,1.0,3,Yaw Right
1360,341,0.04,0.03,1.0,3,Yaw Right
1361,342,0.04,0.02,1.0,3,Yaw Right
1362,343,0.04,0.03,1.0,3,Yaw Right
1363,344,0.04,0.02,1.0,3,Yaw Right
1364,345,0.04,0.02,1.0,3,Yaw Right
1365,346,0.04,0.03,1.0,3,Yaw Right
1366,347,0.04,0.03,1.0,3,Yaw Right
1367,348,0.04,0.02,1.0,3,Yaw Right
1368,349,0.04,0.02,1.0,3,Yaw Right
1369,350,0.04,0.02,1.0,3,Yaw Right
1370,351,0.04,0.03,1.0,3,Yaw Right
1371,352,0.04,0.03,1.0,3,Yaw Right
1372,353,0.04,0.03,1.0,3,Yaw Right
1373,354,0.04,0.02,1.0,3,Yaw Right
1374,355,0.04,0.03,1.0,3,Yaw Right
1375,356,0.04,0.03,1.0,3,Yaw Right
1376,357,0.02,0.01,1.01,3,Yaw Right
1377,358,0.0,-0.21,1.24,3,Yaw Right
1378,359,0.07,-0.12,0.91,3,Yaw Right
1379,360,0.11,-0.03,0.95,3,Yaw Right
1380,361,0.07,0.21,0.93,3,Yaw Right
1381,362,0.07,0.05,1.08,3,Yaw Right
1382,363,0.05,0.25,0.99,3,Yaw Right
1383,364,0.02,0.16,1.01,3,Yaw Right
1384,365,0.0,0.24,1.0,3,Yaw Right
1385,366,-0.0,0.38,0.93,3,Yaw Right
1386,367,-0.03,0.01,1.0,3,Yaw Right
1387,368,0.09,-0.11,0.95,3,Yaw Right
1388,369,0.11,-0.05,1.12,3,Yaw Right
1389,370,0.06,0.04,1.0,3,Yaw Right
1390,371,0.04,0.01,1.0,3,Yaw Right
1391,372,0.04,0.02,1.0,3,Yaw Right
1392,373,0.04,0.03,1.0,3,Yaw Right
1393,374,0.04,0.03,1.0,3,Yaw Right
1394,375,0.03,0.03,1.0,3,Yaw Right
1395,376,0.04,0.02,1.01,3,Yaw Right
1396,377,0.04,0.02,1.0,3,Yaw Right
1397,378,0.04,0.02,1.0,3,Yaw Right
1398,379,0.04,0.03,1.0,3,Yaw Right
1399,380,0.04,0.03,1.0,3,Yaw Right
1400,381,0.04,0.03,1.0,3,Yaw Right
1401,382,0.04,0.02,1.0,3,Yaw Right
1402,383,0.04,0.03,1.0,3,Yaw Right
1403,384,0.04,0.02,1.0,3,Yaw Right
1404,385,0.04,0.03,1.0,3,Yaw Right
1405,386,0.04,0.02,1.0,3,Yaw Right
1406,387,0.04,0.03,1.0,3,Yaw Right
1407,388,0.04,0.03,1.0,3,Yaw Right
1408,389,0.04,0.03,1.0,3,Yaw Right
1409,390,0.04,0.02,1.0,3,Yaw Right
1410,391,0.04,0.03,1.0,3,Yaw Right
1411,392,0.03,0.03,1.0,3,Yaw Right
1412,393,0.04,0.03,1.0,3,Yaw Right
1413,394,0.04,0.02,1.0,3,Yaw Right
1414,395,0.04,0.03,1.0,3,Yaw Right
1415,396,0.04,0.02,1.0,3,Yaw Right
1416,397,0.04,0.03,1.0,3,Yaw Right
1417,398,0.04,0.03,1.0,3,Yaw Right
1418,399,0.04,0.03,1.0,3,Yaw Right
1419,400,0.04,0.03,1.0,3,Yaw Right
1420,401,0.03,0.03,1.0,3,Yaw Right
1421,402,0.04,0.02,1.0,3,Yaw Right
1422,403,0.04,-0.06,1.0,3,Yaw Right
1423,404,-0.01,-0.02,1.06,3,Yaw Right
1424,405,0.02,0.0,0.99,3,Yaw Right
1425,406,0.1,0.11,0.98,3,Yaw Right
1426,407,0.05,0.25,0.94,3,Yaw Right
1427,408,0.02,0.21,0.99,3,Yaw Right
1428,409,0.03,0.18,1.0,3,Yaw Right
1429,410,0.04,0.17,1.01,3,Yaw Right
1430,411,0.02,0.28,0.99,3,Yaw Right
1431,412,-0.02,0.28,0.96,3,Yaw Right
1432,413,0.02,0.22,1.03,3,Yaw Right
1433,414,-0.02,-0.11,0.95,3,Yaw Right
1434,415,0.05,0.0,1.05,3,Yaw Right
1435,416,0.02,0.07,1.01,3,Yaw Right
1436,417,0.02,0.11,1.07,3,Yaw Right
1437,418,-0.0,0.04,1.0,3,Yaw Right
1438,419,0.04,0.03,1.0,3,Yaw Right
1439,420,0.04,0.02,1.0,3,Yaw Right
1440,421,0.04,0.03,1.0,3,Yaw Right
1441,422,0.04,0.02,1.0,3,Yaw Right
1442,423,0.04,0.03,1.0,3,Yaw Right
1443,424,0.04,0.03,1.0,3,Yaw Right
1444,425,0.04,0.03,1.0,3,Yaw Right
1445,426,0.04,0.02,1.0,3,Yaw Right
1446,427,0.04,0.02,1.0,3,Yaw Right
1447,428,0.04,0.03,1.0,3,Yaw Right
1448,429,0.04,0.02,1.0,3,Yaw Right
1449,430,0.04,0.03,1.0,3,Yaw Right
1450,431,0.04,0.03,1.0,3,Yaw Right
1451,432,0.04,0.03,1.0,3,Yaw Right
1452,433,0.04,0.03,1.0,3,Yaw Right
1453,434,0.04,0.02,1.0,3,Yaw Right
1454,435,0.04,0.02,1.0,3,Yaw Right
1455,436,0.04,0.03,1.0,3,Yaw Right
1456,437,0.04,0.02,1.0,3,Yaw Right
1457,438,0.04,0.03,1.0,3,Yaw Right
1458,439,0.04,0.03,1.0,3,Yaw Right
1459,440,0.04,0.02,1.0,3,Yaw Right
1460,441,0.04,0.02,1.0,3,Yaw Right
1461,442,0.04,0.03,1.0,3,Yaw Right
1462,443,0.04,0.02,1.0,3,Yaw Right
1463,444,0.04,0.02,1.0,3,Yaw Right
1464,445,0.02,0.02,1.0,3,Yaw Right
1465,446,0.02,-0.02,1.04,3,Yaw Right
1466,447,0.11,-0.12,1.03,3,Yaw Right
1467,448,0.12,0.05,0.98,3,Yaw Right
1468,449,0.14,0.05,0.97,3,Yaw Right
1469,450,0.11,0.25,0.91,3,Yaw Right
1470,451,0.04,0.2,0.97,3,Yaw Right
1471,452,0.04,0.17,1.01,3,Yaw Right
1472,453,0.04,0.24,1.01,3,Yaw Right
1473,454,0.04,0.18,1.0,3,Yaw Right
1474,455,0.02,0.23,0.99,3,Yaw Right
1475,456,0.04,0.18,1.0,3,Yaw Right
1476,457,0.0,0.16,0.97,3,Yaw Right
1477,458,0.03,-0.15,0.98,3,Yaw Right
1478,459,0.03,-0.24,1.13,3,Yaw Right
1479,460,0.02,0.06,0.98,3,Yaw Right
1480,461,0.02,0.0,1.02,3,Yaw Right
1481,462,0.01,0.04,0.99,3,Yaw Right
1482,463,0.04,0.02,1.0,3,Yaw Right
1483,464,0.04,0.02,1.0,3,Yaw Right
1484,465,0.04,0.03,1.0,3,Yaw Right
1485,466,0.04,0.02,1.0,3,Yaw Right
1486,467,0.04,0.02,1.0,3,Yaw Right
1487,468,0.04,0.03,1.0,3,Yaw Right
1488,469,0.04,0.03,1.0,3,Yaw Right
1489,470,0.04,0.03,1.0,3,Yaw Right
1490,471,0.04,0.02,1.0,3,Yaw Right
1491,472,0.04,0.03,1.0,3,Yaw Right
1492,473,0.04,0.03,1.0,3,Yaw Right
1493,474,0.04,0.02,1.0,3,Yaw Right
1494,475,0.04,0.02,1.0,3,Yaw Right
1495,476,0.04,0.03,1.0,3,Yaw Right
1496,477,0.04,0.03,1.0,3,Yaw Right
1497,478,0.04,0.03,1.0,3,Yaw Right
1498,479,0.04,0.03,1.0,3,Yaw Right
1499,480,0.04,0.02,1.0,3,Yaw Right
1500,481,0.04,0.02,1.0,3,Yaw Right
1501,482,0.04,0.02,1.0,3,Yaw Right
1502,483,0.04,0.03,1.0,3,Yaw Right
1503,484,0.04,0.03,1.0,3,Yaw Right
1504,485,0.04,0.02,1.0,3,Yaw Right
1505,486,0.04,0.02,1.0,3,Yaw Right
1506,487,0.04,0.03,1.0,3,Yaw Right
1507,488,0.04,0.02,1.0,3,Yaw Right
1508,489,0.04,0.03,1.0,3,Yaw Right
1509,490,0.04,0.02,1.0,3,Yaw Right
1510,491,0.04,0.03,1.0,3,Yaw Right
1511,492,0.04,0.02,1.01,3,Yaw Right
1512,493,0.04,-0.15,1.18,3,Yaw Right
1513,494,0.05,-0.17,0.97,3,Yaw Right
1514,495,0.1,-0.06,0.9,3,Yaw Right
1515,496,0.16,0.08,0.9,3,Yaw Right
1516,497,0.05,0.19,0.97,3,Yaw Right
1517,498,0.05,0.31,1.03,3,Yaw Right
1518,499,0.02,0.25,0.99,3,Yaw Right
1519,500,0.04,0.15,1.02,3,Yaw Right
1520,501,0.02,0.29,1.0,3,Yaw Right
1521,502,-0.02,0.38,0.9,3,Yaw Right
1522,503,-0.09,0.36,1.02,3,Yaw Right
1523,504,0.08,-0.14,0.85,3,Yaw Right
1524,505,0.09,-0.12,1.06,3,Yaw Right
1525,506,0.06,-0.01,1.1,3,Yaw Right
1526,507,0.02,-0.04,0.98,3,Yaw Right
1527,508,0.02,0.06,1.0,3,Yaw Right
1528,509,0.03,0.01,1.01,3,Yaw Right
1529,510,0.04,0.03,1.0,3,Yaw Right
1530,511,0.04,0.03,1.0,3,Yaw Right
1531,512,0.04,0.03,1.0,3,Yaw Right
1532,513,0.04,0.03,1.0,3,Yaw Right
1533,514,0.04,0.03,1.0,3,Yaw Right
1534,515,0.04,0.03,1.0,3,Yaw Right
1535,516,0.04,0.03,1.0,3,Yaw Right
1536,517,0.04,0.03,1.0,3,Yaw Right
1537,518,0.04,0.03,1.0,3,Yaw Right
1538,519,0.04,0.03,1.0,3,Yaw Right
1539,520,0.04,0.03,1.0,3,Yaw Right
1540,521,0.04,0.02,1.0,3,Yaw Right
1541,522,0.04,0.03,1.0,3,Yaw Right
1542,523,0.04,0.03,1.0,3,Yaw Right
1543,524,0.04,0.02,1.0,3,Yaw Right
1544,525,0.04,0.02,1.0,3,Yaw Right
1545,526,0.04,0.03,1.0,3,Yaw Right
1546,527,0.04,0.02,1.0,3,Yaw Right
1547,528,0.04,0.03,1.0,3,Yaw Right
1548,529,0.04,0.03,1.0,3,Yaw Right
1549,530,0.04,0.03,1.0,3,Yaw Right
1550,531,0.04,0.03,1.0,3,Yaw Right
1551,532,0.04,0.02,1.0,3,Yaw Right
1552,533,0.04,0.02,1.0,3,Yaw Right
1553,534,0.04,0.03,1.0,3,Yaw Right
1554,535,0.04,0.03,1.0,3,Yaw Right
1555,536,0.04,0.02,1.0,3,Yaw Right
1556,537,0.04,0.02,1.0,3,Yaw Right
1557,538,0.04,0.03,1.0,3,Yaw Right
1558,539,0.04,0.02,1.0,3,Yaw Right
1559,540,0.04,0.02,1.0,3,Yaw Right
1560,0,0.04,0.05,1.0,4,Yaw Right
1561,1,0.04,0.04,1.0,4,Yaw Right
1562,2,0.04,0.04,1.0,4,Yaw Right
1563,3,0.04,0.05,1.0,4,Yaw Right
1564,4,0.04,0.05,1.0,4,Yaw Right
1565,5,0.04,0.05,1.0,4,Yaw Right
1566,6,0.04,0.05,1.0,4,Yaw Right
1567,7,0.04,0.05,1.0,4,Yaw Right
1568,8,0.04,0.05,1.0,4,Yaw Right
1569,9,0.04,0.04,1.0,4,Yaw Right
1570,10,0.04,0.04,1.0,4,Yaw Right
1571,11,0.04,0.05,0.99,4,Yaw Right
1572,12,0.04,0.05,1.0,4,Yaw Right
1573,13,0.04,0.05,1.0,4,Yaw Right
1574,14,0.04,0.04,1.0,4,Yaw Right
1575,15,0.04,0.05,1.0,4,Yaw Right
1576,16,0.04,0.05,1.0,4,Yaw Right
1577,17,0.04,0.05,1.0,4,Yaw Right
1578,18,0.04,0.05,1.0,4,Yaw Right
1579,19,0.04,0.05,1.0,4,Yaw Right
1580,20,0.04,0.05,1.01,4,Yaw Right
1581,21,0.04,0.05,1.01,4,Yaw Right
1582,22,0.03,0.05,1.0,4,Yaw Right
1583,23,0.04,0.05,1.0,4,Yaw Right
1584,24,0.03,0.04,1.0,4,Yaw Right
1585,25,0.04,0.05,1.0,4,Yaw Right
1586,26,0.04,0.05,1.0,4,Yaw Right
1587,27,0.03,0.05,1.0,4,Yaw Right
1588,28,0.04,0.05,1.0,4,Yaw Right
1589,29,0.04,0.05,1.0,4,Yaw Right
1590,30,0.04,0.05,1.0,4,Yaw Right
1591,31,0.04,0.05,1.0,4,Yaw Right
1592,32,0.04,0.05,1.0,4,Yaw Right
1593,33,0.04,0.05,1.0,4,Yaw Right
1594,34,0.03,0.04,1.0,4,Yaw Right
1595,35,0.03,0.06,1.01,4,Yaw Right
1596,36,0.03,0.0,1.23,4,Yaw Right
1597,37,-0.01,0.11,0.99,4,Yaw Right
1598,38,0.04,0.02,0.96,4,Yaw Right
1599,39,0.01,-0.01,0.97,4,Yaw Right
1600,40,-0.03,0.04,1.02,4,Yaw Right
1601,41,0.02,0.19,0.99,4,Yaw Right
1602,42,0.05,0.02,0.98,4,Yaw Right
1603,43,0.15,0.3,0.91,4,Yaw Right
1604,44,0.06,0.41,1.0,4,Yaw Right
1605,45,0.0,0.15,0.98,4,Yaw Right
1606,46,-0.04,0.14,1.01,4,Yaw Right
1607,47,-0.05,0.24,1.02,4,Yaw Right
1608,48,-0.04,0.18,1.0,4,Yaw Right
1609,49,-0.0,0.05,1.0,4,Yaw Right
1610,50,0.13,-0.01,1.04,4,Yaw Right
1611,51,0.09,-0.05,0.94,4,Yaw Right
1612,52,0.07,-0.04,0.95,4,Yaw Right
1613,53,0.05,-0.04,0.94,4,Yaw Right
1614,54,0.05,-0.0,1.03,4,Yaw Right
1615,55,0.02,-0.02,1.0,4,Yaw Right
1616,56,0.05,0.0,0.98,4,Yaw Right
1617,57,0.03,0.03,1.05,4,Yaw Right
1618,58,0.02,0.05,1.0,4,Yaw Right
1619,59,0.05,0.05,1.01,4,Yaw Right
1620,60,0.04,0.04,1.0,4,Yaw Right
1621,61,0.03,0.05,1.0,4,Yaw Right
1622,62,0.04,0.05,1.0,4,Yaw Right
1623,63,0.04,0.05,1.0,4,Yaw Right
1624,64,0.04,0.05,1.0,4,Yaw Right
1625,65,0.03,0.05,1.0,4,Yaw Right
1626,66,0.04,0.05,1.0,4,Yaw Right
1627,67,0.03,0.05,1.0,4,Yaw Right
1628,68,0.04,0.05,1.0,4,Yaw Right
1629,69,0.04,0.05,1.0,4,Yaw Right
1630,70,0.04,0.05,1.0,4,Yaw Right
1631,71,0.04,0.05,1.0,4,Yaw Right
1632,72,0.04,0.04,1.0,4,Yaw Right
1633,73,0.04,0.05,1.0,4,Yaw Right
1634,74,0.04,0.05,1.0,4,Yaw Right
1635,75,0.04,0.05,1.0,4,Yaw Right
1636,76,0.04,0.05,1.0,4,Yaw Right
1637,77,0.04,0.05,1.0,4,Yaw Right
1638,78,0.04,0.05,1.0,4,Yaw Right
1639,79,0.04,0.05,1.0,4,Yaw Right
1640,80,0.04,0.04,1.0,4,Yaw Right
1641,81,0.04,0.04,1.0,4,Yaw Right
1642,82,0.04,0.05,1.0,4,Yaw Right
1643,83,0.03,0.05,1.0,4,Yaw Right
1644,84,0.04,0.05,1.0,4,Yaw Right
1645,85,0.04,0.05,1.0,4,Yaw Right
1646,86,0.04,0.05,1.0,4,Yaw Right
1647,87,0.04,0.05,1.0,4,Yaw Right
1648,88,0.04,0.04,1.0,4,Yaw Right
1649,89,0.04,0.05,1.0,4,Yaw Right
1650,90,0.04,0.05,1.0,4,Yaw Right
1651,91,0.04,0.05,1.0,4,Yaw Right
1652,92,0.04,0.05,1.0,4,Yaw Right
1653,93,0.03,0.04,1.0,4,Yaw Right
1654,94,0.04,0.05,1.0,4,Yaw Right
1655,95,0.01,0.07,1.05,4,Yaw Right
1656,96,-0.02,0.03,1.01,4,Yaw Right
1657,97,0.04,0.03,0.93,4,Yaw Right
1658,98,0.04,-0.16,1.02,4,Yaw Right
1659,99,0.04,-0.07,0.96,4,Yaw Right
1660,100,0.11,0.1,1.03,4,Yaw Right
1661,101,0.13,-0.02,0.99,4,Yaw Right
1662,102,0.17,0.11,1.01,4,Yaw Right
1663,103,0.15,0.12,0.98,4,Yaw Right
1664,104,0.12,0.17,0.97,4,Yaw Right
1665,105,0.04,0.32,1.09,4,Yaw Right
1666,106,0.03,0.17,1.07,4,Yaw Right
1667,107,0.01,0.24,0.97,4,Yaw Right
1668,108,0.07,0.26,1.0,4,Yaw Right
1669,109,0.15,0.26,0.93,4,Yaw Right
1670,110,0.2,0.07,0.82,4,Yaw Right
1671,111,0.11,0.11,0.9,4,Yaw Right
1672,112,0.07,-0.07,1.04,4,Yaw Right
1673,113,0.1,-0.0,1.0,4,Yaw Right
1674,114,0.04,-0.01,0.96,4,Yaw Right
1675,115,0.05,-0.0,0.99,4,Yaw Right
1676,116,0.02,-0.03,1.03,4,Yaw Right
1677,117,0.0,0.01,0.95,4,Yaw Right
1678,118,0.03,0.06,0.96,4,Yaw Right
1679,119,0.04,0.05,1.04,4,Yaw Right
1680,120,0.04,0.04,1.0,4,Yaw Right
1681,121,0.04,0.04,1.0,4,Yaw Right
1682,122,0.04,0.04,1.0,4,Yaw Right
1683,123,0.04,0.04,1.0,4,Yaw Right
1684,124,0.04,0.04,1.0,4,Yaw Right
1685,125,0.04,0.04,1.0,4,Yaw Right
1686,126,0.04,0.05,1.0,4,Yaw Right
1687,127,0.04,0.05,1.0,4,Yaw Right
1688,128,0.04,0.05,1.0,4,Yaw Right
1689,129,0.04,0.05,1.0,4,Yaw Right
1690,130,0.04,0.05,1.0,4,Yaw Right
1691,131,0.04,0.04,1.0,4,Yaw Right
1692,132,0.04,0.04,1.0,4,Yaw Right
1693,133,0.04,0.05,1.0,4,Yaw Right
1694,134,0.04,0.04,1.0,4,Yaw Right
1695,135,0.04,0.04,1.0,4,Yaw Right
1696,136,0.04,0.05,1.0,4,Yaw Right
1697,137,0.04,0.04,1.0,4,Yaw Right
1698,138,0.04,0.05,1.0,4,Yaw Right
1699,139,0.04,0.04,1.0,4,Yaw Right
1700,140,0.04,0.05,1.0,4,Yaw Right
1701,141,0.04,0.05,1.0,4,Yaw Right
1702,142,0.04,0.04,1.0,4,Yaw Right
1703,143,0.04,0.04,1.0,4,Yaw Right
1704,144,0.04,0.04,1.0,4,Yaw Right
1705,145,0.04,0.05,1.0,4,Yaw Right
1706,146,0.04,0.05,1.0,4,Yaw Right
1707,147,0.06,0.11,1.0,4,Yaw Right
1708,148,0.01,0.03,1.03,4,Yaw Right
1709,149,-0.05,0.06,1.12,4,Yaw Right
1710,150,0.06,0.07,0.94,4,Yaw Right
1711,151,0.09,0.04,1.0,4,Yaw Right
1712,152,0.11,0.02,0.96,4,Yaw Right
1713,153,0.09,0.0,0.91,4,Yaw Right
1714,154,0.1,0.07,1.04,4,Yaw Right
1715,155,0.11,0.23,1.08,4,Yaw Right
1716,156,0.25,0.08,1.0,4,Yaw Right
1717,157,0.15,0.18,1.0,4,Yaw Right
1718,158,0.12,0.3,1.04,4,Yaw Right
1719,159,0.07,0.17,0.91,4,Yaw Right
1720,160,0.12,0.58,0.97,4,Yaw Right
1721,161,0.07,0.36,1.12,4,Yaw Right
1722,162,0.12,0.38,1.07,4,Yaw Right
1723,163,0.2,0.11,0.91,4,Yaw Right
1724,164,0.23,-0.14,0.91,4,Yaw Right
1725,165,0.1,0.04,1.04,4,Yaw Right
1726,166,0.15,-0.05,1.0,4,Yaw Right
1727,167,0.02,-0.04,1.02,4,Yaw Right
1728,168,0.0,-0.0,0.99,4,Yaw Right
1729,169,0.0,0.0,1.03,4,Yaw Right
1730,170,0.0,0.0,1.02,4,Yaw Right
1731,171,0.04,0.09,1.03,4,Yaw Right
1732,172,0.06,0.07,1.02,4,Yaw Right
1733,173,0.04,0.05,1.0,4,Yaw Right
1734,174,0.04,0.04,1.0,4,Yaw Right
1735,175,0.04,0.05,1.0,4,Yaw Right
1736,176,0.04,0.05,1.0,4,Yaw Right
1737,177,0.04,0.04,1.01,4,Yaw Right
1738,178,0.04,0.05,1.0,4,Yaw Right
1739,179,0.04,0.04,1.0,4,Yaw Right
1740,180,0.04,0.04,1.0,4,Yaw Right
1741,181,0.04,0.05,1.0,4,Yaw Right
1742,182,0.04,0.04,1.0,4,Yaw Right
1743,183,0.04,0.04,1.0,4,Yaw Right
1744,184,0.04,0.05,1.0,4,Yaw Right
1745,185,0.04,0.04,1.0,4,Yaw Right
1746,186,0.04,0.05,1.0,4,Yaw Right
1747,187,0.04,0.04,1.0,4,Yaw Right
1748,188,0.04,0.04,1.0,4,Yaw Right
1749,189,0.04,0.04,1.0,4,Yaw Right
1750,190,0.04,0.05,1.0,4,Yaw Right
1751,191,0.04,0.04,1.0,4,Yaw Right
1752,192,0.04,0.05,1.0,4,Yaw Right
1753,193,0.04,0.04,1.0,4,Yaw Right
1754,194,0.04,0.04,1.0,4,Yaw Right
1755,195,0.04,0.05,1.0,4,Yaw Right
1756,196,0.04,0.05,1.0,4,Yaw Right
1757,197,0.04,0.04,1.0,4,Yaw Right
1758,198,0.04,0.05,1.0,4,Yaw Right
1759,199,0.03,0.04,1.0,4,Yaw Right
1760,200,0.03,0.0,1.01,4,Yaw Right
1761,201,0.02,0.02,1.07,4,Yaw Right
1762,202,0.07,0.01,0.9,4,Yaw Right
1763,203,0.11,-0.04,0.93,4,Yaw Right
1764,204,0.1,-0.02,0.97,4,Yaw Right
1765,205,0.05,-0.08,0.97,4,Yaw Right
1766,206,0.11,0.04,0.99,4,Yaw Right
1767,207,0.18,0.21,0.99,4,Yaw Right
1768,208,0.24,0.12,1.04,4,Yaw Right
1769,209,0.18,-0.04,0.96,4,Yaw Right
1770,210,0.11,0.27,1.07,4,Yaw Right
1771,211,0.08,0.33,1.0,4,Yaw Right
1772,212,0.12,0.25,0.86,4,Yaw Right
1773,213,0.02,0.41,0.97,4,Yaw Right
1774,214,0.15,0.2,0.98,4,Yaw Right
1775,215,0.19,0.23,0.94,4,Yaw Right
1776,216,0.14,0.11,1.01,4,Yaw Right
1777,217,0.26,-0.11,1.0,4,Yaw Right
1778,218,0.13,-0.21,0.99,4,Yaw Right
1779,219,0.14,-0.03,0.97,4,Yaw Right
1780,220,0.02,-0.0,0.99,4,Yaw Right
1781,221,-0.0,-0.03,1.0,4,Yaw Right
1782,222,-0.01,0.0,1.04,4,Yaw Right
1783,223,0.04,0.02,1.1,4,Yaw Right
1784,224,-0.01,0.02,1.0,4,Yaw Right
1785,225,0.04,0.04,1.0,4,Yaw Right
1786,226,0.03,0.04,1.0,4,Yaw Right
1787,227,0.04,0.04,1.0,4,Yaw Right
1788,228,0.04,0.04,1.0,4,Yaw Right
1789,229,0.04,0.04,1.0,4,Yaw Right
1790,230,0.04,0.04,1.0,4,Yaw Right
1791,231,0.04,0.04,1.0,4,Yaw Right
1792,232,0.04,0.04,1.0,4,Yaw Right
1793,233,0.04,0.04,1.0,4,Yaw Right
1794,234,0.04,0.05,1.0,4,Yaw Right
1795,235,0.04,0.04,1.0,4,Yaw Right
1796,236,0.04,0.04,1.0,4,Yaw Right
1797,237,0.04,0.05,1.0,4,Yaw Right
1798,238,0.04,0.04,1.0,4,Yaw Right
1799,239,0.04,0.04,1.0,4,Yaw Right
1800,240,0.04,0.04,1.0,4,Yaw Right
1801,241,0.04,0.04,1.0,4,Yaw Right
1802,242,0.04,0.05,1.0,4,Yaw Right
1803,243,0.04,0.04,1.0,4,Yaw Right
1804,244,0.04,0.05,1.0,4,Yaw Right
1805,245,0.04,0.05,1.0,4,Yaw Right
1806,246,0.04,0.05,1.0,4,Yaw Right
1807,247,0.04,0.05,1.0,4,Yaw Right
1808,248,0.04,0.05,1.0,4,Yaw Right
1809,249,0.04,0.04,1.0,4,Yaw Right
1810,250,0.04,0.05,1.0,4,Yaw Right
1811,251,0.04,0.04,1.0,4,Yaw Right
1812,252,0.04,0.05,1.0,4,Yaw Right
1813,253,0.04,0.05,1.0,4,Yaw Right
1814,254,0.04,0.04,1.0,4,Yaw Right
1815,255,0.04,0.05,1.0,4,Yaw Right
1816,256,0.04,0.05,1.0,4,Yaw Right
1817,257,0.04,0.05,1.0,4,Yaw Right
1818,258,0.04,0.05,1.0,4,Yaw Right
1819,259,0.04,0.05,1.0,4,Yaw Right
1820,260,0.03,0.04,1.0,4,Yaw Right
1821,261,0.04,0.04,1.0,4,Yaw Right
1822,262,0.01,0.02,1.06,4,Yaw Right
1823,263,-0.08,0.07,1.14,4,Yaw Right
1824,264,0.05,0.05,1.02,4,Yaw Right
1825,265,0.1,0.04,0.95,4,Yaw Right
1826,266,0.12,-0.02,0.91,4,Yaw Right
1827,267,0.07,-0.07,1.02,4,Yaw Right
1828,268,0.09,-0.07,1.07,4,Yaw Right
1829,269,0.14,0.09,0.99,4,Yaw Right
1830,270,0.21,0.2,0.96,4,Yaw Right
1831,271,0.21,0.32,0.95,4,Yaw Right
1832,272,0.05,0.24,0.93,4,Yaw Right
1833,273,0.09,0.2,0.98,4,Yaw Right
1834,274,0.0,0.36,0.96,4,Yaw Right
1835,275,0.15,0.29,0.96,4,Yaw Right
1836,276,0.14,0.26,0.94,4,Yaw Right
1837,277,0.16,0.13,1.01,4,Yaw Right
1838,278,0.13,0.05,0.96,4,Yaw Right
1839,279,0.14,-0.11,1.01,4,Yaw Right
1840,280,0.11,-0.04,0.99,4,Yaw Right
1841,281,0.07,-0.0,1.02,4,Yaw Right
1842,282,0.05,-0.01,1.0,4,Yaw Right
1843,283,0.0,0.0,1.02,4,Yaw Right
1844,284,0.02,-0.0,1.06,4,Yaw Right
1845,285,-0.06,-0.01,1.0,4,Yaw Right
1846,286,-0.02,0.04,1.0,4,Yaw Right
1847,287,0.0,0.03,1.02,4,Yaw Right
1848,288,0.03,0.04,1.0,4,Yaw Right
1849,289,0.04,0.04,1.0,4,Yaw Right
1850,290,0.04,0.04,1.0,4,Yaw Right
1851,291,0.04,0.05,1.0,4,Yaw Right
1852,292,0.04,0.05,1.0,4,Yaw Right
1853,293,0.04,0.04,1.0,4,Yaw Right
1854,294,0.04,0.04,1.0,4,Yaw Right
1855,295,0.04,0.04,1.0,4,Yaw Right
1856,296,0.04,0.04,1.0,4,Yaw Right
1857,297,0.04,0.04,1.0,4,Yaw Right
1858,298,0.04,0.05,1.0,4,Yaw Right
1859,299,0.04,0.04,1.0,4,Yaw Right
1860,300,0.04,0.04,1.0,4,Yaw Right
1861,301,0.04,0.04,1.0,4,Yaw Right
1862,302,0.04,0.04,1.0,4,Yaw Right
1863,303,0.04,0.05,1.0,4,Yaw Right
1864,304,0.04,0.04,1.0,4,Yaw Right
1865,305,0.04,0.05,1.0,4,Yaw Right
1866,306,0.04,0.04,1.0,4,Yaw Right
1867,307,0.03,0.05,1.0,4,Yaw Right
1868,308,0.04,0.05,1.0,4,Yaw Right
1869,309,0.04,0.04,1.0,4,Yaw Right
1870,310,0.04,0.05,1.0,4,Yaw Right
1871,311,0.04,0.05,1.0,4,Yaw Right
1872,312,0.04,0.05,1.0,4,Yaw Right
1873,313,0.04,0.04,1.0,4,Yaw Right
1874,314,0.04,0.05,1.0,4,Yaw Right
1875,315,0.04,0.05,1.0,4,Yaw Right
1876,316,0.04,0.04,1.0,4,Yaw Right
1877,317,0.04,0.05,1.0,4,Yaw Right
1878,318,0.04,0.04,1.0,4,Yaw Right
1879,319,0.04,0.05,1.0,4,Yaw Right
1880,320,0.04,0.05,1.0,4,Yaw Right
1881,321,0.04,0.05,1.0,4,Yaw Right
1882,322,0.04,0.04,1.0,4,Yaw Right
1883,323,0.04,0.04,1.0,4,Yaw Right
1884,324,0.04,0.05,1.0,4,Yaw Right
1885,325,0.02,-0.02,1.1,4,Yaw Right
1886,326,0.02,0.1,1.03,4,Yaw Right
1887,327,0.04,0.06,0.98,4,Yaw Right
1888,328,0.05,0.02,0.95,4,Yaw Right
1889,329,0.06,-0.12,0.91,4,Yaw Right
1890,330,0.03,-0.05,1.07,4,Yaw Right
1891,331,0.08,-0.03,1.12,4,Yaw Right
1892,332,0.13,0.04,0.97,4,Yaw Right
1893,333,0.2,0.07,0.98,4,Yaw Right
1894,334,0.13,-0.01,0.99,4,Yaw Right
1895,335,0.14,0.11,0.91,4,Yaw Right
1896,336,0.14,0.19,0.97,4,Yaw Right
1897,337,0.01,0.23,0.93,4,Yaw Right
1898,338,0.04,0.19,1.05,4,Yaw Right
1899,339,0.05,0.36,1.01,4,Yaw Right
1900,340,0.07,0.07,0.95,4,Yaw Right
1901,341,0.12,0.07,0.93,4,Yaw Right
1902,342,0.08,0.02,0.99,4,Yaw Right
1903,343,0.01,-0.17,0.99,4,Yaw Right
1904,344,0.08,-0.18,0.96,4,Yaw Right
1905,345,0.03,-0.01,0.93,4,Yaw Right
1906,346,0.01,0.0,1.02,4,Yaw Right
1907,347,-0.02,0.01,1.06,4,Yaw Right
1908,348,-0.04,0.1,1.03,4,Yaw Right
1909,349,0.04,0.05,1.02,4,Yaw Right
1910,350,0.02,0.04,1.0,4,Yaw Right
1911,351,0.04,0.05,1.0,4,Yaw Right
1912,352,0.04,0.04,1.0,4,Yaw Right
1913,353,0.04,0.05,1.0,4,Yaw Right
1914,354,0.04,0.04,1.0,4,Yaw Right
1915,355,0.04,0.05,1.0,4,Yaw Right
1916,356,0.04,0.04,1.0,4,Yaw Right
1917,357,0.04,0.04,1.0,4,Yaw Right
1918,358,0.04,0.05,1.0,4,Yaw Right
1919,359,0.04,0.05,1.0,4,Yaw Right
1920,360,0.04,0.04,1.0,4,Yaw Right
1921,361,0.04,0.05,1.0,4,Yaw Right
1922,362,0.04,0.04,1.0,4,Yaw Right
1923,363,0.04,0.05,1.0,4,Yaw Right
1924,364,0.04,0.05,1.0,4,Yaw Right
1925,365,0.04,0.04,1.0,4,Yaw Right
1926,366,0.04,0.04,1.0,4,Yaw Right
1927,367,0.04,0.04,1.0,4,Yaw Right
1928,368,0.04,0.05,1.0,4,Yaw Right
1929,369,0.04,0.04,1.0,4,Yaw Right
1930,370,0.04,0.04,1.0,4,Yaw Right
1931,371,0.04,0.04,1.0,4,Yaw Right
1932,372,0.04,0.04,1.0,4,Yaw Right
1933,373,0.04,0.04,1.0,4,Yaw Right
1934,374,0.04,0.05,1.0,4,Yaw Right
1935,375,0.04,0.04,1.0,4,Yaw Right
1936,376,0.04,0.05,1.0,4,Yaw Right
1937,377,0.04,0.04,1.0,4,Yaw Right
1938,378,0.04,0.05,1.0,4,Yaw Right
1939,379,0.04,0.05,1.0,4,Yaw Right
1940,380,0.02,0.06,1.0,4,Yaw Right
1941,381,-0.01,0.04,1.02,4,Yaw Right
1942,382,0.03,0.06,1.1,4,Yaw Right
1943,383,0.04,0.02,1.04,4,Yaw Right
1944,384,0.07,0.04,1.04,4,Yaw Right
1945,385,0.09,0.01,0.98,4,Yaw Right
1946,386,0.07,-0.02,0.95,4,Yaw Right
1947,387,0.05,-0.03,0.95,4,Yaw Right
1948,388,0.09,0.02,1.04,4,Yaw Right
1949,389,0.02,0.02,0.95,4,Yaw Right
1950,390,0.21,0.02,1.01,4,Yaw Right
1951,391,0.13,0.23,0.99,4,Yaw Right
1952,392,0.09,0.17,1.01,4,Yaw Right
1953,393,0.09,0.25,0.95,4,Yaw Right
1954,394,0.04,0.26,1.05,4,Yaw Right
1955,395,-0.0,0.5,1.01,4,Yaw Right
1956,396,0.07,0.19,0.93,4,Yaw Right
1957,397,0.11,0.21,0.92,4,Yaw Right
1958,398,0.05,0.08,0.93,4,Yaw Right
1959,399,0.11,-0.1,0.9,4,Yaw Right
1960,400,0.09,-0.17,0.92,4,Yaw Right
1961,401,0.09,-0.12,0.98,4,Yaw Right
1962,402,0.03,-0.07,1.02,4,Yaw Right
1963,403,0.05,-0.07,1.03,4,Yaw Right
1964,404,0.02,0.0,1.01,4,Yaw Right
1965,405,0.05,0.06,1.04,4,Yaw Right
1966,406,0.04,0.07,1.0,4,Yaw Right
1967,407,0.04,0.04,1.0,4,Yaw Right
1968,408,0.04,0.04,1.0,4,Yaw Right
1969,409,0.04,0.04,1.0,4,Yaw Right
1970,410,0.04,0.04,1.0,4,Yaw Right
1971,411,0.04,0.05,1.0,4,Yaw Right
1972,412,0.04,0.05,1.0,4,Yaw Right
1973,413,0.04,0.05,1.0,4,Yaw Right
1974,414,0.04,0.04,1.0,4,Yaw Right
1975,415,0.04,0.05,1.0,4,Yaw Right
1976,416,0.04,0.04,1.0,4,Yaw Right
1977,417,0.04,0.04,1.0,4,Yaw Right
1978,418,0.04,0.05,1.0,4,Yaw Right
1979,419,0.04,0.04,1.0,4,Yaw Right
1980,420,0.04,0.04,1.0,4,Yaw Right
1981,421,0.04,0.05,1.0,4,Yaw Right
1982,422,0.04,0.04,1.0,4,Yaw Right
1983,423,0.04,0.04,1.0,4,Yaw Right
1984,424,0.04,0.04,1.0,4,Yaw Right
1985,425,0.04,0.04,1.0,4,Yaw Right
1986,426,0.04,0.04,1.0,4,Yaw Right
1987,427,0.04,0.05,1.0,4,Yaw Right
1988,428,0.04,0.04,1.0,4,Yaw Right
1989,429,0.04,0.05,1.0,4,Yaw Right
1990,430,0.04,0.05,1.0,4,Yaw Right
1991,431,0.04,0.04,1.0,4,Yaw Right
1992,432,0.04,0.04,1.0,4,Yaw Right
1993,433,0.04,0.05,1.0,4,Yaw Right
1994,434,0.04,0.04,1.0,4,Yaw Right
1995,435,0.04,0.05,1.0,4,Yaw Right
1996,436,0.05,0.04,1.0,4,Yaw Right
1997,437,0.04,0.05,1.0,4,Yaw Right
1998,438,0.04,0.04,1.0,4,Yaw Right
1999,439,0.04,0.04,1.01,4,Yaw Right
2000,440,0.07,0.05,1.11,4,Yaw Right
2001,441,0.05,0.0,1.05,4,Yaw Right
2002,442,0.09,0.05,0.89,4,Yaw Right
2003,443,0.14,-0.02,0.95,4,Yaw Right
2004,444,0.15,-0.11,0.9,4,Yaw Right
2005,445,0.17,0.02,1.01,4,Yaw Right
2006,446,0.24,0.16,1.07,4,Yaw Right
2007,447,0.18,0.22,0.99,4,Yaw Right
2008,448,0.16,0.18,0.92,4,Yaw Right
2009,449,0.08,0.21,1.02,4,Yaw Right
2010,450,0.03,0.23,0.91,4,Yaw Right
2011,451,0.03,0.25,1.03,4,Yaw Right
2012,452,0.08,0.25,0.98,4,Yaw Right
2013,453,0.11,0.15,0.98,4,Yaw Right
2014,454,0.2,0.17,0.98,4,Yaw Right
2015,455,0.09,0.05,0.96,4,Yaw Right
2016,456,0.08,0.02,1.0,4,Yaw Right
2017,457,0.07,0.0,1.0,4,Yaw Right
2018,458,0.04,0.05,0.92,4,Yaw Right
2019,459,0.04,0.05,1.0,4,Yaw Right
2020,460,0.02,0.02,1.0,4,Yaw Right
2021,461,-0.0,0.0,1.02,4,Yaw Right
2022,462,0.04,0.05,1.01,4,Yaw Right
2023,463,0.04,0.07,1.0,4,Yaw Right
2024,464,0.04,0.04,1.0,4,Yaw Right
2025,465,0.04,0.05,1.0,4,Yaw Right
2026,466,0.04,0.05,1.0,4,Yaw Right
2027,467,0.04,0.04,1.0,4,Yaw Right
2028,468,0.04,0.04,1.0,4,Yaw Right
2029,469,0.04,0.05,1.0,4,Yaw Right
2030,470,0.04,0.04,1.0,4,Yaw Right
2031,471,0.04,0.04,1.0,4,Yaw Right
2032,472,0.04,0.04,1.0,4,Yaw Right
2033,473,0.04,0.04,1.0,4,Yaw Right
2034,474,0.04,0.05,1.0,4,Yaw Right
2035,475,0.04,0.04,1.0,4,Yaw Right
2036,476,0.04,0.04,1.0,4,Yaw Right
2037,477,0.04,0.04,1.0,4,Yaw Right
2038,478,0.04,0.04,1.0,4,Yaw Right
2039,479,0.04,0.04,1.0,4,Yaw Right
2040,480,0.04,0.04,1.0,4,Yaw Right
2041,481,0.04,0.05,1.0,4,Yaw Right
2042,482,0.04,0.04,1.0,4,Yaw Right
2043,483,0.04,0.04,1.0,4,Yaw Right
2044,484,0.04,0.04,1.0,4,Yaw Right
2045,485,0.04,0.04,1.0,4,Yaw Right
2046,486,0.04,0.05,1.0,4,Yaw Right
2047,487,0.04,0.04,1.0,4,Yaw Right
2048,488,0.04,0.05,1.0,4,Yaw Right
2049,0,0.04,0.04,1.0,5,Yaw Right
2050,1,0.04,0.04,1.0,5,Yaw Right
2051,2,0.04,0.04,1.0,5,Yaw Right
2052,3,0.04,0.04,1.0,5,Yaw Right
2053,4,0.04,0.04,1.0,5,Yaw Right
2054,5,0.04,0.04,1.0,5,Yaw Right
2055,6,0.04,0.04,1.0,5,Yaw Right
2056,7,0.04,0.04,1.0,5,Yaw Right
2057,8,0.04,0.04,1.0,5,Yaw Right
2058,9,0.04,0.04,1.0,5,Yaw Right
2059,10,0.04,0.04,1.0,5,Yaw Right
2060,11,0.04,0.04,1.0,5,Yaw Right
2061,12,0.04,0.04,1.0,5,Yaw Right
2062,13,0.04,0.04,1.0,5,Yaw Right
2063,14,0.04,0.04,1.0,5,Yaw Right
2064,15,0.04,0.04,1.0,5,Yaw Right
2065,16,0.04,0.04,1.0,5,Yaw Right
2066,17,0.04,0.04,1.0,5,Yaw Right
2067,18,0.04,0.04,1.0,5,Yaw Right
2068,19,0.04,0.04,1.0,5,Yaw Right
2069,20,0.04,0.04,1.0,5,Yaw Right
2070,21,0.04,0.04,1.0,5,Yaw Right
2071,22,0.04,0.04,1.0,5,Yaw Right
2072,23,0.04,0.04,1.0,5,Yaw Right
2073,24,0.04,0.04,1.0,5,Yaw Right
2074,25,0.04,0.04,1.0,5,Yaw Right
2075,26,0.04,0.04,1.0,5,Yaw Right
2076,27,0.04,0.04,1.0,5,Yaw Right
2077,28,0.04,0.05,1.0,5,Yaw Right
2078,29,0.04,0.04,1.0,5,Yaw Right
2079,30,0.04,0.04,1.0,5,Yaw Right
2080,31,0.04,0.04,1.0,5,Yaw Right
2081,32,0.04,0.04,1.0,5,Yaw Right
2082,33,0.03,0.04,1.0,5,Yaw Right
2083,34,0.04,0.04,1.0,5,Yaw Right
2084,35,0.04,0.04,1.0,5,Yaw Right
2085,36,0.04,0.04,1.0,5,Yaw Right
2086,37,0.04,0.04,1.0,5,Yaw Right
2087,38,0.04,0.04,1.0,5,Yaw Right
2088,39,0.04,0.04,1.0,5,Yaw Right
2089,40,0.04,0.04,1.0,5,Yaw Right
2090,41,0.04,0.04,1.0,5,Yaw Right
2091,42,0.04,0.04,1.0,5,Yaw Right
2092,43,0.03,0.04,1.0,5,Yaw Right
2093,44,0.04,0.04,1.0,5,Yaw Right
2094,45,0.04,0.04,1.0,5,Yaw Right
2095,46,0.03,0.05,1.02,5,Yaw Right
2096,47,0.04,0.05,1.0,5,Yaw Right
2097,48,0.07,-0.09,1.14,5,Yaw Right
2098,49,0.14,-0.22,1.07,5,Yaw Right
2099,50,0.23,-0.13,0.88,5,Yaw Right
2100,51,0.2,0.13,0.84,5,Yaw Right
2101,52,0.24,0.3,0.88,5,Yaw Right
2102,53,0.25,0.14,1.04,5,Yaw Right
2103,54,0.23,0.3,0.94,5,Yaw Right
2104,55,0.2,0.25,0.98,5,Yaw Right
2105,56,0.19,-0.03,1.05,5,Yaw Right
2106,57,0.19,0.36,0.96,5,Yaw Right
2107,58,0.23,0.22,0.98,5,Yaw Right
2108,59,0.25,0.0,0.91,5,Yaw Right
2109,60,0.18,-0.11,0.84,5,Yaw Right
2110,61,0.17,-0.11,1.05,5,Yaw Right
2111,62,0.1,-0.11,0.98,5,Yaw Right
2112,63,0.06,-0.11,1.05,5,Yaw Right
2113,64,0.03,-0.07,0.92,5,Yaw Right
2114,65,0.04,0.03,0.99,5,Yaw Right
2115,66,0.03,0.04,0.98,5,Yaw Right
2116,67,0.02,0.04,1.0,5,Yaw Right
2117,68,0.05,0.07,0.98,5,Yaw Right
2118,69,0.04,0.06,1.02,5,Yaw Right
2119,70,0.04,0.06,1.0,5,Yaw Right
2120,71,0.04,0.04,1.0,5,Yaw Right
2121,72,0.04,0.04,1.0,5,Yaw Right
2122,73,0.04,0.04,1.0,5,Yaw Right
2123,74,0.04,0.05,1.0,5,Yaw Right
2124,75,0.04,0.04,1.0,5,Yaw Right
2125,76,0.04,0.05,1.0,5,Yaw Right
2126,77,0.04,0.04,1.0,5,Yaw Right
2127,78,0.04,0.05,1.0,5,Yaw Right
2128,79,0.04,0.04,1.0,5,Yaw Right
2129,80,0.04,0.04,1.0,5,Yaw Right
2130,81,0.04,0.04,1.0,5,Yaw Right
2131,82,0.04,0.04,1.0,5,Yaw Right
2132,83,0.04,0.04,1.0,5,Yaw Right
2133,84,0.04,0.04,1.0,5,Yaw Right
2134,85,0.04,0.04,1.0,5,Yaw Right
2135,86,0.04,0.04,1.0,5,Yaw Right
2136,87,0.04,0.04,1.0,5,Yaw Right
2137,88,0.04,0.05,1.0,5,Yaw Right
2138,89,0.04,0.05,1.0,5,Yaw Right
2139,90,0.04,0.05,1.0,5,Yaw Right
2140,91,0.04,0.05,1.0,5,Yaw Right
2141,92,0.04,0.05,1.0,5,Yaw Right
2142,93,0.04,0.04,1.0,5,Yaw Right
2143,94,0.04,0.04,1.0,5,Yaw Right
2144,95,0.04,0.05,1.0,5,Yaw Right
2145,96,0.04,0.05,1.0,5,Yaw Right
2146,97,0.04,0.04,1.0,5,Yaw Right
2147,98,0.04,0.05,1.0,5,Yaw Right
2148,99,0.04,0.05,1.0,5,Yaw Right
2149,100,0.04,0.05,1.0,5,Yaw Right
2150,101,0.06,0.04,1.0,5,Yaw Right
2151,102,0.05,0.02,1.03,5,Yaw Right
2152,103,0.05,-0.2,1.1,5,Yaw Right
2153,104,0.1,-0.19,1.04,5,Yaw Right
2154,105,0.12,0.04,0.91,5,Yaw Right
2155,106,0.18,0.16,0.99,5,Yaw Right
2156,107,0.24,0.28,0.94,5,Yaw Right
2157,108,0.25,0.11,0.98,5,Yaw Right
2158,109,0.25,0.17,1.03,5,Yaw Right
2159,110,0.2,0.25,0.95,5,Yaw Right
2160,111,0.17,0.29,0.97,5,Yaw Right
2161,112,0.23,0.19,0.93,5,Yaw Right
2162,113,0.24,0.26,0.93,5,Yaw Right
2163,114,0.25,0.18,0.97,5,Yaw Right
2164,115,0.27,0.01,0.93,5,Yaw Right
2165,116,0.25,-0.06,1.01,5,Yaw Right
2166,117,0.17,-0.2,0.96,5,Yaw Right
2167,118,0.12,-0.17,0.96,5,Yaw Right
2168,119,0.06,-0.08,1.0,5,Yaw Right
2169,120,0.04,-0.01,0.98,5,Yaw Right
2170,121,0.07,0.03,1.02,5,Yaw Right
2171,122,0.04,0.02,0.98,5,Yaw Right
2172,123,0.03,0.04,1.02,5,Yaw Right
2173,124,0.04,0.05,1.0,5,Yaw Right
2174,125,0.04,0.04,1.0,5,Yaw Right
2175,126,0.04,0.05,1.0,5,Yaw Right
2176,127,0.04,0.05,1.0,5,Yaw Right
2177,128,0.04,0.05,1.0,5,Yaw Right
2178,129,0.04,0.04,1.0,5,Yaw Right
2179,130,0.04,0.05,1.0,5,Yaw Right
2180,131,0.04,0.04,0.99,5,Yaw Right
2181,132,0.04,0.04,1.0,5,Yaw Right
2182,133,0.04,0.04,1.0,5,Yaw Right
2183,134,0.04,0.04,1.0,5,Yaw Right
2184,135,0.04,0.04,1.0,5,Yaw Right
2185,136,0.04,0.04,1.0,5,Yaw Right
2186,137,0.03,0.05,1.0,5,Yaw Right
2187,138,0.04,0.05,1.0,5,Yaw Right
2188,139,0.04,0.04,1.0,5,Yaw Right
2189,140,0.04,0.05,1.0,5,Yaw Right
2190,141,0.05,0.05,1.0,5,Yaw Right
2191,142,0.04,0.05,1.0,5,Yaw Right
2192,143,0.04,0.05,1.0,5,Yaw Right
2193,144,0.04,0.05,1.0,5,Yaw Right
2194,145,0.04,0.04,1.0,5,Yaw Right
2195,146,0.04,0.04,1.0,5,Yaw Right
2196,147,0.04,0.04,1.0,5,Yaw Right
2197,148,0.04,0.05,1.0,5,Yaw Right
2198,149,0.04,0.04,1.0,5,Yaw Right
2199,150,0.04,0.04,1.0,5,Yaw Right
2200,151,0.07,0.08,1.0,5,Yaw Right
2201,152,0.02,0.05,1.01,5,Yaw Right
2202,153,-0.0,0.04,1.05,5,Yaw Right
2203,154,0.13,-0.02,1.14,5,Yaw Right
2204,155,0.16,-0.11,1.04,5,Yaw Right
2205,156,0.13,0.14,0.96,5,Yaw Right
2206,157,0.14,0.17,0.89,5,Yaw Right
2207,158,0.26,0.05,1.02,5,Yaw Right
2208,159,0.17,0.25,0.99,5,Yaw Right
2209,160,0.21,0.17,1.0,5,Yaw Right
2210,161,0.18,0.27,0.98,5,Yaw Right
2211,162,0.15,0.34,0.99,5,Yaw Right
2212,163,0.15,0.36,0.93,5,Yaw Right
2213,164,0.2,0.0,0.98,5,Yaw Right
2214,165,0.22,-0.05,1.03,5,Yaw Right
2215,166,0.21,-0.05,0.96,5,Yaw Right
2216,167,0.18,-0.08,0.95,5,Yaw Right
2217,168,0.16,-0.09,1.05,5,Yaw Right
2218,169,0.07,-0.11,1.0,5,Yaw Right
2219,170,0.04,-0.07,0.99,5,Yaw Right
2220,171,0.07,-0.0,1.05,5,Yaw Right
2221,172,0.05,0.0,1.01,5,Yaw Right
2222,173,0.05,0.02,1.0,5,Yaw Right
2223,174,0.05,0.04,1.0,5,Yaw Right
2224,175,0.04,0.04,1.0,5,Yaw Right
2225,176,0.04,0.05,1.0,5,Yaw Right
2226,177,0.04,0.05,1.0,5,Yaw Right
2227,178,0.04,0.04,1.0,5,Yaw Right
2228,179,0.04,0.05,1.0,5,Yaw Right
2229,180,0.04,0.04,1.0,5,Yaw Right
2230,181,0.04,0.05,1.0,5,Yaw Right
2231,182,0.04,0.04,1.0,5,Yaw Right
2232,183,0.04,0.04,1.0,5,Yaw Right
2233,184,0.04,0.04,1.0,5,Yaw Right
2234,185,0.04,0.04,1.0,5,Yaw Right
2235,186,0.04,0.05,1.0,5,Yaw Right
2236,187,0.04,0.04,1.0,5,Yaw Right
2237,188,0.04,0.05,1.0,5,Yaw Right
2238,189,0.04,0.04,1.0,5,Yaw Right
2239,190,0.04,0.04,1.0,5,Yaw Right
2240,191,0.04,0.04,1.0,5,Yaw Right
2241,192,0.04,0.04,1.0,5,Yaw Right
2242,193,0.04,0.05,1.0,5,Yaw Right
2243,194,0.04,0.05,1.0,5,Yaw Right
2244,195,0.04,0.05,1.0,5,Yaw Right
2245,196,0.04,0.04,1.0,5,Yaw Right
2246,197,0.04,0.04,1.0,5,Yaw Right
2247,198,0.04,0.04,1.0,5,Yaw Right
2248,199,0.04,0.04,1.0,5,Yaw Right
2249,200,0.04,0.05,1.0,5,Yaw Right
2250,201,0.04,0.04,1.0,5,Yaw Right
2251,202,0.04,0.04,1.0,5,Yaw Right
2252,203,0.04,0.04,1.0,5,Yaw Right
2253,204,0.04,0.04,1.0,5,Yaw Right
2254,205,0.05,0.04,1.0,5,Yaw Right
2255,206,0.04,0.04,1.0,5,Yaw Right
2256,207,0.04,0.05,1.0,5,Yaw Right
2257,208,0.05,0.07,1.0,5,Yaw Right
2258,209,0.06,-0.07,1.03,5,Yaw Right
2259,210,0.13,-0.2,1.09,5,Yaw Right
2260,211,0.13,-0.24,0.96,5,Yaw Right
2261,212,0.12,-0.14,1.0,5,Yaw Right
2262,213,0.15,0.27,0.85,5,Yaw Right
2263,214,0.25,0.21,0.98,5,Yaw Right
2264,215,0.19,0.39,0.92,5,Yaw Right
2265,216,0.26,0.21,0.96,5,Yaw Right
2266,217,0.25,0.19,0.91,5,Yaw Right
2267,218,0.23,0.42,0.95,5,Yaw Right
2268,219,0.26,0.18,1.0,5,Yaw Right
2269,220,0.24,0.1,0.9,5,Yaw Right
2270,221,0.23,0.04,0.94,5,Yaw Right
2271,222,0.21,-0.11,0.97,5,Yaw Right
2272,223,0.15,-0.19,0.94,5,Yaw Right
2273,224,0.08,-0.14,1.1,5,Yaw Right
2274,225,0.02,0.05,1.05,5,Yaw Right
2275,226,0.01,-0.02,0.99,5,Yaw Right
2276,227,0.0,0.11,0.96,5,Yaw Right
2277,228,-0.02,0.06,1.0,5,Yaw Right
2278,229,0.0,0.04,1.0,5,Yaw Right
2279,230,0.02,0.05,1.01,5,Yaw Right
2280,231,0.01,0.04,1.0,5,Yaw Right
2281,232,0.03,0.03,1.01,5,Yaw Right
2282,233,0.0,0.0,1.1,5,Yaw Right
2283,234,0.04,0.04,1.0,5,Yaw Right
2284,235,0.04,0.04,1.0,5,Yaw Right
2285,236,0.04,0.04,1.0,5,Yaw Right
2286,237,0.04,0.04,1.0,5,Yaw Right
2287,238,0.04,0.04,1.0,5,Yaw Right
2288,239,0.04,0.04,1.0,5,Yaw Right
2289,240,0.04,0.04,1.0,5,Yaw Right
2290,241,0.04,0.04,1.0,5,Yaw Right
2291,242,0.04,0.04,1.0,5,Yaw Right
2292,243,0.04,0.04,1.0,5,Yaw Right
2293,244,0.04,0.05,1.0,5,Yaw Right
2294,245,0.04,0.05,1.0,5,Yaw Right
2295,246,0.04,0.04,1.0,5,Yaw Right
2296,247,0.04,0.04,1.0,5,Yaw Right
2297,248,0.04,0.05,1.0,5,Yaw Right
2298,249,0.04,0.04,1.0,5,Yaw Right
2299,250,0.04,0.05,1.0,5,Yaw Right
2300,251,0.04,0.04,1.0,5,Yaw Right
2301,252,0.04,0.05,1.0,5,Yaw Right
2302,253,0.04,0.04,1.0,5,Yaw Right
2303,254,0.04,0.04,1.0,5,Yaw Right
2304,255,0.04,0.04,1.0,5,Yaw Right
2305,256,0.04,0.04,1.0,5,Yaw Right
2306,257,0.04,0.04,1.0,5,Yaw Right
2307,258,0.04,0.04,1.0,5,Yaw Right
2308,259,0.04,0.04,1.0,5,Yaw Right
2309,260,0.04,0.04,1.0,5,Yaw Right
2310,261,0.04,0.04,1.0,5,Yaw Right
2311,262,0.04,0.05,1.0,5,Yaw Right
2312,263,0.04,0.04,1.0,5,Yaw Right
2313,264,0.04,0.04,1.0,5,Yaw Right
2314,265,0.04,0.05,1.0,5,Yaw Right
2315,266,0.05,0.04,1.0,5,Yaw Right
2316,267,0.04,0.05,1.0,5,Yaw Right
2317,268,0.04,0.04,1.0,5,Yaw Right
2318,269,0.04,0.04,1.0,5,Yaw Right
2319,270,0.04,0.04,1.0,5,Yaw Right
2320,271,0.04,0.05,1.0,5,Yaw Right
2321,272,0.04,0.05,1.0,5,Yaw Right
2322,273,0.01,0.22,1.01,5,Yaw Right
2323,274,0.07,0.0,1.01,5,Yaw Right
2324,275,0.01,-0.11,1.17,5,Yaw Right
2325,276,0.07,-0.11,1.05,5,Yaw Right
2326,277,0.15,-0.26,1.0,5,Yaw Right
2327,278,0.18,-0.02,0.98,5,Yaw Right
2328,279,0.29,0.1,0.93,5,Yaw Right
2329,280,0.27,0.35,0.94,5,Yaw Right
2330,281,0.36,0.21,0.95,5,Yaw Right
2331,282,0.28,0.25,0.97,5,Yaw Right
2332,283,0.22,0.29,0.94,5,Yaw Right
2333,284,0.27,0.27,0.94,5,Yaw Right
2334,285,0.26,0.05,0.83,5,Yaw Right
2335,286,0.2,0.01,0.98,5,Yaw Right
2336,287,0.2,0.0,1.0,5,Yaw Right
2337,288,0.14,-0.15,0.95,5,Yaw Right
2338,289,0.12,0.04,0.93,5,Yaw Right
2339,290,0.02,0.03,0.98,5,Yaw Right
2340,291,0.01,-0.08,1.05,5,Yaw Right
2341,292,-0.03,-0.09,1.01,5,Yaw Right
2342,293,-0.01,0.07,1.0,5,Yaw Right
2343,294,0.0,0.04,1.0,5,Yaw Right
2344,295,0.06,0.05,1.01,5,Yaw Right
2345,296,0.04,0.05,1.05,5,Yaw Right
2346,297,0.04,0.04,1.0,5,Yaw Right
2347,298,0.04,0.05,1.0,5,Yaw Right
2348,299,0.04,0.05,1.0,5,Yaw Right
2349,300,0.04,0.04,1.0,5,Yaw Right
2350,301,0.04,0.05,1.0,5,Yaw Right
2351,302,0.04,0.04,1.0,5,Yaw Right
2352,303,0.04,0.04,1.0,5,Yaw Right
2353,304,0.04,0.04,1.0,5,Yaw Right
2354,305,0.04,0.04,1.0,5,Yaw Right
2355,306,0.04,0.04,1.0,5,Yaw Right
2356,307,0.04,0.04,1.0,5,Yaw Right
2357,308,0.04,0.04,1.0,5,Yaw Right
2358,309,0.04,0.04,1.0,5,Yaw Right
2359,310,0.04,0.04,1.0,5,Yaw Right
2360,311,0.04,0.04,1.0,5,Yaw Right
2361,312,0.04,0.04,1.0,5,Yaw Right
2362,313,0.04,0.04,1.0,5,Yaw Right
2363,314,0.04,0.04,1.0,5,Yaw Right
2364,315,0.04,0.04,1.0,5,Yaw Right
2365,316,0.04,0.04,1.0,5,Yaw Right
2366,317,0.04,0.04,1.0,5,Yaw Right
2367,318,0.04,0.05,1.0,5,Yaw Right
2368,319,0.04,0.04,1.0,5,Yaw Right
2369,320,0.04,0.04,1.0,5,Yaw Right
2370,321,0.04,0.04,1.0,5,Yaw Right
2371,322,0.04,0.04,1.0,5,Yaw Right
2372,323,0.04,0.05,1.0,5,Yaw Right
2373,324,0.04,0.04,1.0,5,Yaw Right
2374,325,0.04,0.04,1.0,5,Yaw Right
2375,326,0.04,0.04,1.0,5,Yaw Right
2376,327,0.04,0.04,1.0,5,Yaw Right
2377,328,0.04,0.05,1.0,5,Yaw Right
2378,329,0.04,0.04,1.0,5,Yaw Right
2379,330,0.04,0.04,1.0,5,Yaw Right
2380,331,0.04,0.06,1.0,5,Yaw Right
2381,332,0.06,0.06,1.01,5,Yaw Right
2382,333,-0.01,0.04,1.14,5,Yaw Right
2383,334,0.11,-0.25,1.02,5,Yaw Right
2384,335,0.05,-0.11,0.93,5,Yaw Right
2385,336,0.24,0.2,0.94,5,Yaw Right
2386,337,0.23,0.25,0.88,5,Yaw Right
2387,338,0.25,0.28,0.92,5,Yaw Right
2388,339,0.27,0.25,0.98,5,Yaw Right
2389,340,0.28,0.22,0.96,5,Yaw Right
2390,341,0.3,0.17,1.07,5,Yaw Right
2391,342,0.24,0.23,1.02,5,Yaw Right
2392,343,0.23,0.14,0.99,5,Yaw Right
2393,344,0.22,0.03,0.86,5,Yaw Right
2394,345,0.21,0.0,1.03,5,Yaw Right
2395,346,0.14,-0.09,0.98,5,Yaw Right
2396,347,0.07,0.03,1.04,5,Yaw Right
2397,348,0.05,-0.05,1.01,5,Yaw Right
2398,349,0.03,0.07,0.99,5,Yaw Right
2399,350,0.05,-0.01,0.98,5,Yaw Right
2400,351,0.02,0.03,1.02,5,Yaw Right
2401,352,0.03,0.06,1.02,5,Yaw Right
2402,353,0.04,0.05,1.0,5,Yaw Right
2403,354,0.04,0.05,1.0,5,Yaw Right
2404,355,0.04,0.04,1.0,5,Yaw Right
2405,356,0.04,0.04,1.0,5,Yaw Right
2406,357,0.04,0.04,1.0,5,Yaw Right
2407,358,0.04,0.04,1.0,5,Yaw Right
2408,359,0.04,0.05,1.0,5,Yaw Right
2409,360,0.04,0.04,1.0,5,Yaw Right
2410,361,0.04,0.05,1.0,5,Yaw Right
2411,362,0.04,0.04,1.0,5,Yaw Right
2412,363,0.04,0.04,1.0,5,Yaw Right
2413,364,0.04,0.05,1.0,5,Yaw Right
2414,365,0.04,0.04,1.0,5,Yaw Right
2415,366,0.04,0.04,1.0,5,Yaw Right
2416,367,0.04,0.04,1.0,5,Yaw Right
2417,368,0.04,0.04,1.0,5,Yaw Right
2418,369,0.04,0.04,1.0,5,Yaw Right
2419,370,0.04,0.04,1.0,5,Yaw Right
2420,371,0.04,0.04,1.0,5,Yaw Right
2421,372,0.04,0.04,1.0,5,Yaw Right
2422,373,0.05,0.05,1.0,5,Yaw Right
2423,374,0.04,0.04,1.0,5,Yaw Right
2424,375,0.04,0.04,1.0,5,Yaw Right
2425,376,0.04,0.04,1.0,5,Yaw Right
2426,377,0.04,0.04,1.0,5,Yaw Right
2427,378,0.04,0.05,1.0,5,Yaw Right
2428,379,0.04,0.04,1.0,5,Yaw Right
2429,380,0.04,0.04,1.0,5,Yaw Right
2430,381,0.04,0.04,1.0,5,Yaw Right
2431,382,0.04,0.04,1.0,5,Yaw Right
2432,383,0.04,0.04,1.0,5,Yaw Right
2433,384,0.04,0.04,1.0,5,Yaw Right
2434,385,0.04,0.04,1.0,5,Yaw Right
2435,386,0.04,0.04,1.0,5,Yaw Right
2436,387,0.05,0.04,1.0,5,Yaw Right
2437,388,0.04,0.04,1.0,5,Yaw Right
2438,389,0.04,0.04,1.01,5,Yaw Right
2439,390,0.05,-0.03,1.0,5,Yaw Right
2440,391,0.04,0.07,1.03,5,Yaw Right
2441,392,0.04,-0.01,1.11,5,Yaw Right
2442,393,0.11,-0.11,1.03,5,Yaw Right
2443,394,0.09,-0.27,0.89,5,Yaw Right
2444,395,0.17,0.13,0.91,5,Yaw Right
2445,396,0.26,0.11,0.97,5,Yaw Right
2446,397,0.23,0.51,0.98,5,Yaw Right
2447,398,0.26,0.26,0.91,5,Yaw Right
2448,399,0.18,0.28,0.97,5,Yaw Right
2449,400,0.17,0.28,0.94,5,Yaw Right
2450,401,0.19,0.37,1.0,5,Yaw Right
2451,402,0.21,0.2,0.95,5,Yaw Right
2452,403,0.18,0.09,0.93,5,Yaw Right
2453,404,0.15,0.07,0.95,5,Yaw Right
2454,405,0.12,0.02,0.99,5,Yaw Right
2455,406,0.09,-0.05,0.99,5,Yaw Right
2456,407,0.02,-0.11,1.01,5,Yaw Right
2457,408,-0.0,-0.03,0.96,5,Yaw Right
2458,409,0.01,-0.05,1.0,5,Yaw Right
2459,410,0.03,0.03,1.0,5,Yaw Right
2460,411,0.02,0.02,1.0,5,Yaw Right
2461,412,0.04,0.04,1.0,5,Yaw Right
2462,413,0.04,0.04,1.0,5,Yaw Right
2463,414,0.05,0.04,1.0,5,Yaw Right
2464,415,0.04,0.04,1.0,5,Yaw Right
2465,416,0.04,0.04,1.0,5,Yaw Right
2466,417,0.04,0.04,1.0,5,Yaw Right
2467,418,0.04,0.04,1.0,5,Yaw Right
2468,419,0.04,0.04,1.0,5,Yaw Right
2469,420,0.04,0.04,1.0,5,Yaw Right
2470,421,0.04,0.04,1.0,5,Yaw Right
2471,422,0.04,0.04,1.0,5,Yaw Right
2472,423,0.04,0.04,1.0,5,Yaw Right
2473,424,0.04,0.04,1.0,5,Yaw Right
2474,425,0.04,0.04,1.0,5,Yaw Right
2475,426,0.04,0.04,1.0,5,Yaw Right
2476,427,0.04,0.04,1.0,5,Yaw Right
2477,428,0.04,0.04,1.0,5,Yaw Right
2478,429,0.05,0.04,1.0,5,Yaw Right
2479,430,0.04,0.04,1.0,5,Yaw Right
2480,431,0.04,0.05,1.0,5,Yaw Right
2481,432,0.04,0.04,1.0,5,Yaw Right
2482,433,0.04,0.04,1.0,5,Yaw Right
2483,434,0.04,0.05,1.0,5,Yaw Right
2484,435,0.04,0.04,1.0,5,Yaw Right
2485,436,0.04,0.04,1.0,5,Yaw Right
2486,437,0.05,0.04,1.0,5,Yaw Right
2487,438,0.04,0.04,1.0,5,Yaw Right
2488,439,0.04,0.04,1.0,5,Yaw Right
2489,440,0.04,0.04,1.0,5,Yaw Right
2490,441,0.04,0.04,1.0,5,Yaw Right
2491,442,0.04,0.04,1.0,5,Yaw Right
2492,443,0.04,0.03,1.0,5,Yaw Right
2493,444,0.04,-0.02,1.05,5,Yaw Right
2494,445,0.05,-0.05,1.14,5,Yaw Right
2495,446,0.03,-0.05,0.96,5,Yaw Right
2496,447,0.16,-0.13,0.95,5,Yaw Right
2497,448,0.24,-0.08,0.96,5,Yaw Right
2498,449,0.3,0.26,0.91,5,Yaw Right
2499,450,0.25,0.29,1.0,5,Yaw Right
2500,451,0.22,0.23,0.98,5,Yaw Right
2501,452,0.21,0.25,0.98,5,Yaw Right
2502,453,0.16,0.35,0.99,5,Yaw Right
2503,454,0.18,0.23,0.96,5,Yaw Right
2504,455,0.08,0.2,0.95,5,Yaw Right
2505,456,0.17,-0.01,0.99,5,Yaw Right
2506,457,0.11,-0.04,0.98,5,Yaw Right
2507,458,0.05,-0.07,0.94,5,Yaw Right
2508,459,0.03,0.02,1.0,5,Yaw Right
2509,460,0.01,0.09,1.08,5,Yaw Right
2510,461,0.03,0.03,0.98,5,Yaw Right
2511,462,0.02,0.0,1.0,5,Yaw Right
2512,463,0.05,0.04,1.0,5,Yaw Right
2513,464,0.05,0.04,1.0,5,Yaw Right
2514,465,0.04,0.04,1.0,5,Yaw Right
2515,466,0.04,0.05,1.0,5,Yaw Right
2516,467,0.04,0.04,1.0,5,Yaw Right
2517,468,0.04,0.04,1.0,5,Yaw Right
2518,469,0.04,0.04,1.0,5,Yaw Right
2519,470,0.04,0.04,1.0,5,Yaw Right
2520,471,0.04,0.04,1.0,5,Yaw Right
2521,472,0.04,0.04,1.0,5,Yaw Right
2522,473,0.04,0.04,1.0,5,Yaw Right
2523,474,0.04,0.04,1.0,5,Yaw Right
2524,475,0.04,0.04,1.0,5,Yaw Right
2525,476,0.04,0.04,1.0,5,Yaw Right
2526,477,0.04,0.04,1.0,5,Yaw Right
2527,478,0.04,0.04,1.0,5,Yaw Right
2528,479,0.04,0.04,1.0,5,Yaw Right
2529,480,0.04,0.04,1.0,5,Yaw Right
2530,481,0.04,0.04,1.0,5,Yaw Right
2531,482,0.04,0.04,1.0,5,Yaw Right
2532,483,0.04,0.04,1.0,5,Yaw Right
2533,484,0.04,0.04,1.0,5,Yaw Right
2534,485,0.04,0.05,1.0,5,Yaw Right
2535,486,0.04,0.04,1.0,5,Yaw Right
2536,487,0.04,0.04,1.0,5,Yaw Right
2537,488,0.04,0.05,1.0,5,Yaw Right
2538,489,0.04,0.05,1.0,5,Yaw Right
2539,490,0.04,0.05,1.0,5,Yaw Right
2540,491,0.04,0.04,1.0,5,Yaw Right
2541,492,0.04,0.05,1.0,5,Yaw Right
2542,493,0.04,0.04,1.0,5,Yaw Right
2543,494,0.04,0.04,1.0,5,Yaw Right
2544,495,0.04,0.04,1.0,5,Yaw Right
2545,496,0.04,0.05,1.0,5,Yaw Right
2546,497,0.06,0.07,1.0,5,Yaw Right
2547,498,0.05,0.05,1.0,5,Yaw Right
2548,499,0.02,0.04,1.02,5,Yaw Right
2549,500,0.04,-0.02,1.12,5,Yaw Right
2550,501,0.12,-0.26,1.09,5,Yaw Right
2551,502,0.21,-0.21,0.95,5,Yaw Right
2552,503,0.12,0.1,0.84,5,Yaw Right
2553,504,0.24,0.17,0.98,5,Yaw Right
2554,505,0.24,0.18,0.94,5,Yaw Right
2555,506,0.23,0.28,0.96,5,Yaw Right
2556,507,0.21,0.33,0.96,5,Yaw Right
2557,508,0.18,0.28,1.02,5,Yaw Right
2558,509,0.16,0.19,0.88,5,Yaw Right
2559,510,0.14,0.17,0.98,5,Yaw Right
2560,511,0.16,0.0,1.06,5,Yaw Right
2561,512,0.11,-0.04,1.01,5,Yaw Right
2562,513,0.08,-0.12,1.0,5,Yaw Right
2563,514,0.04,0.1,1.03,5,Yaw Right
2564,515,0.02,0.05,0.98,5,Yaw Right
2565,516,0.05,0.02,0.98,5,Yaw Right
2566,517,0.05,0.05,1.05,5,Yaw Right
2567,518,0.04,0.04,1.0,5,Yaw Right
2568,519,0.04,0.04,1.0,5,Yaw Right
2569,520,0.05,0.04,1.0,5,Yaw Right
2570,521,0.04,0.04,1.0,5,Yaw Right
2571,522,0.04,0.04,1.0,5,Yaw Right
2572,523,0.04,0.04,1.0,5,Yaw Right
2573,524,0.04,0.04,1.0,5,Yaw Right
2574,525,0.04,0.04,1.0,5,Yaw Right
2575,526,0.04,0.04,1.0,5,Yaw Right
2576,527,0.04,0.05,1.0,5,Yaw Right
2577,528,0.04,0.04,1.0,5,Yaw Right
2578,529,0.04,0.05,1.0,5,Yaw Right
2579,530,0.04,0.04,1.0,5,Yaw Right
2580,531,0.04,0.04,1.0,5,Yaw Right
2581,532,0.04,0.04,1.0,5,Yaw Right
2582,533,0.04,0.04,1.0,5,Yaw Right
2583,534,0.04,0.04,1.0,5,Yaw Right
2584,535,0.04,0.04,1.0,5,Yaw Right
2585,536,0.04,0.04,1.0,5,Yaw Right
2586,537,0.04,0.04,1.0,5,Yaw Right
2587,538,0.04,0.04,1.0,5,Yaw Right
2588,539,0.04,0.05,1.0,5,Yaw Right
2589,540,0.04,0.04,1.0,5,Yaw Right
2590,541,0.04,0.04,1.0,5,Yaw Right
2591,542,0.04,0.04,1.0,5,Yaw Right
2592,543,0.04,0.04,1.0,5,Yaw Right
2593,0,0.04,-0.04,1.01,6,Yaw Right
2594,1,0.04,-0.04,1.0,6,Yaw Right
2595,2,0.04,-0.04,1.01,6,Yaw Right
2596,3,0.04,-0.03,1.01,6,Yaw Right
2597,4,0.04,-0.03,1.0,6,Yaw Right
2598,5,0.04,-0.04,1.01,6,Yaw Right
2599,6,0.04,-0.04,1.01,6,Yaw Right
2600,7,0.04,-0.04,1.01,6,Yaw Right
2601,8,0.04,-0.04,1.0,6,Yaw Right
2602,9,0.04,-0.04,1.01,6,Yaw Right
2603,10,0.04,-0.03,1.01,6,Yaw Right
2604,11,0.04,-0.03,1.0,6,Yaw Right
2605,12,0.04,-0.04,1.01,6,Yaw Right
2606,13,0.04,-0.04,1.01,6,Yaw Right
2607,14,0.04,-0.04,1.01,6,Yaw Right
2608,15,0.04,-0.04,1.0,6,Yaw Right
2609,16,0.03,-0.03,1.0,6,Yaw Right
2610,17,0.04,-0.03,1.01,6,Yaw Right
2611,18,0.04,-0.03,1.01,6,Yaw Right
2612,19,0.04,-0.04,1.01,6,Yaw Right
2613,20,0.03,-0.03,1.0,6,Yaw Right
2614,21,0.04,-0.03,1.02,6,Yaw Right
2615,22,0.04,-0.03,1.01,6,Yaw Right
2616,23,0.04,-0.03,1.01,6,Yaw Right
2617,24,0.04,-0.03,1.01,6,Yaw Right
2618,25,0.03,-0.03,1.01,6,Yaw Right
2619,26,0.03,-0.04,1.01,6,Yaw Right
2620,27,0.04,-0.04,1.01,6,Yaw Right
2621,28,0.04,-0.03,1.01,6,Yaw Right
2622,29,0.04,-0.04,1.01,6,Yaw Right
2623,30,0.04,-0.04,1.01,6,Yaw Right
2624,31,0.04,-0.03,1.01,6,Yaw Right
2625,32,0.03,-0.03,1.01,6,Yaw Right
2626,33,0.04,-0.03,1.01,6,Yaw Right
2627,34,0.04,-0.03,1.0,6,Yaw Right
2628,35,0.04,-0.03,1.01,6,Yaw Right
2629,36,0.03,-0.03,1.01,6,Yaw Right
2630,37,0.04,-0.03,1.01,6,Yaw Right
2631,38,0.04,-0.03,1.01,6,Yaw Right
2632,39,0.04,-0.03,1.0,6,Yaw Right
2633,40,0.04,-0.03,1.01,6,Yaw Right
2634,41,0.03,-0.04,1.01,6,Yaw Right
2635,42,0.04,-0.04,1.01,6,Yaw Right
2636,43,0.03,-0.06,1.02,6,Yaw Right
2637,44,0.07,-0.07,1.04,6,Yaw Right
2638,45,0.07,-0.16,0.96,6,Yaw Right
2639,46,-0.18,-0.14,1.01,6,Yaw Right
2640,47,-0.02,-0.1,1.07,6,Yaw Right
2641,48,0.1,-0.18,1.14,6,Yaw Right
2642,49,0.1,-0.04,0.77,6,Yaw Right
2643,50,0.12,-0.16,1.17,6,Yaw Right
2644,51,0.19,-0.02,1.05,6,Yaw Right
2645,52,0.18,-0.43,0.8,6,Yaw Right
2646,53,0.3,-0.02,0.95,6,Yaw Right
2647,54,0.14,0.25,0.96,6,Yaw Right
2648,55,0.26,0.15,1.02,6,Yaw Right
2649,56,0.26,0.06,0.99,6,Yaw Right
2650,57,0.23,0.18,0.97,6,Yaw Right
2651,58,0.11,0.09,0.68,6,Yaw Right
2652,59,0.13,-0.07,0.93,6,Yaw Right
2653,60,0.11,-0.09,0.95,6,Yaw Right
2654,61,0.08,-0.11,1.02,6,Yaw Right
2655,62,0.09,0.01,0.77,6,Yaw Right
2656,63,-0.04,-0.11,1.03,6,Yaw Right
2657,64,-0.02,-0.04,1.18,6,Yaw Right
2658,65,0.01,-0.05,1.05,6,Yaw Right
2659,66,0.03,-0.06,1.05,6,Yaw Right
2660,67,-0.04,0.06,0.79,6,Yaw Right
2661,68,0.03,-0.04,1.02,6,Yaw Right
2662,69,0.04,-0.04,1.01,6,Yaw Right
2663,70,0.03,-0.03,1.01,6,Yaw Right
2664,71,0.03,-0.03,1.01,6,Yaw Right
2665,72,0.03,-0.03,1.01,6,Yaw Right
2666,73,0.04,-0.04,1.01,6,Yaw Right
2667,74,0.04,-0.03,1.01,6,Yaw Right
2668,75,0.04,-0.04,1.01,6,Yaw Right
2669,76,0.03,-0.03,1.01,6,Yaw Right
2670,77,0.03,-0.03,1.01,6,Yaw Right
2671,78,0.04,-0.03,1.01,6,Yaw Right
2672,79,0.04,-0.03,1.01,6,Yaw Right
2673,80,0.04,-0.04,1.01,6,Yaw Right
2674,81,0.04,-0.03,1.01,6,Yaw Right
2675,82,0.04,-0.03,1.01,6,Yaw Right
2676,83,0.03,-0.04,1.01,6,Yaw Right
2677,84,0.03,-0.03,1.01,6,Yaw Right
2678,85,0.04,-0.03,1.0,6,Yaw Right
2679,86,0.04,-0.04,1.01,6,Yaw Right
2680,87,0.03,-0.03,1.01,6,Yaw Right
2681,88,0.04,-0.04,1.01,6,Yaw Right
2682,89,0.04,-0.04,1.01,6,Yaw Right
2683,90,0.04,-0.04,1.0,6,Yaw Right
2684,91,0.03,-0.03,1.01,6,Yaw Right
2685,92,0.03,-0.04,1.0,6,Yaw Right
2686,93,0.03,-0.03,1.01,6,Yaw Right
2687,94,0.04,-0.04,1.01,6,Yaw Right
2688,95,0.04,-0.03,1.01,6,Yaw Right
2689,96,0.04,-0.04,1.01,6,Yaw Right
2690,97,0.04,-0.03,1.01,6,Yaw Right
2691,98,0.04,-0.04,1.01,6,Yaw Right
2692,99,0.03,-0.04,1.01,6,Yaw Right
2693,100,0.04,-0.04,1.01,6,Yaw Right
2694,101,0.04,-0.03,1.01,6,Yaw Right
2695,102,0.04,-0.04,1.01,6,Yaw Right
2696,103,0.04,-0.04,1.02,6,Yaw Right
2697,104,0.05,-0.06,1.0,6,Yaw Right
2698,105,-0.13,-0.14,1.18,6,Yaw Right
2699,106,-0.02,-0.17,1.02,6,Yaw Right
2700,107,0.14,-0.04,0.94,6,Yaw Right
2701,108,0.16,-0.02,0.9,6,Yaw Right
2702,109,0.07,-0.11,1.05,6,Yaw Right
2703,110,0.16,-0.29,0.99,6,Yaw Right
2704,111,0.21,-0.13,0.93,6,Yaw Right
2705,112,0.23,0.12,0.82,6,Yaw Right
2706,113,0.21,0.08,1.11,6,Yaw Right
2707,114,0.22,0.09,0.96,6,Yaw Right
2708,115,0.23,0.22,0.91,6,Yaw Right
2709,116,0.16,0.12,0.99,6,Yaw Right
2710,117,0.07,-0.16,1.1,6,Yaw Right
2711,118,0.14,-0.05,1.07,6,Yaw Right
2712,119,0.13,0.02,0.95,6,Yaw Right
2713,120,0.07,-0.3,1.05,6,Yaw Right
2714,121,0.04,0.07,1.18,6,Yaw Right
2715,122,0.0,-0.1,0.92,6,Yaw Right
2716,123,0.01,0.01,1.09,6,Yaw Right
2717,124,-0.0,-0.04,0.96,6,Yaw Right
2718,125,0.01,0.01,1.0,6,Yaw Right
2719,126,0.0,-0.02,1.04,6,Yaw Right
2720,127,0.01,-0.05,1.01,6,Yaw Right
2721,128,0.03,-0.02,1.01,6,Yaw Right
2722,129,0.03,-0.04,1.0,6,Yaw Right
2723,130,0.03,-0.03,1.01,6,Yaw Right
2724,131,0.04,-0.03,1.01,6,Yaw Right
2725,132,0.04,-0.03,1.0,6,Yaw Right
2726,133,0.04,-0.04,1.01,6,Yaw Right
2727,134,0.04,-0.04,1.01,6,Yaw Right
2728,135,0.04,-0.03,1.01,6,Yaw Right
2729,136,0.04,-0.03,1.01,6,Yaw Right
2730,137,0.04,-0.03,1.01,6,Yaw Right
2731,138,0.04,-0.03,1.01,6,Yaw Right
2732,139,0.04,-0.03,1.01,6,Yaw Right
2733,140,0.04,-0.04,1.01,6,Yaw Right
2734,141,0.04,-0.03,1.01,6,Yaw Right
2735,142,0.03,-0.04,1.01,6,Yaw Right
2736,143,0.03,-0.03,1.01,6,Yaw Right
2737,144,0.04,-0.03,1.01,6,Yaw Right
2738,145,0.04,-0.04,1.02,6,Yaw Right
2739,146,0.04,-0.04,1.01,6,Yaw Right
2740,147,0.04,-0.04,1.01,6,Yaw Right
2741,148,0.04,-0.03,1.01,6,Yaw Right
2742,149,0.03,-0.03,1.01,6,Yaw Right
2743,150,0.04,-0.03,1.01,6,Yaw Right
2744,151,0.04,-0.03,1.01,6,Yaw Right
2745,152,0.04,-0.03,1.01,6,Yaw Right
2746,153,0.04,-0.03,1.01,6,Yaw Right
2747,154,0.04,-0.03,1.0,6,Yaw Right
2748,155,0.04,-0.03,1.01,6,Yaw Right
2749,156,0.04,-0.03,1.01,6,Yaw Right
2750,157,0.04,-0.03,1.01,6,Yaw Right
2751,158,0.04,-0.04,1.01,6,Yaw Right
2752,159,0.04,-0.04,1.01,6,Yaw Right
2753,160,0.04,-0.04,1.01,6,Yaw Right
2754,161,0.04,-0.03,1.0,6,Yaw Right
2755,162,0.01,-0.04,1.02,6,Yaw Right
2756,163,-0.05,-0.13,1.04,6,Yaw Right
2757,164,0.08,-0.18,1.24,6,Yaw Right
2758,165,-0.02,-0.05,0.93,6,Yaw Right
2759,166,0.08,-0.06,0.89,6,Yaw Right
2760,167,0.06,-0.07,1.16,6,Yaw Right
2761,168,0.11,-0.34,0.94,6,Yaw Right
2762,169,0.2,-0.04,0.93,6,Yaw Right
2763,170,0.27,-0.09,0.95,6,Yaw Right
2764,171,0.12,0.33,1.0,6,Yaw Right
2765,172,0.27,0.03,1.04,6,Yaw Right
2766,173,0.19,0.13,0.92,6,Yaw Right
2767,174,0.3,-0.01,1.09,6,Yaw Right
2768,175,0.08,0.07,0.98,6,Yaw Right
2769,176,0.05,-0.21,0.88,6,Yaw Right
2770,177,0.13,-0.09,1.2,6,Yaw Right
2771,178,0.0,-0.01,1.0,6,Yaw Right
2772,179,0.04,-0.07,0.9,6,Yaw Right
2773,180,-0.05,0.01,1.01,6,Yaw Right
2774,181,0.0,-0.07,1.04,6,Yaw Right
2775,182,-0.03,-0.01,1.06,6,Yaw Right
2776,183,-0.03,0.03,1.05,6,Yaw Right
2777,184,0.04,0.0,1.01,6,Yaw Right
2778,185,0.06,-0.01,0.97,6,Yaw Right
2779,186,0.04,-0.03,1.01,6,Yaw Right
2780,187,0.04,-0.04,1.01,6,Yaw Right
2781,188,0.03,-0.03,1.0,6,Yaw Right
2782,189,0.04,-0.03,1.02,6,Yaw Right
2783,190,0.03,-0.04,1.01,6,Yaw Right
2784,191,0.03,-0.04,1.01,6,Yaw Right
2785,192,0.04,-0.04,1.01,6,Yaw Right
2786,193,0.03,-0.03,1.01,6,Yaw Right
2787,194,0.03,-0.03,1.01,6,Yaw Right
2788,195,0.03,-0.04,1.01,6,Yaw Right
2789,196,0.04,-0.03,1.01,6,Yaw Right
2790,197,0.04,-0.04,1.01,6,Yaw Right
2791,198,0.04,-0.03,1.01,6,Yaw Right
2792,199,0.03,-0.03,1.01,6,Yaw Right
2793,200,0.04,-0.03,1.01,6,Yaw Right
2794,201,0.04,-0.03,1.01,6,Yaw Right
2795,202,0.04,-0.03,1.01,6,Yaw Right
2796,203,0.04,-0.03,1.01,6,Yaw Right
2797,204,0.04,-0.04,1.01,6,Yaw Right
2798,205,0.04,-0.04,1.01,6,Yaw Right
2799,206,0.04,-0.04,1.01,6,Yaw Right
2800,207,0.03,-0.02,1.01,6,Yaw Right
2801,208,0.04,-0.04,1.01,6,Yaw Right
2802,209,0.04,-0.03,1.01,6,Yaw Right
2803,210,0.04,-0.04,1.01,6,Yaw Right
2804,211,0.03,-0.03,1.01,6,Yaw Right
2805,212,0.04,-0.03,1.01,6,Yaw Right
2806,213,0.03,-0.03,1.01,6,Yaw Right
2807,214,0.04,-0.04,1.01,6,Yaw Right
2808,215,-0.03,-0.07,1.02,6,Yaw Right
2809,216,-0.01,-0.05,1.12,6,Yaw Right
2810,217,-0.05,-0.04,1.11,6,Yaw Right
2811,218,0.0,-0.04,0.86,6,Yaw Right
2812,219,0.09,-0.02,0.96,6,Yaw Right
2813,220,0.05,-0.2,1.16,6,Yaw Right
2814,221,-0.09,-0.19,1.1,6,Yaw Right
2815,222,0.23,0.14,0.86,6,Yaw Right
2816,223,0.27,0.27,0.91,6,Yaw Right
2817,224,0.26,0.06,1.01,6,Yaw Right
2818,225,0.25,0.12,1.0,6,Yaw Right
2819,226,0.26,0.08,1.05,6,Yaw Right
2820,227,0.08,-0.02,1.03,6,Yaw Right
2821,228,0.09,-0.07,0.73,6,Yaw Right
2822,229,0.06,-0.42,1.23,6,Yaw Right
2823,230,0.08,-0.09,0.98,6,Yaw Right
2824,231,0.06,0.02,1.02,6,Yaw Right
2825,232,0.03,-0.05,0.94,6,Yaw Right
2826,233,-0.04,0.02,1.16,6,Yaw Right
2827,234,-0.0,-0.0,1.07,6,Yaw Right
2828,235,0.0,-0.0,1.03,6,Yaw Right
2829,236,0.01,-0.11,0.98,6,Yaw Right
2830,237,0.04,-0.06,1.01,6,Yaw Right
2831,238,0.04,-0.04,1.0,6,Yaw Right
2832,239,0.04,-0.03,1.01,6,Yaw Right
2833,240,0.03,-0.04,1.01,6,Yaw Right
2834,241,0.04,-0.03,1.01,6,Yaw Right
2835,242,0.04,-0.03,1.01,6,Yaw Right
2836,243,0.03,-0.04,1.01,6,Yaw Right
2837,244,0.04,-0.04,1.01,6,Yaw Right
2838,245,0.03,-0.03,1.01,6,Yaw Right
2839,246,0.04,-0.03,1.01,6,Yaw Right
2840,247,0.04,-0.03,1.01,6,Yaw Right
2841,248,0.04,-0.03,1.01,6,Yaw Right
2842,249,0.04,-0.04,1.01,6,Yaw Right
2843,250,0.04,-0.04,1.01,6,Yaw Right
2844,251,0.04,-0.04,1.01,6,Yaw Right
2845,252,0.04,-0.04,1.01,6,Yaw Right
2846,253,0.03,-0.03,1.01,6,Yaw Right
2847,254,0.04,-0.04,1.01,6,Yaw Right
2848,255,0.04,-0.04,1.01,6,Yaw Right
2849,256,0.04,-0.03,1.01,6,Yaw Right
2850,257,0.04,-0.04,1.01,6,Yaw Right
2851,258,0.04,-0.04,1.0,6,Yaw Right
2852,259,0.03,-0.03,1.01,6,Yaw Right
2853,260,0.04,-0.04,1.01,6,Yaw Right
2854,261,0.04,-0.03,1.01,6,Yaw Right
2855,262,0.04,-0.03,1.01,6,Yaw Right
2856,263,0.04,-0.04,1.01,6,Yaw Right
2857,264,0.03,-0.04,1.01,6,Yaw Right
2858,265,0.03,-0.03,1.01,6,Yaw Right
2859,266,0.04,-0.04,1.01,6,Yaw Right
2860,267,0.04,-0.04,1.01,6,Yaw Right
2861,268,0.04,-0.03,1.01,6,Yaw Right
2862,269,0.04,-0.03,1.01,6,Yaw Right
2863,270,0.04,-0.03,1.01,6,Yaw Right
2864,271,0.03,-0.03,1.01,6,Yaw Right
2865,272,0.04,-0.03,1.01,6,Yaw Right
2866,273,0.03,-0.03,1.01,6,Yaw Right
2867,274,0.04,-0.06,1.01,6,Yaw Right
2868,275,-0.0,-0.0,1.01,6,Yaw Right
2869,276,0.0,-0.0,1.11,6,Yaw Right
2870,277,-0.02,-0.07,1.01,6,Yaw Right
2871,278,0.07,-0.07,0.94,6,Yaw Right
2872,279,0.15,0.0,1.02,6,Yaw Right
2873,280,0.09,-0.27,1.03,6,Yaw Right
2874,281,0.15,-0.26,0.99,6,Yaw Right
2875,282,0.09,0.08,0.94,6,Yaw Right
2876,283,0.14,0.04,0.94,6,Yaw Right
2877,284,0.13,0.04,1.01,6,Yaw Right
2878,285,0.17,-0.01,1.01,6,Yaw Right
2879,286,0.15,0.06,1.02,6,Yaw Right
2880,287,0.05,0.21,0.99,6,Yaw Right
2881,288,0.15,-0.31,1.05,6,Yaw Right
2882,289,0.02,0.16,1.03,6,Yaw Right
2883,290,0.14,-0.22,1.03,6,Yaw Right
2884,291,0.1,0.0,1.06,6,Yaw Right
2885,292,0.07,0.0,0.98,6,Yaw Right
2886,293,0.04,0.08,0.88,6,Yaw Right
2887,294,0.01,-0.05,1.0,6,Yaw Right
2888,295,-0.05,0.0,1.17,6,Yaw Right
2889,296,-0.02,-0.07,1.04,6,Yaw Right
2890,297,0.0,-0.02,1.03,6,Yaw Right
2891,298,0.05,-0.02,1.01,6,Yaw Right
2892,299,0.03,-0.03,1.01,6,Yaw Right
2893,300,0.03,-0.03,1.01,6,Yaw Right
2894,301,0.04,-0.03,1.01,6,Yaw Right
2895,302,0.04,-0.04,1.01,6,Yaw Right
2896,303,0.04,-0.04,1.01,6,Yaw Right
2897,304,0.04,-0.04,1.01,6,Yaw Right
2898,305,0.03,-0.03,1.01,6,Yaw Right
2899,306,0.02,-0.0,1.01,6,Yaw Right
2900,307,0.03,-0.02,1.01,6,Yaw Right
2901,308,0.04,-0.03,1.01,6,Yaw Right
2902,309,0.03,-0.02,1.01,6,Yaw Right
2903,310,0.04,-0.04,1.01,6,Yaw Right
2904,311,0.04,-0.03,1.01,6,Yaw Right
2905,312,0.04,-0.04,1.01,6,Yaw Right
2906,313,0.03,-0.03,1.01,6,Yaw Right
2907,314,0.03,-0.03,1.01,6,Yaw Right
2908,315,0.04,-0.04,1.0,6,Yaw Right
2909,316,0.04,-0.04,1.01,6,Yaw Right
2910,317,0.04,-0.04,1.01,6,Yaw Right
2911,318,0.03,-0.04,1.01,6,Yaw Right
2912,319,0.03,-0.03,1.01,6,Yaw Right
2913,320,0.04,-0.03,1.01,6,Yaw Right
2914,321,0.04,-0.04,1.0,6,Yaw Right
2915,322,0.04,-0.04,1.01,6,Yaw Right
2916,323,0.04,-0.04,1.01,6,Yaw Right
2917,324,0.04,-0.04,1.01,6,Yaw Right
2918,325,0.04,-0.03,1.01,6,Yaw Right
2919,326,0.04,-0.04,1.01,6,Yaw Right
2920,327,0.04,-0.04,1.01,6,Yaw Right
2921,328,0.03,-0.03,1.01,6,Yaw Right
2922,329,0.04,-0.03,1.0,6,Yaw Right
2923,330,0.03,-0.04,1.01,6,Yaw Right
2924,331,0.04,-0.04,1.01,6,Yaw Right
2925,332,0.0,-0.09,0.95,6,Yaw Right
2926,333,-0.17,-0.07,1.15,6,Yaw Right
2927,334,0.04,-0.08,0.95,6,Yaw Right
2928,335,0.05,-0.14,1.06,6,Yaw Right
2929,336,0.11,-0.04,0.85,6,Yaw Right
2930,337,0.06,-0.03,0.97,6,Yaw Right
2931,338,0.11,-0.09,0.98,6,Yaw Right
2932,339,0.08,-0.1,0.99,6,Yaw Right
2933,340,0.09,-0.35,0.95,6,Yaw Right
2934,341,0.19,-0.06,0.94,6,Yaw Right
2935,342,0.15,-0.12,1.02,6,Yaw Right
2936,343,0.14,-0.05,0.89,6,Yaw Right
2937,344,0.18,0.09,1.12,6,Yaw Right
2938,345,0.09,0.0,0.99,6,Yaw Right
2939,346,0.13,0.05,0.97,6,Yaw Right
2940,347,0.07,0.34,1.12,6,Yaw Right
2941,348,0.05,0.1,1.07,6,Yaw Right
2942,349,0.07,-0.09,0.84,6,Yaw Right
2943,350,0.11,-0.38,1.15,6,Yaw Right
2944,351,0.08,0.12,0.99,6,Yaw Right
2945,352,0.05,-0.07,0.83,6,Yaw Right
2946,353,0.05,0.05,1.17,6,Yaw Right
2947,354,0.0,-0.02,1.05,6,Yaw Right
2948,355,-0.02,0.02,1.02,6,Yaw Right
2949,356,-0.0,-0.02,1.01,6,Yaw Right
2950,357,0.04,-0.07,1.05,6,Yaw Right
2951,358,0.02,-0.08,1.02,6,Yaw Right
2952,359,0.03,-0.04,1.01,6,Yaw Right
2953,360,0.03,-0.04,1.02,6,Yaw Right
2954,361,0.04,-0.03,1.01,6,Yaw Right
2955,362,0.04,-0.03,1.0,6,Yaw Right
2956,363,0.04,-0.03,1.01,6,Yaw Right
2957,364,0.04,-0.04,1.01,6,Yaw Right
2958,365,0.04,-0.03,1.01,6,Yaw Right
2959,366,0.04,-0.03,1.01,6,Yaw Right
2960,367,0.03,-0.03,1.01,6,Yaw Right
2961,368,0.04,-0.03,1.01,6,Yaw Right
2962,369,0.04,-0.04,1.01,6,Yaw Right
2963,370,0.04,-0.03,1.01,6,Yaw Right
2964,371,0.04,-0.04,1.01,6,Yaw Right
2965,372,0.04,-0.03,1.01,6,Yaw Right
2966,373,0.03,-0.03,1.01,6,Yaw Right
2967,374,0.03,-0.03,1.01,6,Yaw Right
2968,375,0.03,-0.03,1.01,6,Yaw Right
2969,376,0.04,-0.03,1.01,6,Yaw Right
2970,377,0.03,-0.04,1.01,6,Yaw Right
2971,378,0.04,-0.03,1.0,6,Yaw Right
2972,379,0.04,-0.03,1.01,6,Yaw Right
2973,380,0.04,-0.04,1.01,6,Yaw Right
2974,381,0.04,-0.04,1.01,6,Yaw Right
2975,382,0.03,-0.03,1.01,6,Yaw Right
2976,383,0.04,-0.03,1.01,6,Yaw Right
2977,384,0.04,-0.04,1.01,6,Yaw Right
2978,385,0.03,-0.04,1.01,6,Yaw Right
2979,386,0.03,-0.03,1.01,6,Yaw Right
2980,387,0.04,-0.04,1.01,6,Yaw Right
2981,388,0.04,-0.03,1.01,6,Yaw Right
2982,389,0.04,-0.03,1.0,6,Yaw Right
2983,390,0.03,-0.04,1.01,6,Yaw Right
2984,391,0.03,-0.04,1.01,6,Yaw Right
2985,392,0.0,-0.05,1.05,6,Yaw Right
2986,393,0.11,-0.12,1.21,6,Yaw Right
2987,394,0.06,-0.1,1.03,6,Yaw Right
2988,395,0.11,-0.04,0.95,6,Yaw Right
2989,396,0.04,-0.12,0.97,6,Yaw Right
2990,397,0.12,-0.23,0.98,6,Yaw Right
2991,398,0.22,-0.08,1.04,6,Yaw Right
2992,399,0.25,0.06,0.86,6,Yaw Right
2993,400,0.23,0.04,0.98,6,Yaw Right
2994,401,0.2,0.11,1.0,6,Yaw Right
2995,402,0.21,0.07,0.99,6,Yaw Right
2996,403,0.18,0.16,1.07,6,Yaw Right
2997,404,0.17,-0.0,1.02,6,Yaw Right
2998,405,0.15,0.07,0.7,6,Yaw Right
2999,406,0.11,0.05,0.9,6,Yaw Right
3000,407,0.14,-0.3,1.0,6,Yaw Right
3001,408,0.1,-0.03,1.02,6,Yaw Right
3002,409,0.01,-0.11,0.97,6,Yaw Right
3003,410,0.01,-0.06,1.09,6,Yaw Right
3004,411,0.01,-0.05,1.0,6,Yaw Right
3005,412,0.01,0.0,1.02,6,Yaw Right
3006,413,0.02,-0.03,1.01,6,Yaw Right
3007,414,0.03,-0.04,1.01,6,Yaw Right
3008,415,0.03,-0.03,1.01,6,Yaw Right
3009,416,0.04,-0.03,1.01,6,Yaw Right
3010,417,0.03,-0.04,1.01,6,Yaw Right
3011,418,0.03,-0.03,1.01,6,Yaw Right
3012,419,0.04,-0.03,1.01,6,Yaw Right
3013,420,0.03,-0.03,1.0,6,Yaw Right
3014,421,0.04,-0.04,1.01,6,Yaw Right
3015,422,0.04,-0.03,1.01,6,Yaw Right
3016,423,0.04,-0.03,1.01,6,Yaw Right
3017,424,0.04,-0.04,1.01,6,Yaw Right
3018,425,0.03,-0.03,1.01,6,Yaw Right
3019,426,0.04,-0.04,1.01,6,Yaw Right
3020,427,0.04,-0.04,1.01,6,Yaw Right
3021,428,0.03,-0.04,1.01,6,Yaw Right
3022,429,0.04,-0.03,1.01,6,Yaw Right
3023,430,0.04,-0.03,1.01,6,Yaw Right
3024,431,0.04,-0.04,1.01,6,Yaw Right
3025,432,0.04,-0.03,1.01,6,Yaw Right
3026,433,0.03,-0.03,1.01,6,Yaw Right
3027,434,0.03,-0.03,1.01,6,Yaw Right
3028,435,0.04,-0.04,1.01,6,Yaw Right
3029,436,0.04,-0.03,1.01,6,Yaw Right
3030,437,0.03,-0.04,1.01,6,Yaw Right
3031,438,0.04,-0.04,1.01,6,Yaw Right
3032,439,0.03,-0.04,1.01,6,Yaw Right
3033,440,0.04,-0.03,1.01,6,Yaw Right
3034,441,0.03,-0.04,1.01,6,Yaw Right
3035,442,0.04,-0.04,1.01,6,Yaw Right
3036,443,0.04,-0.03,1.01,6,Yaw Right
3037,444,0.04,-0.04,1.01,6,Yaw Right
3038,445,0.04,-0.03,1.01,6,Yaw Right
3039,446,0.03,-0.03,1.01,6,Yaw Right
3040,447,0.04,-0.04,1.0,6,Yaw Right
3041,448,0.04,-0.03,1.01,6,Yaw Right
3042,449,0.04,-0.0,1.02,6,Yaw Right
3043,450,0.08,-0.06,1.02,6,Yaw Right
3044,451,-0.0,-0.11,1.15,6,Yaw Right
3045,452,0.09,-0.23,1.03,6,Yaw Right
3046,453,0.1,-0.01,0.96,6,Yaw Right
3047,454,0.07,-0.01,0.89,6,Yaw Right
3048,455,0.09,-0.2,0.98,6,Yaw Right
3049,456,0.16,-0.11,1.05,6,Yaw Right
3050,457,0.2,-0.05,0.93,6,Yaw Right
3051,458,0.2,-0.09,0.87,6,Yaw Right
3052,459,0.12,0.03,1.0,6,Yaw Right
3053,460,0.19,0.1,1.0,6,Yaw Right
3054,461,0.18,-0.02,1.02,6,Yaw Right
3055,462,0.2,-0.0,0.98,6,Yaw Right
3056,463,0.16,0.07,1.07,6,Yaw Right
3057,464,0.0,-0.02,0.84,6,Yaw Right
3058,465,0.14,-0.22,0.97,6,Yaw Right
3059,466,0.09,-0.15,1.01,6,Yaw Right
3060,467,0.11,-0.14,1.0,6,Yaw Right
3061,468,0.1,-0.16,0.99,6,Yaw Right
3062,469,0.06,-0.09,1.03,6,Yaw Right
3063,470,0.0,-0.1,1.07,6,Yaw Right
3064,471,0.0,-0.0,1.0,6,Yaw Right
3065,472,-0.02,-0.02,1.0,6,Yaw Right
3066,473,0.0,-0.03,1.01,6,Yaw Right
3067,474,0.02,0.09,0.7,6,Yaw Right
3068,475,0.04,-0.04,1.01,6,Yaw Right
3069,476,0.03,-0.04,1.01,6,Yaw Right
3070,477,0.03,-0.04,1.01,6,Yaw Right
3071,478,0.04,-0.04,1.01,6,Yaw Right
3072,479,0.04,-0.03,1.01,6,Yaw Right
3073,480,0.04,-0.04,1.01,6,Yaw Right
3074,481,0.03,-0.04,1.01,6,Yaw Right
3075,482,0.03,-0.03,1.01,6,Yaw Right
3076,483,0.04,-0.03,1.01,6,Yaw Right
3077,484,0.04,-0.04,1.01,6,Yaw Right
3078,485,0.04,-0.04,1.01,6,Yaw Right
3079,486,0.03,-0.04,1.01,6,Yaw Right
3080,487,0.04,-0.04,1.01,6,Yaw Right
3081,488,0.04,-0.03,1.01,6,Yaw Right
3082,489,0.04,-0.03,1.01,6,Yaw Right
3083,490,0.03,-0.04,1.01,6,Yaw Right
3084,491,0.03,-0.03,1.01,6,Yaw Right
3085,492,0.04,-0.03,1.01,6,Yaw Right
3086,493,0.04,-0.03,1.01,6,Yaw Right
3087,494,0.04,-0.03,1.01,6,Yaw Right
3088,495,0.03,-0.03,1.01,6,Yaw Right
3089,496,0.04,-0.03,1.01,6,Yaw Right
3090,497,0.03,-0.03,1.0,6,Yaw Right
3091,498,0.03,-0.03,1.01,6,Yaw Right
3092,499,0.04,-0.03,1.01,6,Yaw Right
3093,500,0.04,-0.03,1.01,6,Yaw Right
3094,501,0.04,-0.04,1.01,6,Yaw Right
3095,502,0.04,-0.04,1.0,6,Yaw Right
3096,503,0.03,-0.03,1.01,6,Yaw Right
3097,504,0.04,-0.04,1.0,6,Yaw Right
3098,505,0.03,-0.03,1.01,6,Yaw Right
3099,506,0.04,-0.04,1.01,6,Yaw Right
3100,507,0.04,-0.03,1.01,6,Yaw Right
3101,508,0.04,-0.04,1.01,6,Yaw Right
3102,509,0.03,-0.05,1.01,6,Yaw Right
3103,510,0.02,-0.02,1.0,6,Yaw Right
3104,511,0.02,-0.1,1.1,6,Yaw Right
3105,512,-0.02,-0.19,1.04,6,Yaw Right
3106,513,0.01,-0.06,1.04,6,Yaw Right
3107,514,0.05,-0.02,0.96,6,Yaw Right
3108,515,0.04,-0.21,0.99,6,Yaw Right
3109,516,0.17,-0.09,1.02,6,Yaw Right
3110,517,0.22,-0.02,1.01,6,Yaw Right
3111,518,0.17,0.22,0.99,6,Yaw Right
3112,519,0.14,0.18,1.13,6,Yaw Right
3113,520,0.14,0.09,1.0,6,Yaw Right
3114,521,0.14,0.1,1.01,6,Yaw Right
3115,522,0.16,0.12,0.97,6,Yaw Right
3116,523,0.26,0.16,1.06,6,Yaw Right
3117,524,-0.0,-0.02,1.15,6,Yaw Right
3118,525,0.01,-0.17,0.77,6,Yaw Right
3119,526,0.1,-0.22,1.09,6,Yaw Right
3120,527,0.07,0.02,0.97,6,Yaw Right
3121,528,0.01,-0.07,0.96,6,Yaw Right
3122,529,0.0,-0.06,1.09,6,Yaw Right
3123,530,-0.02,0.0,1.04,6,Yaw Right
3124,531,0.07,-0.09,1.13,6,Yaw Right
3125,532,0.01,0.01,1.01,6,Yaw Right
3126,533,0.02,-0.03,1.01,6,Yaw Right
3127,534,0.04,-0.03,1.01,6,Yaw Right
3128,535,0.03,-0.03,1.01,6,Yaw Right
3129,536,0.04,-0.04,1.01,6,Yaw Right
3130,537,0.03,-0.04,1.01,6,Yaw Right
3131,538,0.04,-0.04,1.01,6,Yaw Right
3132,539,0.04,-0.03,1.01,6,Yaw Right
3133,540,0.03,-0.03,1.01,6,Yaw Right
3134,541,0.03,-0.04,1.01,6,Yaw Right
3135,542,0.03,-0.03,1.01,6,Yaw Right
3136,543,0.03,-0.04,1.01,6,Yaw Right
3137,544,0.03,-0.04,1.01,6,Yaw Right
3138,545,0.04,-0.03,1.01,6,Yaw Right
3139,546,0.04,-0.03,1.01,6,Yaw Right
3140,547,0.04,-0.03,1.01,6,Yaw Right
3141,548,0.04,-0.04,1.01,6,Yaw Right
3142,549,0.03,-0.03,1.01,6,Yaw Right
3143,550,0.04,-0.03,1.01,6,Yaw Right
3144,551,0.04,-0.04,1.01,6,Yaw Right
3145,552,0.04,-0.04,1.01,6,Yaw Right
3146,553,0.04,-0.04,1.01,6,Yaw Right
3147,554,0.04,-0.04,1.01,6,Yaw Right
3148,555,0.04,-0.03,1.01,6,Yaw Right
3149,556,0.04,-0.03,1.01,6,Yaw Right
3150,557,0.04,-0.04,1.01,6,Yaw Right
3151,558,0.04,-0.04,1.01,6,Yaw Right
3152,559,0.04,-0.04,1.01,6,Yaw Right
