,x,y,z
9318,0.04,0.03,1.0
18896,0.04,0.05,1.0
8871,0.04,0.02,1.0
18790,0.04,0.04,1.0
17362,0.04,0.03,1.0
1159,0.04,0.02,0.99
6494,0.04,0.02,1.0
8777,0.04,0.02,1.0
10439,0.04,0.05,1.0
18304,0.03,0.05,1.0
5425,0.03,0.05,1.01
8603,0.04,0.03,1.0
1925,0.03,0.05,1.0
10948,0.04,0.04,1.01
2460,0.03,0.04,1.01
9437,0.07,0.04,1.0
14134,0.04,0.02,1.0
7938,0.04,0.04,1.0
2530,0.04,0.05,1.01
14080,0.04,0.03,1.0
1687,0.03,0.05,1.0
5274,0.03,0.05,1.01
19485,0.06,0.1,1.02
5504,0.01,0.25,0.91
4465,0.04,0.05,1.0
18167,0.04,0.03,1.0
2398,0.04,0.05,1.01
8947,0.03,0.04,1.0
16521,0.04,-0.14,0.96
19026,0.04,0.04,1.0
15944,0.02,-0.07,0.94
12648,0.04,0.05,1.0
12003,0.04,0.03,1.0
19040,0.04,0.04,1.0
10380,0.04,0.05,1.0
2618,0.03,0.04,1.01
8229,0.03,0.04,1.01
8702,0.07,0.03,1.0
19333,0.04,0.05,1.01
12076,0.04,0.02,1.0
13699,0.04,0.05,1.01
19578,0.04,0.04,1.01
15648,0.04,0.04,1.0
19108,0.26,0.26,0.91
17349,0.04,0.03,1.0
1577,0.04,0.05,1.0
7813,0.04,0.04,1.0
4028,0.04,0.05,1.0
1585,0.04,0.05,1.0
1522,-0.02,-0.0,0.93
12785,0.04,0.05,1.0
1620,0.01,0.05,1.0
19472,0.0,0.04,0.86
492,0.06,0.0,0.97
13225,0.04,0.05,1.0
5953,0.04,0.02,1.0
11421,0.04,0.02,1.0
14071,0.04,0.03,1.0
9559,0.03,0.02,1.01
17800,0.03,0.03,1.01
1322,0.11,0.03,0.96
12323,0.02,0.03,1.0
316,0.04,0.03,1.0
6270,0.03,0.03,1.0
17134,0.04,0.03,1.0
11885,0.04,0.03,1.0
10300,0.04,0.04,1.0
3735,0.07,-0.43,0.9
6820,0.04,0.03,1.0
12211,0.04,0.03,1.0
19242,0.04,0.04,1.0
8337,0.04,0.03,1.0
15664,0.04,0.05,1.0
15231,0.15,-0.05,0.99
16836,0.04,0.03,1.01
17286,0.01,0.18,1.08
4165,0.04,0.05,1.0
9114,0.04,0.03,1.0
15392,0.09,-0.11,1.01
1272,0.01,0.02,1.06
11271,0.04,0.03,1.0
14327,0.04,0.02,1.0
2041,0.04,0.05,1.0
1024,0.04,0.03,1.0
10269,0.04,0.05,1.0
15311,0.04,0.05,1.0
6984,0.04,0.05,1.0
6531,0.0,0.04,0.99
266,0.04,0.03,1.0
17314,0.04,0.03,1.0
15456,0.05,-0.16,0.93
17108,0.04,0.03,1.01
9843,-0.03,0.0,0.91
14775,0.01,0.48,0.93
18769,0.25,0.0,0.91
2939,0.04,0.02,1.0
13616,0.04,0.04,1.0
5553,0.03,0.04,1.0
1956,0.04,0.05,1.0
8019,0.07,0.12,1.05
16053,0.04,0.0,0.98
6547,0.04,0.02,1.0
10976,0.04,0.04,1.01
2766,0.03,0.02,1.0
15926,0.03,0.04,1.0
11415,0.04,0.03,1.0
1265,0.12,-0.0,0.98
18182,-0.02,0.38,0.9
2554,0.03,0.05,1.01
3744,0.04,-0.39,0.88
10835,0.04,0.04,1.0
3501,0.04,0.02,1.0
14305,0.04,0.02,1.0
2527,0.04,0.05,1.01
9166,0.04,0.03,1.0
16760,0.19,0.12,1.0
5448,0.0,0.1,1.06
7509,0.02,0.08,1.02
17709,0.04,0.02,1.0
12895,0.04,0.05,1.0
15443,0.02,0.05,1.0
852,0.05,0.01,0.99
8231,0.04,0.04,1.01
18235,0.04,0.04,1.0
4915,0.04,0.04,1.01
16267,0.04,0.05,1.01
11566,0.04,0.03,1.0
11765,0.03,0.07,1.04
19802,0.04,0.04,1.01
5229,0.04,0.04,1.01
7860,0.03,0.05,1.01
5446,-0.0,0.15000000000000002,0.95
12988,0.04,0.04,1.0
12062,0.04,0.03,1.0
7524,0.04,0.04,1.0
2713,0.04,0.02,1.0
5891,0.07,0.06,0.99
6822,0.04,0.03,1.0
4910,0.04,0.05,1.01
18342,0.04,0.04,1.0
12461,0.04,0.05,1.0
16684,0.04,0.03,1.0
4807,0.04,0.04,1.0
13084,0.05,0.05,0.93
8480,0.04,0.03,1.0
759,0.04,0.02,1.0
10072,0.04,0.07,1.02
13140,0.03,0.03,0.92
12124,0.04,0.02,1.0
5765,0.04,0.03,1.0
14050,0.06,0.02,0.95
14498,0.04,0.02,1.0
3752,0.04,0.02,1.0
3555,0.03,0.04,1.0
4973,0.04,0.04,1.01
1325,0.06,0.03,1.0
18646,0.04,0.04,1.0
10625,0.0,0.07,0.93
5812,0.04,0.03,1.0
19683,0.04,0.05,1.01
897,0.03,0.04,0.97
18952,0.04,0.04,1.0
12989,0.04,0.04,1.0
7885,0.03,0.03,1.02
1227,0.04,0.05,1.0
11641,0.04,0.03,1.0
2316,0.04,0.04,1.01
1184,0.04,0.05,1.0
16239,0.04,0.04,1.01
17121,0.04,0.03,1.0
15841,0.03,-0.08,0.98
19009,0.04,0.05,1.0
2904,0.04,0.02,1.0
13726,0.04,0.05,1.01
16728,0.04,0.03,1.0
9075,0.04,0.03,1.01
14716,0.04,0.02,1.0
6772,0.05,0.03,1.0
18822,0.23,0.19,0.93
2116,0.04,0.04,1.01
4720,0.04,0.04,1.0
13159,0.04,0.04,1.0
765,0.04,0.02,1.0
15322,0.04,0.05,1.0
18094,-0.02,-0.11,0.95
19501,0.04,0.05,1.01
7300,0.07,0.12,1.0
9725,0.04,0.05,1.0
16037,0.03,0.04,1.0
15895,0.0,-0.04,1.03
7284,0.04,0.05,1.0
11190,0.04,0.05,1.01
13536,0.11,0.05,1.17
9690,0.04,0.05,1.0
14101,0.21,-0.24,1.05
947,0.04,0.03,1.0
1276,0.04,0.05,1.0
10334,0.04,0.05,1.0
8020,0.04,0.12,1.07
6160,0.02,0.03,1.0
14898,0.01,0.05,1.0
13662,0.04,0.04,1.01
13502,0.03,0.08,0.98
17661,0.04,0.03,1.0
19609,-0.02,0.1,1.02
13814,0.04,0.05,1.01
14992,0.05,0.09,0.98
4644,0.04,0.05,1.0
14616,0.09,0.04,0.86
16912,0.04,0.03,1.0
7864,0.04,0.04,1.01
9971,0.03,0.05,1.0
2823,0.04,0.02,1.0
5822,0.04,0.03,1.0
13768,0.03,0.04,1.01
9127,0.04,0.03,1.0
16469,0.11,0.1,0.9
17793,0.04,0.02,1.0
15994,0.03,0.04,1.0
15396,0.05,-0.01,1.04
7439,0.04,0.04,1.0
3455,0.04,0.03,1.0
2123,0.03,0.05,1.01
1328,0.0,0.02,1.04
17769,0.04,0.03,1.0
4297,0.04,0.05,1.0
15457,0.06,-0.07,0.96
1461,0.04,0.04,1.0
8596,0.04,0.03,1.0
7934,0.04,0.05,1.01
3107,-0.04,0.04,1.12
17455,0.04,0.02,1.0
14663,0.22,0.13,0.84
13079,0.31,0.0,0.99
11464,0.04,0.03,1.0
16601,0.03,0.04,1.01
18807,0.04,0.04,1.0
14396,0.04,0.03,1.0
18306,0.04,0.05,1.0
12059,0.04,0.02,1.0
3563,0.04,0.03,1.0
1588,0.04,0.04,1.0
1397,0.04,0.05,1.0
4811,0.04,0.04,1.01
7217,0.04,0.05,1.0
9873,0.04,0.04,1.0
7610,0.08,0.03,0.96
18984,0.07,0.0,1.01
15212,0.04,0.05,1.0
16468,0.16,0.15000000000000002,1.03
14790,0.04,0.03,1.0
15103,0.04,0.03,1.0
10903,-0.05,0.06,1.16
5231,0.03,0.04,1.01
7590,0.04,0.04,1.0
8879,0.04,-0.14,1.0
12048,0.04,0.09,1.02
18047,-0.03,0.01,1.0
13615,0.04,0.04,1.01
11085,0.04,0.04,1.01
15887,0.03,0.03,1.0
3420,0.04,0.03,1.0
10338,-0.29,0.12,0.96
15379,0.03,0.05,1.0
13155,0.04,0.04,1.0
14045,0.17,0.02,0.95
12822,0.04,0.04,1.02
18713,0.04,0.04,1.0
3108,0.02,0.02,1.0
5878,0.03,0.05,1.01
18464,0.04,0.04,1.0
16105,0.02,0.05,1.0
7227,0.04,0.04,1.0
12125,0.04,0.02,1.0
14281,0.04,0.02,1.0
2090,0.04,0.05,1.0
14438,0.04,0.03,1.0
373,0.04,0.03,1.0
2186,0.02,0.06,1.02
12370,0.02,0.03,1.01
12249,0.04,0.03,1.0
14779,0.04,0.02,1.12
4322,0.04,0.04,1.0
13254,0.04,0.05,1.0
19685,0.04,0.04,1.01
15959,0.03,0.04,1.0
16047,0.03,0.04,1.0
16576,0.13,-0.26,0.91
16473,0.02,0.08,1.04
587,0.03,0.04,1.01
4384,0.03,0.05,1.0
15068,0.04,0.03,1.0
8318,0.04,0.02,1.0
17017,0.06,0.24,0.93
8301,0.03,0.05,1.01
17015,0.11,0.28,1.12
18485,0.05,0.05,1.02
3261,0.01,0.04,1.0
9102,0.04,0.02,1.0
1486,0.04,0.05,1.01
8479,0.04,0.03,1.0
13283,0.05,0.04,1.0
4354,0.06,-0.2,0.94
6746,0.04,0.03,1.0
450,0.01,0.03,1.02
5876,0.04,0.03,1.0
5148,0.04,0.04,1.01
12159,0.04,0.03,1.0
3814,0.04,0.02,1.0
8950,0.04,0.03,1.0
16782,0.04,0.03,1.0
10900,0.0,0.03,1.05
17891,0.04,0.02,1.0
3362,0.02,0.03,1.0
17047,0.04,0.03,1.0
17043,0.04,0.02,1.0
12566,0.02,0.07,1.08
18880,0.04,-0.07,0.99
8017,0.18,0.35000000000000003,1.02
12065,0.04,0.02,1.0
18740,0.04,0.04,1.0
1491,0.04,0.04,1.0
19582,0.03,0.05,1.01
3857,0.04,0.02,1.0
11549,0.04,0.03,1.0
11752,0.04,0.03,1.0
15499,0.04,0.05,1.0
19264,0.04,0.05,1.01
3022,0.04,0.02,1.0
7145,0.04,0.05,1.0
9785,0.04,0.05,1.0
469,0.04,0.03,1.0
27,0.04,0.02,1.0
12536,0.04,0.04,1.0
14012,0.04,0.03,1.0
15941,-0.0,0.3,1.05
16784,0.04,0.03,1.0
806,0.04,0.02,1.0
18294,0.04,0.05,1.0
16493,0.04,0.05,1.01
4876,0.04,0.04,1.0
4776,0.04,0.05,1.0
19091,0.04,0.04,1.0
19261,0.04,0.04,1.01
10844,0.04,0.04,1.01
3473,0.04,0.02,1.0
1145,0.03,0.01,1.0
8945,-0.06,0.18,0.89
2761,-0.01,0.11,0.96
18411,0.04,0.05,1.0
10690,0.04,0.04,1.0
17357,0.04,0.03,1.0
14531,0.04,0.02,1.0
10226,0.04,0.05,1.0
17543,0.14,0.02,0.95
15699,0.04,0.04,1.0
17892,0.04,0.03,1.0
1208,0.13,0.07,1.02
135,0.04,0.03,1.0
3654,0.04,0.03,1.0
5515,0.09,-0.03,1.02
14175,0.05,0.04,1.0
12501,0.04,0.05,1.0
15207,0.04,0.05,1.0
3933,0.05,-0.38,0.93
5895,0.04,0.03,1.0
6282,0.04,0.03,1.0
83,0.04,0.02,1.0
16752,0.16,0.0,0.96
927,0.04,0.03,1.0
10098,0.04,0.05,1.0
16235,0.04,0.05,1.01
14158,0.09,-0.04,0.81
11237,0.25,0.01,0.88
2092,0.04,0.05,1.0
10952,0.0,0.04,1.02
1400,0.04,0.05,1.0
15764,0.04,0.04,1.0
7235,0.0,0.04,1.0
1987,0.04,0.05,1.0
4294,0.04,0.04,1.0
13308,0.05,0.05,1.0
8699,-0.09,0.27,0.96
3190,0.08,-0.13,0.89
2541,0.04,0.08,1.02
7746,0.04,0.03,1.0
14879,0.06,-0.11,0.96
12070,0.04,0.03,1.0
8829,0.04,0.02,1.0
14748,0.04,0.02,1.0
15134,0.05,0.09,1.05
11347,0.04,0.03,1.0
2833,0.04,0.02,1.0
10676,-0.02,0.01,1.04
17894,0.04,0.02,1.0
18806,0.04,0.05,1.0
5131,0.14,0.16,1.02
5259,0.05,0.09,1.04
11352,0.04,0.02,1.0
16718,0.04,0.03,1.0
6780,0.05,0.02,1.0
6966,0.02,0.02,1.05
10673,-0.24,0.09,0.87
8660,0.04,0.03,1.0
16984,0.04,0.02,1.0
5602,0.04,0.03,1.0
10775,0.04,0.04,1.01
15469,0.04,0.05,1.01
7024,0.04,0.05,1.0
12882,0.05,0.05,1.0
17145,0.02,0.48,0.98
8688,-0.19,-0.01,0.89
7096,0.03,0.05,1.0
19248,0.04,0.04,1.0
13199,0.04,0.05,1.0
16980,0.04,0.03,1.0
11618,0.04,0.03,1.0
19568,0.03,0.05,1.01
18633,0.04,0.05,1.0
10783,0.03,0.05,1.01
19375,0.04,0.15000000000000002,1.18
19369,0.23,0.3,0.91
8402,0.04,0.03,1.0
9266,0.04,0.03,1.0
10527,0.04,0.05,1.0
1701,0.04,0.05,1.0
12718,0.04,0.05,1.0
14939,0.07,-0.11,1.16
16785,0.04,0.03,1.0
15653,0.04,0.05,1.0
9165,0.04,0.02,1.0
8968,0.04,0.03,1.0
11790,0.04,0.02,1.0
13746,0.04,0.04,1.01
12199,0.04,0.02,1.0
17706,0.04,0.03,1.0
4222,0.04,0.05,1.0
7060,0.1,0.65,0.84
3272,0.11,-0.26,0.98
6153,0.04,0.03,1.0
6093,0.04,0.03,1.0
15791,0.0,0.25,0.95
8249,0.04,0.03,1.12
5392,0.04,0.04,1.01
2613,0.04,0.05,1.01
18353,0.04,0.04,1.0
15633,0.16,0.0,1.08
11504,0.04,0.03,1.0
11134,0.04,0.04,1.01
5021,0.04,0.05,1.01
19002,-0.03,-0.09,1.01
2231,0.04,0.04,1.01
14009,0.04,0.03,1.0
16800,0.04,0.03,1.0
6482,0.01,0.2,1.0
877,0.04,0.03,1.0
19220,0.14,0.17,0.98
13882,0.04,0.03,1.0
14903,0.04,0.02,1.0
19521,0.04,0.04,1.01
16716,0.04,0.03,1.0
14707,0.04,0.02,1.0
4586,0.04,0.05,1.0
10137,0.04,0.05,1.01
17163,0.04,0.03,1.0
2327,0.04,0.04,1.01
273,0.04,0.03,1.0
13320,0.04,0.05,1.0
3091,-0.02,0.02,1.01
14546,0.04,0.03,1.0
19148,0.04,0.04,1.0
18866,0.13,0.14,0.96
16958,0.05,-0.01,1.08
12881,0.09,0.14,1.18
12498,0.04,0.04,1.0
1049,0.04,0.03,1.0
17077,0.0,0.42,0.84
9076,-0.0,0.15,1.0
15129,0.04,0.02,1.0
14822,0.14,0.05,1.02
17142,0.1,0.13,1.05
257,0.03,0.03,1.0
15679,0.04,0.05,1.0
19536,0.09,0.16,0.94
13245,0.05,0.06,1.02
5663,0.04,0.03,1.0
795,0.04,0.03,1.0
3936,0.07,0.05,0.95
18013,0.04,0.02,1.0
13424,0.04,0.05,1.01
13535,0.03,0.06,1.02
2837,0.04,0.02,1.0
13202,0.04,0.05,1.0
5136,0.04,0.15000000000000002,0.93
6362,0.04,0.02,1.0
15483,0.04,0.05,1.0
16629,0.15,-0.09999999999999999,1.05
2198,0.05,0.020000000000000004,1.01
15088,0.13,-0.07,1.0
3118,0.04,0.03,1.0
13657,0.04,0.04,1.01
1045,0.04,0.03,1.0
17146,0.06,0.36,1.04
16220,0.04,0.04,1.01
6921,0.04,0.05,1.0
4832,0.04,0.04,1.0
5649,0.04,0.03,1.0
16475,0.04,0.06,1.01
1883,0.04,0.05,1.0
5296,0.04,0.05,1.01
10093,0.04,0.05,1.0
12102,0.04,0.03,1.0
1778,0.15,0.04,1.0
19480,0.26,0.16,1.05
16602,0.04,0.04,1.01
11949,0.04,0.03,1.0
13859,0.04,0.04,1.02
6462,0.0,0.11,1.0
9779,0.04,0.05,1.0
14086,0.04,0.03,1.0
19394,0.04,0.04,1.01
15355,0.04,0.05,1.0
13094,0.04,0.04,1.0
199,0.04,0.02,1.0
8538,0.04,0.03,1.0
555,0.01,0.04,1.02
5228,0.04,0.05,1.01
345,0.04,0.03,1.0
18858,0.04,0.05,1.0
12587,0.05,0.05,1.0
2240,-0.03,0.08,1.07
5270,0.03,0.04,1.01
15987,0.03,0.04,1.0
2158,0.04,0.04,1.01
14260,0.04,0.03,1.0
15164,0.04,0.03,1.0
3867,0.04,0.03,1.0
6389,0.03,0.05,1.04
832,0.04,0.02,1.0
12508,0.02,0.06,1.0
15277,0.09,0.06,0.94
12166,0.04,0.02,1.0
15641,0.15,0.03,1.04
12913,0.04,0.05,1.0
2458,0.04,0.05,1.01
13266,0.04,0.05,1.0
9660,0.01,0.04,0.99
360,0.08,0.11,1.05
12470,0.04,0.05,1.0
15713,0.04,0.04,1.0
9832,0.04,0.05,1.0
6403,0.04,0.02,1.0
10222,0.04,0.05,1.0
6769,0.02,0.02,1.02
18379,0.12,0.3,1.04
13303,0.09,0.06,1.14
5100,0.04,0.04,1.01
17200,0.04,0.02,1.0
19019,0.04,0.04,1.0
14279,0.0,,
14884,0.18,0.25,1.04
14638,0.04,0.03,1.0
9183,-0.16,0.0,1.0
6267,0.04,0.03,1.0
5078,0.04,0.05,1.01
18290,0.04,0.05,1.0
14905,0.04,0.03,1.0
16215,0.04,0.04,1.01
3199,0.04,0.02,1.0
17862,0.04,-0.06,0.95
18929,0.26,0.18,1.0
9615,0.04,0.02,1.0
4824,0.05,0.04,1.0
8018,0.15,0.15000000000000002,1.05
1510,0.03,0.05,1.0
2917,0.01,-0.18,0.96
11692,0.04,0.02,1.0
15084,0.14,-0.12,0.88
4393,0.04,0.05,1.0
3568,0.04,0.03,1.0
18910,0.04,0.05,1.0
14130,0.04,0.03,1.0
14155,-0.0,0.04,1.02
7343,0.04,0.05,1.0
17343,0.02,0.14,0.94
15137,0.11,0.2,0.85
2758,-0.04,-0.34,0.88
17938,0.04,0.02,1.0
16069,0.02,0.04,1.0
1714,0.04,0.05,1.0
8422,0.04,0.03,1.0
13381,0.04,0.05,1.0
7465,0.04,0.04,1.0
4286,0.04,0.04,1.0
11056,0.04,0.06,1.09
9644,-0.26,0.04,1.14
12695,0.23,0.1,0.95
16249,0.09,-0.20999999999999996,0.94
13902,0.03,0.21,1.01
5401,0.03,0.05,1.01
1256,-0.0,-0.01,1.16
17687,0.04,0.03,1.0
14235,0.06,0.04,1.0
14951,0.04,0.03,1.0
10787,0.04,0.05,1.0
2126,0.04,0.05,1.01
2680,0.04,0.02,1.0
16210,0.04,0.04,1.01
4184,0.03,0.04,1.0
1518,0.0,0.07,1.05
15083,0.16,-0.16,0.99
7194,0.03,0.05,1.0
8966,0.04,0.03,1.0
5010,0.06,0.15000000000000002,0.97
17880,0.04,0.03,1.0
337,0.04,0.03,1.0
7919,0.04,0.04,1.01
2349,0.03,0.04,1.01
4246,0.03,0.05,1.0
14670,0.04,0.02,1.0
18416,0.04,0.05,1.0
17965,0.05,0.03,1.0
7102,0.04,0.05,1.0
6504,0.04,0.03,1.01
14491,0.04,0.03,1.0
5241,0.02,0.06,1.01
11656,0.04,0.03,1.0
33,0.04,0.02,1.0
15001,0.04,0.02,1.0
311,0.04,0.02,1.0
7544,0.04,0.04,1.0
7704,-0.05,0.43,1.21
16569,0.08,0.09,1.03
14200,0.04,0.03,1.0
9111,0.04,0.02,1.0
17340,0.07,0.12,1.02
14098,-0.12,0.27,1.05
14580,0.04,0.03,1.0
1748,0.04,0.05,1.0
12815,0.31,0.05,0.93
9202,0.04,0.02,1.0
11892,0.04,0.02,1.0
1026,0.04,0.03,1.0
9733,-0.23,0.04,0.95
14582,0.04,0.03,1.0
2961,0.04,0.02,1.0
10929,0.03,0.04,1.01
14417,-0.07,-0.16,0.92
19479,0.25,0.2,1.0
11951,0.04,0.03,1.0
10415,0.04,0.04,1.0
15807,0.03,0.04,1.0
11055,0.01,0.07,1.06
18764,0.23,0.3,0.94
4877,0.04,0.04,1.0
4479,0.04,0.05,1.0
11547,0.04,0.03,1.0
19262,0.04,0.04,1.0
12786,0.04,0.04,1.0
18486,0.1,0.04,0.95
6173,0.04,0.02,1.0
12979,0.04,0.04,1.0
9877,0.04,0.05,1.0
18041,0.07,0.21,0.93
2362,0.03,0.05,1.01
18497,0.14,0.26,0.94
14047,0.14,0.27,0.93
11763,0.04,0.03,1.0
4396,0.04,0.05,1.0
5318,0.08,-0.11,0.93
8864,0.04,0.02,1.0
6656,0.04,0.03,1.0
17365,0.04,0.02,1.0
2128,0.03,0.04,1.01
7469,0.04,0.04,1.0
8306,0.04,0.04,1.01
16108,0.0,0.34,0.86
733,0.04,0.02,1.0
5929,0.04,0.65,0.84
16509,0.04,0.04,1.01
3954,0.04,0.03,1.0
79,0.04,0.02,1.0
7269,0.04,0.05,1.0
17056,0.04,0.03,1.0
333,0.04,0.03,1.0
14709,0.04,0.02,1.0
19265,0.04,0.05,1.0
15695,0.04,0.04,1.0
2192,0.11,0.009999999999999995,0.96
6850,0.04,0.05,1.0
8288,0.04,0.05,1.01
15960,0.03,0.04,1.0
6831,0.04,0.03,1.0
4582,0.04,0.05,1.0
214,0.04,0.03,1.0
7373,0.04,0.04,1.0
3250,0.04,0.03,1.0
8268,0.03,0.04,1.0
106,0.04,0.02,1.0
6242,0.04,0.03,1.0
5952,0.04,0.03,1.0
9675,0.04,0.02,1.0
5017,0.04,0.04,1.01
11622,0.04,0.03,1.0
10943,0.04,0.04,1.01
1530,0.03,-0.02,1.0
13217,0.04,0.05,1.0
10233,0.04,0.05,1.0
1665,0.01,0.06,1.07
456,0.06,0.08,1.0
18040,0.11,-0.03,0.95
7572,0.04,0.04,1.0
14554,0.1,-0.03,1.05
19512,0.04,0.04,1.0
13955,0.04,0.03,1.0
16765,0.01,0.06,1.0
12350,0.04,0.02,1.0
18739,0.04,0.04,1.0
17496,0.13,-0.18,1.0
5985,0.02,-0.04,1.04
4762,0.04,0.04,1.0
19768,0.05,0.06,0.96
8755,0.04,0.02,1.0
13875,0.03,0.03,1.0
3813,0.03,0.03,1.0
19471,-0.05,0.04,1.11
19457,0.04,0.05,1.01
7512,0.01,0.1,1.15
173,0.14,0.13,0.98
9949,0.04,0.05,1.0
335,0.04,0.03,1.0
6400,0.04,0.02,1.0
15727,0.0,0.06,0.91
15306,0.04,0.05,1.0
399,0.04,0.03,1.0
5721,0.04,0.03,1.0
750,0.04,0.03,1.0
612,0.04,0.03,1.0
13586,0.03,0.05,1.0
6488,0.04,0.02,1.0
8589,0.04,0.03,1.0
4717,0.04,0.04,1.0
7483,0.04,0.04,1.0
7103,0.04,0.04,1.0
10043,0.0,0.0,0.94
3171,0.04,0.03,1.0
9385,0.02,0.08,1.07
16033,0.03,0.04,1.0
15041,0.16,0.36,0.97
3290,0.04,0.03,1.0
12469,0.04,0.05,1.0
5336,0.04,0.05,1.01
10633,0.04,0.04,1.0
12321,0.04,0.03,1.0
14680,0.04,0.02,1.0
19423,0.2,0.04,0.93
14529,0.04,0.03,1.0
10000,-0.04,0.01,1.1
6704,0.04,0.03,1.0
5582,0.04,0.03,1.0
17771,0.04,0.02,1.0
16805,0.04,0.0,0.99
15290,0.13,0.07,0.97
6673,0.04,0.53,0.88
10046,0.03,0.11,1.01
4812,0.04,0.04,1.0
1564,0.04,0.05,1.0
14479,0.04,0.03,1.0
17467,0.04,0.02,1.0
9406,0.02,0.04,1.02
2779,0.04,0.02,1.0
15864,0.03,0.04,1.0
2709,0.04,0.02,1.0
9998,-0.19,0.07,0.97
17076,0.11,0.2,0.99
6927,0.04,0.05,1.0
17165,0.04,0.02,1.0
13475,0.04,0.05,1.01
17944,0.04,0.03,1.0
10531,0.04,0.05,1.0
17713,0.04,0.02,1.0
16243,0.04,0.08,0.96
17926,0.04,0.03,1.0
15253,0.03,0.05,1.0
12775,0.04,0.04,1.0
7650,0.04,0.03,1.0
7883,0.04,0.05,1.01
2217,0.04,0.04,1.01
6054,0.04,0.03,1.0
18694,0.04,0.04,1.0
16478,0.04,0.05,1.01
13696,0.03,0.05,1.01
10402,-0.1,0.0,0.95
2353,0.04,0.04,1.0
13177,0.04,0.04,1.0
9789,-0.02,0.07,1.0
14997,0.04,0.03,1.0
14682,0.04,0.03,1.0
13333,0.04,0.05,1.0
7017,0.04,0.06,1.0
9479,0.04,0.03,1.0
6459,0.04,0.02,1.0
17198,0.04,0.03,1.0
14275,0.04,0.03,1.01
7050,0.04,0.05,1.0
10240,0.04,0.05,1.0
6696,0.04,0.03,1.0
2690,0.04,-0.46,0.91
19123,0.04,0.04,1.0
13554,0.03,0.04,1.02
10436,0.04,0.05,1.0
16494,0.04,0.04,1.01
15799,0.03,0.04,1.0
15429,0.03,0.05,1.0
5543,0.04,0.03,1.0
15424,0.04,0.05,1.01
1523,0.0,-0.05,1.02
12105,0.04,0.03,1.0
10810,-0.21,0.24,0.83
15056,0.04,0.03,1.0
13465,0.04,0.04,1.01
18935,0.02,0.05,1.05
8325,0.04,0.02,1.0
3751,0.04,0.02,1.01
5603,0.04,0.03,1.0
4126,0.04,0.05,0.99
9059,0.04,0.03,1.0
10252,0.04,0.04,1.0
1678,0.04,0.03,1.0
7684,0.04,0.03,1.0
9194,0.04,0.03,1.0
16354,0.01,-0.14,1.06
12119,0.04,0.03,1.0
2060,-0.02,0.11,1.04
15398,0.12,-0.06,1.02
18924,0.25,0.21,0.98
8547,0.04,0.03,1.0
18090,0.04,0.17,1.01
12320,0.04,0.02,1.0
11408,0.04,0.03,1.0
15218,0.01,0.06,0.97
19314,0.11,-0.009999999999999995,0.95
12223,0.04,0.03,1.0
18455,0.04,0.05,1.0
15022,0.04,0.02,1.0
18864,0.13,-0.02,1.14
5941,0.04,0.02,1.0
10205,0.04,0.04,1.0
6782,0.04,0.02,1.0
14553,-0.0,-0.05,0.84
3437,0.04,0.03,1.0
17607,0.04,0.02,1.0
7406,0.04,-0.01,0.91
12821,0.04,0.04,1.0
4505,0.03,-0.07,0.99
14481,0.04,0.02,1.0
16121,0.01,0.07,1.0
17564,0.04,0.02,1.0
1618,0.01,0.03,1.01
4961,0.04,0.05,1.0
17227,0.0,0.0,1.0
4214,0.04,-0.01,1.05
16114,0.05,-0.35,0.87
1600,0.04,0.05,1.0
18692,0.04,0.04,1.0
9671,0.04,0.02,1.0
1806,0.04,0.04,1.0
11830,0.04,0.03,1.0
16563,0.04,0.04,1.01
16291,0.04,0.05,1.01
15540,0.04,0.05,1.0
17571,0.04,0.02,1.0
9134,0.04,0.02,1.0
9431,0.04,0.03,1.0
1735,0.04,0.05,1.0
13888,0.04,0.03,1.0
773,0.0,-0.02,1.04
17386,0.07,0.35,1.05
6395,0.04,0.03,1.0
8681,0.04,0.03,1.0
14156,0.01,0.09,1.07
394,0.04,0.03,1.0
5998,0.04,0.03,1.0
2600,0.04,0.05,1.0
19253,0.04,0.04,1.0
16043,0.03,0.04,1.0
15769,0.04,0.04,1.0
15712,0.04,0.04,1.0
9744,0.07,-0.01,0.99
2033,0.04,0.04,1.0
17437,0.04,0.25,1.01
2061,0.02,0.04,1.02
12643,0.1,0.08,1.04
11619,0.04,0.03,1.0
4521,0.04,0.05,1.0
14512,0.2,0.23,0.97
6507,0.04,0.02,1.0
17665,0.04,0.03,1.0
13227,0.04,0.05,1.0
873,0.04,0.03,1.0
2851,0.04,0.02,1.0
18063,0.04,0.03,1.0
16680,0.04,0.03,1.0
9115,0.04,0.02,1.0
18542,0.04,0.05,1.0
4367,0.0,-0.09,0.95
11684,0.04,0.01,1.0
16841,0.04,0.02,1.0
8272,0.04,0.04,1.01
7930,0.04,0.04,1.01
19587,-0.17,0.009999999999999995,1.15
11206,0.05,0.03,1.01
2292,0.08,0.09,0.9
15577,0.09,-0.07,1.12
7232,0.02,0.03,1.05
15428,0.04,0.04,1.0
16252,0.04,0.47000000000000003,1.03
10627,0.03,-0.05,1.17
3095,0.12,-0.31,0.79
4318,-0.01,-0.06,0.99
10896,0.04,0.04,1.01
8434,-0.06,0.2,0.97
275,0.04,0.03,1.0
9375,0.04,0.02,1.0
3728,0.04,0.03,1.0
9809,0.02,0.06,1.0
14508,0.01,-0.11,1.05
3853,0.04,0.02,1.0
15383,0.01,0.05,0.98
15385,0.11,0.07,0.89
7220,0.04,0.05,1.0
20,0.04,0.02,1.0
13508,0.04,0.05,1.0
7422,0.04,0.04,1.0
9756,0.04,0.04,1.0
1854,0.04,0.05,1.0
4408,0.04,0.05,1.0
2478,0.04,0.05,1.01
11194,0.03,0.05,1.01
1926,0.04,0.05,1.0
19700,0.03,0.05,1.01
18452,0.04,0.04,1.0
10538,0.04,0.04,1.0
14857,0.04,0.02,1.0
2347,0.02,0.06,1.02
19642,0.04,0.05,1.01
4894,0.04,0.04,1.01
8169,0.04,0.04,1.01
6515,0.08,0.63,0.76
5560,0.03,0.61,1.09
16843,0.04,0.03,1.0
8551,0.04,0.03,1.0
19538,0.13,0.12,1.01
15509,0.05,-0.2,1.02
4399,0.04,0.05,1.0
18390,0.0,0.0,1.03
16099,0.02,0.04,1.0
1219,0.04,0.05,1.0
6056,0.04,0.02,1.0
14119,0.04,0.03,1.0
11536,0.04,0.03,1.0
8397,0.04,0.03,1.0
6793,0.05,0.02,1.0
1958,0.04,0.05,1.0
17495,0.12,0.11,0.93
1743,0.04,0.05,1.0
19300,-0.18,-0.06000000000000001,1.01
458,0.04,0.02,1.0
5227,0.03,0.04,1.01
12855,0.04,0.05,1.0
11402,0.04,0.03,1.0
16997,0.04,0.03,1.0
7052,0.04,0.04,1.0
63,0.01,0.1,1.06
17632,0.04,0.03,1.0
15346,0.03,0.0,0.97
17626,0.04,0.02,1.0
6247,-0.06,0.39,0.94
5260,0.03,0.1,1.01
19525,0.03,0.05,1.01
7849,0.04,0.05,1.01
18780,0.04,0.06,1.0
1456,0.04,0.04,1.0
9424,0.04,0.02,1.0
18193,0.04,0.03,1.0
16795,0.04,0.03,1.0
13060,0.04,0.04,1.0
11835,0.04,0.03,1.0
1820,0.04,0.05,1.0
18607,0.07,-0.02,0.95
61,0.04,0.11,1.05
3188,0.02,0.09,1.12
16891,0.05,0.04,1.0
17875,0.05,0.02,1.0
13651,0.04,0.04,1.01
634,0.09,0.04,0.93
1927,0.04,0.05,1.0
8678,0.04,0.02,1.0
14353,0.04,0.03,1.0
10258,0.04,0.05,1.0
17825,0.04,-0.12,0.97
17605,0.04,0.03,1.0
14988,0.18,0.2,1.0
12265,0.04,0.03,1.0
3243,0.04,0.02,1.0
13258,0.04,0.05,1.0
5841,0.03,0.03,1.0
14771,0.03,-0.06,1.0
12303,0.04,0.02,1.0
19401,0.04,0.04,1.01
18039,0.07,-0.12,0.91
17710,0.04,0.02,1.0
4445,0.0,-0.17,1.0
407,0.04,0.03,1.0
8627,0.02,0.02,1.04
9357,0.04,0.02,1.0
6008,0.04,0.02,1.0
1626,0.04,0.05,1.0
1597,0.04,0.04,1.0
9248,0.04,0.02,1.0
17739,0.04,-0.08,0.93
170,0.07,0.16,1.01
2937,0.04,0.02,1.0
3308,0.02,0.05,1.0
19741,0.04,0.04,1.01
6402,0.04,0.03,1.0
14411,0.05,0.0,1.05
11749,0.04,0.03,1.0
10788,0.03,0.04,1.01
13058,0.04,0.04,1.0
5081,0.04,0.05,1.0
16293,0.04,0.04,1.01
1387,0.04,0.05,1.0
16273,0.04,0.04,1.01
684,0.04,0.03,1.0
12019,0.04,0.03,1.0
19595,0.19,0.020000000000000004,0.94
14227,0.1,-0.18,0.94
16531,0.0,0.14,0.99
15893,-0.02,0.0,0.95
15261,0.04,0.05,1.0
11345,0.04,0.03,1.0
19234,0.04,0.04,1.0
801,0.04,0.03,1.0
748,0.04,0.02,1.0
4280,0.04,0.05,1.0
19526,0.04,0.05,1.01
12673,0.04,0.05,1.0
2210,0.04,0.05,1.01
3132,0.04,0.02,1.0
10235,0.04,0.05,1.0
591,0.06,0.03,1.05
9932,0.03,0.05,1.02
17629,0.04,0.03,1.0
3864,0.04,0.02,1.0
1493,0.04,0.05,1.0
16189,0.03,0.04,1.0
17263,0.04,0.02,1.0
17225,0.04,0.02,1.0
1407,0.04,0.04,1.0
964,0.04,0.03,1.0
14623,0.04,0.02,1.0
19707,0.1,0.07,0.96
5990,0.04,0.03,1.0
8557,0.04,0.02,1.0
16137,0.03,0.04,1.0
7058,0.06,0.02,0.99
11441,0.14,0.07,1.02
3407,0.01,0.0,0.92
10776,0.04,0.04,1.01
17179,0.04,0.03,1.0
17469,0.04,0.02,1.0
11416,0.04,0.02,1.0
8223,0.04,0.04,1.01
12396,0.04,0.02,1.0
18996,0.2,0.01,0.98
6144,0.04,0.02,1.0
8816,0.04,0.02,1.0
14613,0.17,0.33,0.89
11038,0.04,0.04,1.01
5519,0.04,0.02,1.0
5032,0.04,0.04,1.01
6789,0.04,0.02,1.0
13392,0.03,0.04,1.0
7651,0.04,0.04,1.0
11105,0.04,0.04,1.01
15909,0.03,0.03,1.0
3446,0.04,0.02,1.0
5777,0.04,0.02,1.0
7715,0.0,0.03,1.07
6437,0.03,0.01,1.0
15698,0.04,0.04,1.0
19617,0.04,0.05,1.01
14914,0.03,0.03,1.0
10513,-0.07,0.07,1.05
6960,0.12,0.14,0.89
1615,0.06,0.05,0.93
5531,0.04,0.03,1.0
13345,0.17,0.11,1.1
7036,0.04,0.05,1.0
16656,0.04,0.05,1.02
9419,0.04,0.02,1.0
6503,0.05,0.03,1.0
10303,0.04,0.04,1.0
2682,0.04,0.02,1.0
5575,0.04,0.03,1.0
6457,0.04,0.02,1.0
14355,0.04,0.02,1.0
15852,0.02,0.03,1.01
11401,0.04,0.03,1.0
17794,0.04,0.03,1.0
1747,0.04,0.05,1.0
15032,0.14,-0.13,1.0
1825,0.04,0.05,1.0
812,0.07,0.0,1.03
870,0.04,0.03,1.0
10076,0.04,0.05,1.0
19347,0.03,0.05,1.01
15446,0.01,0.09,1.1
3395,-0.0,-0.07,1.03
8499,-0.32,0.0,1.17
12909,0.04,0.05,1.0
16700,0.13,0.36,0.96
9731,-0.12,0.08,1.04
6660,0.02,0.02,1.01
17097,0.04,0.03,1.0
9131,0.04,0.03,1.0
3669,0.04,0.02,1.0
5230,0.03,0.05,1.0
16236,0.03,0.04,1.01
10099,0.05,0.05,1.01
15015,0.04,0.03,1.0
2563,0.04,0.04,1.01
1847,0.04,0.05,1.0
15095,0.18,0.11,1.1
12552,0.04,0.05,1.0
6236,0.04,0.03,1.0
11741,0.04,0.03,1.0
4863,0.04,0.04,1.0
15846,0.06,0.04,0.87
5620,0.04,0.39,1.05
4295,0.04,0.05,1.0
10884,0.04,0.05,1.01
16868,0.04,0.03,1.0
17152,0.14,0.22,0.94
4796,0.03,0.01,0.96
3497,0.0,-0.07,0.95
7989,0.03,0.05,1.0
17585,0.04,-0.26,0.88
3801,0.04,0.02,1.0
12528,0.23,0.12,0.91
1746,0.04,0.05,1.0
14989,0.18,0.08,0.98
7185,0.13,0.46,0.96
3662,0.04,0.03,1.0
18524,0.04,0.05,1.0
15035,0.08,0.01,1.0
5195,0.14,-0.24,1.06
10097,0.04,0.05,1.0
19515,0.04,0.05,1.01
4943,0.04,-0.06000000000000001,0.94
3521,0.04,0.03,1.0
29,0.04,0.02,1.0
521,0.04,0.02,1.0
14892,0.04,0.02,1.0
131,0.04,0.03,1.0
4982,0.04,0.04,1.01
8058,0.04,0.05,1.01
14472,0.05,0.01,1.16
15474,0.03,0.05,1.0
17250,0.04,0.03,1.0
15809,0.04,0.04,1.0
7401,0.07,0.41,0.85
9772,0.04,0.04,1.0
11704,0.04,0.02,1.0
1983,0.04,0.05,1.0
15748,0.04,0.04,1.0
10997,0.04,0.05,1.0
12098,0.06,0.01,1.02
7356,0.04,0.04,1.0
19267,0.04,0.04,1.01
13364,0.04,0.04,1.0
3757,0.04,0.03,1.0
2205,0.04,0.06,1.01
14046,0.18,0.09,1.02
1581,0.04,0.05,1.0
4705,0.04,0.04,1.0
10298,0.06,0.07,1.12
11902,0.04,0.02,1.0
17028,0.02,0.07,1.01
10128,0.03,-0.08,1.02
12626,0.33,0.01,0.98
6725,0.05,0.55,0.95
5827,0.04,0.03,1.0
10548,0.04,0.05,1.0
14096,0.02,0.03,0.99
11890,0.04,0.02,1.0
15453,0.09,-0.07,0.91
13178,0.05,0.04,1.0
2793,0.04,0.02,1.0
388,0.04,0.03,1.0
1957,0.04,0.05,1.0
11198,0.04,0.04,1.01
11366,0.04,0.03,1.0
12922,0.16,0.05,0.97
315,0.04,0.03,1.0
2008,0.04,0.05,1.0
18225,0.04,0.05,1.0
413,0.04,0.02,1.0
16117,0.05,0.11,0.93
18451,0.04,0.04,1.0
3508,0.04,0.02,1.0
11839,0.04,0.03,1.0
606,0.04,0.03,1.0
15,0.04,0.02,1.0
10741,0.04,0.04,1.0
9872,0.04,0.05,1.0
3125,0.04,0.02,1.0
4183,0.04,0.05,1.01
309,0.04,0.03,1.0
1485,0.02,-0.03,1.05
1255,-0.04,0.07,1.02
14357,0.04,0.02,1.0
13691,0.25,0.009999999999999995,1.2
8772,0.04,0.02,1.0
7012,0.02,0.14,0.97
2522,0.04,0.05,1.01
7828,0.02,0.05,1.02
7944,0.03,0.05,1.01
13868,0.04,0.03,1.0
2132,0.03,0.04,1.01
703,0.04,0.03,1.0
1951,0.04,0.04,1.0
16408,0.14,-0.22999999999999998,0.95
4043,0.08,-0.07,0.97
11620,0.04,0.02,1.0
18591,0.04,0.04,1.0
1113,0.04,0.05,1.0
9571,0.04,0.03,1.0
1908,0.04,0.05,1.0
13740,0.15,0.020000000000000004,1.14
638,-0.0,0.0,1.07
248,0.04,0.03,1.0
2411,0.03,0.04,1.01
5432,0.02,-0.22999999999999998,1.0
697,0.04,0.02,1.0
18814,0.1,-0.19,1.04
8088,0.05,0.08,1.0
17116,0.04,0.03,1.0
9352,0.04,0.02,1.0
2232,0.04,0.05,1.01
11362,0.04,0.03,1.0
8564,0.0,0.05,1.02
70,0.04,0.02,1.0
19263,0.04,0.04,1.01
1180,0.04,0.04,1.0
5329,0.04,0.04,1.01
17048,0.04,0.03,1.0
17419,0.04,0.03,1.0
1894,-0.01,0.1,1.01
5223,0.04,0.04,1.0
17401,0.04,0.03,1.0
13648,0.03,0.05,1.02
14242,0.04,0.03,1.0
16648,0.04,0.04,1.01
14838,0.04,0.03,1.0
16887,0.07,0.09,1.0
2093,0.04,0.05,1.0
18808,0.04,0.05,1.0
14881,0.18,0.18,0.93
4467,0.04,0.05,1.0
19774,0.14,0.16999999999999998,1.0
3020,0.04,0.02,1.0
17012,0.08,-0.11,0.96
6033,0.04,0.05,0.96
13354,0.19,0.02,1.04
6281,0.04,0.03,1.0
1085,0.04,0.02,1.0
11599,0.04,0.03,1.0
2898,0.04,0.03,1.0
15382,0.05,0.05,1.12
6994,-0.0,-0.01,0.96
15719,0.04,0.04,1.0
5636,0.04,0.03,1.0
946,0.04,0.02,1.0
11336,0.04,0.03,1.0
14533,0.04,0.02,1.0
10327,0.04,0.05,1.0
19442,0.03,0.05,1.0
15018,0.03,0.03,1.0
8390,0.04,0.02,1.0
3449,0.04,0.03,1.0
15829,0.04,0.04,1.0
11019,-0.25,0.22000000000000003,1.04
14063,0.04,0.03,1.0
367,0.07,0.09,1.0
12358,0.04,0.02,1.0
6591,0.04,0.03,1.0
17565,0.04,0.03,1.0
5849,0.04,0.03,1.0
1154,0.18,0.01,0.96
5810,0.04,0.02,1.0
17267,0.04,0.02,1.0
10216,0.04,0.05,1.0
4606,0.04,0.05,1.0
14326,0.11,0.07,1.0
8047,0.04,0.04,1.01
8713,0.04,0.03,1.01
16382,0.04,0.05,1.0
2016,0.04,0.05,1.0
2620,0.04,0.04,1.01
11320,0.38,0.23,0.88
8598,0.04,0.02,1.0
11497,0.04,0.02,1.0
12456,0.04,0.02,1.0
16350,0.09,0.32,1.16
184,0.07,-0.02,1.0
15014,0.04,0.03,1.0
13153,0.04,0.05,1.0
11805,0.04,0.02,1.0
5975,0.09,-0.01,1.12
17157,0.05,0.07,0.99
17789,0.04,0.02,1.0
9937,0.04,0.05,1.0
16042,0.03,0.04,1.0
10790,0.03,0.04,1.01
9700,0.04,0.05,1.0
10347,-0.12,0.03,0.85
12985,0.04,0.04,1.0
593,0.06,0.04,0.98
5524,0.04,0.02,1.0
9981,0.16,0.1,0.9
6941,-0.02,-0.04,1.0
1030,0.04,0.03,1.0
12680,0.23,-0.11,1.01
4146,0.05,-0.07,0.99
16039,0.03,0.04,1.0
17072,0.03,0.03,1.06
539,0.02,0.03,1.0
13314,0.04,0.05,1.0
15325,0.03,0.04,1.0
7698,0.04,0.04,1.0
13430,0.27,0.03,1.06
5294,0.04,0.04,1.01
14300,0.04,0.02,1.0
11087,0.04,0.04,1.0
7587,0.04,0.04,1.0
7195,0.04,0.05,1.0
2314,0.04,0.04,1.0
8226,0.04,0.04,1.01
13214,0.04,0.05,1.0
15830,0.04,0.04,1.0
9290,-0.18,0.06,0.95
3585,0.01,0.02,1.02
9200,0.04,0.03,1.0
12996,0.04,0.04,1.0
8912,0.04,0.03,1.0
9223,-0.27,0.11,0.93
17409,0.04,0.02,1.0
6734,0.05,0.03,1.0
19592,0.11,-0.009999999999999995,0.98
4431,0.04,0.05,1.0
1768,0.04,0.05,1.0
10067,-0.0,0.09,1.02
4866,0.04,0.04,1.0
11322,0.13,0.11,1.05
7369,0.04,0.04,1.0
7357,0.04,0.04,1.0
13958,0.04,0.03,1.0
16605,0.04,0.05,1.01
466,0.04,0.02,1.0
14298,0.04,0.02,1.0
1199,0.04,0.05,1.0
4485,0.04,0.05,1.0
10749,0.04,0.04,1.0
8548,0.04,0.03,1.0
13756,0.03,0.05,1.0
14360,0.02,0.1,1.14
8385,0.04,0.03,1.0
17941,0.04,0.03,1.0
2536,0.19,-0.009999999999999995,0.82
16370,0.04,0.04,1.0
13455,0.03,0.05,1.01
4245,0.04,0.05,1.0
17389,0.12,-0.07,0.95
7033,0.04,0.05,1.0
8521,0.04,0.03,1.0
2023,0.04,0.05,1.0
12984,0.04,0.04,1.0
12347,0.04,0.03,1.0
16157,-0.02,0.28,0.92
19287,0.04,0.05,1.01
11558,0.04,0.03,1.0
12717,0.04,0.04,1.0
4380,0.04,0.05,1.0
14646,0.04,0.03,1.0
4809,0.04,0.05,1.0
1949,0.01,0.09,1.03
17086,0.07,-0.01,1.08
9404,-0.05,0.09,0.99
2575,0.04,0.04,1.01
19436,-0.03,0.07,1.06
17057,0.04,0.03,1.0
18299,0.04,0.05,1.0
19137,0.04,0.04,1.0
16067,0.02,0.03,1.05
13318,0.05,0.05,1.0
15672,0.04,0.05,1.0
4770,0.04,0.05,1.0
18093,0.02,0.22,1.03
3404,0.09,0.04,0.87
16296,-0.0,0.04,0.98
13769,0.03,0.05,1.01
13792,0.03,0.05,1.01
14271,0.04,0.03,1.0
7513,0.02,0.04,1.0
11304,0.17,0.07,1.01
17774,0.07,-0.02,0.92
158,0.04,0.03,1.0
2457,0.04,0.05,1.01
1239,0.04,0.05,1.0
19416,0.01,0.04,1.02
2064,0.04,0.05,1.0
10794,0.04,0.04,1.0
3428,0.04,0.02,1.0
19577,0.04,0.04,1.01
12478,0.04,0.05,1.0
5359,0.04,0.06,1.01
13791,0.01,0.06,1.01
133,0.04,0.03,1.0
5171,0.04,0.04,1.0
15374,0.04,0.05,1.0
10595,0.04,0.04,1.0
408,0.04,0.03,1.0
16068,0.02,0.05,1.0
5749,0.04,0.02,1.0
17355,0.04,0.03,1.0
2062,0.02,0.04,1.0
13821,0.04,0.04,1.02
14042,0.2,-0.05,1.02
7634,0.04,0.04,1.0
5922,0.04,0.03,1.0
2788,0.04,0.02,1.0
15270,0.03,0.05,1.0
13836,0.04,0.04,1.02
7784,0.04,0.04,1.0
5076,0.04,0.05,1.01
18128,0.12,0.05,0.98
2219,0.04,0.05,1.01
11264,0.04,0.03,1.0
3121,0.04,0.03,1.0
14467,0.09,0.03,1.12
1484,0.0,0.06,1.04
9074,0.04,0.03,1.0
5463,0.04,0.04,1.01
19044,0.11,-0.25,1.02
3006,0.04,0.02,1.0
9481,0.04,0.03,1.0
14081,0.04,0.03,1.0
17347,0.03,0.02,1.0
10144,0.04,0.05,1.0
15359,0.04,0.05,1.0
3868,0.04,0.02,1.0
2553,0.03,0.05,1.01
12655,0.04,0.05,1.0
10873,0.04,0.04,1.01
19530,0.0,0.08,1.11
18152,0.04,0.03,1.0
3606,0.04,0.03,1.0
13963,0.04,0.03,1.0
6916,0.04,0.05,1.02
12270,0.04,0.02,1.0
5845,0.04,0.02,1.0
12106,0.04,0.02,1.0
4325,0.04,0.05,1.0
15943,0.05,-0.04,0.98
1861,0.04,0.05,1.0
19259,0.04,0.04,1.01
12250,0.04,0.02,1.0
4643,0.04,0.04,1.0
18608,0.05,-0.03,0.95
10821,0.04,0.04,1.01
3476,0.05,0.03,1.0
17636,0.02,-0.08,0.98
4281,0.03,0.05,1.0
19286,0.03,0.05,1.01
16822,0.09,0.1,1.05
11021,0.0,0.04,1.08
17100,0.04,0.03,1.0
7632,0.04,0.04,1.0
17647,0.04,0.12,0.99
16505,0.03,0.04,1.0
15272,0.05,0.05,1.0
1059,0.01,-0.03,0.97
18898,0.04,0.05,1.0
11889,0.04,0.03,1.0
10015,0.03,0.05,1.0
18394,0.04,0.05,1.0
874,0.04,0.02,1.0
10756,0.04,0.04,1.0
4266,0.0,-0.16,1.04
4515,0.04,0.05,1.0
8752,0.04,0.03,1.0
9274,-0.26,0.12,1.0
16287,0.03,0.04,1.01
3629,0.04,0.03,1.0
5958,0.04,0.02,1.0
10094,0.03,0.05,1.0
5787,0.04,0.03,1.0
7174,0.09,0.03,1.01
16919,0.04,0.03,1.0
1928,0.04,0.05,1.0
8703,0.01,0.09,0.97
6391,0.02,0.01,1.02
9167,0.04,0.03,1.0
1353,0.04,0.05,1.0
17705,0.04,0.03,1.0
12960,0.04,0.04,1.0
868,0.04,0.02,1.0
3465,0.04,0.03,1.0
4594,0.04,0.05,1.0
8452,0.02,-0.01,1.0
3678,0.04,0.02,1.0
2454,0.04,0.04,1.01
16814,0.11,0.33,0.86
9096,0.04,0.03,1.0
7115,0.09,0.11,1.07
260,0.04,0.03,1.0
11144,0.04,0.04,1.0
16906,0.04,0.03,1.0
5949,0.04,0.02,1.0
10868,0.03,0.05,1.01
13713,0.04,0.04,1.01
17029,0.05,0.01,1.0
6830,0.04,0.02,1.0
2213,0.03,0.05,1.01
834,0.04,0.02,1.0
15176,0.04,0.03,1.0
14568,0.04,0.02,1.0
18430,0.18,-0.04,0.96
9537,0.04,0.03,1.0
5943,0.04,0.02,1.0
900,-0.07,0.04,1.0
11946,0.04,0.02,1.0
2422,0.04,0.05,1.01
13950,0.04,0.03,1.0
5026,0.04,0.04,1.01
2984,-0.03,-0.5,0.94
12696,0.15,0.09,1.12
2253,0.01,0.06,1.04
3610,0.04,0.03,1.0
10156,0.04,0.05,1.0
18314,0.03,0.04,1.0
19305,0.19,0.06,1.05
10730,0.04,0.05,1.08
14842,0.04,0.03,1.0
2464,0.04,0.05,1.0
17039,0.04,0.03,1.0
429,0.04,0.03,1.0
3029,0.04,0.03,1.0
17961,0.07,-0.18,0.88
17939,0.04,0.03,1.0
7871,0.04,0.04,1.01
19749,0.03,0.05,1.01
10475,0.04,0.05,1.0
15158,0.04,0.03,1.0
7316,0.11,0.18,0.96
12671,0.04,0.05,1.0
9758,0.04,0.05,1.01
9101,0.03,0.03,1.0
15783,0.02,0.17,1.07
17791,0.04,0.02,1.0
17218,0.04,0.03,1.0
11330,0.04,0.03,1.0
9319,0.04,0.02,1.0
13034,0.04,0.03,1.0
11324,0.07,0.08,1.03
10446,-0.21,0.13,0.79
4702,0.04,0.04,1.0
2958,0.04,0.02,1.0
7542,0.04,0.04,1.0
10328,0.04,0.05,1.0
18872,0.15,0.34,0.99
13257,0.04,0.05,1.0
12341,0.04,0.02,1.0
13012,0.41,0.12,0.77
15008,0.04,0.02,1.0
621,0.04,0.02,1.0
1659,0.04,0.05,1.0
2633,0.04,0.05,1.01
17232,0.07,-0.09,1.16
8780,0.04,0.02,1.0
5645,0.04,0.02,1.0
16360,0.07,0.09,1.0
11480,0.04,0.03,1.0
1689,0.04,0.05,1.0
4092,0.04,0.05,1.0
10194,-0.0,-0.07,1.01
4491,-0.01,-0.13,1.02
12698,0.05,0.19,0.96
5994,0.04,0.03,1.0
3443,0.04,0.03,1.0
1726,0.09,0.01,1.02
13035,0.04,0.04,1.0
7192,-0.03,0.05,1.09
5668,0.02,0.03,1.0
3602,0.04,0.0,1.0
11022,-0.03,0.05,0.92
17975,0.04,0.03,1.01
19068,0.04,0.04,1.0
17093,0.04,-0.02,1.09
6755,0.03,0.25,0.94
7925,0.04,0.05,1.01
9505,-0.01,0.04,1.11
10318,0.04,0.04,1.0
6222,0.03,0.03,1.0
376,0.04,0.03,1.0
3591,0.09,-0.41,0.93
15609,0.04,0.05,1.0
826,0.03,0.03,1.0
705,0.01,0.02,1.01
4263,0.01,-0.34,0.88
2662,0.04,0.04,1.01
5350,0.03,0.04,1.01
10791,0.03,0.04,1.01
8124,0.04,0.05,1.01
7162,0.04,0.05,1.01
7321,0.01,0.01,1.0
18736,0.04,0.04,1.0
3572,0.04,0.02,1.0
9011,0.04,0.02,1.0
208,0.04,0.03,1.0
2341,0.1,0.020000000000000004,0.86
19709,0.09,-0.12000000000000001,0.98
5261,0.03,0.06,1.01
3150,0.03,0.02,1.0
15877,0.04,0.04,1.0
11279,0.04,0.02,1.01
18151,0.04,0.02,1.0
4130,0.04,0.04,1.0
17462,0.04,0.02,1.01
13190,0.12,0.0,1.12
17631,0.04,0.03,1.0
6269,0.04,0.02,1.0
5605,0.04,0.03,1.0
1938,-0.02,0.04,1.15
18674,0.11,0.15,0.98
5044,0.04,0.04,1.01
18919,0.06,-0.07,1.03
12570,0.37,-0.02,0.86
2839,0.04,0.02,1.0
7671,0.04,0.04,1.0
16689,0.04,0.0,1.18
9304,0.04,0.02,1.0
462,0.04,0.03,1.0
18875,0.22,-0.05,1.03
754,0.04,0.02,1.0
6661,-0.0,0.08,1.09
12201,0.04,0.02,1.0
15433,0.04,0.05,1.0
15096,0.06,0.07,1.02
18254,0.04,0.05,1.0
4398,0.04,0.05,1.0
1051,0.04,0.03,1.0
16443,0.04,0.04,1.01
17009,0.11,-0.06,1.0
7750,0.04,0.03,1.01
13067,0.04,0.04,1.0
19372,0.14,0.03,1.07
18691,0.04,0.04,1.0
9889,0.04,0.04,1.0
13398,0.04,0.05,1.01
17833,0.04,0.02,1.0
6287,0.04,0.03,1.0
910,0.04,0.02,1.0
18298,0.04,0.05,1.0
17451,0.04,0.02,1.0
17817,0.05,-0.0,1.0
17358,0.04,0.02,1.0
1844,0.03,0.05,1.0
3513,0.03,0.03,1.0
19415,0.04,0.05,1.0
4390,0.03,0.05,1.0
11008,-0.14,0.15000000000000002,0.85
1203,0.0,0.02,1.04
18264,0.15,0.3,0.91
111,0.02,0.18,0.93
18211,0.04,0.03,1.0
1704,0.04,0.04,1.0
8846,-0.04,0.06,1.0
9973,0.03,0.05,1.01
12174,0.03,0.03,1.0
980,0.04,0.02,1.0
6527,-0.01,0.43,0.99
8518,0.07,0.01,0.95
7408,0.04,0.04,1.0
17216,0.04,0.03,1.0
15081,0.04,0.07,1.06
9839,0.04,0.05,1.0
19745,0.03,0.05,1.01
5360,0.03,0.04,1.01
6858,0.04,0.04,1.0
6344,0.04,0.03,1.0
17091,0.04,0.02,0.99
1410,0.04,0.05,1.0
11986,0.04,0.03,1.0
9006,0.04,0.03,1.0
12842,0.04,0.05,1.0
18219,0.04,0.02,1.0
17051,0.04,0.03,1.0
3511,0.04,0.02,1.0
15073,0.04,0.02,1.0
17917,0.05,-0.0,1.04
9346,-0.13,-0.02,1.09
4980,0.03,0.05,1.01
16524,0.11,-0.22999999999999998,0.97
12582,0.29,0.09,0.92
1617,-0.0,0.08,1.05
18689,0.04,0.04,1.0
18700,0.04,0.04,1.0
11033,0.04,0.04,1.01
6585,0.04,0.02,1.0
6390,0.03,0.03,1.0
14955,0.04,0.02,1.0
2371,0.03,0.04,1.0
10386,0.01,0.02,1.0
16508,0.04,0.04,1.01
12104,0.04,0.02,1.0
4238,0.03,0.05,1.0
15872,0.03,0.04,1.0
5302,0.03,0.05,1.01
3854,0.04,0.02,1.0
17563,0.04,0.02,1.0
11883,0.04,0.02,1.0
7154,0.04,0.04,1.0
15556,0.04,0.05,1.0
4375,0.03,0.05,1.0
14029,0.04,0.04,1.0
5928,0.0,0.26,0.95
216,0.04,0.03,1.0
15243,0.04,0.05,1.0
10441,0.04,0.04,1.0
13431,0.42,0.06,1.05
8095,0.04,0.04,1.01
5067,0.06,-0.38999999999999996,0.79
16237,0.04,0.05,1.01
16603,0.03,0.04,1.01
6500,0.04,0.03,1.0
16266,0.04,0.04,1.01
6285,0.04,0.03,1.0
3995,0.04,0.05,1.0
13804,0.04,0.04,1.01
9295,0.04,0.03,1.0
11341,0.03,0.03,1.0
5497,0.04,0.03,1.0
5940,0.05,0.04,1.0
13771,0.04,0.05,1.01
12827,0.04,0.05,1.0
17303,0.04,0.02,1.0
12181,0.18,0.03,1.2
12302,0.04,0.02,1.0
764,0.04,0.03,1.0
14741,0.04,0.03,1.0
15139,0.15,-0.17,0.98
15227,0.05,-0.11,1.0
14212,0.04,0.03,1.0
6779,0.04,0.02,1.0
6333,0.01,0.11,0.97
11230,0.02,0.03,1.0
14192,0.04,0.03,1.0
17982,0.04,0.02,1.0
12319,0.04,0.02,1.0
2968,0.04,0.02,1.0
3472,0.04,0.03,1.0
2395,0.04,0.05,1.01
14399,0.04,0.03,1.0
18743,0.03,0.04,1.0
8415,0.04,0.03,1.0
19125,0.04,0.04,1.0
14324,0.05,0.03,0.97
1624,0.04,0.04,1.0
1204,0.0,0.03,1.0
12921,0.07,0.04,1.04
15193,0.04,0.05,1.0
18320,0.04,-0.07,0.96
6815,0.02,0.07,1.03
2482,0.02,0.08,1.09
19438,0.04,0.08,1.01
16423,0.04,0.04,1.01
17575,0.04,0.03,1.0
11357,0.04,0.03,1.0
10003,0.06,0.06,0.95
8081,0.24,0.35000000000000003,0.91
18826,0.25,-0.06,1.01
15810,0.04,0.04,1.0
14303,0.04,0.02,1.0
9370,0.04,0.03,1.0
3418,0.04,0.02,1.0
1128,0.05,0.04,1.0
18201,0.04,0.02,1.0
19476,0.23,0.22000000000000003,0.86
13309,0.04,0.05,1.0
8821,0.04,0.02,1.0
10592,0.04,0.04,1.0
1672,0.05,0.13,0.98
10529,0.04,0.04,1.0
10883,0.04,0.04,1.01
18117,0.04,0.02,1.0
9693,0.04,0.05,1.0
1297,0.04,0.05,1.0
15995,0.04,0.04,1.0
4119,0.04,0.04,1.0
6992,-0.05,0.01,1.02
18891,0.04,0.05,1.0
6388,0.0,0.24,0.97
3433,0.04,0.02,1.0
480,0.04,0.03,1.0
1598,0.04,0.05,1.0
13750,0.04,0.04,1.01
17380,0.04,-0.15,0.98
15614,0.04,0.05,1.0
7111,0.08,0.01,0.98
18043,0.05,0.25,0.99
12297,0.04,0.03,1.0
2492,0.07,0.009999999999999995,1.02
16826,-0.02,-0.03,1.01
9045,0.03,0.07,0.98
18344,0.04,0.04,1.0
10573,0.0,0.06,0.94
13206,0.04,0.05,1.0
15217,0.0,0.13,1.01
648,0.04,0.02,1.0
12720,0.04,0.05,1.0
3773,0.04,0.02,1.0
19031,0.04,0.04,1.0
13819,0.04,0.04,1.01
1459,0.04,0.05,1.0
19143,0.04,0.04,1.0
16022,0.03,0.04,1.0
13066,0.04,0.04,1.0
11189,0.04,0.04,1.01
14683,0.04,0.03,1.0
16448,0.03,0.05,1.01
885,0.04,0.02,1.0
544,0.08,0.02,0.97
9099,0.04,0.02,1.0
607,0.04,0.03,1.0
19411,0.04,0.05,1.01
12823,0.04,0.05,1.0
18195,0.04,0.03,1.0
7826,0.01,0.009999999999999995,1.02
18723,0.04,0.04,1.0
3607,0.04,0.02,1.0
6401,0.04,0.03,1.0
17805,0.04,0.02,1.0
14173,0.05,0.04,1.16
742,0.04,0.03,1.0
13572,0.04,0.04,1.01
1981,0.03,0.05,1.0
16174,0.03,0.05,1.0
11236,0.15,0.0,1.05
2148,-0.0,0.11,0.94
4772,0.04,0.05,1.0
17613,0.04,0.02,1.0
4744,0.05,0.04,1.0
14966,0.04,0.02,1.0
10363,0.04,0.05,1.0
2290,0.02,0.05,1.04
5903,0.04,0.02,1.0
715,0.03,0.05,1.07
17210,0.04,0.03,1.0
16720,0.04,0.03,1.0
4135,0.04,0.05,1.01
7843,0.05,0.1,1.02
12728,0.04,0.05,1.0
3529,0.03,0.02,1.0
511,0.04,0.02,1.0
8344,0.04,0.03,1.0
12414,0.04,0.02,1.0
7926,0.03,0.04,1.01
14395,0.04,0.02,1.0
17215,0.04,0.03,1.0
840,0.04,0.03,1.0
14166,0.18,-0.11,0.97
16437,0.04,0.04,1.01
11529,0.05,0.04,1.0
5598,0.04,0.03,1.0
17776,0.05,0.16,1.01
5278,0.04,0.04,1.01
6334,0.0,0.08,1.02
10691,0.04,0.04,1.0
15665,0.04,0.05,1.01
5219,0.04,0.04,1.01
13407,0.03,0.05,1.01
1144,0.01,0.1,0.99
3600,0.02,-0.25,0.99
15667,0.04,0.05,1.0
3910,0.04,0.03,1.0
9984,-0.15,0.07,0.98
11881,0.04,0.03,1.0
5936,0.0,0.19,1.03
18600,0.04,0.05,1.0
1804,0.04,0.04,1.0
5116,0.02,0.04,1.07
14594,0.04,0.03,1.0
14859,0.04,0.02,1.0
531,0.04,0.03,1.0
1542,0.04,0.05,1.0
10074,0.04,0.05,1.0
14152,0.04,0.03,1.0
1923,0.04,0.05,1.0
2777,0.04,0.02,1.0
19127,0.04,0.04,1.0
15724,0.04,0.07,1.01
3557,0.04,0.02,1.01
14550,0.06,0.23,1.04
9562,0.04,0.02,1.0
1953,0.04,0.05,1.0
9374,0.04,0.03,1.0
17204,0.04,0.02,1.01
10481,0.04,0.04,1.0
2417,0.04,0.04,1.01
18737,0.04,0.04,1.0
10593,0.04,0.04,1.0
4391,0.04,0.04,1.0
19520,0.04,0.04,1.01
11593,0.04,0.02,1.0
14003,0.04,0.03,1.0
1334,0.04,0.04,1.0
18333,0.07,-0.07,1.04
2931,-0.03,-0.09,0.93
5871,0.04,0.03,1.0
15488,0.04,0.05,1.0
15337,0.05,-0.14,0.93
1079,0.04,0.02,1.0
9616,0.04,0.02,1.0
15584,0.07,0.0,1.03
16759,0.15,0.36,0.91
9802,-0.06,0.02,0.94
17019,0.07,0.44,1.0
1185,0.04,0.04,1.0
14180,0.04,0.02,1.0
8340,0.04,0.03,1.0
10995,0.04,0.04,1.01
3136,0.05,-0.12,0.88
4070,0.04,0.05,1.0
8528,0.04,0.03,1.0
17804,0.04,0.02,1.0
9237,-0.07,0.06,0.99
19383,0.03,0.04,1.0
16424,0.03,0.05,1.01
3385,0.04,0.02,1.0
19205,0.04,0.04,1.0
10557,-0.13,0.04,1.02
16658,0.04,0.04,1.01
4090,0.04,0.05,1.0
8747,0.04,0.03,1.0
2184,0.04,0.05,1.01
12787,0.04,0.05,1.0
8707,0.04,0.03,1.0
14943,0.16,0.12,1.01
8176,0.04,0.04,1.0
18838,0.04,0.05,1.0
10584,0.04,0.04,1.0
10885,0.04,0.04,1.01
12526,0.36,0.14,1.05
19306,0.18,-0.35,0.8
15092,0.05,0.18,0.97
7099,0.04,0.05,1.0
16093,0.03,0.04,1.0
7124,0.1,0.57,1.04
10886,0.04,0.04,1.01
3869,0.04,0.02,1.0
7160,0.04,0.05,1.0
12291,0.07,0.14,1.1
18837,0.04,0.05,1.0
13932,0.04,0.03,1.0
6980,0.04,0.05,1.0
17101,0.04,0.02,1.0
16101,0.02,0.04,1.0
19036,0.04,0.04,1.0
4656,0.04,0.04,1.0
185,0.06,0.08,1.0
865,0.04,0.03,1.0
11936,0.04,0.03,1.0
18438,0.26,-0.11,1.0
4323,0.03,0.04,1.0
6677,0.02,0.04,1.01
10636,0.04,0.04,1.0
15646,0.03,0.07,0.94
11886,0.04,0.02,1.0
1417,0.04,0.04,1.0
18972,0.04,0.05,1.0
6792,0.04,0.03,1.0
9743,-0.1,0.07,0.97
7686,0.04,0.04,1.0
2167,0.04,0.04,1.01
10427,0.04,0.04,1.0
14315,0.05,-0.16,0.93
12955,0.04,0.04,1.0
18400,0.04,0.04,1.0
15248,0.04,0.04,1.0
13612,0.04,0.04,1.01
10757,0.04,0.04,1.0
18562,0.12,0.07,0.93
16391,0.04,0.05,1.01
1596,0.04,0.05,1.0
15059,0.04,0.03,1.0
8090,0.04,0.04,1.01
11176,0.11,0.03,1.16
8593,0.04,0.03,1.0
5141,0.04,0.04,1.01
8067,0.03,0.05,1.01
10352,0.05,0.0,0.97
5818,0.04,0.02,1.0
923,0.04,0.03,1.0
9021,0.04,0.02,1.0
5394,0.03,0.05,1.0
5725,0.04,0.03,1.0
6843,0.04,0.05,1.0
2209,0.04,0.04,1.0
16262,0.04,0.04,1.0
10677,0.01,0.04,1.02
12407,0.04,0.03,1.0
16144,0.03,0.05,1.0
983,0.04,0.02,1.0
2461,0.04,0.04,1.0
7832,0.13,0.22000000000000003,0.93
18528,0.03,0.05,1.0
3860,0.04,0.02,1.0
10147,0.04,0.05,1.0
19761,0.04,0.05,1.01
9955,0.04,0.05,1.0
7257,0.08,0.11,1.0
2335,0.04,0.05,1.01
15521,0.07,0.06,1.04
10738,0.04,0.04,1.0
15431,0.04,0.05,1.0
2953,0.04,0.03,1.0
16412,0.14,0.16999999999999998,0.96
8159,0.04,0.05,1.01
9077,0.07,-0.07,1.14
11655,0.03,0.03,1.0
2557,0.04,0.04,1.01
16978,0.04,0.03,1.01
16969,0.04,0.02,1.0
1668,0.13,0.05,0.91
9188,0.03,0.03,1.0
4038,0.03,-0.04,0.98
2587,0.11,0.06,0.94
7044,0.04,0.05,1.0
16721,0.04,0.03,1.0
725,0.04,0.03,1.0
14995,0.04,0.01,0.99
11254,0.04,0.06,1.03
17243,0.03,-0.08,0.89
13045,0.04,0.04,1.0
5035,0.04,0.04,1.01
3238,0.04,0.02,1.0
11327,0.04,0.06,0.98
19537,0.14,0.12,0.94
8526,0.04,0.03,1.0
16245,0.08,0.020000000000000004,1.02
3672,0.04,0.03,1.0
1794,0.04,0.05,1.0
15747,0.04,0.04,1.0
4588,0.04,0.05,1.0
15291,0.12,0.08,1.01
9234,-0.29,0.04,0.94
19446,0.04,0.04,1.01
13036,0.04,0.04,1.0
14810,0.04,0.03,1.0
11469,0.04,0.03,1.0
5461,0.03,0.05,1.02
2172,0.04,0.04,1.01
15470,0.04,0.05,1.0
3390,0.04,0.03,1.0
2337,-0.02,0.16999999999999998,1.11
1763,0.04,0.05,1.0
18920,0.13,-0.2,1.09
8515,0.05,0.01,0.97
3008,0.04,0.02,1.0
18606,0.09,0.01,0.98
9870,0.04,0.05,1.0
10280,0.04,0.03,1.01
10684,0.04,0.04,1.0
13870,0.04,0.03,1.0
5731,0.0,0.02,1.0
16205,0.04,0.05,1.01
7886,-0.0,0.08,1.02
7433,0.04,0.04,1.0
15884,0.04,0.04,1.0
12592,0.04,0.05,1.0
5379,0.12,-0.05,0.88
116,0.11,0.03,0.94
17010,0.12,-0.06,0.93
14344,0.04,0.02,1.0
10238,0.04,0.05,1.0
9157,0.04,0.02,1.0
8824,0.04,0.02,1.0
16446,0.03,0.04,1.01
13800,0.04,0.04,1.01
18859,0.04,0.04,1.0
16763,0.04,0.11,1.0
1629,0.04,0.05,1.0
14048,0.13,0.15,0.86
12079,0.04,0.03,1.0
5789,0.04,0.03,1.0
9206,0.04,0.02,1.0
14443,0.04,0.02,1.0
2284,0.04,0.05,1.01
13855,0.03,0.05,1.01
8420,0.04,0.03,1.0
5213,0.03,0.04,1.01
15888,-0.0,0.07,1.02
981,0.04,0.03,1.0
4020,0.05,0.04,1.0
19371,0.07,-0.08,1.1
17026,0.06,0.12,1.0
16409,0.02,-0.24,0.93
9119,0.04,0.03,1.01
17866,0.04,0.12,1.03
1020,0.05,0.04,1.0
3018,0.03,0.02,1.0
12652,0.04,0.05,1.0
18776,0.03,0.04,0.98
3496,-0.02,-0.5,1.0
2405,0.04,0.04,1.01
16976,0.04,0.03,1.0
18832,0.04,0.02,0.98
3105,0.02,0.1,1.01
16797,0.04,0.03,1.0
7949,0.05,0.009999999999999995,1.15
2079,0.04,0.04,1.0
5894,0.04,0.02,1.0
951,0.04,0.03,1.0
4819,0.04,0.05,1.0
15979,0.04,0.03,1.0
3060,0.1,0.02,1.03
10331,0.04,0.05,1.0
18207,0.04,0.02,1.0
7714,-0.02,0.07,1.02
2071,0.04,0.05,1.0
6099,0.03,0.02,1.0
14923,0.14,0.12,0.89
17655,0.04,0.03,1.0
16697,0.12,0.24,1.01
13690,0.42,0.22999999999999998,1.19
16125,0.04,0.04,1.0
10551,0.05,0.04,1.0
19124,0.05,0.04,1.0
14345,0.04,0.02,1.0
321,0.04,0.03,1.0
12474,0.04,0.05,1.0
7083,0.04,0.04,1.0
15583,0.08,0.09,1.08
9028,-0.01,0.08,1.03
14373,0.07,0.15,1.18
8478,0.04,0.03,1.0
15367,0.04,0.05,1.0
8173,0.04,0.04,1.01
4969,0.04,0.04,1.01
5267,0.04,0.05,1.01
19089,0.04,0.04,1.0
4956,0.04,0.04,1.01
4659,0.04,0.05,1.0
11693,0.04,0.02,1.0
16982,0.04,0.03,1.0
6588,0.04,0.03,1.0
10705,0.04,0.04,1.0
3683,0.14,-0.36,0.87
13100,0.04,0.04,1.0
5666,0.04,0.03,1.0
13860,0.04,0.05,1.01
12965,0.04,0.04,1.0
12667,0.04,0.05,1.0
12612,0.04,0.04,1.0
9367,0.04,0.02,1.0
3664,0.04,0.02,1.0
8543,0.04,0.03,1.0
252,0.04,0.03,1.0
19543,0.02,0.24,1.03
5596,0.04,0.03,1.0
3866,0.03,0.03,1.0
9402,-0.25,0.07,0.89
13286,0.04,0.05,1.0
17834,0.04,0.03,1.0
6542,0.04,0.03,1.0
18992,0.28,0.25,0.97
2624,0.04,0.05,1.01
5545,0.04,0.03,1.0
9669,0.04,0.03,1.0
1842,0.02,0.04,1.0
7678,0.04,0.04,1.0
5686,0.01,0.09,1.0
17223,0.04,0.03,1.0
13498,0.27,0.04,1.05
14236,0.01,0.07,1.05
17516,0.04,0.02,1.0
14441,0.04,0.02,1.0
11995,0.04,0.03,1.0
13313,0.04,0.05,1.0
17541,0.01,0.44,0.96
763,0.04,0.03,1.0
13965,0.04,0.02,1.0
110,0.0,0.02,1.05
2447,0.03,0.04,1.01
8429,0.04,0.01,1.01
8331,0.04,0.02,1.0
2778,0.04,0.02,1.0
12659,0.04,0.05,1.0
15758,0.04,0.04,1.0
10893,0.04,0.04,1.0
4338,0.03,0.05,1.0
10539,0.04,0.04,1.0
15985,0.03,0.04,1.0
14919,-0.02,0.03,1.05
9705,0.04,0.04,1.0
6491,0.04,0.02,1.0
9466,0.04,0.03,1.0
245,0.02,0.06,1.02
16999,0.04,0.03,1.0
18383,0.12,0.38,1.07
16445,0.03,0.04,1.01
8676,0.04,0.03,1.0
95,0.04,0.02,1.0
19671,0.03,0.04,1.01
12386,0.07,0.08,1.01
2616,0.04,0.04,1.01
17066,0.04,0.03,1.0
2853,0.04,0.02,1.0
15004,0.04,0.03,1.0
219,0.04,0.03,1.0
7865,0.04,0.04,1.01
15878,0.04,0.04,1.0
13470,0.03,0.04,1.01
2757,-0.02,-0.46,0.78
14073,0.04,0.03,1.0
8269,0.03,0.05,1.02
2462,0.04,0.05,1.01
6292,0.04,0.03,1.0
2538,0.15,-0.039999999999999994,0.89
6218,-0.1,0.03,1.0
15745,0.04,0.04,1.0
8630,-0.3,-0.08,1.18
15555,0.04,0.05,1.0
19006,0.04,0.05,1.05
6870,0.04,0.05,1.0
18673,0.08,0.25,0.98
6694,0.04,0.02,1.0
10779,0.04,0.04,1.01
14774,-0.11,-0.21,1.0
5160,0.04,0.04,1.01
11953,0.02,0.06,1.03
6731,0.04,0.03,1.0
16416,0.03,0.05,1.03
319,0.04,0.03,1.0
18774,0.03,-0.07,0.92
9423,0.04,0.02,1.0
2380,0.04,0.04,1.01
3458,0.04,0.02,1.0
6109,0.04,0.03,1.0
17946,0.04,0.03,1.0
5968,0.04,0.03,1.0
17676,0.04,0.02,1.0
14053,0.02,-0.0,0.99
18102,0.04,0.02,1.0
330,0.03,0.03,1.0
1789,0.04,0.04,1.0
813,0.08,0.02,0.88
1982,0.04,0.04,1.0
3207,0.04,0.03,1.0
17191,0.04,0.03,1.0
17356,0.04,0.02,1.0
614,0.04,0.02,1.0
1284,0.04,0.04,1.0
13621,0.04,0.04,1.01
7571,0.04,0.04,1.0
7171,0.05,-0.07,0.98
13765,0.04,0.05,1.0
7633,0.04,0.04,1.0
19147,0.05,0.04,1.0
14181,0.04,0.03,1.0
7621,0.04,0.04,1.0
13938,0.04,0.02,1.0
18316,0.01,0.07,1.05
8594,0.04,0.03,1.0
6866,0.04,0.05,1.0
17588,0.15,0.17,0.95
17135,0.04,0.02,1.0
10501,-0.05,0.11,1.01
14708,0.04,0.02,1.0
3601,0.04,-0.14,0.97
11429,0.04,0.03,1.0
4142,0.07,0.09,1.0
13251,0.05,0.05,1.0
17399,0.04,0.03,1.0
4637,0.04,0.05,1.0
514,0.04,0.02,1.0
14719,0.03,0.06,0.99
10605,0.04,0.04,1.0
16084,0.03,0.04,1.0
12244,0.06,0.11,0.96
8869,0.04,0.02,1.0
9633,0.04,0.02,1.0
3088,0.04,0.02,1.0
2707,0.02,-0.0,1.0
5843,0.04,0.03,1.0
13389,0.04,0.04,1.01
14392,0.04,0.02,1.0
19511,0.04,0.04,1.01
7421,0.04,0.04,1.0
7208,0.04,0.05,1.0
11711,0.04,0.02,1.0
7805,0.04,0.04,1.0
11714,0.04,0.02,1.0
13426,0.04,0.05,1.0
2671,0.03,0.04,1.01
92,0.04,0.02,1.0
18256,0.03,0.06,1.01
12544,0.04,0.05,1.0
1734,0.04,0.04,1.0
4629,0.04,0.04,1.0
13204,0.04,0.05,1.0
13988,0.05,0.15,1.02
12416,0.04,0.03,1.0
2322,0.04,0.05,1.01
12253,0.04,0.03,1.0
13617,0.04,0.05,1.0
18610,0.02,0.02,0.95
16352,0.09,-0.3,0.95
19150,0.04,0.04,1.0
12050,0.04,0.03,1.0
12049,0.04,0.03,1.0
1453,0.04,0.05,1.0
5804,0.0,0.21,1.0
3604,0.04,0.02,1.0
10377,0.04,0.05,1.0
10034,0.04,0.05,1.0
13922,0.05,0.09,1.01
14184,0.04,0.03,1.0
5815,0.04,0.03,1.0
2829,0.04,0.02,1.0
4080,0.04,0.05,1.0
7673,0.04,0.04,1.0
1947,-0.04,0.07,1.03
14956,0.04,0.02,1.0
2598,0.04,0.04,1.01
15052,0.04,0.02,1.0
18398,0.04,0.04,1.01
16705,0.05,0.13,1.04
11207,0.05,0.03,1.02
10577,0.04,0.02,1.02
4856,0.05,0.05,1.0
12641,0.22,0.07,0.99
5760,0.04,0.03,1.0
10126,-0.03,-0.04,0.99
4850,0.09,-0.22,0.91
16771,0.04,0.03,1.0
3061,0.04,0.04,1.12
11991,0.04,0.02,1.0
5577,0.04,0.03,1.0
1513,0.04,0.05,1.0
18518,0.04,0.04,1.0
6137,0.04,0.03,1.0
9715,0.04,0.05,1.0
10374,0.04,0.05,1.0
1515,0.04,0.05,1.0
18895,0.04,0.04,1.0
13429,0.12,0.09,0.97
18021,0.04,0.03,1.0
2601,0.04,0.05,1.01
19625,0.04,0.04,1.01
574,0.04,0.03,1.0
844,0.04,0.02,1.0
4886,0.04,0.04,1.01
7901,0.07,0.1,1.07
14317,-0.13,-0.29,0.9
11791,0.04,0.02,1.0
11151,0.04,0.05,1.01
5860,0.04,0.02,1.0
6776,0.05,0.02,1.0
15631,0.12,0.13,0.96
68,0.02,0.04,1.02
10438,0.04,0.04,1.0
15526,0.04,0.05,1.0
13285,0.04,0.05,1.0
8622,0.04,0.03,1.0
17689,0.04,0.03,1.0
7173,0.1,0.0,0.98
1362,0.04,0.04,1.0
19156,0.03,-0.05,0.96
6199,0.04,0.02,1.0
12464,0.04,0.05,1.0
6991,0.02,0.05,1.01
16341,0.03,0.04,1.01
16767,0.02,0.02,1.0
17521,0.04,0.02,1.0
10429,0.04,0.05,1.0
17336,0.05,0.34,1.04
4641,0.04,0.04,1.0
3087,0.04,0.03,1.0
7537,0.04,0.04,1.0
7718,0.04,0.03,1.0
4336,0.03,0.05,1.0
17127,0.04,0.03,1.0
15408,0.04,0.05,1.0
5137,0.04,0.05,1.0
17045,0.04,0.03,1.0
2119,0.03,0.04,1.01
15046,0.05,0.01,0.95
15988,0.04,0.03,1.0
11748,0.04,0.03,1.0
6652,0.04,0.02,1.0
15597,0.04,0.04,1.0
7666,0.02,0.07,0.98
7034,0.04,0.05,1.0
11410,0.04,0.02,1.0
10432,0.04,0.05,1.0
8532,0.04,0.03,1.0
8782,0.04,0.02,1.0
18280,0.05,0.05,1.01
7144,0.04,0.05,1.0
8562,0.1,0.14,1.0
12818,0.09,0.08,0.98
7624,0.04,0.04,1.0
16813,0.14,0.35,1.11
6974,0.04,0.05,1.0
5559,0.0,0.12,0.96
14084,0.04,0.03,1.0
18800,0.04,0.05,1.0
9570,0.04,0.02,1.0
10648,0.04,0.05,1.0
11141,0.04,0.04,1.01
13813,0.04,0.05,1.01
17993,0.05,-0.01,1.02
2040,0.04,0.05,1.0
3149,0.04,0.03,1.0
18106,0.04,0.02,1.0
11460,0.07,0.14,1.01
15178,0.04,0.05,1.0
13033,0.04,0.04,1.0
15185,0.04,0.04,1.0
7441,0.05,0.02,1.11
1043,0.04,0.02,1.0
6754,-0.0,0.23,1.05
12994,0.04,0.04,1.0
18424,0.11,-0.04,0.93
1415,0.04,0.05,1.0
114,0.12,0.13,0.88
18668,0.18,0.22,0.99
4534,0.04,0.05,1.0
230,0.01,-0.03,1.0
4711,0.04,0.04,1.0
15250,0.04,0.05,1.0
15590,0.04,0.04,1.0
2770,0.04,0.02,1.0
12409,0.04,0.03,1.0
13850,0.04,0.04,1.01
6342,0.04,0.02,1.0
11753,0.03,0.03,1.0
18825,0.27,0.01,0.93
8657,0.04,0.03,1.0
9219,-0.03,0.02,1.01
11976,0.04,0.03,1.0
2718,0.04,0.02,1.0
3855,0.04,0.02,1.0
11595,0.04,0.03,1.0
4837,0.04,0.04,1.0
3758,0.04,0.02,1.0
11095,0.04,0.04,1.01
12315,0.04,0.03,1.0
8520,0.04,0.03,1.0
7452,0.04,0.16,0.98
19570,0.04,0.04,1.01
17537,0.07,0.17,0.93
16807,0.11,0.07,1.04
15045,0.06,-0.04,1.08
7661,0.07,0.51,0.92
14301,0.04,0.03,1.0
16060,0.07,0.0,0.94
19462,0.04,0.04,1.01
16634,0.06,0.08,1.04
8021,0.02,0.020000000000000004,1.03
18435,0.15,0.2,0.98
15030,0.01,0.18,0.95
1783,0.03,0.04,0.91
17246,0.04,0.03,1.0
12974,0.04,0.04,1.0
19039,0.04,0.04,1.0
4023,0.04,0.05,1.0
3986,0.04,0.05,1.0
13645,0.14,0.08,1.16
6440,0.04,0.03,1.0
14379,0.04,0.02,1.0
8428,0.04,0.03,1.0
11665,0.0,0.02,1.2
8094,0.03,0.04,1.01
18897,0.04,0.04,1.0
3617,0.04,0.02,1.0
2059,0.0,0.04,1.07
5465,0.04,0.04,1.0
7093,0.04,0.05,1.0
4039,0.05,0.0,0.99
15639,0.03,-0.04,1.01
8733,0.04,0.03,1.0
16461,0.05,-0.16999999999999998,0.98
13327,0.04,0.05,1.0
15610,0.04,0.05,1.0
9425,0.04,0.03,1.0
9892,0.04,0.05,1.0
16017,0.03,0.04,1.0
14374,0.1,0.0,0.95
14517,0.02,0.06,0.98
8139,0.28,0.51,0.92
15636,0.11,-0.15,1.04
9604,-0.28,0.11,1.0
11761,0.04,0.02,1.0
17132,0.04,0.03,1.0
10892,0.04,0.04,1.01
3047,0.03,0.07,1.01
8188,0.04,0.06,1.03
18302,0.04,0.04,1.0
2850,0.04,0.03,1.0
2050,0.02,0.11,1.05
12372,0.15,0.03,1.04
17510,0.04,0.03,1.0
5323,0.0,0.07,1.02
5205,0.03,0.05,1.01
11288,0.04,0.03,1.0
19310,0.26,0.14,0.99
2352,0.04,0.04,1.01
16560,0.04,0.05,1.01
11616,0.04,0.03,1.0
16487,0.03,0.05,1.01
13022,0.05,-0.0,0.98
16791,0.03,0.03,1.0
14607,0.06,-0.2,0.95
15257,0.04,0.05,1.0
1416,0.04,0.04,1.0
500,0.06,0.02,0.92
669,-0.02,0.06,1.06
3109,0.04,0.02,1.0
11000,0.04,0.04,1.01
16738,0.04,0.03,1.0
12833,0.04,0.04,1.0
11935,0.04,0.03,1.0
6044,0.04,0.02,1.0
16869,0.04,0.03,1.0
3965,0.04,0.05,1.0
303,0.01,0.05,0.99
18796,0.04,0.04,1.0
1706,0.04,0.04,1.0
4035,0.04,0.04,1.0
9639,0.04,0.03,1.0
6450,0.04,0.02,1.0
11701,0.04,0.02,1.0
8314,0.04,0.03,1.0
1621,0.03,0.05,1.0
17446,0.02,0.12,1.01
13770,0.04,0.04,1.01
2987,0.03,-0.41,0.93
3309,0.05,0.0,1.06
17140,0.11,-0.07,1.0
4567,0.04,0.06,1.0
10469,0.04,0.05,1.0
5864,0.04,0.02,1.0
5634,0.04,0.02,1.0
13846,0.03,0.05,1.0
6238,0.04,0.03,1.0
19057,0.07,0.03,1.04
15524,0.03,0.05,1.01
10039,0.03,0.14,1.01
1954,0.04,0.04,1.0
7575,0.04,0.04,1.0
2760,-0.02,-0.07,0.95
7685,0.04,0.03,1.0
8407,0.04,0.03,1.0
1070,0.04,0.02,1.0
3827,0.02,0.02,1.0
10040,0.02,0.04,1.1
7458,0.06,0.04,1.0
2475,0.04,0.05,1.01
17167,0.04,0.03,1.0
19399,0.04,0.04,1.02
5106,0.04,0.04,1.0
4988,0.04,0.05,1.01
11405,0.04,0.03,1.0
1267,0.1,0.02,0.89
4470,0.04,0.05,1.0
2790,0.04,0.02,1.0
15017,0.04,0.02,1.0
3114,0.04,0.03,1.0
9680,0.04,0.03,1.0
18685,0.04,0.04,1.0
19458,0.04,0.04,1.01
583,0.04,0.03,1.0
12618,0.04,0.04,1.0
2951,0.04,0.03,1.0
18556,0.14,0.11,0.91
5453,0.04,0.04,1.01
14202,0.04,0.03,1.0
347,0.04,0.02,1.0
3010,0.04,0.02,1.0
2264,0.03,0.04,1.01
12045,0.09,0.04,0.96
7987,0.04,0.04,1.01
10680,0.05,0.01,0.96
14485,0.04,0.03,1.0
5576,0.04,0.03,1.0
17208,0.04,0.02,1.0
6434,0.04,0.14,1.04
5352,0.04,0.05,1.01
14781,0.04,0.02,1.0
1479,0.08,0.03,0.89
4536,0.04,0.05,1.0
180,0.02,0.05,1.0
9252,0.04,0.03,1.0
10953,-0.05,0.06,1.11
13200,0.04,0.05,1.0
18625,0.02,0.0,1.01
19157,0.16,-0.13,0.95
255,0.04,0.03,1.0
9008,0.04,0.02,1.0
16368,0.04,0.04,1.01
8379,0.1,-0.04,0.87
10026,0.04,0.04,1.0
11624,0.04,0.03,1.0
4836,0.04,0.04,1.0
13383,0.04,0.05,1.0
2636,0.03,0.05,1.01
107,0.03,0.02,1.0
3899,0.04,0.03,1.0
4778,0.03,0.05,1.0
9325,0.04,0.03,1.0
416,0.04,0.02,1.0
9112,0.04,0.02,1.0
11152,0.03,0.04,1.01
16297,0.03,-0.020000000000000004,1.08
9846,0.03,0.04,0.99
19053,0.23,0.14,0.99
2269,0.04,0.05,1.01
16257,0.01,0.11,0.96
12711,0.04,0.05,1.0
8910,0.04,0.02,1.0
5500,0.04,0.02,1.0
14425,0.04,0.04,1.0
15370,0.04,0.05,1.0
4945,0.05,0.1,1.13
16005,0.08,-0.02,0.82
14797,0.04,0.03,1.0
16564,0.04,0.05,1.01
11273,0.04,0.03,1.0
18999,0.12,0.04,0.93
2626,0.04,0.05,1.0
2034,0.04,0.05,1.0
17851,0.04,0.02,1.0
39,0.04,0.02,1.0
6564,0.05,0.35,0.95
17545,0.05,0.04,0.96
9432,0.03,0.02,1.0
8358,-0.25,-0.15,1.14
3653,0.04,0.03,1.0
8105,0.04,0.05,1.01
9300,0.04,0.02,1.0
14470,0.11,0.04,0.98
3043,0.04,0.03,1.0
3567,0.04,0.03,1.0
10630,0.04,0.04,1.0
8823,0.04,0.02,1.0
5863,0.04,0.02,1.0
18572,0.04,0.05,1.0
3696,0.01,-0.3,0.91
13506,0.03,0.05,1.01
2912,0.04,0.02,1.0
4757,0.04,0.05,1.0
11740,0.04,0.03,1.0
15034,0.11,-0.14,1.0
14685,0.04,0.03,1.0
15726,0.02,0.27,1.09
11231,0.01,0.02,1.0
14330,0.04,0.03,1.0
1881,0.04,0.05,1.0
5835,0.04,0.03,1.0
16536,0.04,0.04,1.02
15655,0.04,0.04,1.0
10717,-0.2,0.14,1.05
17749,0.04,0.03,1.0
14406,0.04,0.02,1.0
3832,0.11,-0.43,0.88
15658,0.04,0.05,1.0
2744,0.03,-0.04,1.03
16849,0.04,0.03,1.0
16288,0.04,0.05,1.0
13926,0.01,0.0,0.95
15187,0.04,0.04,1.0
7850,0.03,0.04,1.02
14605,0.1,-0.06,0.84
3160,0.04,0.02,1.0
6186,0.04,0.02,1.0
19633,0.04,0.05,1.01
15192,0.04,0.04,1.0
7113,0.07,0.02,1.02
6499,0.04,0.02,1.0
18046,-0.0,0.38,0.93
5753,0.04,0.03,1.0
2742,0.03,0.02,1.0
19071,0.04,0.05,1.0
18354,0.04,0.05,1.0
4037,0.02,0.04,1.02
36,0.04,0.02,1.0
12082,0.24,0.05,0.9
4463,0.04,0.05,1.0
676,0.04,0.03,1.06
3800,0.04,0.03,1.0
1557,0.04,0.05,1.0
3674,0.04,0.03,1.0
4221,0.04,0.05,1.0
13896,0.05,0.01,0.98
17083,0.11,0.21,0.93
3890,0.02,-0.11,0.99
10038,0.04,0.05,1.0
9141,0.04,0.03,1.0
13142,0.05,0.04,1.0
6296,0.04,0.02,1.0
7769,0.04,0.04,1.0
5848,0.04,0.02,1.0
17466,0.04,0.02,1.0
4021,0.05,0.04,1.0
14455,0.04,0.03,1.0
19529,-0.0,0.08,1.01
14176,0.04,0.02,1.0
17577,0.04,0.02,1.0
1749,0.04,0.05,1.0
11039,0.04,0.04,1.01
19688,0.03,0.05,1.01
15464,0.04,0.01,1.08
9068,0.04,0.02,1.0
1054,0.04,0.02,1.0
4289,0.04,0.04,1.0
6363,0.04,0.02,1.0
3530,0.04,0.02,1.0
3887,0.02,-0.51,0.86
19335,0.04,0.05,1.01
4186,0.04,0.04,1.0
5816,0.03,0.03,1.0
3500,0.03,0.05,1.0
3558,0.04,0.03,1.0
8997,-0.0,0.05,1.01
2512,0.04,0.05,1.0
9170,0.0,0.02,1.04
5031,0.04,0.05,1.0
17898,0.04,0.02,1.0
210,0.04,0.03,1.0
18727,0.04,0.04,1.0
16227,0.04,0.04,1.01
8667,0.04,0.03,1.0
5107,0.03,0.05,1.01
13910,0.16,0.13,1.03
18419,0.04,0.05,1.0
15572,0.06,-0.01,0.95
12856,0.03,0.05,1.0
7913,0.03,0.04,1.01
1673,0.0,0.01,1.07
2324,0.04,0.04,1.0
3632,0.0,0.0,1.16
12513,0.29,0.12,1.03
14577,0.04,0.03,1.0
15108,0.04,0.02,1.0
16987,0.04,0.02,1.0
16213,0.03,0.04,1.01
15915,0.04,0.04,1.0
18144,0.04,0.02,1.0
17904,0.04,0.02,1.0
17037,0.04,0.02,1.0
15221,0.1,-0.18,0.9
485,0.04,0.03,1.0
18373,0.11,0.02,0.96
12305,0.04,0.03,1.0
6357,0.04,0.02,1.0
11989,0.04,0.02,1.0
5906,0.04,0.02,1.0
14093,0.05,0.07,1.0
18573,0.04,0.04,1.0
13249,0.04,0.05,1.0
13018,0.18,0.12,1.0
2647,0.11,0.03,0.98
1252,0.04,0.05,1.0
11628,0.04,0.02,1.0
11932,0.04,0.03,1.0
5542,0.04,0.03,1.0
18831,0.07,0.03,1.02
9240,0.02,0.04,1.0
7780,0.04,0.04,1.0
11941,0.04,0.03,1.0
5240,0.04,0.04,1.01
2307,0.04,0.04,1.01
2659,0.03,0.04,1.01
10880,0.04,0.05,1.01
14977,0.02,-0.18,0.94
4528,0.04,0.04,1.0
719,0.04,0.03,1.0
11730,0.25,-0.03,0.93
15541,0.04,0.05,1.0
19226,0.05,0.02,0.98
7409,0.04,0.04,1.0
12586,0.07,0.06,1.0
18332,0.11,0.11,0.9
10591,0.04,0.04,1.0
19461,0.03,0.06,1.01
739,0.04,0.03,1.0
14414,0.07,0.11,1.02
13377,0.04,0.04,1.0
15741,0.03,0.05,0.99
7109,0.04,0.0,0.98
13806,0.04,0.04,1.01
1977,0.04,0.05,1.0
2561,0.04,0.04,1.01
19542,0.15,-0.22999999999999998,1.05
5905,0.03,0.02,1.0
267,0.04,0.03,1.0
12489,0.04,0.05,1.0
2794,0.04,0.02,1.0
18282,0.03,0.05,1.0
2333,0.04,0.05,1.0
12343,0.04,0.02,1.0
12157,0.04,0.02,1.0
12384,0.2,0.06,1.1
7418,0.04,0.04,1.0
1277,0.04,0.05,1.0
7687,0.04,0.04,1.0
10796,0.04,0.05,0.99
17131,0.04,0.03,1.0
5198,0.04,0.18,0.98
17082,0.06,0.39,1.04
7635,0.04,0.04,1.0
12908,0.04,0.05,1.0
14090,0.04,0.03,1.0
2268,0.04,0.04,1.01
318,0.03,0.03,1.0
1538,0.04,0.04,1.0
8466,0.04,0.03,1.0
11234,0.05,0.04,1.07
11992,0.04,0.02,1.0
1371,-0.02,0.0,1.01
741,0.04,0.02,1.0
17702,0.04,0.03,1.0
11926,0.04,0.02,1.0
1190,0.04,0.05,1.0
2069,0.04,0.05,1.0
9934,0.04,0.04,1.0
11514,0.37,0.22,0.82
14241,0.04,0.03,1.0
12368,0.04,0.03,1.0
2532,0.03,0.08,1.16
17879,0.04,0.03,1.0
6865,0.04,0.05,1.0
3624,0.04,0.03,1.0
6643,0.04,0.02,1.0
17427,0.04,0.03,1.0
9612,0.04,0.03,1.0
10774,0.04,0.04,1.01
10646,0.04,0.04,1.0
17272,0.04,0.03,1.0
6685,0.04,0.02,1.0
1235,0.04,0.04,1.0
8070,-0.02,0.08,0.99
9218,0.01,0.04,1.0
9945,0.04,0.05,1.0
6784,0.05,0.02,1.0
7189,-0.0,0.13,1.02
9463,0.04,0.02,1.0
18529,0.04,0.05,1.0
17205,0.04,0.02,1.0
13754,0.04,0.04,1.01
18453,0.04,0.04,1.0
11112,0.01,0.16999999999999998,0.86
3625,0.04,0.02,1.0
1293,0.04,0.05,1.0
5319,0.06,0.020000000000000004,1.11
12564,0.02,0.05,1.0
19043,-0.01,0.04,1.14
7365,0.04,0.04,1.0
9259,0.04,0.03,1.0
7683,0.04,0.03,1.0
9508,0.1,0.02,1.0
9164,0.04,0.02,1.0
15537,0.04,0.04,1.0
19166,0.17,-0.01,0.99
12444,0.04,0.03,1.0
18421,0.03,0.0,1.01
563,0.04,0.03,1.0
16115,0.05,-0.07,0.9
8346,0.04,0.03,1.01
11696,0.04,0.02,1.0
6286,0.04,0.03,1.0
16839,0.04,0.03,1.0
3877,0.1,-0.15,0.87
19181,0.04,0.04,1.0
2412,0.03,0.04,1.0
4684,0.04,0.07,1.01
3771,0.04,0.03,1.0
14537,0.04,0.03,1.0
12412,0.04,0.03,1.0
7682,0.04,0.04,1.0
10888,0.04,0.05,1.01
2965,0.04,0.02,1.0
14950,0.04,0.02,1.0
6255,0.05,0.14,0.93
9299,0.04,0.03,1.0
15122,0.04,0.03,1.0
6227,0.04,0.02,1.0
3262,0.03,0.01,1.0
15607,0.04,0.05,1.0
9823,0.04,0.04,1.0
18395,0.04,0.04,1.0
13644,0.24,0.12,1.12
8309,0.04,0.02,1.0
15739,-0.01,-0.01,1.03
2222,0.03,0.04,1.01
9768,0.04,0.05,1.0
1959,0.04,0.05,1.0
17847,0.04,0.03,1.0
1868,0.04,0.04,1.0
18199,0.04,0.03,1.0
19678,0.04,0.04,1.01
5155,0.04,0.04,1.01
1401,0.04,0.04,1.0
11564,0.04,0.03,1.0
15024,0.04,0.03,1.0
15833,0.04,0.04,1.0
15744,0.04,0.04,1.0
3152,0.04,0.03,1.0
11493,0.04,0.03,1.0
14249,0.04,0.03,1.0
2238,0.03,0.04,1.03
1114,0.04,0.05,1.0
12975,0.05,0.04,1.0
13936,0.04,0.03,1.0
5762,0.04,0.03,1.0
12755,0.08,0.09,1.03
8207,0.03,0.04,1.01
6993,-0.07,-0.04,0.87
4879,0.04,0.04,1.0
11802,0.04,0.03,1.0
17857,0.04,0.03,1.0
19566,0.04,0.04,1.01
16967,0.04,0.03,1.0
8819,0.04,0.02,1.0
8426,0.04,0.03,1.0
19301,-0.02,-0.020000000000000004,1.07
4018,0.07,0.03,1.07
7333,0.04,0.05,1.0
15121,0.04,0.03,1.0
5783,0.04,0.03,1.0
6931,0.04,0.05,1.0
1436,0.03,0.05,1.0
19801,0.04,0.05,1.01
15112,0.04,0.02,1.0
16908,0.04,0.02,1.0
13428,0.05,0.06,1.03
8049,0.04,0.04,1.01
12031,0.04,0.02,1.01
341,0.04,0.03,1.0
15327,0.05,-0.0,1.04
17992,0.04,0.03,1.0
9757,0.04,0.04,1.0
16255,0.04,0.14,1.05
8224,0.04,0.04,1.01
7014,0.04,0.05,1.02
17327,0.04,0.02,1.0
5948,0.04,0.03,1.0
3503,0.04,0.03,1.0
12849,0.04,0.05,1.0
5613,-0.04,0.31,0.75
2801,0.05,-0.22,0.95
12028,0.04,0.03,1.0
428,0.04,0.02,1.0
1439,0.04,0.05,1.0
18546,0.02,-0.02,1.1
14240,0.04,0.03,1.0
10433,0.04,0.04,1.0
6890,0.02,0.07,1.01
8533,0.04,0.02,1.0
5042,0.03,0.05,1.01
19558,0.04,0.04,1.01
3615,0.04,0.03,1.0
6897,-0.0,0.0,0.96
4827,0.04,0.04,1.0
12662,0.04,0.04,1.0
11858,0.04,0.03,1.0
18284,0.04,0.05,1.0
10891,0.04,0.04,1.01
65,0.0,0.04,1.05
13182,0.24,0.11,1.14
12294,0.04,0.03,1.0
14808,0.04,0.03,1.0
14760,0.04,0.03,1.0
18033,0.04,0.03,1.0
8149,0.04,0.04,1.01
5466,0.04,0.04,1.01
14252,0.04,0.03,1.0
13406,0.03,0.04,1.01
2910,0.04,0.02,1.0
5828,0.04,0.03,1.0
16150,0.03,0.04,1.0
10495,0.05,0.04,1.0
11567,0.04,0.03,1.0
5538,0.04,0.03,1.0
16034,0.03,0.04,1.0
18536,0.04,0.05,1.0
6614,0.11,0.37,0.91
13371,0.04,0.05,1.0
1694,0.04,0.04,1.0
7588,0.04,0.04,1.0
12953,0.04,0.05,1.0
1423,0.02,0.08,0.98
10747,0.04,0.04,1.0
8028,0.04,0.04,1.01
19197,0.04,0.04,1.0
820,0.03,0.03,1.0
17893,0.04,0.03,1.0
1663,0.0,0.05,0.99
18931,0.23,0.04,0.94
1846,0.04,0.04,1.0
16669,0.04,0.03,1.0
19368,0.22,0.16999999999999998,0.96
13101,0.04,0.04,1.0
15903,0.01,0.05,1.0
14150,0.04,0.03,1.0
1287,0.04,0.04,1.0
9382,0.04,0.02,1.0
4596,0.04,0.05,1.0
8164,0.04,0.04,1.01
1945,0.0,0.09,1.11
18793,0.04,0.04,1.0
1093,0.04,0.02,1.0
13630,0.04,0.04,1.01
73,0.04,0.02,1.0
3522,0.04,0.03,1.0
13028,0.04,0.04,1.0
16859,0.04,0.03,1.0
4468,0.04,0.05,1.0
9456,0.03,0.02,1.0
17754,0.04,0.02,1.0
16740,0.04,0.03,1.0
11188,0.04,0.04,1.01
5485,0.04,0.03,1.0
4694,0.04,0.04,1.0
19407,0.04,0.05,1.01
8354,0.04,0.03,1.0
17161,0.06,0.04,1.0
8435,-0.3,0.01,1.08
16939,-0.03,0.02,1.09
15912,0.03,0.04,1.0
6827,0.04,0.03,1.0
783,0.04,0.03,1.0
6451,0.05,0.03,1.0
13701,0.04,0.04,1.0
4194,0.03,0.04,1.01
4168,0.04,0.05,1.0
17081,0.09,0.31,0.99
12153,0.04,0.03,1.0
15076,0.04,0.02,1.0
1112,0.04,0.05,1.0
4721,0.04,0.04,1.0
8343,0.04,0.03,1.0
12316,0.04,0.03,1.0
18981,0.04,0.05,1.0
15823,0.04,0.04,1.0
1828,0.03,0.04,1.0
3242,0.04,0.03,1.0
16961,0.03,0.04,1.0
17732,0.03,0.17,1.04
16498,0.04,0.04,1.01
144,0.04,0.03,1.0
13664,0.04,0.04,1.01
6834,0.04,0.02,1.0
19051,0.3,0.17,1.07
3659,0.04,0.02,1.0
13788,0.15,0.08,1.18
6679,0.02,0.01,0.99
10174,0.05,0.01,0.92
19725,0.0,0.08,1.0
14341,0.04,0.02,1.0
13230,0.04,0.05,1.0
16993,0.04,0.03,1.0
12497,0.04,0.05,1.0
11560,0.04,0.03,1.0
1833,0.09,0.09,0.94
13622,0.03,0.05,1.01
4457,0.04,0.04,1.0
7584,0.04,0.04,1.0
1221,0.04,0.04,1.0
9611,0.04,0.02,1.0
6534,0.04,0.02,1.0
17813,0.04,0.02,1.0
13098,0.04,0.04,1.0
12752,0.34,0.16,1.04
8072,0.09,0.35000000000000003,1.05
18681,0.02,0.02,1.0
15751,0.04,0.04,1.0
1057,0.01,0.01,1.04
7979,0.04,0.04,1.01
595,0.07,0.04,0.99
9477,0.04,0.03,1.0
1527,0.1,0.0,0.85
15805,0.04,0.04,1.0
15365,0.04,0.05,1.0
6353,0.04,0.02,1.0
16876,-0.03,0.57,0.92
5052,0.04,0.04,1.01
15765,0.04,0.04,1.0
19094,0.04,0.04,1.0
19695,0.03,0.04,1.01
14925,0.18,-0.04,0.96
9576,0.04,0.03,1.0
14447,0.04,0.02,1.0
15966,0.03,0.03,1.0
9694,0.03,0.05,1.0
14542,0.03,0.03,1.0
19241,0.04,0.04,1.0
5846,0.04,0.03,1.0
19218,0.18,0.28,1.02
11280,0.04,0.03,1.0
9751,0.05,0.05,1.0
5384,0.02,0.04,1.04
81,0.04,0.03,1.0
7623,0.04,0.04,1.0
533,0.03,0.02,1.01
960,0.04,0.03,1.0
473,0.04,0.03,1.0
12596,0.04,0.04,1.0
2294,0.09,-0.009999999999999995,0.97
7318,0.05,0.11,1.0
15820,0.04,0.04,1.0
14668,0.07,0.04,1.0
16248,0.09,-0.15999999999999998,0.94
16542,0.03,0.04,1.01
14610,0.04,-0.26,0.84
2954,0.04,0.02,1.0
15246,0.04,0.05,1.0
4185,0.04,0.05,1.0
4710,0.04,0.04,1.0
13816,0.03,0.05,1.01
17753,0.04,0.03,1.0
10954,-0.21,-0.009999999999999995,1.09
15418,0.04,0.05,1.0
7675,0.03,0.04,1.0
18511,0.04,0.04,1.0
10179,-0.28,0.11,0.99
5817,0.04,0.03,1.0
13943,0.04,0.02,1.0
4917,0.04,0.05,1.01
15147,0.04,0.25,0.8
16145,0.03,0.05,1.0
18267,-0.04,0.14,1.01
11175,0.18,0.08,0.82
10131,0.04,0.05,1.02
10081,0.04,0.05,1.0
10154,0.04,0.05,1.0
19012,0.04,0.04,1.0
16133,0.03,0.04,1.0
10372,0.04,0.05,1.0
8157,0.04,0.04,1.01
3906,0.04,0.03,1.0
1266,0.11,0.02,0.93
5256,0.15,0.04,1.07
7456,0.03,0.04,1.0
4930,0.03,0.11,0.99
17881,0.04,0.02,1.0
11434,0.04,0.03,1.0
17662,0.04,0.02,1.0
5525,0.03,0.03,1.0
4678,0.09,-0.4,0.96
12273,0.04,0.03,1.0
14346,0.04,0.02,1.0
4681,0.08,-0.0,1.02
1274,0.03,0.05,1.0
4348,0.04,0.04,1.0
8424,0.04,0.03,1.0
13516,0.04,0.05,1.0
11806,0.04,0.03,1.0
6291,0.04,0.03,1.0
1901,0.04,0.04,1.0
17579,0.04,0.03,1.0
11276,0.04,0.03,1.0
7022,0.04,0.05,1.0
7350,0.04,0.04,1.0
19664,0.01,0.020000000000000004,1.09
16597,0.04,0.05,1.01
1460,0.04,0.04,1.0
11528,0.12,0.07,1.11
14309,0.04,0.02,1.0
17920,0.04,0.03,1.0
19376,0.0,-0.020000000000000004,0.92
3952,0.04,0.02,1.0
3745,0.04,-0.19,0.99
716,0.02,0.0,1.01
15759,0.04,0.04,1.0
18463,0.04,0.05,1.0
1120,0.04,0.05,1.0
8609,0.04,0.03,1.0
1289,0.04,0.04,1.0
6045,0.04,0.03,1.0
14916,0.04,0.02,1.0
12064,0.04,0.02,1.01
17730,0.07,0.32,0.95
2320,0.04,0.05,1.01
1419,-0.04,0.09,1.16
10624,-0.03,0.07,1.09
8461,0.04,0.03,1.0
15205,0.04,0.04,1.0
17153,0.23,0.27,0.75
16261,0.04,0.04,1.0
6876,0.04,0.05,1.0
996,0.04,0.03,1.0
10176,0.04,0.08,0.94
4585,0.04,0.04,1.0
7713,0.02,0.23,1.05
17190,0.04,0.02,1.0
2643,0.11,-0.039999999999999994,0.86
15863,0.04,0.04,1.0
296,0.09,0.11,0.99
1867,0.04,0.05,1.0
19302,0.1,-0.09999999999999999,1.14
9524,0.04,0.02,1.0
15412,0.04,0.05,1.0
1147,0.11,0.05,0.97
8130,0.07,0.1,1.11
16265,0.04,0.04,1.01
16626,0.16,-0.16999999999999998,0.97
18828,0.12,-0.17,0.96
5208,0.04,0.05,1.01
14429,0.04,0.03,1.0
17415,0.04,0.03,1.0
9569,0.04,0.03,1.0
16688,0.04,0.01,1.0
14310,0.04,0.02,1.0
4944,0.07,0.19,0.93
18227,0.04,0.05,1.0
9053,0.04,0.03,1.0
13990,0.01,0.12,1.04
1838,0.01,0.05,1.06
14222,0.12,0.02,1.03
14162,0.05,0.04,1.06
16489,0.04,0.05,1.01
8612,0.04,0.03,1.01
12160,0.04,0.03,1.0
18513,0.04,0.05,1.0
6394,0.04,0.03,1.0
12878,0.21,0.14,0.96
19791,0.03,0.04,1.01
7960,0.16,-0.009999999999999995,1.03
7566,0.04,0.04,1.01
478,0.04,0.03,1.0
14043,0.18,-0.11,1.0
14444,0.04,0.03,1.0
4466,0.04,0.05,1.0
18255,0.03,0.04,1.0
8345,0.04,0.02,1.0
13279,0.04,0.05,1.0
7680,0.04,0.04,1.0
643,0.03,0.02,1.0
550,0.05,0.03,0.93
4777,0.03,0.05,1.0
16432,0.04,0.05,1.01
15062,0.04,0.02,1.0
16911,0.04,0.03,1.0
1796,0.04,0.05,1.0
1695,0.04,0.05,1.0
17522,0.04,0.03,1.0
5899,0.04,0.02,1.0
11533,0.04,0.02,1.0
494,0.09,0.01,0.95
12886,0.04,0.05,1.0
4537,0.04,0.04,1.0
13627,0.04,0.04,1.01
13480,0.04,0.04,1.01
1465,0.04,0.05,1.0
9377,0.04,0.03,1.0
12423,0.43,0.04,0.78
16995,0.04,0.02,1.0
9672,0.04,0.03,1.0
14380,0.04,0.02,1.0
15472,0.03,0.05,1.0
15393,0.05,-0.16,1.05
2291,0.05,0.04,1.05
18851,0.05,0.05,1.0
8766,0.04,0.03,1.0
9435,0.04,0.02,1.0
967,0.04,0.03,1.0
445,0.06,-0.0,0.92
15455,0.05,0.0,1.07
7015,0.03,-0.01,0.95
12248,0.04,0.02,1.0
18870,0.21,0.17,1.0
438,0.04,0.02,1.01
16492,0.04,0.04,1.01
15849,0.01,0.0,1.02
14887,0.1,0.0,0.93
9364,0.04,0.02,1.0
11895,0.04,0.02,1.0
8665,0.04,0.03,1.0
19475,-0.09,-0.11,1.1
9712,0.04,0.05,1.0
5708,0.04,0.02,1.0
468,0.04,0.02,1.0
17799,0.04,0.02,1.0
3942,0.04,0.03,1.0
17275,0.04,0.02,1.0
757,0.04,0.02,1.0
18612,0.13,0.23,0.99
2703,0.02,-0.09,0.92
5624,-0.0,0.11,0.98
11203,0.04,0.04,1.01
8863,0.04,0.03,1.0
4189,0.04,0.05,1.0
917,0.04,0.03,1.0
18266,0.0,0.15,0.98
4834,0.04,0.04,1.0
1376,0.14,0.05,0.95
18846,0.04,0.04,1.0
9271,-0.05,0.03,1.08
14431,0.03,0.03,1.0
19252,0.04,0.04,1.0
11156,0.03,0.04,1.01
18619,0.05,0.08,0.93
16091,0.03,0.04,1.0
7272,0.04,0.05,1.0
13158,0.04,0.04,1.0
538,0.03,0.03,1.0
10005,0.02,0.08,1.02
8956,0.04,0.02,1.0
5653,0.04,0.02,1.0
10689,0.04,0.04,1.0
16335,0.04,0.04,1.01
17592,0.05,0.33,0.98
18948,0.04,0.04,1.0
10732,0.07,0.06,1.0
13948,0.04,0.03,1.0
2190,0.06,-0.020000000000000004,0.96
14585,0.04,0.03,1.0
17584,0.02,0.05,1.2
7970,0.04,0.04,1.01
16433,0.04,0.04,1.01
17430,0.04,0.04,1.01
1434,0.02,0.05,0.99
11586,0.25,0.12,0.96
16214,0.03,0.05,1.01
13632,0.04,0.04,1.01
2776,0.04,0.02,1.0
6920,0.04,0.05,1.0
332,0.04,0.03,1.0
3106,0.04,0.05,1.01
2106,0.03,0.04,1.01
1364,0.04,0.05,1.0
306,0.05,0.03,1.0
11808,0.04,0.03,1.0
4111,0.11,-0.14,1.01
8908,0.04,0.02,1.0
11424,0.04,0.02,1.0
1999,0.15,0.08,0.9
3015,0.03,0.03,1.0
10829,0.03,0.04,1.01
9573,0.04,0.02,1.0
18695,0.04,0.05,1.0
5867,0.04,0.02,1.0
11647,0.04,0.02,1.0
7841,0.16,0.09,1.16
5748,0.02,0.05,1.01
16396,0.03,0.05,1.01
19208,0.05,0.05,1.0
15938,0.04,0.05,1.0
5325,0.04,0.04,1.01
11024,0.04,0.04,1.02
6886,0.03,0.05,1.0
8767,0.04,0.02,1.0
17345,-0.01,-0.04,1.13
2452,0.04,0.04,1.01
17351,0.04,0.02,1.0
11506,0.04,0.03,1.0
11502,0.04,0.03,1.01
17011,0.14,-0.02,1.0
1117,0.04,0.04,1.0
13587,0.04,0.04,1.01
9353,0.04,0.02,1.0
18797,0.04,0.04,1.0
3603,0.04,0.01,1.0
5578,0.04,0.03,1.0
8395,0.04,0.02,1.0
18758,0.07,-0.09,1.14
4639,0.04,0.05,1.0
14863,0.04,0.02,1.0
11760,0.04,0.02,1.0
16054,0.07,-0.11,0.95
13695,0.02,0.08,0.98
5491,0.03,0.04,1.0
6354,0.04,0.03,1.0
10219,0.04,0.05,1.0
16983,0.04,0.03,1.0
16896,0.04,0.03,1.0
14715,0.04,0.02,1.0
7791,0.04,0.03,1.0
11411,0.04,0.03,1.0
5847,0.04,0.03,1.0
7492,0.01,0.06,1.0
134,0.04,0.03,1.0
12054,0.04,0.02,1.0
18968,0.04,0.04,1.0
14170,0.18,0.21,1.1
19755,0.04,0.04,1.01
15019,0.04,0.03,1.0
800,0.04,0.03,1.0
17296,0.05,0.02,1.0
19463,0.04,0.05,1.01
7580,0.04,0.04,1.0
427,0.04,0.02,1.0
17932,0.04,0.02,1.0
9511,0.04,0.03,1.0
5037,0.03,0.04,1.01
10708,0.04,0.04,1.0
13369,0.04,0.05,1.0
10598,0.04,0.04,1.0
2543,0.03,0.06,1.0
6581,0.0,0.22,0.96
1257,0.04,0.0,1.03
16152,0.03,0.05,1.0
12847,0.04,0.05,1.0
10123,-0.09,-0.02,0.93
5170,0.03,0.04,1.01
2739,0.04,0.02,1.0
10917,0.0,0.11,0.87
14673,0.04,0.03,1.0
3222,0.02,-0.21,0.82
12837,0.04,0.04,1.0
1930,0.04,0.05,1.0
15974,0.03,0.04,1.0
18203,0.04,0.03,1.0
3113,0.04,0.03,1.0
10019,0.04,0.04,1.0
8347,0.04,0.03,1.0
13497,0.43,0.13,0.75
10945,0.03,0.04,1.01
8903,0.04,0.03,1.0
17464,0.04,0.02,1.0
17919,0.05,0.0,0.99
10017,0.04,0.05,1.0
17099,0.04,0.03,1.0
17244,0.07,0.12,0.92
8994,-0.03,0.13,1.12
3937,0.03,0.03,1.0
19389,0.04,0.05,1.01
5833,0.04,0.02,1.0
6489,0.04,0.02,1.0
13399,0.04,0.04,1.0
9146,0.04,0.02,1.0
13009,0.02,0.04,1.04
15165,0.04,0.02,1.0
19067,0.04,0.04,1.0
3253,0.04,0.02,1.0
7631,0.04,0.04,1.0
6607,0.04,0.03,1.0
4365,0.08,-0.52,0.78
9979,0.07,0.04,0.96
8847,0.03,0.0,0.99
18890,0.04,0.04,1.0
9714,0.04,0.05,1.0
18169,0.04,0.03,1.0
7462,0.04,0.04,1.0
18092,-0.02,0.28,0.96
3648,0.05,0.04,1.0
19769,0.04,-0.13,0.99
13899,0.05,0.09,0.94
17033,0.04,0.03,1.0
10223,0.04,0.05,1.0
8233,0.04,0.05,1.0
2318,0.04,0.04,1.01
19564,0.04,0.04,1.01
15716,0.04,0.05,1.0
9591,-0.02,0.07,1.08
2022,0.04,0.05,1.0
13670,0.04,0.05,1.01
11702,0.04,0.02,1.0
17795,0.04,0.03,1.0
9803,0.02,0.05,0.95
16072,0.02,0.04,1.0
11662,0.03,0.03,1.0
11934,0.04,0.03,1.0
9438,-0.0,0.07,1.08
5664,0.04,0.02,1.0
15156,0.03,0.02,1.0
4870,0.04,0.04,1.0
7851,0.04,0.04,1.01
17065,0.04,0.02,1.0
8477,0.04,0.03,1.0
6600,0.04,0.02,1.0
12901,0.04,0.05,1.0
18237,0.04,0.05,1.0
4395,0.04,0.05,1.0
3806,0.04,0.03,1.0
12967,0.04,0.05,1.0
9771,0.05,0.05,0.91
9902,0.02,-0.01,0.94
11321,0.25,0.09,0.93
4341,0.04,0.05,1.0
9348,0.03,0.05,1.0
3578,0.04,0.03,1.0
10083,0.04,0.05,1.0
5362,0.03,0.05,1.01
19201,0.04,0.04,1.0
43,0.07,0.05,1.0
17,0.04,0.02,1.0
798,0.04,0.02,1.0
5942,0.03,0.02,1.0
1886,0.04,0.14,0.95
16161,0.04,-0.14,0.95
14991,0.12,0.08,1.05
2377,0.04,0.05,1.01
1200,0.03,0.05,1.0
11349,0.04,0.02,1.0
17511,0.04,0.02,1.0
8304,0.04,0.04,1.01
13930,0.04,0.03,1.0
6798,0.05,-0.02,1.12
4355,0.11,-0.39,0.93
10008,0.04,0.05,1.0
481,0.04,0.03,1.0
7907,0.03,0.05,1.01
10597,0.04,0.04,1.0
14946,0.04,0.02,1.0
14226,0.12,-0.11,0.99
14591,0.04,0.02,1.0
12169,0.04,0.03,1.0
7692,0.04,0.04,1.0
19139,0.05,0.04,1.0
1333,0.04,0.05,1.0
4161,0.02,-0.08,1.0
15589,0.05,0.04,1.0
3426,0.04,0.03,1.0
4655,0.04,0.04,1.0
15489,0.04,0.05,1.0
444,0.02,0.06,1.0
13951,0.04,0.03,1.0
12486,0.04,0.05,1.0
19192,0.04,0.04,1.0
16986,0.04,0.03,1.0
1422,0.0,0.03,0.99
5643,0.04,0.03,1.0
17595,0.12,0.17,1.01
14584,0.04,0.02,1.0
14864,0.04,0.03,1.0
1712,0.04,0.05,1.0
1065,0.0,0.02,0.96
430,0.04,0.02,1.0
18963,0.04,0.04,1.0
15441,0.04,0.05,1.0
2332,0.04,0.04,1.01
227,0.01,0.03,1.08
18675,0.2,0.17,0.98
578,0.04,0.02,1.0
4517,0.08,0.08,1.01
9933,0.03,0.1,1.02
685,0.04,0.02,1.0
7558,0.06,0.64,0.84
5658,0.04,0.03,1.0
11393,0.04,0.05,0.97
3976,0.04,0.05,1.0
8522,0.04,0.03,1.0
6315,0.03,0.03,1.0
762,0.04,0.03,1.0
3748,0.04,0.02,1.0
9069,0.04,0.02,1.0
797,0.04,0.02,1.0
8332,0.04,0.03,1.0
8065,0.04,0.04,1.02
8647,0.04,0.04,1.0
11342,0.04,0.03,1.0
7732,0.04,0.04,1.0
14318,-0.0,-0.11,1.0
18300,0.04,0.05,1.0
18100,0.04,0.02,1.0
18811,0.06,0.04,1.0
10135,0.04,0.04,1.0
6636,0.04,0.03,1.0
7106,-0.01,-0.03,1.05
433,0.04,0.02,1.0
529,0.04,0.03,1.0
2782,0.04,0.02,1.0
6196,0.04,0.02,1.0
12123,0.04,0.03,1.0
16306,0.05,0.11,1.2
14065,0.04,0.03,1.0
1657,0.04,0.05,1.0
1294,0.04,0.05,1.0
13471,0.04,0.04,1.01
16842,0.04,0.03,1.0
592,0.05,0.04,1.02
14464,0.04,-0.13,0.97
8729,0.04,0.02,1.01
8602,0.04,0.03,1.0
5570,-0.02,0.22,1.02
16726,0.03,0.03,1.0
2397,0.03,0.05,1.01
7322,-0.0,0.04,1.04
2225,0.04,0.04,1.01
16007,0.08,0.05,0.93
16533,0.0,0.07,1.04
10652,0.04,0.04,1.0
14735,0.05,-0.02,1.0
1280,0.04,0.05,1.0
16871,0.02,0.02,0.98
15300,0.04,0.05,1.0
11084,0.04,0.04,1.01
12075,0.04,0.02,1.0
17846,0.04,0.02,1.0
19718,0.0,0.06,0.84
8459,0.04,0.03,1.0
6205,0.04,0.1,1.04
11053,0.03,0.04,1.01
7344,0.04,0.05,1.0
17211,0.04,0.02,1.0
16156,0.01,0.21,1.17
14839,0.12,0.11,1.02
16438,0.04,0.04,1.0
7277,0.04,0.05,1.0
2892,0.04,0.02,1.0
12602,0.04,0.04,1.0
8098,0.04,0.04,1.01
5502,0.0,0.0,1.02
9922,0.06,-0.01,1.0
19785,0.07,-0.009999999999999995,1.13
18617,0.07,0.19,0.93
19497,0.03,0.04,1.01
23,0.04,0.02,1.0
17344,0.12,-0.2,0.97
18795,0.04,0.04,1.0
4974,0.03,0.04,1.01
10604,0.04,0.04,1.0
8687,-0.17,0.1,1.0
16768,0.04,0.03,1.0
3685,0.13,-0.39,0.88
14959,0.04,0.02,1.0
9292,-0.0,0.16,0.93
18991,0.36,0.21,0.95
2388,0.14,0.04,0.94
19056,0.14,-0.09,0.98
6554,0.04,0.02,1.0
1162,0.01,-0.02,1.05
17994,-0.04,-0.1,1.0
6532,0.03,0.01,1.02
19456,0.04,0.05,1.01
17740,0.04,-0.12,1.06
11373,0.25,0.16,1.13
12406,0.04,0.02,1.0
6042,0.04,0.03,1.0
9380,0.04,0.03,1.0
2792,0.04,0.02,1.0
17498,0.05,-0.06,0.99
14807,0.04,0.02,1.0
16723,0.04,0.03,1.0
1575,0.04,0.05,1.0
7411,0.04,0.04,1.0
16681,0.04,0.03,1.01
18742,0.04,0.04,1.0
15486,0.04,0.04,1.0
16001,0.04,-0.11,0.99
11812,0.0,0.18,1.21
5840,0.04,0.03,1.0
18275,0.05,-0.0,1.03
15991,0.03,0.04,1.0
1331,0.04,0.04,1.01
9243,0.04,0.02,1.0
4137,0.04,0.04,1.0
3963,0.04,0.05,1.0
5959,0.04,0.03,1.0
6689,0.04,0.03,1.0
17493,0.14,0.48,0.76
1052,0.04,0.02,1.0
3471,0.04,0.02,1.01
13941,0.04,0.03,1.0
1889,0.2,0.1,0.89
624,0.04,0.03,1.0
18368,0.06,0.11,1.0
14427,0.04,0.03,1.0
1341,0.04,0.05,1.0
19713,0.12,0.11,1.0
6366,0.0,0.04,1.0
12216,0.04,0.03,1.0
1078,0.04,0.02,1.0
3164,0.04,0.03,1.0
18345,0.04,0.04,1.0
7473,0.04,0.04,1.0
3985,0.04,0.05,1.0
1503,0.04,0.05,1.0
5405,0.04,0.04,1.01
18143,0.04,0.02,1.0
14405,0.04,0.03,1.0
2391,0.05,0.08,1.12
9092,-0.05,0.0,0.93
14121,0.04,0.03,1.0
11994,0.04,0.03,1.0
6889,0.06,0.02,1.0
17185,0.04,0.03,1.0
11268,0.04,0.02,1.0
6224,0.04,0.03,1.0
2537,0.18,0.08,0.83
517,0.04,0.03,1.0
673,0.12,0.04,0.96
18146,0.04,0.02,1.0
15519,0.1,0.02,0.94
13081,0.11,0.0,1.08
12110,0.04,0.02,1.0
11106,0.03,0.04,1.01
18404,0.04,0.04,1.0
12006,0.04,0.02,1.0
5082,0.03,0.04,1.0
11838,0.04,0.02,1.0
15060,0.04,0.03,1.0
6733,0.04,0.03,1.0
4522,0.04,0.05,1.0
7110,0.07,0.01,0.97
11513,0.15,0.04,0.94
13221,0.04,0.05,1.0
7915,0.03,0.04,1.01
18374,0.09,0.0,0.91
11663,0.04,0.07,1.0
10974,0.04,-0.020000000000000004,1.19
13458,0.04,0.04,1.01
1474,-0.03,0.01,1.01
10365,0.04,0.05,1.0
10472,0.04,0.04,1.0
19502,0.04,0.05,1.01
10889,0.04,0.05,1.01
15615,0.04,0.05,1.0
850,0.04,0.03,1.01
16058,0.09,-0.12,1.06
18596,0.04,0.04,1.0
11110,-0.01,0.009999999999999995,1.18
17478,0.04,0.03,1.0
1040,0.04,0.03,1.0
2214,0.04,0.04,1.01
15816,0.04,0.04,1.0
3671,0.04,0.03,1.0
11081,0.03,0.04,1.01
3305,0.04,0.03,1.0
12825,0.04,0.05,1.0
984,0.04,0.03,1.0
18893,0.04,0.04,1.0
13310,0.04,0.05,1.0
1286,0.04,0.05,1.0
16199,0.03,0.04,1.01
3554,0.04,0.01,1.0
414,0.04,0.02,1.0
3753,0.04,0.03,1.0
12397,0.04,0.03,1.0
9761,0.04,0.05,1.0
15490,0.04,0.05,1.0
16857,0.04,0.03,1.0
12457,0.04,0.03,1.0
19074,0.04,0.05,1.0
5077,0.03,0.05,1.01
2098,0.04,0.05,1.0
1006,0.04,0.03,1.0
18056,0.04,0.02,1.01
9563,0.04,0.02,1.0
19452,0.04,0.05,1.01
15851,0.02,0.04,1.0
2344,0.08,0.16999999999999998,0.75
12503,0.04,0.05,1.0
265,0.04,0.03,1.0
11281,0.04,0.03,1.0
8656,0.04,0.03,1.0
3394,0.03,0.02,1.0
19732,0.04,0.04,1.01
8433,-0.04,0.04,0.98
3454,0.04,0.02,1.0
15054,0.04,0.03,1.0
8045,0.04,0.05,1.01
16922,0.04,0.03,1.0
11712,0.04,0.02,1.0
3694,-0.02,-0.55,0.83
8809,0.04,0.03,1.0
253,0.04,0.03,1.0
18601,0.02,0.06,1.0
19727,0.0,0.05,1.01
1150,0.18,0.02,0.99
2146,0.03,0.07,1.08
6700,0.04,0.02,1.0
7078,0.04,0.05,1.0
4062,0.03,0.07,0.98
1731,0.04,0.03,1.0
1084,0.04,0.03,1.0
1674,0.0,0.05,0.99
12008,0.04,0.03,1.0
3350,0.03,0.04,1.0
7167,0.02,0.05,1.07
14981,0.11,-0.04,0.93
17373,0.04,0.02,1.0
18325,0.12,0.17,0.97
1505,0.04,0.05,1.0
18370,-0.05,0.06,1.12
1975,0.04,0.05,1.0
16861,0.04,0.03,1.01
11159,0.0,0.16999999999999998,1.09
15249,0.04,0.05,1.0
7794,0.03,0.04,1.01
3989,0.04,0.05,1.0
5242,0.08,0.04,1.01
7464,0.04,0.04,1.0
4719,0.04,0.05,1.0
13676,0.04,0.05,1.01
695,0.04,0.02,1.0
6244,0.04,0.02,1.0
16753,0.15,0.37,0.98
4066,0.04,0.05,1.0
6541,0.04,0.03,1.0
17527,0.04,0.02,1.0
16731,0.04,0.03,1.0
18476,0.04,0.05,1.0
17884,0.04,0.02,1.0
19429,0.08,0.15000000000000002,0.98
18809,0.04,0.05,1.0
8481,0.04,0.02,1.0
1000,0.04,0.03,1.0
3178,-0.0,0.0,0.97
7737,0.04,0.04,1.0
13677,0.03,0.05,1.01
8177,0.04,0.04,1.01
2118,0.04,0.04,1.01
19810,0.04,0.05,1.01
2277,0.04,0.05,1.01
11562,0.04,0.02,1.0
16502,0.04,0.04,1.01
3352,-0.02,-0.3,0.96
15845,0.1,0.05,1.03
6824,0.04,0.03,1.0
3191,0.03,0.08,1.01
16418,0.02,0.06,1.01
5196,0.12,0.16,0.95
10140,0.04,0.04,1.0
13474,0.04,0.04,1.01
3715,0.04,0.02,1.0
14187,0.04,0.03,1.0
19767,0.01,0.020000000000000004,1.04
10518,0.06,0.03,1.0
4795,0.04,0.07,0.95
6818,0.05,0.04,1.0
16900,0.04,0.03,1.01
6971,0.04,0.05,1.0
19580,0.04,0.04,1.01
1799,0.04,0.04,1.0
10196,0.05,-0.02,1.0
18574,0.04,0.05,1.0
13897,0.05,0.06,1.05
15964,0.03,0.04,1.0
17650,-0.02,0.02,1.04
19144,0.04,0.05,1.0
13749,0.04,0.05,1.01
2640,-0.02,0.08,1.14
17718,0.04,0.03,1.0
7393,0.05,0.18,1.08
13832,0.2,0.11,0.97
17497,0.03,0.2,0.93
9186,0.0,0.02,1.01
3339,0.04,0.03,1.0
19233,0.04,0.04,1.0
14990,0.16,0.12,1.01
17206,0.04,0.03,1.0
2489,0.16,0.03,0.96
5221,0.04,0.04,1.0
16733,0.04,0.02,1.0
13533,0.03,0.04,1.01
7993,0.04,0.05,1.01
4920,0.04,0.04,1.0
6544,0.04,0.02,1.0
16401,0.08,0.05,0.89
10132,0.04,0.04,1.01
5814,0.04,0.03,1.0
954,0.04,0.03,1.0
14868,0.0,0.24,1.06
17420,0.04,0.02,1.0
16717,0.04,0.03,1.0
6172,-0.15,0.24,0.95
10544,0.04,0.04,1.0
7793,0.04,0.04,1.01
14882,0.25,0.27,1.09
3534,0.04,0.02,1.0
12413,0.04,0.02,1.0
5144,0.03,0.05,1.0
1721,0.14,0.05,0.99
5913,0.04,0.03,1.0
10825,0.04,0.04,1.01
18224,0.04,0.05,1.0
15262,0.04,0.05,1.0
9531,0.04,0.03,1.0
10242,0.04,0.04,1.0
11813,0.19,-0.03,1.16
16096,0.03,0.04,1.0
7164,0.04,0.04,1.0
9787,0.03,0.05,1.02
16708,0.02,0.09,1.01
15154,0.04,0.02,1.0
16558,0.04,0.05,1.01
2569,0.04,0.04,1.01
6495,0.04,0.02,1.0
7370,0.04,0.04,1.0
17387,0.08,0.24,1.02
6134,0.04,0.02,1.0
5585,0.04,0.03,1.0
1148,0.12,0.02,0.98
11548,0.04,0.03,1.0
1941,0.14,0.05,0.89
18055,0.03,0.03,1.0
1033,0.04,0.03,1.0
4095,0.03,0.03,0.97
18415,0.04,0.04,1.0
9578,0.04,0.02,1.0
14211,0.04,0.03,1.0
8876,0.04,0.03,1.0
457,0.03,0.03,1.0
19327,0.04,0.04,1.01
3457,0.04,0.03,1.0
5861,0.04,0.03,1.0
12433,0.04,0.05,1.14
4069,0.04,0.04,1.0
12041,0.37,0.11,1.02
96,0.04,0.02,1.0
3652,0.04,0.02,1.0
3221,0.02,-0.11,1.02
2479,0.04,0.04,1.01
18132,0.04,0.17,1.01
4162,0.06,-0.07,0.91
7327,0.04,0.05,1.0
2632,0.04,0.04,1.01
3964,0.04,0.05,1.0
9781,0.04,0.05,0.99
2243,0.09,0.009999999999999995,0.96
15534,0.04,0.05,1.0
9162,0.04,0.03,1.0
14786,0.04,0.02,1.0
4064,0.04,0.04,1.0
16440,0.04,0.04,1.01
3103,-0.05,0.1,0.89
6268,0.04,0.02,1.0
5571,-0.05,0.03,1.04
13092,0.04,0.04,1.0
2394,0.03,0.05,1.01
15160,0.04,0.03,1.0
10227,0.04,0.05,1.0
1594,0.04,0.05,1.0
2396,0.03,0.04,1.01
3166,0.04,0.02,1.0
9532,0.04,0.02,1.0
380,0.04,0.03,1.0
10267,0.04,0.04,1.0
11574,0.11,0.01,1.12
12492,0.04,0.04,1.0
16032,0.03,0.04,1.0
5589,0.03,0.03,1.0
3284,0.04,0.03,1.0
17289,0.1,0.18,0.85
9241,0.04,0.03,1.0
11023,0.02,0.06,1.02
1666,0.05,0.03,0.93
2956,0.03,0.02,1.0
4368,0.02,-0.09,1.02
17798,0.04,0.02,1.0
9982,0.1,0.07,0.92
5513,0.0,0.12,1.07
18051,0.04,0.01,1.0
2545,0.03,0.05,1.01
15723,0.04,0.04,1.0
12997,0.04,0.04,1.0
18812,0.05,0.02,1.03
7082,0.04,0.05,1.0
7630,0.04,0.04,1.0
13751,0.04,0.05,1.0
9686,0.04,0.02,1.0
18484,-0.08,0.07,1.14
2359,0.03,0.04,1.01
2138,0.04,0.04,1.14
8666,0.04,0.03,1.0
9555,-0.02,0.08,1.14
2402,0.04,0.04,1.01
18101,0.04,0.03,1.0
17122,0.04,0.02,1.0
4460,0.04,0.05,1.0
893,0.01,0.02,1.06
2581,0.04,0.04,1.01
2378,0.04,0.04,1.0
19655,0.2,0.19,1.0
17255,0.04,0.03,1.0
15066,0.04,0.02,1.0
14027,0.04,0.03,1.0
9503,-0.12,0.07,1.15
16319,0.04,0.04,1.0
15301,0.04,0.04,1.0
1283,0.04,0.05,1.0
10484,0.04,0.05,1.0
19626,0.04,0.05,1.01
11333,0.04,0.02,1.0
6142,0.04,0.02,1.0
15546,0.04,0.05,1.0
14494,0.04,0.02,1.0
10933,0.04,0.04,1.01
2520,0.04,0.04,1.01
9371,0.04,0.02,1.0
4546,0.04,0.05,1.0
13172,0.04,0.04,1.0
6133,0.04,0.03,1.0
1473,-0.02,0.07,0.95
415,0.04,0.03,1.0
8972,0.04,0.02,1.0
7013,0.02,0.08,1.05
5423,0.04,0.05,1.01
7717,0.05,0.02,1.0
6299,0.04,0.03,1.0
7976,0.03,0.04,1.01
14049,0.05,0.06,1.01
3870,0.04,0.02,1.0
711,0.08,0.01,0.95
15005,0.04,0.03,1.0
17922,0.04,0.02,1.0
3673,0.04,0.02,1.0
4826,0.04,0.04,1.0
18947,0.04,0.04,1.0
2533,0.06,0.0,1.21
18163,0.04,0.03,1.0
9867,0.02,0.01,0.98
9557,0.01,0.03,1.0
2948,0.04,0.02,1.0
16410,-0.01,-0.24,0.96
1497,0.04,0.05,1.0
16454,0.02,0.06,1.01
19464,0.04,0.04,1.01
6891,-0.08,0.12,1.06
9126,0.04,0.02,1.0
11394,0.06,0.04,1.0
10993,0.04,0.05,1.01
4352,0.05,-0.05,0.99
14750,0.04,0.02,1.0
2943,0.04,0.02,1.0
17670,0.04,0.03,1.0
17976,0.04,0.03,1.0
13082,0.07,0.02,1.07
1525,0.06,0.04,0.96
12995,0.04,0.04,1.0
10037,0.04,0.05,1.0
8046,0.04,0.04,1.01
5644,0.04,0.03,1.0
18121,0.04,0.02,1.0
1408,0.04,0.05,1.0
3440,0.04,0.02,1.0
16028,0.03,0.04,1.0
16451,0.04,0.04,1.01
918,0.04,0.03,1.0
528,0.04,0.03,1.0
1814,0.04,0.05,1.0
10753,0.04,0.04,1.0
288,0.03,0.05,1.0
18598,0.04,0.04,1.0
17838,0.03,0.03,1.0
19514,0.04,0.04,1.01
8805,0.04,0.03,1.0
15854,0.03,0.04,1.0
16399,0.03,0.07,1.02
11396,0.04,0.03,1.0
15148,0.26,0.39,0.8
12770,0.04,0.04,1.0
16276,0.04,0.04,1.01
6914,-0.01,0.07,0.98
17485,0.11,0.04,1.04
8549,0.04,0.03,1.0
15867,0.03,0.04,1.0
4511,0.04,0.08,1.0
8727,0.04,0.03,1.0
1488,0.02,0.05,1.0
2508,0.04,0.04,1.01
6728,0.04,0.04,0.98
14798,0.04,0.02,1.0
3082,0.04,0.02,1.0
12542,0.04,0.05,1.0
775,0.1,0.0,0.89
10488,0.04,0.05,1.0
7137,0.04,0.04,1.0
1634,0.04,0.05,1.0
9904,0.04,0.03,0.95
15561,0.04,0.05,1.0
16240,0.04,0.05,1.0
12322,0.04,0.02,1.01
13886,0.04,0.03,1.0
470,0.04,0.02,1.0
2774,0.04,0.02,1.0
12588,0.01,0.04,1.03
16802,0.04,0.03,1.0
11274,0.04,0.03,1.0
18648,0.04,0.05,1.0
6215,-0.02,0.36,0.97
12678,0.09,0.0,0.96
18470,0.04,0.04,1.0
15237,0.02,-0.07,1.16
17381,0.1,0.07,0.94
14834,0.06,0.08,1.05
6261,0.02,0.02,1.0
599,0.03,0.05,1.12
4892,0.03,0.05,1.01
11397,0.04,0.03,1.0
18641,0.04,0.04,1.0
4243,0.03,0.05,1.0
5009,0.05,0.18,0.88
1909,0.04,0.05,1.0
12959,0.04,0.05,1.0
11783,0.09,0.09,1.01
5034,0.04,0.04,1.01
16625,0.18,-0.15000000000000002,0.89
13805,0.04,0.04,1.01
19740,0.03,0.04,1.01
12255,0.04,0.03,1.0
6191,0.04,0.03,1.0
16942,0.09,0.03,1.02
9886,0.04,0.05,1.0
12306,0.04,0.03,1.0
14285,0.04,0.02,1.0
5501,0.02,0.04,1.02
7986,0.04,0.04,1.01
19232,0.04,0.04,1.0
6311,0.04,0.03,1.0
9238,-0.06,0.04,1.06
18886,0.04,0.05,1.0
18547,0.02,0.1,1.03
13647,0.02,0.09,1.05
8779,0.04,0.03,1.0
1448,0.04,0.04,1.0
16004,0.04,-0.34,0.89
1332,0.04,0.05,1.0
11844,0.04,0.02,1.0
1421,-0.04,0.0,1.01
8530,0.04,0.03,1.0
11978,0.04,0.03,1.0
16927,0.04,0.03,1.0
16246,0.06,-0.06000000000000001,0.86
12973,0.04,0.04,1.0
6829,0.04,0.02,1.0
8114,0.04,0.05,1.01
7799,0.03,0.04,1.0
6589,0.05,0.02,1.0
13520,0.04,0.05,1.01
2882,0.03,0.02,1.0
16994,0.04,0.03,1.0
3948,0.04,0.03,1.0
3326,0.04,0.02,1.0
3725,0.04,0.03,1.0
3223,0.05,-0.25,0.89
10824,0.03,0.04,1.01
3665,0.04,0.03,1.0
7294,-0.02,-0.01,1.03
17899,0.04,0.02,1.0
14535,0.04,0.03,1.0
6747,0.04,0.03,1.0
2593,0.05,0.05,1.1
12861,0.38,0.02,0.92
3459,0.04,0.03,1.0
5045,0.04,0.04,1.01
16897,0.04,0.03,1.0
16045,0.03,0.04,1.0
15927,0.03,0.04,1.0
9462,0.04,0.02,1.0
3474,0.04,0.02,1.0
4601,0.04,0.05,1.0
1761,0.04,0.05,1.0
18321,0.11,0.1,1.03
11145,0.04,0.04,1.01
17201,0.04,0.03,0.99
15528,0.04,0.05,1.0
7540,0.04,0.04,1.0
19374,0.07,-0.21999999999999997,1.05
854,0.09,0.02,0.89
1496,0.04,0.05,1.0
18253,0.04,0.05,1.0
12458,0.04,0.03,1.0
2469,0.04,0.04,1.01
18657,0.05,0.04,1.0
14500,0.04,0.02,1.0
17372,0.04,0.02,1.0
7051,0.04,0.04,1.0
4806,0.04,0.04,1.0
13797,0.04,0.04,1.01
7798,0.04,0.04,1.01
11660,0.04,0.02,1.0
16550,0.04,0.05,1.0
5657,0.04,0.03,1.0
19425,0.12,0.41000000000000003,1.0
10916,-0.12,-0.2,1.0
2336,0.03,0.04,1.01
17889,0.04,0.03,1.0
8031,0.04,0.04,1.01
9015,0.04,0.02,1.0
4947,0.0,0.07,0.99
19505,0.04,0.04,1.01
15972,0.03,0.04,1.0
4904,0.04,0.04,1.01
17078,0.08,0.53,1.01
501,0.03,0.01,1.05
15538,0.04,0.04,1.0
10871,0.04,0.04,1.01
15693,0.04,0.04,1.0
1048,0.04,0.02,1.0
16539,0.04,0.05,1.01
13059,0.04,0.04,1.0
2638,0.04,0.04,1.0
11392,0.05,0.06,1.02
13900,0.07,0.12,1.0
14168,0.25,-0.0,0.92
18401,0.04,0.04,1.0
14877,0.06,-0.04,0.99
13772,0.04,0.05,1.01
11538,0.04,0.03,1.0
16181,0.04,0.04,1.0
16407,0.1,-0.21999999999999997,0.99
17245,0.04,0.02,1.0
6127,0.02,0.01,0.98
3235,0.07,0.03,1.0
18050,0.06,0.04,1.0
14105,0.11,-0.05,1.03
17746,0.04,0.02,1.0
16851,0.04,0.03,1.0
778,0.04,0.08,0.99
18771,0.17,-0.11,1.05
7125,0.09,0.25,1.06
17328,0.04,0.02,1.0
13325,0.04,0.05,1.0
4270,-0.01,0.05,0.98
1196,0.04,0.05,1.0
15304,0.04,0.05,1.0
51,0.14,0.11,0.95
6154,0.04,0.03,1.0
9110,0.04,0.02,1.0
2308,0.04,0.05,1.0
11975,0.04,0.02,1.0
15670,0.04,0.05,1.0
17986,0.04,0.02,1.0
6691,0.04,0.02,1.0
1115,0.04,0.05,1.0
3045,0.04,0.03,1.0
657,0.04,0.03,1.0
17339,0.05,0.34,0.98
3369,0.04,0.03,1.0
17651,0.04,0.03,1.0
5321,0.03,0.18,1.05
6444,0.04,0.02,1.0
1189,0.04,0.04,1.0
14082,0.04,0.03,1.0
19754,0.04,0.05,1.01
16651,0.03,0.05,1.0
10878,0.04,0.04,1.01
7662,0.05,0.18,1.06
6594,0.04,0.03,1.0
566,0.04,0.03,1.0
4387,0.04,0.04,1.0
6453,0.04,0.02,1.0
17442,0.15,0.09,1.06
10663,-0.27,0.24,0.8
6189,0.04,0.02,1.0
841,0.04,0.02,1.0
4108,0.16,-0.54,0.92
1645,0.04,0.04,1.0
12924,0.35,0.02,0.96
8494,0.04,0.03,1.0
9215,0.04,0.02,1.0
13654,0.04,0.04,1.01
12888,0.04,0.05,1.01
2673,0.04,0.04,1.01
1976,0.04,0.05,1.0
18877,0.18,-0.08,0.95
19494,0.03,0.04,1.01
12475,0.05,0.05,1.0
1151,0.21,0.01,1.0
5152,0.04,0.05,1.0
4353,0.06,-0.17,0.99
7804,0.04,0.04,1.01
15471,0.04,0.05,1.0
12972,0.04,0.04,1.0
766,0.04,0.02,1.0
9051,0.04,0.02,1.0
10792,0.04,0.05,1.01
11898,0.04,0.03,1.0
1487,0.04,0.04,1.01
4083,0.04,0.05,1.0
6170,-0.04,0.39,0.95
17068,0.04,0.03,1.0
18334,0.1,-0.0,1.0
8977,0.04,0.03,1.0
5244,0.08,-0.22999999999999998,0.78
13423,0.03,0.05,1.01
2625,0.03,0.05,1.01
13968,0.04,0.02,1.0
12024,0.04,0.02,1.0
7425,0.04,0.04,1.0
14210,0.04,0.03,1.0
3102,0.04,-0.05,1.06
13402,0.04,0.04,1.0
4371,0.0,0.0,1.02
1300,0.04,0.04,1.0
19332,0.04,0.05,1.01
5532,0.04,0.03,1.0
16715,0.04,0.03,1.0
6997,0.06,-0.04,0.97
8492,0.04,0.03,1.0
2026,0.04,0.05,1.0
12795,0.04,0.04,1.11
14456,0.04,0.02,1.0
8185,0.03,0.05,1.01
8974,0.04,0.02,1.0
2700,0.02,-0.25,0.95
18062,0.04,0.02,1.0
14194,0.04,0.03,1.0
14686,0.04,0.02,1.0
8670,0.04,0.03,1.0
1027,0.04,0.02,1.0
11680,0.21,0.01,1.17
913,0.04,0.03,1.0
12114,0.04,0.03,1.0
12768,0.04,0.05,1.0
18458,0.04,0.05,1.0
12547,0.04,0.04,1.0
6289,0.04,0.02,1.0
6684,0.04,0.02,1.0
6231,0.04,0.03,1.0
11484,0.04,0.03,1.0
17182,0.04,0.02,1.0
1347,0.04,0.05,1.0
1446,0.04,0.04,1.0
3635,0.11,-0.16,0.97
12366,0.04,0.03,1.0
3636,0.1,-0.34,0.99
17995,0.06,-0.12,1.02
10580,0.04,0.04,1.0
18384,0.2,0.11,0.91
6848,0.03,0.05,1.0
18973,0.04,0.04,1.0
2427,0.03,0.04,1.01
9480,0.04,0.03,1.0
15384,0.07,0.05,0.96
2747,0.11,-0.52,0.78
80,0.04,0.02,1.0
4501,0.07,-0.41,0.8
4526,0.04,0.05,1.0
16503,0.04,0.04,1.01
11463,0.04,0.03,1.0
18803,0.04,0.04,1.0
17457,0.04,0.02,1.0
1361,0.04,0.04,1.0
5099,0.04,0.04,1.01
11136,0.04,0.04,1.01
9471,0.04,0.03,1.0
8927,0.04,0.02,1.0
1574,0.04,0.05,1.0
6481,-0.04,0.41,1.03
2166,0.03,0.04,1.01
881,0.04,0.03,1.01
1580,0.04,0.05,1.0
12440,0.04,0.02,1.0
8417,0.04,0.03,1.0
1511,0.04,0.05,1.0
1900,0.04,0.05,1.0
19675,0.04,0.04,1.01
16845,0.04,0.03,1.0
15977,0.04,0.04,1.0
12991,0.04,0.04,1.0
4381,0.03,0.05,1.0
12859,0.14,0.07,1.03
19116,0.09,-0.05,0.99
1848,0.04,0.05,1.0
4272,0.04,0.04,1.0
9884,0.04,0.05,1.0
14052,0.06,0.07,0.99
18111,0.04,0.03,1.0
8775,0.04,0.02,1.0
8731,0.04,0.03,1.0
4898,0.04,0.05,1.01
18127,0.11,-0.12,1.03
16429,0.04,0.04,1.0
15953,0.02,0.09,1.0
9163,0.04,0.02,1.0
5102,0.04,0.04,1.01
5637,0.04,0.03,1.0
13317,0.04,0.05,1.0
8338,0.04,0.03,1.0
2610,0.03,0.04,1.01
19176,0.04,0.05,1.0
13851,0.04,0.04,1.01
18706,0.04,0.04,1.0
17723,0.04,0.02,1.0
5521,0.05,0.02,1.0
5726,0.04,0.02,1.0
12479,0.04,0.05,1.0
3623,0.04,0.02,1.0
12553,0.04,0.04,1.0
18389,0.0,-0.0,0.99
16970,0.04,0.03,1.0
3774,0.04,0.03,1.0
9269,0.03,0.01,1.0
2112,0.04,0.04,1.01
15842,0.02,-0.07,0.99
4602,0.04,0.05,1.01
9208,0.04,0.02,1.0
19784,-0.02,0.08,1.04
15281,0.09,-0.12,1.04
12403,0.04,0.03,1.0
12499,0.04,0.05,1.0
6090,0.04,0.03,1.0
5046,0.03,0.05,1.01
15881,0.04,0.04,1.0
6631,0.03,0.03,1.01
5779,0.04,0.03,1.0
16369,0.04,0.04,1.01
18139,0.03,-0.24,1.13
12069,0.04,0.03,1.0
17568,0.04,0.02,1.0
13478,0.04,0.04,1.01
9966,0.04,0.05,1.0
8658,0.04,0.03,1.0
8044,0.04,0.05,1.01
18752,0.04,0.04,1.0
12791,0.04,0.05,1.0
637,0.04,0.02,1.0
792,0.04,0.03,1.0
4625,0.02,-0.03,1.01
3327,0.04,0.03,1.0
14858,0.04,0.03,1.0
6932,0.04,0.05,1.0
14941,0.04,0.02,1.0
9433,0.04,0.03,1.0
12264,0.04,0.03,1.0
1195,0.04,0.05,1.0
45,0.06,0.0,1.0
15284,0.07,-0.14,1.09
13469,0.04,0.04,1.01
978,0.04,0.03,1.0
15220,0.14,0.21,1.01
8606,0.04,0.03,1.0
12146,0.08,0.14,1.06
6182,0.04,0.03,1.0
7520,0.04,0.04,1.0
11605,0.04,0.03,1.0
3026,0.04,0.03,1.0
6051,0.04,0.03,1.0
16809,0.19,0.02,1.0
1586,0.04,0.05,1.0
15201,0.04,0.05,1.0
9216,0.03,0.03,1.0
4838,0.05,0.07,1.0
18663,0.09,0.05,0.89
6683,0.04,0.03,1.0
14624,0.04,0.02,1.0
1979,0.04,0.05,1.0
4133,0.04,0.05,1.0
9148,0.04,0.02,1.0
14762,0.02,0.03,1.0
15635,0.12,-0.07,0.98
4718,0.04,0.04,1.0
18535,0.04,0.05,1.0
16878,0.08,0.34,1.19
3896,0.04,0.03,1.0
7636,0.04,0.04,1.0
14961,0.04,0.02,1.0
17292,0.07,-0.04,0.98
10158,0.04,0.04,1.0
2885,0.04,0.02,1.0
14251,0.04,0.03,1.0
10922,0.04,0.020000000000000004,0.97
15551,0.03,0.05,1.0
9830,0.04,0.05,1.0
16107,0.06,0.19,1.23
6854,0.04,0.05,1.0
13441,0.36,0.11,1.08
9411,0.04,0.02,1.0
10319,0.04,0.05,1.0
9558,0.05,0.03,1.01
432,0.04,0.03,1.0
9376,0.04,0.03,1.0
14996,0.04,0.02,1.0
8453,0.04,0.03,1.0
5014,0.04,0.04,1.01
9538,0.05,0.03,1.0
1835,0.13,0.09,0.95
14519,0.04,0.02,1.0
18095,0.05,0.0,1.05
1442,0.03,0.05,1.0
19027,0.04,0.04,1.0
8615,0.04,0.03,1.0
461,0.04,0.03,1.0
4828,0.04,0.04,1.0
10632,0.04,0.04,1.0
37,0.04,0.02,1.0
14958,0.04,0.02,1.0
9825,0.04,0.05,1.0
577,0.04,0.02,1.0
9403,-0.13,0.07,1.06
18718,0.04,0.04,1.0
6845,0.04,0.05,1.0
4230,0.04,0.04,1.0
14458,0.06,0.16,1.05
14466,-0.0,-0.16,0.9
12473,0.04,0.04,1.0
714,0.06,0.0,0.91
560,0.04,0.02,1.0
14513,-0.04,0.18,0.97
10078,0.04,0.05,1.0
5621,-0.01,0.14,0.99
12490,0.04,0.05,1.0
2339,0.04,0.06,0.95
5288,0.03,0.05,1.01
9301,0.04,0.03,1.0
4727,0.06,-0.24,1.06
14237,0.03,0.02,1.0
6038,0.04,0.03,1.0
13566,0.04,0.04,1.01
5490,0.03,0.04,1.0
16126,0.03,0.05,1.0
883,0.04,0.03,1.0
13476,0.04,0.05,1.01
12853,0.04,0.05,1.0
5289,0.03,0.05,1.01
11252,0.01,0.04,1.0
15438,0.04,0.05,1.0
568,0.04,0.03,1.0
11861,0.22,0.08,0.91
19199,0.04,0.05,1.0
2249,0.11,0.07,0.97
9408,0.04,0.03,1.0
9849,-0.16,0.01,0.98
4434,0.06,0.09,1.02
12338,0.07,0.06,1.01
12113,0.04,0.02,1.0
15815,0.04,0.04,1.0
15116,0.04,0.02,1.0
13137,0.26,0.08,0.91
239,0.07,0.04,0.99
12326,0.43,-0.03,0.78
13329,0.04,0.05,1.0
6195,0.04,0.03,1.0
17762,0.04,0.03,1.0
15588,0.04,0.05,1.0
1599,0.04,0.05,1.0
14575,0.04,0.02,1.0
16272,0.04,0.04,1.0
4813,0.04,0.04,1.0
6709,0.02,0.27,1.02
1905,0.04,0.05,1.0
9416,0.04,0.03,1.0
7637,0.04,0.03,1.0
6442,0.04,0.03,1.0
11340,0.04,0.03,1.0
1182,0.04,0.05,1.0
16372,0.04,0.04,1.01
17810,0.04,0.03,1.0
16339,0.03,0.04,1.01
8279,0.04,0.04,1.01
4595,0.04,0.04,1.0
3076,0.04,0.03,1.0
11642,0.04,0.02,1.0
16755,0.16,0.25,0.94
2816,0.04,-0.3,0.95
16777,0.04,0.03,1.0
9871,0.04,0.05,1.0
14440,0.04,0.03,1.0
17690,0.04,0.03,1.0
626,0.04,0.02,1.0
8353,0.06,-0.05,1.0
6359,0.04,0.02,1.0
10661,-0.09,0.12,1.08
7734,0.04,0.04,1.0
1744,0.04,0.05,1.0
11246,0.35,0.03,1.01
5546,0.03,0.03,1.0
9905,0.02,0.07,0.91
11338,0.04,0.02,1.0
13425,0.03,0.05,1.01
2874,-0.02,-0.34,0.94
10378,0.04,0.05,1.0
17519,0.04,0.03,1.0
7807,0.04,0.04,1.01
16158,0.04,-0.12,0.83
15997,-0.02,0.27,1.19
6308,0.04,0.03,1.0
14231,0.08,0.11,0.93
9865,0.02,-0.0,0.94
17867,0.05,0.14,1.01
12493,0.04,0.05,1.0
16554,0.04,0.04,1.01
8964,0.04,0.02,1.0
3538,0.04,0.04,1.04
16653,0.04,0.05,1.01
17936,0.04,0.03,1.0
12944,0.03,0.12,1.02
908,0.04,0.02,1.0
16904,0.04,0.03,1.0
761,0.04,0.02,1.0
3209,0.04,0.03,1.0
988,0.04,0.03,1.0
11940,0.04,0.03,1.0
18436,0.19,0.23,0.94
19077,0.04,0.04,1.0
13999,0.03,0.03,1.0
18927,0.25,0.19,0.91
13116,0.04,0.04,1.0
295,0.07,0.09,0.93
18925,0.19,0.39,0.92
1788,0.04,0.04,1.0
4689,0.04,0.04,1.0
14812,0.04,0.03,1.0
5774,0.04,0.03,1.0
6396,0.04,0.03,1.0
13864,0.04,0.03,1.0
16088,0.03,0.04,1.0
12245,0.04,0.04,1.0
6254,0.0,0.39,0.9
6290,0.04,0.03,1.0
19255,0.04,0.04,1.0
16895,0.04,0.03,1.0
3726,0.04,0.03,1.0
10786,0.04,0.04,1.01
8228,0.04,0.04,1.01
17806,0.04,0.03,1.0
17264,0.04,0.02,1.0
8118,0.04,0.04,1.01
2655,0.04,0.05,1.01
2591,0.12,0.009999999999999995,1.01
7276,0.04,0.05,1.0
3256,0.04,0.03,1.0
3285,0.03,0.03,1.0
11784,0.04,0.02,1.0
2382,0.01,0.06,1.07
5172,0.04,0.04,1.01
13742,0.03,0.05,1.02
6200,0.04,0.03,1.0
11360,0.04,0.03,1.0
5856,0.04,0.02,1.0
18987,0.15,-0.26,1.0
12595,0.04,0.05,1.0
13773,0.04,0.05,1.01
12889,0.04,0.05,1.0
11344,0.04,0.03,1.0
14745,0.04,0.02,1.0
5836,0.04,0.03,1.0
14645,0.04,0.02,1.0
1616,0.01,0.09,1.09
6358,0.04,0.03,1.0
11467,0.04,0.02,1.0
18520,0.04,0.04,1.0
2019,0.04,0.05,1.0
13287,0.05,0.05,1.0
19013,0.04,0.04,1.0
6277,0.04,0.03,1.0
604,0.05,0.02,1.0
5785,0.04,0.03,1.0
12219,0.04,0.03,1.0
7777,0.04,0.04,1.0
243,0.02,0.1,1.0
11356,0.04,0.03,1.0
18028,0.04,0.02,1.0
7536,0.04,0.04,1.0
19519,0.03,0.05,1.01
18783,0.04,0.04,1.0
19086,0.04,0.04,1.0
5209,0.04,0.05,1.01
11555,0.04,0.03,1.0
5808,0.07,0.07,1.04
5640,0.04,0.03,1.0
18852,0.04,0.05,1.0
18422,0.02,0.02,1.07
18060,0.04,0.03,1.0
12218,0.04,0.02,1.0
14328,0.04,0.02,1.0
4191,0.04,0.05,1.0
4084,0.04,0.05,1.0
179,0.02,0.08,1.0
17955,0.03,0.22,0.98
5162,0.04,0.05,1.01
8266,0.03,0.03,1.03
6535,0.04,0.02,1.0
16757,0.17,0.25,0.99
11851,0.04,0.02,1.0
19130,0.04,0.04,1.0
18291,0.04,0.05,1.0
16557,0.04,0.04,1.0
9198,0.04,0.03,1.0
19174,0.05,0.04,1.0
2836,0.04,0.02,1.0
10033,0.04,0.05,1.0
2985,-0.02,-0.42,0.87
17352,0.04,0.02,1.0
8618,0.04,0.03,1.0
18483,0.01,0.02,1.06
1247,0.04,0.05,1.0
15454,0.08,-0.15,1.04
4867,0.05,0.04,1.0
4314,0.04,-0.4,0.93
6498,0.04,0.02,1.0
3347,0.04,0.03,1.0
108,0.04,0.03,1.03
12848,0.04,0.05,1.0
11796,0.04,0.03,1.0
16698,0.12,0.29,0.93
10764,0.03,0.04,1.01
15937,0.03,0.04,1.0
6386,-0.01,0.45,0.89
14650,0.04,0.03,1.0
4701,0.04,0.04,1.0
6415,0.01,0.13,1.0
18432,0.08,0.33,1.0
13162,0.04,0.04,1.0
11876,0.08,0.05,1.12
15102,0.04,0.02,1.0
4648,0.04,0.05,1.0
15795,0.04,0.12,1.14
11697,0.04,0.03,1.0
18213,0.04,0.02,1.0
9831,0.04,0.04,1.0
12099,0.04,0.03,1.0
5583,0.04,0.03,1.0
18714,0.04,0.04,1.0
10294,0.02,-0.1,1.12
9696,0.04,0.05,1.0
975,0.02,0.04,1.02
4592,0.04,0.05,1.0
3820,0.04,0.03,1.0
6414,0.02,0.05,1.01
5217,0.04,0.05,1.01
8451,0.09,-0.05,1.18
8190,0.06,0.16,1.07
17900,0.04,0.03,1.0
11657,0.04,0.02,1.0
3172,0.04,0.03,1.0
11261,0.04,0.03,1.0
7983,0.04,0.04,1.01
9882,0.04,0.04,1.0
8294,0.04,0.05,1.01
2860,0.02,-0.38,0.94
6989,0.04,0.05,1.0
10,0.04,0.02,1.0
6410,0.04,0.02,1.0
1428,0.09,0.09,1.0
17850,0.04,0.03,1.0
17411,0.04,0.02,1.0
17646,0.03,-0.21,1.22
5183,0.08,-0.15000000000000002,0.99
16730,0.04,0.03,1.0
14634,0.04,0.03,1.0
2819,0.05,-0.01,1.0
19114,0.15,0.07,0.95
18352,0.04,0.04,1.0
1346,0.04,0.05,1.0
15847,0.08,0.15,0.98
372,0.04,0.03,1.0
911,0.04,0.03,1.0
3524,0.04,0.03,1.0
497,0.08,0.03,0.98
14142,0.04,0.03,1.0
15410,0.04,0.04,1.0
5758,0.04,0.02,1.0
19292,0.04,0.05,1.01
1246,0.04,0.05,1.0
4665,0.04,0.04,1.0
18986,0.07,-0.11,1.05
1197,0.04,0.04,1.0
16918,0.04,0.03,1.0
5353,0.04,0.05,1.0
1425,0.06,0.03,0.94
18495,0.0,0.36,0.96
256,0.03,0.03,1.0
9182,-0.32,0.13,0.92
16400,0.05,0.020000000000000004,1.2
6937,0.04,0.05,1.0
15111,0.04,0.02,1.0
10325,0.04,0.05,1.0
13024,0.03,0.04,1.0
14497,0.04,0.03,1.0
19638,0.04,0.04,1.01
1234,0.04,0.05,1.0
13931,0.04,0.03,1.0
14628,0.04,0.02,1.0
17985,0.04,0.03,1.0
19588,0.04,0.0,0.95
16930,0.04,0.03,1.0
17685,0.04,0.03,1.0
5555,0.04,0.03,1.0
6466,0.07,0.52,0.83
16052,0.09,0.32,1.05
6748,0.04,0.03,1.0
11275,0.04,0.03,1.0
10251,0.04,0.05,1.0
8712,0.04,0.03,1.0
7198,0.04,0.04,1.0
12352,0.04,0.03,1.0
1381,0.04,0.05,1.03
8555,0.04,0.03,1.01
3863,0.04,0.03,1.0
13728,0.15,0.14,1.09
5119,0.1,-0.09000000000000001,0.92
14457,0.04,0.01,1.01
11047,0.04,0.04,1.01
3981,0.04,0.05,1.0
6320,0.11,0.46,0.86
653,0.04,0.03,1.0
18654,0.04,0.05,1.0
8765,0.04,0.03,1.0
18180,0.04,0.15,1.02
17424,0.04,0.02,1.0
5784,0.03,0.03,1.0
8007,0.09,0.35000000000000003,0.92
17366,0.04,0.03,1.0
11478,0.04,0.02,1.0
12194,0.09,0.07,1.02
6783,0.04,0.02,1.0
11735,0.09,0.09,1.0
17609,0.04,0.02,1.0
19136,0.04,0.04,1.0
12454,0.04,0.03,1.0
16405,0.16,-0.21999999999999997,0.84
10816,0.05,0.020000000000000004,1.01
2971,0.04,0.03,1.01
17186,0.04,0.03,1.01
1508,0.04,0.04,1.0
11355,0.04,0.03,1.0
16299,0.07,0.19,1.05
13741,0.07,0.13,1.02
1651,0.04,0.05,1.0
5279,0.04,0.04,1.01
731,0.04,0.02,1.0
7489,0.04,0.04,1.0
18937,0.0,0.11,0.96
11828,-0.0,0.13,0.89
9171,-0.1,0.06,1.01
18867,0.14,0.17,0.89
5659,0.04,0.03,1.0
2724,0.04,0.02,1.0
6456,0.04,0.03,1.0
11499,0.04,0.02,1.0
18631,0.04,0.04,1.0
13044,0.03,0.04,1.0
1545,0.04,0.05,1.0
15317,0.04,0.04,1.0
3217,0.04,0.02,1.0
1158,0.04,0.0,1.04
18914,0.04,0.04,1.0
6562,0.03,0.14,1.05
32,0.04,0.02,1.0
7975,0.04,0.05,1.0
17714,0.04,0.03,1.0
6959,0.11,0.24,0.88
1613,0.11,0.07,0.98
941,0.04,0.02,1.0
14219,0.03,-0.26,0.93
4274,0.04,0.05,1.0
13581,0.04,0.04,1.01
746,0.04,0.02,1.0
4344,0.04,0.05,1.0
18525,0.04,0.04,1.0
6070,-0.01,0.11,1.02
2932,0.0,-0.01,1.0
5051,0.04,0.05,1.01
2658,0.04,0.04,1.01
14528,0.04,0.03,1.0
9688,0.04,0.05,1.0
6148,0.04,0.03,1.0
1824,0.04,0.05,1.0
13201,0.04,0.05,1.0
8234,0.03,0.04,1.01
17974,0.04,0.03,1.0
7927,0.03,0.05,1.01
959,0.04,0.02,1.0
2114,0.04,0.05,1.0
10148,0.04,0.05,1.0
17094,0.05,0.0,1.09
14223,0.12,-0.04,1.0
8484,0.04,0.03,1.0
19427,0.19,0.21000000000000002,0.92
19145,0.04,0.04,1.0
8828,0.04,0.03,1.0
9706,0.04,0.05,1.0
16139,0.03,0.05,1.0
19569,0.04,0.04,1.0
12625,0.26,-0.02,0.91
3023,0.04,0.02,1.0
4979,0.04,0.05,1.01
2404,0.04,0.05,1.01
8115,0.04,0.05,1.01
8048,0.04,0.05,1.01
5962,0.04,0.02,1.0
18647,0.04,0.04,1.0
16786,0.04,0.03,1.0
14382,0.04,0.02,1.0
15409,0.04,0.05,1.0
2630,0.04,0.05,1.01
16175,0.04,0.04,1.0
3244,0.04,0.03,1.0
15195,0.04,0.04,1.0
13584,0.04,0.04,1.01
2918,0.0,-0.42,0.93
14062,0.04,0.02,1.0
9298,0.04,0.02,1.0
15620,0.04,0.05,1.0
76,0.04,0.02,1.0
15681,0.04,0.05,1.0
13633,0.02,0.020000000000000004,1.07
14146,0.04,0.03,1.0
17294,0.02,0.05,0.91
17664,0.04,0.02,1.0
7360,0.04,0.04,1.0
5347,0.04,0.04,1.01
13151,0.04,0.04,1.0
93,0.04,0.03,1.0
15328,0.01,-0.01,0.99
15294,0.04,0.02,1.1
2746,0.05,-0.44,0.93
7959,0.22,0.16999999999999998,1.11
7525,0.04,0.04,1.0
5179,0.04,0.04,1.01
11793,0.04,0.02,1.0
2342,0.1,-0.039999999999999994,1.01
14915,0.04,0.03,1.0
8737,0.04,0.03,1.0
11874,0.19,0.14,1.02
1888,0.18,0.06,0.95
10444,-0.02,-0.0,1.02
6294,0.04,0.03,1.0
4623,0.07,-0.19,0.99
9160,0.04,0.02,1.0
10406,0.04,0.05,1.0
19460,0.04,0.04,1.01
16632,0.17,0.12,0.96
10460,0.01,0.11,1.01
17673,0.04,0.03,1.0
2783,0.04,0.02,1.0
11852,0.04,0.02,1.0
9948,0.04,0.05,1.0
8742,0.04,0.02,1.0
16320,0.04,0.04,1.01
2470,0.04,0.05,1.01
15559,0.03,0.04,1.0
5857,0.04,0.03,1.0
5868,0.04,0.02,1.0
18188,0.02,0.06,1.0
17954,0.11,0.01,0.88
9824,0.04,0.05,1.0
10215,0.03,0.05,1.0
3781,-0.02,0.05,0.99
2321,0.03,0.04,1.01
16425,0.04,0.04,1.01
2189,0.04,0.009999999999999995,1.08
4800,0.04,0.06,0.99
1157,0.05,0.02,1.05
11651,0.04,0.02,1.0
329,0.04,0.03,1.0
10862,0.0,0.009999999999999995,1.18
16596,0.03,0.05,1.01
16049,0.03,0.04,1.01
7212,0.04,0.05,1.0
3067,0.04,0.02,1.0
16212,0.04,0.05,1.01
12903,0.04,0.05,1.0
4699,0.04,0.04,1.0
12906,0.04,0.05,1.0
14218,0.14,-0.09,1.03
2468,0.03,0.04,1.01
2891,0.04,0.02,1.0
8430,-0.02,0.02,1.01
2195,0.11,0.020000000000000004,0.97
11343,0.04,0.03,1.0
7377,0.04,0.04,1.0
16611,0.04,0.04,1.01
9133,0.04,0.03,1.0
19344,0.04,0.04,1.0
8446,-0.2,0.01,1.04
6961,0.07,0.11,1.04
14524,0.04,0.02,1.0
6463,0.01,0.23,1.02
15288,0.12,-0.04,0.9
19635,0.04,0.04,1.01
13761,0.03,0.05,1.01
11226,0.03,0.02,1.0
10379,0.04,0.04,1.0
8425,0.04,0.03,1.0
4298,0.03,0.04,1.05
14056,0.04,0.03,1.0
19309,0.26,0.22999999999999998,1.02
5754,0.04,0.03,1.0
2326,0.04,0.04,1.0
4524,0.04,0.04,1.0
7468,0.04,0.04,1.0
2497,0.04,0.04,1.01
8465,0.04,0.03,1.0
7649,0.04,0.04,1.0
5681,0.02,0.59,0.82
3387,0.04,0.02,1.0
5720,0.04,0.03,1.0
2944,0.04,0.02,1.0
19236,0.04,0.04,1.0
789,0.04,0.03,1.0
3468,0.04,0.03,1.0
10861,-0.19,0.31,1.01
15969,0.03,0.04,1.0
11470,0.04,0.03,1.0
19238,0.04,0.04,1.0
19731,0.03,0.04,1.01
17726,0.04,0.03,1.0
6838,0.04,0.03,1.0
8560,0.04,0.03,1.0
15671,0.04,0.05,1.0
3502,0.04,0.03,1.0
584,0.04,0.03,1.0
349,0.04,0.02,1.01
9844,-0.01,0.02,1.0
8932,-0.2,0.11,1.13
3470,0.04,0.03,1.0
15567,0.09,0.06,0.98
802,0.04,0.03,1.0
3676,0.04,0.03,1.0
15691,0.04,0.04,1.0
10107,0.02,0.13,0.87
5606,0.04,0.03,1.0
9835,0.04,0.06,1.0
12226,0.04,0.03,1.0
15368,0.04,0.05,1.0
19435,0.0,0.009999999999999995,1.04
3175,0.03,0.02,1.0
12243,0.07,0.06,1.01
8586,0.04,0.02,1.0
7593,0.04,0.04,1.0
2780,0.04,0.03,1.0
7140,0.04,0.05,1.0
1619,-0.02,0.05,1.02
7695,0.04,0.03,1.0
17745,0.04,0.02,1.0
13336,0.04,0.05,1.0
14999,0.04,0.02,1.0
5512,0.02,0.12,0.99
17748,0.04,0.03,1.0
9026,0.04,0.03,1.0
18427,0.11,0.04,0.99
13907,0.17,-0.26,0.78
16098,0.03,0.04,1.0
2406,0.04,0.04,1.01
13448,0.03,0.04,1.05
17006,0.0,0.03,1.02
10465,0.04,0.05,1.0
13624,0.04,0.04,1.01
8029,0.04,0.04,1.01
4089,0.04,0.05,1.0
7665,0.02,0.05,1.06
19748,0.04,0.05,1.01
1705,0.04,0.04,1.0
12599,0.04,0.05,1.0
6143,0.04,0.02,1.0
11648,0.04,0.03,1.0
16146,0.03,0.05,1.0
4851,0.05,-0.07,0.99
15591,0.04,0.04,1.0
3686,0.09,-0.56,0.78
15814,0.04,0.04,1.0
8649,0.04,0.03,1.0
10769,0.04,0.04,1.01
13280,0.05,0.05,1.0
19604,0.11,-0.3,1.15
2215,0.03,0.04,1.01
14671,0.04,0.02,1.0
12472,0.04,0.05,1.0
3229,0.0,-0.27,0.79
18070,0.04,0.02,1.0
14676,0.04,0.02,1.0
13420,0.04,0.04,1.01
19792,0.04,0.04,1.01
6505,0.04,0.03,1.0
4620,0.16,-0.45,0.91
13102,0.04,0.04,1.0
2111,0.04,0.05,1.01
18571,0.02,0.04,1.0
3110,0.04,0.03,1.0
14672,0.04,0.02,1.0
7827,0.04,0.06,1.02
5013,0.04,0.05,1.02
13973,0.11,0.17,1.06
17503,0.04,0.02,1.0
2372,0.04,0.04,1.01
11228,0.04,0.02,1.0
440,0.01,0.14,1.01
18386,0.1,0.04,1.04
18026,0.04,0.03,1.0
11652,0.04,0.03,1.0
833,0.04,0.02,1.0
16890,0.1,0.1,1.0
3148,-0.04,0.08,1.0
8591,0.04,0.03,1.0
14806,0.04,0.02,1.0
1226,0.04,0.04,1.0
12977,0.04,0.04,1.0
2597,0.04,0.04,1.01
3361,0.09,-0.09,0.9
7589,0.03,0.04,1.0
8960,0.04,0.02,1.0
19778,-0.0,0.06,1.15
12658,0.04,0.05,1.0
10082,0.04,0.04,1.0
2706,0.04,0.02,0.99
17248,0.04,0.03,1.0
10502,-0.2,0.13,0.96
19246,0.04,0.04,1.0
9926,0.02,0.1,1.06
16128,0.04,0.04,1.0
19619,0.04,0.05,1.01
15787,0.01,0.0,1.0
14263,0.04,0.03,1.0
3299,0.04,0.03,1.0
11687,0.04,0.03,1.0
487,0.04,0.02,1.0
14929,0.1,-0.04,0.99
13321,0.04,0.05,1.0
784,0.04,0.03,1.0
7296,0.0,0.01,1.0
15757,0.04,0.04,1.0
10336,-0.13,0.03,1.06
3346,0.04,0.02,1.0
17907,0.16,-0.08,0.96
875,0.04,0.03,1.0
12677,0.02,0.07,0.96
2051,0.06,0.09,0.92
104,0.04,0.02,1.0
11894,0.04,0.03,1.0
13753,0.04,0.04,1.01
1919,0.04,0.04,1.0
7190,0.05,0.08,1.02
6192,0.04,0.02,1.0
7451,0.08,0.17,1.02
3799,0.04,0.03,1.0
109,-0.04,0.01,1.1
2142,0.1,0.04,0.91
18874,0.2,0.0,0.98
10108,-0.1,0.1,0.92
17092,0.05,0.07,1.05
10596,0.04,0.04,1.0
10937,0.04,0.04,1.01
15983,0.03,0.04,1.0
3445,0.04,0.02,1.0
19158,0.24,-0.08,0.96
4803,0.04,0.04,1.0
14178,0.04,0.03,1.0
16501,0.04,0.04,1.01
13904,-0.1,-0.05,1.06
15622,0.04,0.05,1.0
16713,0.04,0.03,1.0
5180,0.03,0.03,1.03
10095,0.03,0.05,1.0
11430,0.04,0.03,1.0
6752,0.03,0.0,1.02
11364,0.04,0.03,1.0
16528,0.09,0.06,1.02
11179,0.03,0.08,1.03
18907,0.04,0.04,1.0
8145,0.01,0.009999999999999995,1.04
11292,0.04,0.03,1.0
1837,0.01,0.13,1.05
18123,0.04,0.02,1.0
15611,0.04,0.04,1.0
10070,0.07,0.02,0.95
16846,0.04,0.03,1.0
13960,0.04,0.03,1.0
11438,0.03,0.02,1.0
10462,0.04,0.03,1.0
18712,0.04,0.04,1.0
3073,0.04,0.02,1.0
9192,0.04,0.02,1.0
16338,0.04,0.05,1.01
5853,0.04,0.02,1.0
13700,0.04,0.04,1.01
1311,0.04,0.05,1.0
3612,0.04,0.03,1.0
790,0.04,0.02,1.0
17600,0.03,0.07,0.99
18405,0.04,0.05,1.0
8617,0.04,0.03,1.0
3405,0.0,-0.13,0.93
18531,0.04,0.05,1.0
2519,0.04,0.05,1.01
14538,0.04,0.02,1.0
16981,0.04,0.03,1.0
16803,0.09,0.04,1.0
13565,0.04,0.04,1.01
6869,0.04,0.05,1.0
17914,0.05,0.18,1.02
10022,0.04,0.05,1.0
9899,-0.08,0.04,1.11
10373,0.04,0.04,1.0
5416,0.03,0.04,1.0
6856,0.04,0.05,1.0
14177,0.01,0.04,1.04
5704,0.04,0.03,1.0
17391,0.05,0.2,1.0
11799,0.04,0.03,1.0
10012,0.04,0.05,1.0
14329,0.04,0.02,1.0
3422,0.04,0.02,1.0
18499,0.13,0.05,0.96
7583,0.04,0.04,1.0
12649,0.04,0.04,1.0
8917,0.04,0.02,1.0
5870,0.04,0.03,1.0
713,0.09,0.01,0.99
15132,0.06,-0.01,1.01
4716,0.04,0.04,1.0
15595,0.03,0.05,1.0
6487,0.05,0.02,1.0
14230,0.18,0.12,0.87
5875,0.04,0.02,1.0
16130,0.03,0.05,1.0
551,0.04,0.05,1.01
11872,0.43,-0.05,0.96
3349,0.04,0.03,1.0
14359,0.03,-0.02,1.02
15042,0.13,0.04,0.96
12943,0.06,0.11,1.0
9556,0.0,0.02,0.89
17980,0.04,0.03,1.0
3379,0.04,0.02,1.0
5482,0.03,0.05,1.01
9484,0.04,0.03,1.0
2102,0.03,0.04,1.01
7766,0.05,0.04,1.0
8097,0.03,0.04,1.01
3846,0.04,0.03,1.0
16132,0.03,0.05,1.0
10426,0.04,0.05,1.0
19547,0.04,0.16,0.88
4723,0.04,0.04,1.0
18007,0.08,-0.04,1.06
11265,0.04,0.03,1.0
10895,0.04,0.05,1.01
17555,0.04,0.03,1.0
2997,0.04,0.02,1.0
11294,0.04,0.03,1.0
7297,0.03,0.02,0.97
10999,0.04,0.04,1.01
11044,0.04,0.04,1.0
5212,0.04,0.04,1.01
19496,0.04,0.05,1.01
19484,0.08,-0.009999999999999995,0.98
17234,-0.04,0.13,1.07
18586,0.04,0.04,1.0
16460,0.09,-0.33999999999999997,1.06
13315,0.05,0.05,1.0
56,0.14,0.08,1.02
3537,0.02,0.02,1.0
2900,0.04,0.02,1.0
400,0.04,0.03,1.0
3049,0.01,-0.13,0.88
7314,0.12,0.22,0.96
17790,0.04,0.02,1.0
18905,0.04,0.05,1.0
14336,0.04,0.02,1.0
7254,0.11,0.25,0.94
9888,0.04,0.05,1.0
8055,0.04,0.04,1.01
12705,0.04,0.04,1.0
6302,0.04,0.03,1.0
15643,0.11,0.08,0.99
11747,0.04,0.03,1.0
18659,0.04,0.04,1.0
8030,0.04,0.05,1.01
10761,0.04,0.04,1.0
520,0.04,0.03,1.0
1758,0.04,0.04,1.0
4831,0.04,0.04,1.0
15592,0.04,0.05,1.0
19362,0.16,0.06,0.9
5710,0.04,0.03,1.0
1071,0.04,0.03,1.0
9356,0.04,0.03,1.0
9459,0.04,0.03,1.0
13262,0.05,0.05,1.0
7320,0.04,0.02,1.02
15477,0.04,0.05,1.0
666,0.04,0.03,1.0
18754,0.04,0.04,1.0
717,0.05,0.05,1.05
14800,0.04,0.02,1.0
1702,0.04,0.05,1.0
1880,0.04,0.05,1.0
13110,0.04,0.03,1.0
18847,0.03,0.05,1.0
8125,0.04,0.05,1.01
17252,0.04,0.03,1.0
7534,0.04,0.04,1.0
16507,0.04,0.04,1.01
7831,0.09,0.1,0.94
7921,0.04,0.04,1.01
14506,0.05,-0.07,1.11
19786,0.01,0.09,1.01
7608,0.05,0.15,1.08
9138,0.04,0.02,1.0
10494,0.04,0.04,1.0
13378,0.04,0.05,1.0
9098,0.04,0.02,1.0
7292,0.01,0.04,1.02
9765,0.04,0.05,1.0
15057,0.04,0.03,1.0
91,0.04,0.02,1.0
2582,0.03,0.04,1.01
12946,0.02,0.03,1.01
9413,0.04,0.02,1.0
10405,0.0,0.06,1.01
16693,0.15,0.23,0.86
19212,0.21,-0.21,0.95
17278,0.05,0.02,1.0
4117,0.04,0.05,1.0
15796,0.02,0.04,1.01
1351,0.04,0.05,1.0
17602,0.04,0.02,1.0
10702,0.03,0.04,1.0
3968,0.04,0.04,1.0
16490,0.04,0.05,1.01
16829,0.03,0.03,1.0
13679,-0.0,-0.009999999999999995,1.01
4301,0.03,-0.09,0.92
15731,-0.01,-0.24,1.01
8582,0.05,0.04,1.04
14442,0.04,0.03,1.0
2786,0.04,0.02,1.0
3734,0.16,-0.19,0.9
7878,0.04,0.04,1.01
7039,0.04,0.05,1.0
17572,0.04,0.03,1.0
17654,0.04,0.02,1.0
5483,0.03,0.03,1.0
3762,0.04,0.03,1.0
11887,0.04,0.02,1.0
7701,0.04,0.04,1.0
8641,-0.19,-0.01,1.07
10027,0.04,0.05,1.0
10865,0.05,0.009999999999999995,1.07
17348,0.04,0.03,1.0
6606,0.04,0.03,1.0
10842,0.03,0.05,1.01
3019,0.04,0.02,1.0
14875,0.03,-0.11,0.98
18091,0.02,0.28,0.99
8350,0.04,0.03,1.0
1105,0.04,0.05,1.0
10683,0.04,0.04,1.0
12128,0.04,0.03,1.0
15200,0.04,0.05,1.0
15662,0.04,0.05,1.0
1560,0.04,0.04,1.0
2493,0.02,0.009999999999999995,1.12
19032,0.04,0.04,1.0
18505,0.02,-0.0,1.06
3668,0.04,0.03,1.0
4872,0.04,0.04,1.0
13331,0.04,0.05,1.0
3525,0.04,0.03,1.0
17959,-0.03,0.35,0.98
19539,0.17,0.07,1.01
13842,0.04,0.04,1.01
16188,0.03,0.04,1.0
2276,0.04,0.04,1.01
2379,0.04,0.05,1.01
18134,0.04,0.18,1.0
10826,0.03,0.04,1.01
14347,0.04,0.02,1.0
292,-0.06,0.02,1.06
2915,-0.03,0.03,1.0
12009,0.04,0.02,1.0
15318,0.04,0.05,1.0
10784,0.03,0.04,1.01
18750,0.04,0.04,1.0
5268,0.04,0.05,1.0
15593,0.04,0.05,1.0
19037,0.04,0.04,1.0
16411,0.18,0.31,0.93
4725,0.04,0.03,1.01
14224,0.11,-0.01,1.03
356,0.11,0.13,0.98
687,0.04,0.03,1.0
4914,0.04,0.05,1.01
838,0.04,0.02,1.0
7778,0.03,0.04,1.0
16453,0.04,0.05,1.01
18653,0.04,0.04,1.0
10850,-0.13,0.12,1.0
1729,0.01,0.1,1.02
18993,0.22,0.29,0.94
16185,0.03,0.05,1.0
2367,0.04,0.04,1.01
17865,0.05,0.18,1.0
18164,0.04,0.03,1.0
11979,0.04,0.02,1.0
17704,0.04,0.02,1.0
4507,0.04,0.08,1.03
12545,0.04,0.04,1.0
14059,0.04,0.03,1.0
8200,0.21,0.33,1.0
9061,0.04,0.03,1.0
7726,0.04,0.04,1.0
6797,0.04,0.03,1.0
7143,0.04,0.04,1.0
3145,0.04,0.21,1.21
891,0.04,0.02,1.01
968,0.03,0.03,1.0
15467,0.04,0.05,1.01
1967,0.04,0.04,1.0
13921,0.1,0.09,0.94
16109,0.01,-0.16,0.83
19433,0.04,0.009999999999999995,0.9
19605,0.08,0.2,0.99
11836,0.04,0.02,1.0
2880,0.04,0.02,1.0
8001,0.04,0.05,1.0
17770,0.04,0.02,1.0
14720,0.03,0.11,1.18
2272,0.04,0.05,1.01
3961,0.04,0.05,1.0
11436,0.04,0.03,1.0
12148,0.04,0.01,1.0
132,0.04,0.03,1.0
17312,0.04,0.02,1.0
18956,0.04,0.04,1.0
7579,0.04,0.04,1.0
393,0.04,0.03,1.0
7258,0.04,0.08,1.01
12013,0.04,0.03,1.0
4159,0.01,-0.13,0.96
18709,0.04,0.05,1.0
9430,0.04,0.03,1.0
4287,0.04,0.05,1.01
19506,0.04,0.04,1.01
11985,0.04,0.03,1.0
9153,0.04,0.03,1.0
225,0.02,0.0,1.0
18068,0.04,0.03,1.0
19228,0.04,0.04,1.0
7511,0.04,0.06,1.0
4952,0.04,0.05,1.01
11423,0.04,0.03,1.0
14293,0.04,0.02,1.0
9679,0.04,0.02,1.0
10541,0.04,0.05,1.0
11465,0.03,0.02,1.0
15837,-0.07,0.16,0.93
13037,0.03,0.04,1.0
5418,0.03,0.05,1.01
19211,0.12,-0.26,1.09
3528,0.04,0.02,1.0
3660,0.04,0.02,1.0
4094,0.02,0.05,1.06
7478,0.04,0.04,1.0
13027,0.04,0.04,1.0
2963,0.04,0.02,1.0
4545,0.04,0.05,1.0
9020,0.04,0.02,1.0
2428,0.03,0.04,1.01
13288,0.04,0.05,1.0
5711,0.04,0.03,1.0
13180,0.04,0.03,1.02
15421,0.04,0.04,1.0
3700,0.04,0.03,1.0
12066,0.04,0.02,1.0
14006,0.04,0.03,1.0
16774,0.04,0.03,1.0
17184,0.04,0.03,1.0
16847,0.04,0.03,1.0
16920,0.04,0.03,1.0
17990,0.04,0.02,1.0
16772,0.04,0.03,1.01
7642,0.04,0.04,1.0
5976,-0.12,0.43,0.93
8996,-0.05,0.09,0.99
810,0.03,0.06,1.0
16389,0.03,0.04,1.01
2657,0.04,0.04,1.01
16873,0.1,-0.13,0.93
19733,0.04,0.05,1.01
19773,0.14,0.26,1.13
3293,0.04,0.03,1.0
3780,0.04,0.02,1.07
3817,0.04,0.03,1.0
16086,0.03,0.04,1.0
12000,0.04,0.02,1.0
19759,0.03,0.05,1.01
4331,0.04,0.05,1.0
9291,-0.04,0.05,0.93
1396,0.04,0.04,1.0
17266,0.04,0.03,1.0
3491,0.09,-0.46,0.83
19293,0.04,0.05,1.0
15265,0.04,0.05,1.0
14640,0.04,0.03,1.0
14074,0.04,0.03,1.0
16566,0.03,0.05,1.01
15293,0.1,0.04,1.08
11210,0.05,0.04,1.01
9975,-0.05,0.05,1.06
14855,0.04,0.02,1.0
8808,0.04,0.03,1.0
1739,0.04,0.04,1.0
1570,0.04,0.05,1.0
463,0.04,0.02,1.0
744,0.04,0.02,1.0
9454,0.02,0.05,1.06
18125,0.02,0.02,1.0
4236,0.04,0.04,0.98
9936,0.04,0.05,1.0
6934,0.04,0.05,1.0
12309,0.04,0.03,1.0
18323,0.17,0.11,1.01
17711,0.04,0.03,1.0
16591,0.04,0.05,1.01
5969,0.04,0.03,1.0
17873,0.08,-0.17,1.19
15143,0.08,-0.02,1.0
4635,0.04,0.04,1.0
14635,0.04,0.02,1.0
10822,0.04,0.04,1.01
18940,0.02,0.05,1.01
5539,0.04,0.03,1.0
7962,0.07,-0.009999999999999995,0.99
9673,0.04,0.02,1.0
14418,-0.0,-0.04,1.02
5650,0.04,0.03,1.0
15266,0.04,0.05,1.0
10201,0.08,-0.01,0.96
18733,0.04,0.04,1.0
21,0.04,0.02,1.0
16015,0.02,0.04,1.0
2957,0.04,0.02,1.0
15006,0.03,0.03,1.0
6016,0.04,0.02,1.0
19504,0.04,0.04,1.01
780,0.03,0.04,1.0
11037,0.04,0.04,1.01
8241,0.04,0.04,1.01
13552,0.02,0.04,1.09
12482,0.04,0.05,1.0
7219,0.04,0.05,1.0
3561,0.04,0.03,1.0
19320,0.03,0.020000000000000004,1.05
13451,0.03,0.04,1.0
17937,0.04,0.02,1.0
5085,0.04,0.05,1.01
1471,-0.03,0.04,1.03
11365,0.04,0.02,1.0
19224,0.04,0.1,1.03
18567,0.01,0.0,1.02
10540,0.04,0.04,1.0
17492,0.03,0.34,0.95
15123,0.04,0.03,1.0
9464,0.04,0.03,1.0
368,0.04,0.02,1.0
18346,0.04,0.04,1.0
13915,0.17,-0.03,0.93
64,0.02,0.08,1.04
4486,0.04,0.05,1.0
19556,0.04,0.04,1.01
18114,0.04,0.02,1.0
1724,0.08,0.06,0.98
15967,0.03,0.04,1.0
5780,0.04,0.03,1.0
4321,-0.02,0.11,1.0
8085,0.04,0.04,1.02
1827,0.04,0.05,1.0
18813,0.05,-0.2,1.1
17440,-0.02,0.45,0.97
14208,0.04,0.03,1.0
3340,0.04,0.02,1.0
16794,0.04,0.03,1.0
1922,0.04,0.05,1.0
12405,0.04,0.02,1.0
1571,0.04,0.05,1.0
1834,0.12,0.07,0.89
9613,0.04,0.02,1.0
1244,0.04,0.05,1.0
19593,0.08,-0.020000000000000004,0.99
10780,0.03,0.04,1.01
10606,0.03,0.04,1.01
5006,0.15,-0.039999999999999994,1.14
11057,0.02,0.08,1.03
10152,0.04,0.05,1.0
17618,0.04,0.02,1.0
16775,0.04,0.03,1.0
9359,0.04,0.02,1.0
18252,0.04,0.05,1.0
11757,0.04,0.02,1.0
10023,0.04,0.05,1.0
5238,0.03,0.04,1.01
8320,0.04,0.02,1.0
18337,0.02,-0.03,1.03
14205,0.04,0.02,1.0
1224,0.04,0.04,1.0
1780,0.15,0.07,1.02
14069,0.04,0.02,1.0
13605,0.03,0.05,1.01
11458,0.12,0.1,1.16
12763,0.04,0.04,1.0
11212,0.04,0.03,1.0
9794,-0.28,0.04,1.06
17454,0.04,0.02,1.0
7075,0.01,0.03,1.0
15637,0.11,-0.08,0.96
749,0.04,0.02,1.0
8068,0.03,0.05,1.01
5693,0.04,0.02,1.0
1261,0.08,0.03,1.0
7961,0.11,-0.06000000000000001,1.07
1891,0.11,0.05,0.98
10424,0.04,0.05,1.0
712,0.09,0.02,0.97
19045,0.05,-0.11,0.93
17473,0.04,0.02,1.0
14041,0.19,-0.09,0.96
8853,0.04,0.03,1.0
5177,0.04,0.05,1.01
3450,0.04,0.03,1.0
3414,0.04,0.03,1.0
12894,0.04,0.04,1.0
11260,0.04,0.03,1.0
4046,0.06,-0.46,0.86
6039,0.03,0.03,1.0
14014,0.04,0.03,1.0
9297,0.04,0.03,1.0
11218,0.04,0.03,1.0
1797,0.04,0.04,1.0
15652,0.04,0.05,1.0
6484,0.04,0.0,1.0
5444,0.08,-0.03,0.87
1661,0.04,0.04,1.0
212,0.03,0.03,1.0
15380,0.04,0.05,1.0
17346,0.02,0.1,0.92
4726,0.01,0.02,0.97
19322,0.03,0.04,1.02
5631,0.04,0.03,1.0
9589,0.04,0.03,1.0
2170,0.04,0.04,1.0
3201,0.04,0.03,1.0
793,0.04,0.03,1.0
233,0.07,0.06,0.96
12947,0.05,0.04,1.0
16609,0.04,0.05,1.01
209,0.04,0.03,1.0
14558,0.11,0.1,1.04
16124,0.03,0.04,1.01
4821,0.04,0.04,1.0
10621,-0.24,0.08,0.91
2418,0.04,0.04,1.01
7298,0.07,0.07,0.98
14484,0.04,0.02,1.0
11930,0.04,0.03,1.0
835,0.04,0.03,1.0
10230,0.03,0.05,1.0
9023,0.04,0.02,1.0
11621,0.04,0.02,1.0
6634,0.04,0.02,1.0
1222,0.04,0.04,1.0
11287,0.04,0.03,0.99
7252,0.14,0.42,0.92
1389,0.04,0.05,1.0
2005,-0.02,0.1,1.01
6104,0.04,0.03,1.0
4911,0.04,0.04,1.01
2528,0.03,0.04,1.01
15729,0.07,-0.02,0.98
8056,0.04,0.05,1.01
18724,0.04,0.04,1.0
3162,0.04,0.02,1.0
8290,0.04,0.04,1.01
19122,0.04,0.04,1.0
5151,0.04,0.04,1.01
13646,0.06,0.12,1.06
4688,0.04,0.04,1.0
10727,-0.27,0.12,0.99
19249,0.04,0.05,1.0
17359,0.04,0.02,1.0
8495,0.05,0.02,1.0
9016,0.04,0.03,1.0
7134,0.04,0.05,1.0
14445,0.04,0.03,1.0
2169,0.04,0.05,1.01
9928,0.03,0.04,1.03
19653,0.25,0.14,0.86
3994,0.04,0.05,1.0
10697,0.04,0.04,1.0
17948,0.04,0.03,1.0
12952,0.04,0.04,1.0
13823,0.2,0.08,1.07
15213,0.04,0.05,1.0
8490,0.04,0.03,1.0
13849,0.04,0.04,1.01
12073,0.04,0.03,1.0
1388,0.04,0.05,1.0
17279,0.0,-0.11,1.05
14245,0.04,0.03,1.0
10830,0.04,0.04,1.01
12422,0.24,0.11,1.01
18065,0.04,0.03,1.0
3179,-0.02,-0.55,0.79
11736,0.04,0.03,1.0
3406,0.04,0.13,1.05
19509,0.04,0.04,1.01
11681,0.14,0.09,1.07
8740,0.04,0.03,1.01
1315,-0.01,0.02,1.05
11512,0.12,0.12,1.14
9460,0.04,0.03,1.0
17016,0.11,0.27,0.99
16756,0.15,0.2,0.99
5493,0.05,0.03,1.0
11849,0.04,0.02,1.0
14765,0.02,0.27,0.98
17018,0.05,0.28,0.82
2273,0.04,0.04,1.01
18074,0.04,0.02,1.0
14413,0.02,0.24,0.97
14971,0.04,0.03,1.0
9684,0.04,0.03,1.0
19661,0.14,-0.21999999999999997,1.0
17648,0.08,-0.18,1.04
14743,0.04,0.02,1.0
19779,0.01,-0.09000000000000001,0.77
12222,0.04,0.02,1.0
19367,0.21,0.16,1.11
12445,0.04,0.03,1.0
1543,0.04,0.05,1.0
15529,0.04,0.05,1.0
4946,0.05,0.07,0.95
15624,0.04,0.05,1.0
9474,0.04,0.03,1.0
7884,0.04,0.05,1.01
6020,0.04,0.02,1.05
4781,0.02,0.05,1.03
18747,0.04,0.04,1.0
10204,0.03,0.05,1.05
10486,0.04,0.04,1.0
11059,-0.09,0.1,1.1
13001,0.04,0.04,1.0
14904,0.04,0.02,1.0
6744,0.04,0.03,1.0
9637,0.04,0.03,1.0
3962,0.04,0.04,1.0
1111,0.04,0.04,1.0
4994,0.04,-0.25,0.81
14982,0.07,-0.05,0.97
10423,0.04,0.05,1.0
9189,0.04,0.02,1.0
12702,0.04,0.04,1.0
17395,-0.0,0.02,1.02
7868,0.03,0.05,1.01
10301,0.05,0.05,1.0
15415,0.04,0.04,1.0
10263,0.04,0.05,1.0
1740,0.04,0.05,1.0
15879,0.04,0.04,1.0
10923,0.03,0.05,1.01
562,0.04,0.02,1.0
14023,0.04,0.03,1.0
3466,0.04,0.02,1.0
10574,0.04,0.06,0.98
9315,0.04,0.02,1.0
14034,0.09,0.25,0.92
12149,0.04,0.02,1.0
58,0.1,0.07,1.02
13274,0.05,0.05,1.0
12455,0.04,0.03,1.0
9434,0.04,0.03,1.0
4455,0.04,0.05,1.0
17890,0.04,0.03,1.0
14461,0.02,-0.06,0.84
17112,0.04,0.03,1.0
1652,0.04,0.05,1.0
4975,0.04,0.04,1.01
2515,0.04,0.04,1.0
940,0.04,0.03,1.0
395,0.04,0.03,1.0
19640,0.03,0.05,1.01
15914,0.03,0.04,1.0
18126,0.02,-0.02,1.04
4081,0.04,0.05,1.0
19386,0.04,0.05,1.0
2962,0.04,0.02,1.0
14728,0.03,-0.12,0.99
6582,0.02,0.09,0.98
15203,0.04,0.05,1.0
18958,0.04,0.05,1.0
4722,0.04,0.04,1.0
16985,0.04,0.03,1.0
15400,0.09,0.06,1.04
15128,0.04,0.02,1.0
14871,0.05,0.09,0.93
4180,0.04,0.04,1.0
19750,0.04,0.05,1.01
11945,0.04,0.02,1.0
2076,0.04,0.05,1.0
6351,0.04,0.02,1.0
12421,0.11,-0.02,1.02
3658,0.04,0.02,1.0
14523,0.04,0.02,1.0
8880,-0.05,0.02,1.02
18879,0.07,-0.11,1.0
8312,0.04,0.02,1.0
17338,0.02,0.36,1.09
16599,0.04,0.05,1.01
767,0.0,0.07,1.0
19775,0.14,0.18,1.01
3973,0.04,0.05,1.0
16062,0.09,0.11,1.0
10546,0.04,0.04,1.01
19159,0.3,0.26,0.91
2905,0.04,0.02,1.0
1223,0.04,0.05,1.0
13415,0.04,0.05,1.01
5243,0.08,-0.03,0.93
13250,0.05,0.05,1.0
13794,0.02,0.05,1.01
5324,0.0,0.020000000000000004,1.03
4862,0.04,0.04,1.0
1675,0.0,0.09,0.96
13234,0.01,0.09,1.19
13463,0.04,0.04,1.01
4316,0.0,-0.17,0.94
7705,-0.03,0.51,0.95
16516,0.14,0.09,0.96
16300,0.05,0.25,0.84
14841,0.04,0.02,1.0
14078,0.04,0.03,1.0
18649,0.04,0.04,1.0
12945,0.04,0.07,0.96
15901,-0.01,0.01,1.12
4610,0.06,0.05,1.03
19424,0.27,-0.009999999999999995,0.95
8206,0.02,0.05,1.02
6001,0.04,0.03,1.0
860,0.04,0.01,1.02
12042,0.28,0.11,0.91
4754,0.04,0.05,1.0
10200,0.07,0.01,1.06
17257,0.04,0.03,1.0
596,0.08,0.02,1.0
19623,0.04,0.04,1.01
8684,0.04,0.04,1.0
10371,0.04,0.05,1.0
1955,0.04,0.05,1.0
19117,0.02,-0.11,1.01
14340,0.04,0.03,1.0
13271,0.04,0.05,1.0
13916,0.11,-0.11,1.03
7697,0.04,0.04,1.0
8723,0.04,0.03,1.0
2518,0.04,0.05,1.01
7455,0.02,0.09,0.99
6047,0.04,0.02,1.0
19681,0.04,0.04,1.01
8753,0.04,0.02,1.0
16590,0.03,0.05,1.01
5050,0.04,0.05,1.01
2237,0.03,0.04,1.01
19469,-0.03,0.009999999999999995,1.02
8872,0.04,0.02,1.0
1178,0.04,0.05,1.0
11928,0.04,0.03,1.0
14821,0.1,-0.21,0.99
11899,0.04,0.02,1.0
16142,0.03,0.05,1.0
10973,0.05,-0.039999999999999994,1.05
13939,0.04,0.03,1.0
14769,0.09,0.04,1.02
12491,0.04,0.05,1.0
4525,0.04,0.05,1.0
5893,0.04,0.03,1.0
8277,0.04,0.04,1.01
3526,0.04,0.03,1.0
8322,0.04,0.03,1.0
14962,0.04,0.02,1.0
1552,0.04,0.04,1.0
1011,0.06,0.0,1.02
13854,0.04,0.05,1.01
18707,0.04,0.05,1.0
5520,0.04,0.02,1.0
649,0.04,0.02,1.0
13373,0.04,0.05,1.0
5385,0.03,0.05,1.02
16854,0.04,0.02,1.0
14723,0.02,-0.24,0.91
12107,0.04,0.02,1.0
9842,-0.02,-0.04,1.06
9139,0.04,0.03,1.0
12429,0.41,0.13,0.94
7607,0.03,0.53,0.99
16692,0.11,0.1,0.86
7792,0.04,0.05,1.01
12068,0.04,0.02,1.0
9792,-0.01,0.05,0.91
211,0.04,0.03,1.0
12971,0.04,0.04,1.0
7010,0.11,0.3,0.89
1784,-0.02,0.02,1.03
3695,0.02,-0.33,0.95
1440,0.04,0.04,1.0
2913,0.04,0.02,1.0
2439,0.07,0.08,1.0
7570,0.04,0.04,1.0
5161,0.03,0.05,1.01
10650,0.04,0.04,1.0
14909,0.04,0.02,1.0
18755,0.04,0.04,1.0
7157,0.04,0.05,1.0
10755,0.04,0.04,1.0
14113,0.04,0.02,1.06
10996,0.03,0.05,1.0
13524,0.04,0.04,1.01
12278,0.07,0.02,1.06
12,0.04,0.02,1.0
10990,0.04,0.04,1.01
819,0.04,0.04,1.0
16383,0.03,0.04,1.01
9154,0.04,0.03,1.0
454,0.01,0.04,1.0
13609,0.04,0.05,1.01
19546,0.07,0.08,0.98
3588,0.11,-0.08,0.97
17404,0.04,0.03,1.0
18634,0.04,0.05,1.0
11950,0.04,0.02,1.0
16497,0.04,0.05,1.01
942,0.04,0.02,1.0
2763,0.04,0.01,1.0
11972,0.04,0.03,1.0
15746,0.04,0.04,1.0
11216,0.04,0.03,1.0
14451,0.04,0.02,1.0
19410,0.04,0.05,1.01
4332,0.04,0.05,1.0
1402,0.04,0.04,1.0
8556,0.04,0.03,1.0
9199,0.04,0.03,1.0
17747,0.04,0.02,1.0
7030,0.04,0.05,1.0
6317,-0.03,0.12,1.12
3852,0.04,0.03,1.0
17241,0.13,0.03,0.99
16834,0.04,0.03,1.0
12792,0.04,0.05,1.0
19223,0.08,-0.12,1.0
12647,0.04,0.05,1.0
5626,0.05,-0.01,1.0
13570,0.04,0.04,1.01
1110,0.04,0.04,1.0
16975,0.04,0.03,1.0
3337,0.03,0.02,1.01
11924,0.12,0.02,0.8
14367,0.02,-0.18,0.95
12367,0.04,0.03,1.0
15061,0.04,0.02,1.0
6364,0.04,0.03,1.0
4626,0.04,0.04,1.0
18214,0.04,0.03,1.0
17174,0.04,0.03,1.0
2558,0.03,0.05,1.01
2701,0.03,-0.16,1.0
1042,0.04,0.02,1.0
1565,0.04,0.04,1.0
16094,0.03,0.04,1.0
556,0.05,0.05,0.98
3155,0.04,0.02,1.0
4797,0.05,-0.05,0.97
8359,-0.28,0.09,1.04
14967,0.04,0.02,1.0
17525,0.04,0.02,1.0
13721,0.04,0.04,1.01
1418,0.02,0.02,1.01
16727,0.04,0.03,1.01
16913,0.04,0.03,1.0
18693,0.04,0.04,1.0
4931,0.08,-0.08,1.05
10640,0.04,0.04,1.0
17784,0.04,-0.04,1.0
8220,0.04,0.04,1.01
19352,0.04,0.04,1.01
16277,0.04,0.04,1.01
16356,-0.03,-0.3,0.86
10103,-0.03,0.0,1.05
15798,0.04,0.04,1.0
18488,0.07,-0.07,1.02
15414,0.04,0.05,1.0
18226,0.04,0.05,1.0
11551,0.04,0.03,1.0
10173,0.02,0.09,0.95
17482,0.03,0.04,0.99
28,0.04,0.02,1.0
355,0.14,0.11,0.89
16476,0.04,0.03,1.02
15818,0.04,0.04,1.0
16149,0.03,0.05,1.0
18078,0.04,0.03,1.0
9587,0.04,0.03,1.0
6145,0.04,0.03,1.0
7612,0.04,0.02,0.99
18532,0.04,0.05,1.0
12342,0.04,0.02,1.0
3850,0.04,0.02,1.0
4508,0.04,0.08,0.98
966,0.05,0.02,1.0
7472,0.04,0.04,1.0
120,0.05,0.07,0.96
7528,0.04,0.04,1.0
4512,0.04,0.07,1.0
6067,0.04,0.02,1.0
328,0.04,0.03,1.0
5070,0.03,0.13,1.16
3396,0.05,-0.13,0.88
2375,0.04,0.05,1.01
6004,0.04,0.03,1.0
2549,0.04,0.05,1.01
12537,0.04,0.04,1.0
15299,0.04,0.05,1.0
2182,0.04,0.04,1.01
5287,0.04,0.04,1.01
5586,0.04,0.02,1.0
1211,0.13,0.04,0.96
11955,0.23,0.0,0.96
16641,0.04,0.05,1.01
11923,0.13,0.0,1.08
3214,0.04,0.03,1.0
17735,0.07,0.13,1.05
12450,0.04,0.04,1.0
3957,0.04,0.02,1.0
16030,0.03,0.04,1.0
14189,0.05,0.03,1.0
16758,0.19,0.26,1.02
601,0.01,0.03,1.1
15118,0.04,0.02,1.0
4880,0.04,0.04,1.0
945,0.04,0.03,1.0
18005,0.01,-0.09,0.87
14766,0.0,-0.04,1.03
16515,0.11,0.11,1.0
16968,0.04,0.03,1.0
10524,0.04,0.04,1.0
17239,0.15,0.5,1.14
1563,0.04,0.05,1.0
19353,0.03,0.04,1.01
6855,0.04,0.04,1.0
18698,0.04,0.04,1.0
4871,0.04,0.04,1.0
1785,0.0,0.05,1.03
11278,0.04,0.03,1.0
1097,0.04,0.02,1.0
6032,0.05,0.06,1.03
16543,0.04,0.05,1.01
19168,0.05,-0.07,0.94
18469,0.04,0.05,1.0
678,0.0,0.01,1.0
16529,0.05,0.12,1.0
1394,0.04,0.05,1.0
753,0.04,0.02,1.0
3919,0.04,0.03,1.0
3039,0.04,0.02,1.0
7410,0.04,0.04,1.0
3323,0.05,0.03,1.0
13518,0.04,0.04,1.01
1773,0.06,0.03,0.98
19021,0.04,0.04,1.0
15258,0.04,0.05,1.0
3092,0.07,0.07,0.95
5865,0.04,0.02,1.0
8749,0.04,0.03,1.0
7622,0.04,0.04,1.0
5629,0.04,0.03,1.0
4958,0.03,0.04,1.01
16387,0.04,0.04,1.01
14927,0.06,-0.15,1.03
9819,0.04,0.05,1.0
13843,0.03,0.04,1.01
12532,0.07,0.05,0.84
9116,0.04,0.03,1.0
8895,-0.0,0.11,0.96
4548,0.02,0.03,1.01
12716,0.04,0.05,1.0
7565,0.04,0.03,1.0
9073,0.04,0.02,1.0
702,0.04,0.03,1.0
6801,0.03,0.59,0.77
16787,0.04,0.03,1.0
9129,0.04,0.02,1.0
7617,0.04,0.04,1.0
4737,0.12,-0.23,0.98
7609,0.05,0.12,1.12
7745,0.04,0.04,1.0
5257,0.09,0.13,1.02
10739,0.04,0.04,1.0
4683,0.05,0.04,1.0
14407,0.04,0.02,1.0
10793,0.04,0.05,1.01
2989,0.04,-0.07,1.01
14157,0.11,0.25,1.11
10728,-0.1,-0.0,1.07
17062,0.04,0.03,1.0
16769,0.04,0.03,1.0
19169,0.03,0.02,1.0
4650,0.04,0.04,1.0
13160,0.04,0.04,1.0
3872,0.04,0.02,1.0
2017,0.04,0.05,1.0
19483,0.06,-0.33999999999999997,1.23
13712,0.03,0.04,1.01
6185,0.04,0.03,1.0
11277,0.04,0.03,1.0
19693,0.03,0.04,1.01
2151,0.04,0.05,1.01
9896,0.04,0.05,1.0
2720,0.04,0.02,1.0
14729,0.0,-0.02,0.98
10991,0.04,0.05,1.01
14569,0.04,0.02,1.0
17456,0.04,0.03,1.0
811,-0.02,0.06,1.17
5773,0.04,0.03,1.0
12488,0.04,0.05,1.0
312,0.04,0.03,1.0
2077,0.04,0.04,1.0
11032,0.03,0.04,1.01
16940,0.08,0.02,0.95
17590,0.05,0.24,0.94
8611,0.04,0.03,1.0
887,0.04,0.03,1.0
10946,0.04,0.04,1.01
1793,0.04,0.05,1.0
12585,0.1,0.06,0.97
3584,0.04,0.05,1.0
10004,0.04,0.07,0.98
4116,0.05,0.07,1.01
17836,0.04,0.03,1.0
18454,0.04,0.04,1.0
11135,0.04,0.04,1.0
9236,-0.14,0.11,1.09
18944,0.04,0.04,1.0
8949,0.04,0.03,1.0
14151,0.04,0.03,1.0
15654,0.04,0.05,1.0
18767,0.19,0.36,0.96
14060,0.04,0.03,1.0
8830,0.04,0.02,1.0
1470,-0.05,0.05,1.0
10875,0.04,0.04,1.01
471,0.04,0.03,1.0
2737,0.04,0.02,1.0
5888,-0.09,0.44,0.85
14507,0.04,-0.19,1.0
18442,-0.0,-0.03,1.0
15369,0.04,0.05,1.0
6640,0.04,0.02,1.0
2768,0.04,0.02,1.0
4899,0.03,0.05,1.01
17408,0.04,0.03,1.0
11266,0.04,0.03,1.0
15782,0.05,0.22,0.97
19571,0.04,0.04,1.01
5024,0.04,0.04,1.0
8286,0.03,0.04,1.01
10440,0.04,0.05,1.0
13895,0.03,0.03,1.0
16555,0.03,0.05,1.01
18876,0.21,-0.05,0.96
7046,0.04,0.04,1.0
12797,0.19,0.0,1.02
16719,0.04,0.03,1.0
4087,0.04,0.04,1.0
1077,0.04,0.03,1.0
10517,0.06,0.07,1.06
4167,0.04,0.05,1.0
18468,0.04,0.05,1.0
15962,0.03,0.04,1.0
7922,0.03,0.05,1.01
4483,0.04,0.04,1.0
7429,0.04,0.04,1.0
11049,0.04,0.05,1.01
10921,0.08,0.06,0.88
2153,0.04,0.04,1.01
9574,0.04,0.03,1.0
11854,0.04,0.02,1.0
10734,0.06,0.06,1.08
74,0.04,0.02,1.0
14544,0.04,0.02,1.0
8152,0.04,0.04,1.01
11804,0.04,0.02,1.0
13264,0.04,0.05,1.0
11477,0.04,0.02,1.0
13147,0.04,0.05,1.0
16275,0.04,0.04,1.01
13421,0.04,0.04,1.01
18142,0.01,0.04,0.99
2514,0.03,0.05,1.01
8086,0.03,0.09,1.02
10437,0.04,0.04,1.0
15402,0.05,0.02,1.0
4328,0.04,0.05,1.0
10925,0.04,0.04,1.01
17691,0.04,0.03,1.0
19152,0.04,0.04,1.0
3241,0.04,0.02,1.0
16513,0.01,0.1,1.08
13505,0.02,0.05,1.01
15504,0.06,0.1,0.93
8831,0.0,0.04,1.05
17321,0.04,0.02,1.0
17697,0.04,0.02,1.0
541,0.02,0.0,1.03
4519,0.04,0.05,1.0
5989,0.03,0.05,1.01
16289,0.04,0.04,1.01
13408,0.04,0.05,1.01
755,0.04,0.03,1.0
18210,0.04,0.03,1.0
2547,0.04,0.05,1.01
6681,0.04,0.03,1.0
11797,0.04,0.02,1.0
5656,0.04,0.03,1.0
13709,0.03,0.04,1.01
18545,0.04,0.05,1.0
237,0.11,0.06,1.01
4564,0.01,-0.09,0.98
6417,0.04,0.35,1.03
7366,0.04,0.04,1.0
100,0.04,0.02,1.0
18147,0.04,0.02,1.0
16135,0.03,0.05,1.0
17822,0.04,0.34,0.99
11297,0.04,0.03,1.0
5826,0.04,0.03,1.0
5135,0.07,0.13,1.07
8333,0.04,0.03,1.0
19195,0.04,0.05,1.0
9901,0.01,0.01,0.98
14416,-0.04,-0.1,1.0
1310,0.04,0.04,1.0
1584,0.04,0.05,1.0
18084,-0.01,-0.02,1.06
2436,0.12,0.04,0.9
1046,0.04,0.03,1.0
17176,0.04,0.03,1.0
11051,0.03,0.04,1.01
5419,0.04,0.05,1.01
19599,0.09,0.08,0.99
1489,0.04,0.05,1.0
8486,0.04,0.03,1.0
6316,0.0,0.06,1.03
5966,0.04,0.02,1.0
15753,0.04,0.04,1.0
619,0.04,0.02,1.0
3990,0.04,0.05,1.0
18650,0.04,0.05,1.0
1602,0.04,0.04,1.0
15395,0.03,-0.18,0.98
15669,0.04,0.05,1.0
11132,0.04,0.05,1.01
1755,0.04,0.05,1.0
16318,0.03,0.04,1.01
2044,0.04,0.05,1.0
2087,0.04,0.04,1.0
8881,-0.11,0.17,1.07
13649,0.04,0.04,1.01
547,0.07,0.0,0.98
6841,0.04,0.03,1.0
16055,0.09,-0.14,0.96
14453,0.04,0.02,1.0
16741,0.04,0.03,1.0
5580,0.04,0.03,1.0
16619,0.02,0.05,1.02
9997,-0.22,-0.0,0.96
18276,0.02,-0.02,1.0
6603,0.04,0.03,1.0
7950,0.12,0.25,0.95
175,0.11,0.09,0.96
19400,0.04,0.04,1.01
2212,0.03,0.04,1.01
17363,0.04,0.03,1.0
3978,0.04,0.05,1.0
16593,0.03,0.04,1.01
10528,0.04,0.05,1.0
17741,0.04,0.07,1.0
19395,0.04,0.05,1.01
16311,0.03,0.09,1.05
2446,0.04,0.04,1.01
11442,0.2,0.05,1.0
1324,0.05,0.02,1.0
1605,0.04,0.05,1.0
8951,0.04,0.03,1.0
4326,0.04,0.05,1.0
1296,0.04,0.04,1.0
2004,-0.0,0.12,1.02
15874,0.04,0.04,1.0
2067,0.03,0.05,1.0
1509,0.04,0.04,1.0
13179,0.04,0.03,0.99
1561,0.04,0.04,1.0
14659,0.07,-0.1,1.07
6065,0.04,0.03,1.0
12060,0.04,0.02,1.0
16413,0.11,0.05,0.95
6106,0.04,0.02,1.0
12651,0.04,0.04,1.0
5791,0.05,0.28,1.11
10795,0.04,0.05,1.01
19492,0.04,0.04,1.0
4410,0.04,0.05,1.0
19266,0.04,0.04,1.01
3701,0.04,0.03,1.0
6605,0.04,0.02,1.0
7653,-0.02,0.33,1.05
7436,0.04,0.04,1.0
1237,0.04,0.05,1.0
16886,0.09,0.17,1.0
12654,0.04,0.04,1.0
18839,0.04,0.04,1.0
2255,0.03,0.06,1.01
10410,0.04,0.04,1.0
17273,0.04,0.03,1.0
17021,0.04,0.07,1.14
14311,0.01,0.02,1.02
13500,0.04,0.09,1.0
18431,0.11,0.27,1.07
16732,0.04,0.03,1.0
13026,0.03,0.03,1.0
15275,0.03,0.0,1.07
18245,0.03,0.04,1.0
949,0.04,0.03,1.0
17224,0.04,0.02,1.0
12362,0.04,0.03,1.0
3033,0.04,0.02,1.0
19656,0.21,0.15000000000000002,0.99
4096,0.02,-0.03,0.96
19474,0.05,-0.12000000000000001,1.16
18964,0.04,0.04,1.0
12001,0.04,0.02,1.0
7413,0.04,0.04,1.0
15298,0.05,0.03,1.01
17728,-0.05,-0.13,1.22
7912,0.04,0.04,1.02
6657,0.04,0.02,1.0
1843,0.04,0.05,1.0
1566,0.04,0.05,1.0
3848,0.04,0.03,1.0
4604,0.04,0.05,1.0
5048,0.04,0.04,1.01
3441,0.04,0.03,1.0
5630,0.04,0.02,1.0
4783,0.06,-0.31,0.98
5142,0.04,0.05,1.01
7275,0.04,0.05,1.0
15133,-0.01,0.07,1.15
5069,0.06,0.009999999999999995,1.07
848,0.04,0.03,1.0
11921,0.25,0.04,0.75
839,0.04,0.02,1.0
9840,0.04,0.05,1.0
8375,0.03,-0.02,1.0
8644,0.08,0.12,1.0
4927,0.03,0.04,1.01
10876,0.04,0.04,1.01
6306,0.04,0.02,1.0
19256,0.04,0.04,1.01
605,-0.02,0.09,0.98
13121,0.03,0.04,1.0
8022,0.0,0.05,1.05
2315,0.03,0.05,1.01
13583,0.03,0.05,1.01
12606,0.04,0.05,1.0
1986,0.04,0.05,1.0
9420,0.04,0.03,1.0
9770,0.04,0.05,1.0
6243,0.03,0.03,1.0
2858,0.04,0.01,1.02
4881,0.04,0.04,1.0
5792,-0.01,0.45,0.97
4768,0.04,0.05,1.0
17376,0.02,0.04,1.0
3940,0.04,0.02,1.0
12557,0.04,0.04,1.0
8928,0.04,0.03,1.0
18024,0.04,0.02,1.0
15432,0.04,0.05,1.0
10246,0.04,0.05,1.0
525,0.04,0.02,1.0
15885,0.03,0.04,1.0
10314,0.04,0.05,1.0
9490,-0.25,0.03,1.05
17542,0.02,0.25,1.01
18364,0.04,0.04,1.0
13993,0.04,0.05,1.0
122,0.01,0.11,0.95
4666,0.04,0.04,1.0
16946,0.06,0.14,0.97
12195,0.04,0.02,1.02
2306,0.04,0.04,1.01
18089,0.03,0.18,1.0
16714,0.04,0.03,1.0
6349,0.04,0.03,1.0
10382,0.04,0.05,1.0
11388,0.4,0.13,0.85
16661,0.04,0.03,1.0
10010,0.04,0.05,1.0
3131,0.04,0.02,1.0
3718,0.04,0.02,1.0
48,0.06,0.12,1.0
502,0.02,0.01,0.97
3288,0.04,0.02,1.0
15625,0.04,0.05,1.0
229,-0.0,0.05,1.0
19648,0.06,-0.020000000000000004,1.03
2859,0.03,-0.14,1.01
9880,0.04,0.05,1.0
13956,0.04,0.03,1.0
3077,0.04,0.03,1.0
4598,0.04,0.05,1.0
1076,0.04,0.03,1.0
13660,0.03,0.04,1.01
12126,0.04,0.03,1.0
8519,0.06,0.07,1.0
7998,0.04,0.05,1.01
3007,0.04,0.03,1.0
11640,0.04,0.03,1.0
16630,0.1,0.16999999999999998,0.98
9724,0.04,0.05,1.0
4748,0.04,0.05,1.0
13665,0.04,0.04,1.01
4430,0.04,0.05,1.0
3208,0.04,0.02,1.0
17087,0.12,0.18,0.88
7625,0.04,0.04,1.0
16823,0.03,0.1,0.98
5778,0.04,0.03,1.0
15922,0.03,0.04,1.0
14965,0.04,0.03,1.0
2424,0.04,0.04,1.01
16457,0.12,-0.020000000000000004,1.05
19084,0.04,0.04,1.0
13790,0.04,0.09,1.01
13568,0.04,0.04,1.01
1019,0.04,0.02,1.0
18583,0.04,0.04,1.0
9614,0.04,0.03,1.0
8620,0.04,0.03,1.0
1932,0.04,0.05,1.0
18614,0.09,0.25,0.95
350,-0.01,0.05,1.03
14826,0.06,-0.08,1.0
223,0.04,0.03,1.0
6628,0.04,0.11,0.99
19250,0.04,0.04,1.0
19216,0.23,0.28,0.96
10364,0.04,0.05,1.0
19346,0.03,0.04,1.0
2505,0.04,0.04,1.01
19133,0.04,0.04,1.0
565,0.04,0.03,1.0
11088,0.03,0.05,1.01
15344,0.11,0.03,1.0
14912,0.04,0.03,1.0
13840,0.03,0.04,1.01
3510,0.04,0.02,1.0
4164,0.04,0.04,1.0
8875,0.04,0.03,1.0
2722,0.04,0.02,1.0
2825,0.04,0.02,1.0
3576,0.04,0.02,1.0
13966,0.03,0.03,1.0
3680,0.01,-0.01,1.1
14572,0.04,0.03,1.0
19651,0.12,-0.15000000000000002,0.98
18131,0.04,0.2,0.97
8355,-0.01,0.03,1.05
822,0.04,0.03,1.0
18479,0.04,0.05,1.0
9265,0.04,0.03,1.0
9260,0.04,0.02,1.0
14865,0.04,0.02,1.0
19177,0.04,0.04,1.0
10177,0.01,0.08,0.88
8498,-0.12,0.1,0.88
18687,0.04,0.05,1.0
15362,0.04,0.05,1.0
2878,-0.05,0.02,1.0
8227,0.04,0.04,1.01
13675,0.04,0.05,1.01
19007,0.04,0.04,1.0
9217,0.03,0.03,1.0
17428,0.04,0.03,1.0
17468,0.04,0.03,1.0
11334,0.04,0.03,1.0
14148,0.03,0.03,1.0
8653,0.04,0.03,1.0
16709,0.03,0.02,0.98
4356,0.04,-0.55,0.75
2704,0.01,-0.06,1.06
1191,0.04,0.05,1.0
10487,0.04,0.04,1.0
5224,0.04,0.04,1.01
5648,0.03,0.03,1.0
4232,0.04,0.05,1.0
9009,0.04,0.03,1.0
6184,0.04,0.02,1.0
19239,0.04,0.05,1.0
14930,0.07,-0.04,1.0
14688,0.04,0.03,1.0
14545,0.04,0.02,1.0
13355,0.08,0.1,1.02
4091,0.04,0.04,1.0
16578,0.07,0.29,0.93
16581,0.01,0.06,1.01
16305,-0.0,-0.03,0.94
5334,0.03,0.05,1.01
13668,0.04,0.05,1.01
19095,0.04,0.04,1.0
8623,0.04,0.02,1.0
5682,0.03,0.41,1.0
4176,0.04,0.05,1.0
11501,0.04,0.03,1.0
2168,0.04,0.04,1.01
2941,0.04,0.02,1.0
11489,0.04,0.03,1.0
17637,0.06,0.05,0.96
17060,0.04,0.03,1.0
17282,0.12,0.03,1.0
19229,0.04,0.04,1.0
6174,0.04,0.02,1.0
172,0.14,0.12,0.84
640,0.02,0.05,1.02
11947,0.04,0.03,1.0
13574,0.04,0.05,1.01
18616,-0.0,0.5,1.01
12017,0.04,0.02,1.0
5486,0.04,0.02,1.0
16915,0.04,0.03,1.0
18382,0.07,0.36,1.12
8265,0.05,-0.009999999999999995,1.03
14419,0.04,-0.21,1.02
11391,0.07,0.07,0.96
14656,-0.01,-0.14,0.86
10049,-0.23,0.11,1.0
18969,0.04,0.04,1.0
16134,0.04,0.04,1.0
10193,-0.1,0.03,0.88
2491,0.08,0.009999999999999995,0.91
10532,0.04,0.04,1.0
19691,0.03,0.04,1.01
13919,0.13,0.03,1.0
9244,0.04,0.03,1.0
15697,0.04,0.04,1.0
15268,0.03,0.05,1.0
2028,0.04,0.05,1.0
1875,0.04,0.04,1.0
354,0.09,0.09,0.95
5824,0.04,0.03,1.0
13170,0.04,0.04,1.0
14322,-0.01,0.19,0.88
1166,0.04,0.05,1.0
17903,0.04,0.03,1.0
18704,0.04,0.04,1.0
3520,0.04,0.02,1.0
14087,0.04,0.03,1.0
3218,0.04,0.02,1.0
10986,0.04,0.04,1.0
18848,0.04,0.05,1.0
12911,0.04,0.04,1.0
10603,0.04,0.04,1.0
15889,0.01,0.2,1.12
4654,0.04,0.04,1.0
14944,0.04,0.02,1.0
12431,0.14,0.15,1.06
3747,0.0,-0.05,1.0
11607,0.04,0.03,1.0
324,0.04,0.03,1.0
8783,0.04,0.02,1.0
5604,0.04,0.02,1.0
6150,0.04,0.02,1.0
7466,0.04,0.04,1.0
17684,0.04,0.02,1.0
3312,-0.03,-0.44,0.83
18198,0.04,0.03,1.0
13555,0.04,0.05,1.01
5112,0.04,0.04,1.0
10009,0.04,0.05,1.0
2384,0.05,0.009999999999999995,1.08
15603,0.04,0.05,1.0
8958,0.04,0.03,1.0
15175,0.04,0.03,1.0
7367,0.04,0.04,1.0
18466,0.04,0.05,1.0
9147,0.04,0.03,1.0
17842,0.04,0.02,1.0
4728,0.12,-0.56,0.75
1103,0.04,0.03,1.0
19574,0.04,0.05,1.01
9695,0.04,0.05,1.0
9010,0.04,0.02,1.0
3365,0.03,0.02,1.01
3709,0.04,0.03,1.0
710,0.09,0.04,1.0
118,0.08,0.06,0.94
4928,0.04,0.04,1.02
2046,0.04,0.05,1.0
8240,0.04,0.04,1.01
6751,0.04,0.02,1.0
11658,0.04,0.03,1.0
317,0.04,0.03,1.0
5771,0.04,0.03,1.0
16485,0.04,0.04,1.01
7315,0.11,0.18,0.93
18885,0.04,0.04,1.0
5413,0.04,0.04,1.01
7214,0.04,0.05,1.0
10831,0.04,0.05,1.0
4566,0.02,0.03,1.0
6260,0.03,0.06,1.01
18363,0.04,0.04,1.0
5945,0.04,0.03,1.0
6345,0.04,0.02,1.0
13385,0.04,0.05,1.0
87,0.04,0.02,1.0
8483,0.04,0.02,1.0
4432,0.04,0.05,1.0
3507,0.04,0.02,1.0
403,0.03,0.03,1.0
5300,0.04,0.04,1.01
10585,0.04,0.04,1.0
15792,0.06,0.05,0.98
7045,0.03,0.05,1.0
2245,0.11,0.020000000000000004,0.95
13635,0.35,-0.03,1.02
15955,0.04,0.0,0.99
14796,0.04,0.02,1.0
6969,0.04,0.04,1.0
10412,0.04,0.05,1.0
5999,0.04,0.03,1.0
2441,0.03,0.08,1.09
5039,0.04,0.05,1.01
15189,0.04,0.05,1.0
10709,0.04,0.04,1.0
12356,0.04,0.03,1.0
7596,0.03,0.03,1.0
14400,0.04,0.03,1.0
14593,0.04,0.03,1.0
7363,0.04,0.05,1.0
1427,0.07,0.07,0.92
5447,0.0,0.13,1.0
5728,0.04,0.02,1.0
13974,-0.01,0.07,0.92
1504,0.04,0.04,1.0
11113,-0.11,0.12,0.82
18539,0.04,0.04,1.0
679,-0.02,0.0,1.0
7382,0.04,0.04,1.0
6393,0.04,0.03,1.0
7982,0.04,0.04,1.01
11475,0.04,0.03,1.0
17830,0.04,0.03,1.0
5474,0.04,0.04,1.01
1853,0.04,0.05,1.0
7213,0.04,0.04,1.0
1072,0.04,0.03,1.0
14848,0.04,0.03,1.0
7518,0.04,0.04,1.0
2796,0.04,0.02,1.0
3517,0.04,0.03,1.0
1101,0.04,0.03,1.0
17491,0.04,0.45,1.0
17188,0.04,0.03,1.0
418,0.04,0.03,1.0
14302,0.04,0.03,1.0
6348,0.04,0.02,1.0
13467,0.03,0.05,1.01
11531,0.05,0.05,0.94
17641,0.06,0.25,1.05
18030,0.04,0.02,1.0
19630,0.04,0.05,1.01
9429,0.04,0.03,1.0
12550,0.04,0.05,1.0
12453,0.04,0.03,1.0
5282,0.03,0.05,1.01
9820,0.04,0.05,1.0
10125,-0.09,0.0,1.0
723,0.04,0.03,1.0
5609,0.03,0.02,1.0
11545,0.04,0.03,1.0
1863,0.04,0.05,1.0
18449,0.04,0.04,1.0
1690,0.04,0.05,1.0
9561,0.04,0.02,1.0
18998,0.14,-0.15,0.95
1996,0.02,0.02,1.18
14681,0.04,0.03,1.0
14897,0.04,0.02,1.0
13446,0.0,0.07,1.03
19645,0.03,0.04,1.01
6738,0.04,0.03,1.0
3590,0.14,-0.2,0.98
7267,0.04,0.05,1.0
18792,0.04,0.04,1.0
16746,0.02,0.03,1.0
10498,0.04,0.04,1.0
19670,0.04,0.05,1.01
17416,0.04,0.03,1.0
10091,0.04,0.05,1.0
5967,0.04,0.03,1.0
17967,0.04,0.03,1.0
15973,0.04,0.04,1.0
575,0.04,0.03,1.0
9489,-0.11,0.07,1.0
16798,0.04,0.04,1.0
10425,0.04,0.04,1.0
17672,0.04,0.03,1.0
14493,0.04,0.02,1.0
3785,0.08,-0.49,0.84
17558,0.04,0.02,1.0
18926,0.26,0.21,0.96
9788,-0.06,0.08,1.2
17439,0.01,0.26,1.05
849,0.04,0.03,1.0
2252,0.06,0.020000000000000004,1.11
6111,0.04,0.03,1.0
9638,0.04,0.03,1.0
18892,0.04,0.04,1.0
15883,0.03,0.04,1.0
9078,-0.27,0.2,1.02
5759,0.04,0.03,1.0
4303,0.08,-0.33,0.97
19597,0.14,0.03,0.89
18031,0.04,0.03,1.0
4337,0.04,0.04,0.99
999,0.04,0.02,1.0
4632,0.04,0.04,1.0
10588,0.03,0.04,1.0
552,0.0,0.05,0.94
17775,0.0,0.24,0.95
4679,0.05,-0.12,1.03
3634,0.14,-0.09,0.95
15251,0.04,0.05,1.0
11834,0.04,0.03,1.0
8969,0.04,0.03,1.0
1409,0.04,0.04,1.0
18367,0.04,0.05,1.0
18236,0.04,0.05,1.0
14486,0.04,0.02,1.0
694,0.04,0.03,1.01
5421,0.03,0.04,1.01
3573,0.04,0.03,1.0
10359,0.04,0.04,1.0
4451,0.05,0.06,1.07
4506,0.03,-0.0,0.99
9270,0.03,0.03,1.05
16026,0.03,0.04,1.0
14369,0.07,-0.04,1.07
19225,0.02,0.05,0.98
261,0.04,0.02,1.0
19190,0.04,0.04,1.0
5972,0.04,0.03,1.0
14739,0.04,0.02,1.0
4267,0.02,-0.08,1.09
3793,-0.04,-0.52,0.76
13920,0.12,0.07,0.95
446,0.07,-0.02,0.95
7475,0.04,0.04,1.0
5536,0.04,0.03,1.0
3707,0.04,0.02,1.0
8151,0.04,0.05,1.01
3488,0.07,-0.06,0.86
14953,0.04,0.03,1.0
2531,0.03,0.05,1.01
17195,0.04,0.03,1.0
15331,0.09,0.02,0.96
1170,0.04,0.05,1.0
4413,0.04,0.05,1.0
8785,-0.08,0.01,1.06
9263,0.04,0.02,1.0
3245,0.04,0.03,1.0
882,0.04,0.03,1.0
7470,0.04,0.04,1.0
15771,0.04,0.04,1.0
8416,0.04,0.03,1.0
19428,0.3,0.07,1.09
1469,0.04,0.05,1.0
9124,0.04,0.02,1.0
16312,0.0,0.05,1.04
7228,0.04,0.05,1.0
453,0.04,-0.0,0.98
4406,0.04,0.05,1.0
3115,0.04,0.02,1.0
4419,0.04,0.05,1.0
14343,0.04,0.02,1.0
17054,0.04,0.02,1.0
18594,0.04,0.04,1.0
580,0.04,0.02,1.0
7271,0.04,0.04,1.0
8297,0.04,0.04,1.01
16397,0.04,0.04,1.01
13416,0.04,0.04,1.01
17429,0.04,0.02,1.0
4426,0.04,0.04,1.0
7016,0.04,0.04,0.98
19188,0.04,0.04,1.0
16314,0.0,0.09,0.98
402,0.04,0.03,1.0
4743,0.04,0.05,1.0
11688,0.04,0.02,1.0
3133,0.05,0.02,1.01
11591,0.04,0.02,1.0
7825,0.0,0.08,1.01
164,0.04,-0.02,1.0
15079,0.0,0.01,1.01
11837,0.04,0.03,1.0
3438,0.04,0.03,1.0
8758,0.04,0.02,1.0
13419,0.04,0.05,1.01
7591,0.04,0.04,1.0
1850,0.04,0.04,1.0
19279,0.03,0.05,1.01
1336,0.04,0.05,1.0
9887,0.04,0.05,1.0
18763,0.25,0.14,1.04
15430,0.04,0.05,1.0
10087,0.04,0.05,1.0
18623,0.03,-0.07,1.02
7762,0.03,0.07,0.96
707,0.01,0.06,1.0
3628,0.04,0.03,1.0
4903,0.03,0.04,1.0
15397,0.12,0.11,0.93
8583,0.08,0.02,0.92
7819,0.01,-0.03,1.0
6068,0.04,0.03,1.0
3247,0.04,0.02,1.0
7326,0.04,0.05,1.01
5153,0.04,0.04,1.01
4273,0.04,0.05,1.0
13464,0.04,0.04,1.01
10468,0.04,0.04,1.0
15048,0.02,0.04,1.0
15547,0.04,0.05,1.0
10293,-0.12,0.01,0.98
16322,0.04,0.04,1.01
2434,0.11,0.0,0.88
246,0.05,0.01,0.99
4015,0.07,-0.08,1.0
14571,0.04,0.03,1.0
10256,0.04,0.05,1.0
2266,0.04,0.05,1.01
11896,0.04,0.03,1.0
836,0.04,0.02,1.0
9710,0.04,0.05,1.0
1175,0.04,0.05,1.0
18324,0.15,0.12,0.98
7112,0.06,0.02,0.99
13898,0.05,0.09,0.98
13129,0.24,0.07,1.05
14488,0.04,0.02,1.0
5745,0.01,0.23,0.94
9058,0.04,0.02,1.0
15100,0.04,0.03,1.0
250,0.04,0.03,1.0
12005,0.04,0.02,1.0
8868,0.04,0.02,1.0
19636,0.03,0.05,1.01
8147,0.02,0.06,1.02
2828,0.04,0.02,1.0
12229,0.01,0.04,1.03
8680,0.04,0.03,1.0
18489,0.09,-0.07,1.07
3532,0.04,0.03,1.0
9711,0.04,0.05,1.0
17599,-0.03,0.08,1.01
8243,0.04,0.04,1.0
10105,0.04,0.08,0.96
2001,0.11,0.12,0.95
15773,0.04,0.04,1.0
16059,0.09,0.1,1.08
6131,0.03,0.03,1.0
4244,0.04,0.05,1.0
13212,0.04,0.05,1.0
5113,0.04,0.04,1.01
18936,0.01,-0.02,0.99
14816,0.06,0.11,1.07
4472,0.04,0.04,1.0
10902,0.01,0.08,0.86
3856,0.04,0.02,1.0
3089,0.04,0.03,1.0
4603,0.04,0.05,1.0
8278,0.04,0.05,1.01
12288,0.2,0.15,0.85
4227,0.03,0.05,1.0
13862,0.04,0.03,1.0
10398,-0.32,0.04,0.92
16691,0.14,0.16,0.96
2574,0.03,0.04,1.01
16013,0.04,0.02,1.0
4570,0.04,0.05,1.0
3841,-0.03,-0.34,0.89
9452,-0.17,0.02,0.93
19730,0.03,0.04,1.01
2451,0.04,0.04,1.0
7561,0.0,0.04,1.02
18069,0.04,0.03,1.0
7211,0.04,0.05,1.0
17034,0.04,0.03,1.0
10101,-0.01,0.05,0.94
3275,-0.05,-0.13,0.92
1225,0.04,0.05,1.0
545,0.06,0.02,1.03
1206,0.09,-0.03,1.02
12441,0.04,0.03,1.0
9699,0.04,0.04,1.0
10459,0.05,-0.01,1.01
8039,0.03,0.04,1.01
2644,0.14,0.06,0.85
9869,0.04,0.04,1.0
12438,0.04,0.02,1.0
1390,0.04,0.05,1.0
18054,0.04,0.03,1.0
18672,0.03,0.25,1.03
879,0.04,0.03,1.0
9417,0.04,0.02,1.0
98,0.04,0.02,1.0
4686,0.04,0.04,1.0
19050,0.28,0.22,0.96
4129,0.04,0.05,1.0
8554,0.04,0.02,1.0
12951,0.04,0.04,1.0
7187,0.06,0.19,0.88
18585,0.04,0.05,1.0
9487,0.05,0.03,1.0
19448,0.03,0.05,1.01
9024,0.04,0.02,1.0
7723,0.04,0.04,1.0
7161,0.04,0.05,1.0
5071,0.02,0.08,1.1
12733,0.01,0.02,1.08
16704,0.12,0.13,0.95
18894,0.04,0.04,1.0
2689,0.05,-0.27,0.93
13166,0.04,0.04,1.0
2513,0.04,0.05,1.01
12317,0.04,0.02,1.0
16444,0.04,0.04,1.01
4607,0.04,0.05,1.01
14268,0.04,0.03,1.0
18085,0.02,0.0,0.99
5820,0.04,0.02,1.0
7348,0.04,0.04,1.0
6549,0.04,0.03,1.0
10675,-0.07,-0.03,1.0
3916,0.04,0.03,1.0
13452,0.04,0.04,1.01
8672,0.04,0.03,1.0
18496,0.15,0.29,0.96
1879,0.04,0.05,1.0
14536,0.04,0.03,1.0
5709,0.04,0.03,1.0
9486,0.04,0.03,1.0
5592,0.04,0.03,1.0
18200,0.04,0.03,1.0
14024,0.04,0.03,1.0
760,0.04,0.02,1.0
5956,0.04,0.02,1.0
655,0.04,0.04,1.0
6341,0.04,0.03,1.0
5744,0.01,0.4,0.97
2947,0.04,0.02,1.0
6138,0.04,0.03,1.0
10879,0.04,0.04,1.01
3120,0.04,0.02,1.0
9583,0.04,0.03,1.0
15264,0.04,0.05,1.0
15702,0.04,0.04,1.0
8123,0.04,0.04,1.01
6790,0.04,0.03,1.0
13149,0.04,0.04,1.0
6611,0.02,0.1,1.06
5517,0.04,0.02,1.0
18732,0.04,0.04,1.0
14401,0.04,0.03,1.0
1133,0.04,0.04,1.0
3826,0.05,0.03,1.0
15836,0.0,0.28,1.01
10704,0.04,0.04,1.0
2670,0.04,0.05,1.01
19069,0.04,0.05,1.0
5842,0.04,0.03,1.0
11367,0.04,0.03,1.0
10812,0.08,0.04,1.11
6015,0.04,0.03,1.0
4,0.04,0.02,1.0
16353,0.07,-0.19,1.02
1931,0.04,0.04,1.0
15618,0.04,0.05,1.0
14124,0.04,0.03,1.0
11826,0.07,0.06,1.02
2935,0.04,0.02,1.0
6368,-0.04,0.45,1.02
3506,0.04,0.03,1.0
10743,0.04,0.04,1.0
13357,0.04,0.04,0.93
5357,0.04,0.05,1.01
16990,0.04,0.03,1.0
6235,0.04,0.03,1.0
18426,0.05,-0.08,0.97
944,0.04,0.03,1.0
3343,0.04,0.02,1.0
3372,0.04,0.02,1.0
16816,0.11,0.28,0.98
16491,0.04,0.04,1.01
9384,0.01,0.06,1.0
9713,0.04,0.05,1.0
12142,0.32,0.14,0.95
308,0.04,0.03,1.0
1567,0.04,0.05,1.0
7450,0.08,0.45,0.95
2139,0.02,0.04,1.01
13413,0.03,0.04,1.01
18730,0.04,0.04,1.0
13117,0.04,0.04,1.0
18109,0.04,0.02,1.0
18072,0.03,0.03,1.0
19610,-0.0,0.06,1.01
8214,0.04,0.04,1.01
2280,0.03,0.04,1.01
7845,0.05,0.06,0.96
16972,0.04,0.03,1.0
18805,0.04,0.05,1.0
2628,0.04,0.05,1.01
14530,0.04,0.03,1.0
9608,0.03,0.01,1.01
19064,0.04,0.05,1.0
231,0.05,0.07,1.01
9387,-0.24,0.13,1.02
15071,0.04,0.03,1.0
738,0.04,0.02,1.0
2883,0.04,0.02,1.0
12883,0.02,0.05,1.0
9193,0.04,0.02,1.0
15135,0.11,0.12,0.93
15873,0.03,0.04,1.0
14667,0.05,0.04,1.01
6220,0.04,0.02,1.0
12890,0.04,0.05,1.0
10762,0.04,0.04,1.0
6502,0.04,0.02,1.0
11588,0.1,0.13,1.09
7186,0.12,0.27,0.94
756,0.04,0.02,1.0
12449,0.04,0.03,1.0
19280,0.03,0.04,1.01
9089,-0.15,0.41,0.91
10146,0.03,0.05,1.0
16815,0.12,0.27,0.95
15333,0.11,-0.02,0.89
6842,0.04,0.05,1.0
14426,0.08,0.05,1.0
69,0.04,0.02,1.0
5831,0.04,0.03,1.0
9044,0.01,0.01,1.05
6190,0.04,0.03,1.0
19092,0.04,0.04,1.0
17750,0.04,0.03,1.0
1683,0.04,0.04,1.0
15923,0.03,0.04,1.0
17659,0.04,0.03,1.0
10938,0.04,0.05,1.01
6538,0.04,0.02,1.0
2608,0.03,0.05,1.01
8761,0.04,0.02,1.0
19466,0.04,0.05,1.01
17212,0.04,0.02,1.01
13706,0.03,0.04,1.01
9762,0.04,0.05,1.0
19214,0.24,0.17,0.98
2287,0.03,0.04,1.01
3914,0.04,0.03,1.0
10212,0.04,0.05,1.0
14590,0.04,0.03,1.0
10085,0.04,0.05,1.0
19304,0.12,-0.08,1.17
13198,0.04,0.05,1.0
19584,0.03,0.04,1.01
15742,0.05,0.03,1.02
7329,0.04,0.05,1.0
12835,0.04,0.04,1.0
5552,0.04,0.03,1.0
15663,0.03,0.05,1.0
15335,0.07,-0.17,1.04
1547,0.04,0.05,1.0
740,0.04,0.02,1.0
17022,0.09,0.08,0.86
16465,0.1,-0.11,1.1
7743,0.04,0.04,1.0
7529,0.04,0.04,1.0
3663,0.04,0.02,1.0
12027,0.04,0.02,1.0
5092,0.04,0.05,1.01
774,0.09,0.07,0.82
867,0.04,0.03,1.0
9584,0.04,0.03,1.0
5638,0.04,0.03,1.0
17507,0.04,0.02,1.0
642,0.04,0.03,1.0
15124,0.04,0.03,1.0
12999,0.04,0.04,1.0
3306,0.04,0.03,1.0
8093,0.03,0.05,1.01
5642,0.04,0.03,1.0
10224,0.04,0.04,1.0
19437,-0.03,0.11,1.05
14402,0.04,0.02,1.0
7676,0.04,0.04,1.0
4041,0.05,-0.02,1.0
15523,0.05,0.05,1.0
17668,0.04,0.03,1.0
16519,0.09,-0.26,0.91
7374,0.04,0.04,1.0
15673,0.04,0.05,1.0
18711,0.04,0.04,1.0
3430,0.04,0.02,1.0
11795,0.04,0.02,1.0
363,0.0,0.05,1.0
3905,0.04,0.03,1.0
8536,0.04,0.03,1.0
5086,0.03,0.04,1.01
17370,0.04,0.02,1.0
3003,0.04,0.02,1.0
472,0.04,0.02,1.0
1644,0.04,0.05,1.0
18735,0.04,0.04,1.0
17844,0.04,0.03,1.0
16812,0.13,0.14,0.99
1174,0.04,0.05,1.0
14307,0.04,0.03,1.0
6693,0.04,0.02,1.0
10869,0.04,0.04,1.01
19151,0.04,0.04,1.0
13912,0.14,-0.12,0.99
3485,0.05,0.1,1.09
17645,0.12,0.61,0.82
16048,0.03,0.04,1.0
1412,0.04,0.05,1.0
14463,-0.0,-0.16,1.02
7375,0.04,0.04,1.0
9720,0.04,0.05,1.0
816,0.0,0.03,1.03
7191,-0.0,0.04,1.02
8127,0.0,0.09,1.0
2135,0.04,0.05,1.01
1800,0.04,0.05,1.0
8604,0.04,0.03,1.0
4905,0.04,0.04,1.0
5628,0.04,0.03,1.0
9137,0.04,0.02,1.0
3213,0.04,0.02,1.0
5829,0.04,0.03,1.0
4568,0.04,0.03,1.0
524,0.04,0.02,1.0
3173,0.04,0.03,1.0
13901,0.05,0.18,0.98
19798,0.03,0.04,1.01
14503,0.04,0.16,1.12
5700,0.04,0.03,1.0
17930,0.04,0.03,1.0
1534,0.03,0.04,1.01
12754,0.1,0.08,0.94
2876,0.02,-0.11,1.0
9256,0.04,0.03,1.0
11029,0.04,0.04,1.01
8319,0.04,0.03,1.0
19179,0.04,0.04,1.0
16960,0.05,-0.0,0.97
12860,0.26,0.07,0.96
1301,0.04,0.05,1.0
6923,0.04,0.05,1.0
5974,0.0,0.02,1.02
13989,0.04,0.21,0.98
15993,0.03,0.04,1.0
10496,0.04,0.05,1.0
17724,0.04,0.03,1.0
1482,0.02,0.0,1.01
1603,0.04,0.05,1.0
11543,0.04,0.02,1.0
5516,0.05,0.0,1.0
7840,0.22,0.61,0.84
16903,0.04,0.03,1.0
14007,0.04,0.03,1.0
13215,0.04,0.05,1.0
3828,0.0,0.0,1.22
16724,0.04,0.03,1.0
9847,0.03,0.05,0.89
5204,0.04,0.05,1.01
10575,0.09,0.05,1.12
6188,0.04,0.02,1.0
397,0.04,0.03,1.0
17228,0.02,-0.08,1.18
2511,0.04,0.04,1.01
14823,0.08,-0.1,0.95
15736,0.12,0.04,1.03
3080,0.04,0.03,1.0
17053,0.04,0.03,1.0
724,0.04,0.02,1.0
300,0.04,0.12,0.98
3295,0.04,0.03,1.0
13525,0.04,0.04,1.01
8141,0.19,-0.06999999999999999,0.97
12351,0.04,0.03,1.0
4461,0.04,0.05,1.0
2728,0.04,0.02,1.0
14021,0.04,0.03,1.0
18904,0.04,0.05,1.0
16660,0.03,0.04,1.01
4912,0.04,0.04,1.01
18990,0.27,0.35,0.94
8180,0.03,0.04,1.01
17692,0.04,0.02,1.0
13872,0.04,0.03,1.0
2516,0.04,0.04,1.01
8263,0.12,0.009999999999999995,0.96
18099,0.04,0.03,1.0
10554,0.04,0.04,1.0
7724,0.04,0.04,1.0
1214,0.04,0.16,1.01
7820,0.0,-0.03,0.99
17977,0.04,0.03,1.0
18124,0.04,0.02,1.0
10463,0.02,0.05,0.98
16271,0.03,0.05,1.01
17317,0.04,0.03,1.01
19104,0.09,-0.27,0.89
5896,0.04,0.02,1.0
14267,0.04,0.03,1.0
16310,0.03,0.13,1.02
9976,-0.03,0.02,0.95
8004,0.04,0.05,1.01
6583,0.04,0.04,1.0
9953,0.04,0.05,1.0
3958,0.04,0.03,1.0
4565,0.01,0.01,0.99
19528,0.04,0.020000000000000004,1.01
14055,0.05,-0.02,0.99
787,0.04,0.02,1.0
14259,0.04,0.03,1.0
15170,0.04,0.03,1.0
18309,0.04,0.04,1.0
8746,0.04,0.03,1.0
18781,0.04,0.04,1.0
19204,0.04,0.04,1.0
2960,0.03,0.03,1.0
4965,0.04,0.04,1.01
12834,0.04,0.04,1.0
998,0.04,0.02,1.0
18194,0.04,0.03,1.0
154,0.04,0.03,1.0
8043,0.04,0.04,1.01
6892,-0.04,0.04,1.02
13852,0.03,0.04,1.01
9004,0.04,0.03,1.0
19404,0.04,0.05,1.01
6005,0.04,0.03,1.0
15436,0.04,0.05,1.0
8335,0.04,0.02,1.0
10068,0.01,0.05,1.05
156,0.04,0.03,1.0
14835,0.04,0.03,1.02
3169,0.04,0.03,1.0
15596,0.04,0.05,1.0
1554,0.04,0.04,1.0
16621,0.07,0.09,0.95
17368,0.04,0.03,1.0
496,0.09,0.03,1.05
2325,0.04,0.04,1.01
914,0.04,0.02,1.0
13743,0.03,0.06,1.0
9885,0.04,0.04,1.0
151,0.04,0.03,1.0
13337,0.04,0.05,1.0
15649,0.04,0.02,1.0
15352,0.03,0.05,1.0
1741,0.04,0.05,1.0
3071,0.04,0.02,1.0
10519,0.05,0.07,1.03
14031,0.03,0.02,1.0
7720,0.04,0.04,1.0
18934,0.08,-0.14,1.1
2938,0.04,0.02,1.0
3902,0.04,0.02,1.0
7908,0.03,0.04,1.01
15445,0.03,0.03,1.05
11636,0.04,0.02,1.0
890,0.04,0.03,1.0
5946,0.04,0.02,1.0
3304,0.04,0.03,1.0
14618,0.04,0.04,1.0
11938,0.04,0.03,1.0
5202,0.03,0.009999999999999995,1.06
5054,0.04,0.05,0.98
343,0.04,0.03,1.0
4405,0.04,0.05,1.0
16120,0.01,0.04,1.04
3291,0.04,0.03,1.0
4852,0.05,-0.04,0.99
2227,0.04,0.04,1.01
14824,0.02,-0.14,0.99
2125,0.04,0.05,1.01
7598,0.05,0.16,1.05
15549,0.04,0.05,1.0
14364,-0.03,-0.16,1.14
14583,0.04,0.03,1.0
13532,0.04,0.05,1.01
15106,0.04,0.02,1.0
11653,0.04,0.03,1.0
8179,0.04,0.04,1.01
18004,0.01,0.39,1.02
5094,0.04,0.04,1.01
18380,0.07,0.17,0.91
1467,0.04,0.04,1.0
4923,0.04,0.05,1.01
18680,0.04,0.05,1.0
3717,0.04,0.03,1.0
6369,-0.0,0.42,0.97
283,0.04,0.03,1.0
19183,0.04,0.04,1.0
6817,0.02,0.04,1.0
15420,0.04,0.05,1.0
10041,0.0,0.09,0.97
4420,0.04,0.05,1.0
19523,0.04,0.05,1.01
19443,0.04,0.05,1.02
11737,0.04,0.02,1.0
8189,0.02,0.06,1.09
12978,0.04,0.04,1.0
19198,0.04,0.05,1.0
9980,0.13,0.05,0.93
13301,0.11,0.02,1.17
3257,0.04,0.02,1.0
2635,0.04,0.05,1.0
19319,0.01,0.03,1.05
3277,0.04,0.03,1.0
15043,0.13,0.11,1.06
17589,0.11,0.19,1.03
1205,0.08,0.04,0.97
7088,0.04,0.05,1.0
19247,0.04,0.04,1.0
617,0.04,0.03,1.0
11498,0.04,0.02,1.0
3205,0.04,0.03,1.0
12365,0.04,0.03,1.0
17888,0.04,0.02,1.0
17203,0.04,0.02,1.0
8311,0.04,0.03,1.0
18909,0.04,0.04,1.0
18183,-0.09,0.36,1.02
2743,0.04,0.02,1.0
12817,0.16,0.08,1.02
17554,0.04,0.03,1.0
11742,0.04,0.02,1.0
18391,0.0,0.0,1.02
14876,0.11,0.0,1.02
1359,0.04,0.05,1.0
14450,0.04,0.02,1.0
8683,0.04,0.03,1.0
10151,0.03,0.05,1.0
17130,0.04,0.03,1.0
8661,0.04,0.03,1.0
1592,0.04,0.04,1.0
19567,0.03,0.05,1.01
3236,0.04,0.03,1.01
5802,0.01,0.41,0.97
17360,0.04,0.03,1.0
19486,0.03,0.03,0.94
13093,0.03,0.04,1.0
548,0.05,0.03,0.97
7899,0.17,0.09,1.01
17170,0.04,0.03,1.01
7690,0.04,0.04,1.0
26,0.04,0.02,1.0
1069,0.04,0.03,1.0
4139,0.04,0.05,1.0
7313,0.13,0.38,0.94
6011,0.04,0.03,1.01
7387,0.04,0.05,1.0
5862,0.04,0.03,1.0
17445,0.02,0.02,1.01
9041,-0.13,0.23,0.94
10643,0.04,0.04,1.0
14502,0.03,0.02,1.0
12258,0.04,0.03,1.0
19355,0.04,0.05,1.01
437,0.04,0.03,1.0
13655,0.04,0.04,1.01
19025,0.04,0.04,1.0
5716,0.04,0.03,1.0
1864,0.04,0.04,1.0
12437,0.04,0.02,1.0
18830,0.04,-0.01,0.98
9317,0.04,0.03,1.0
12176,0.04,0.03,1.0
10418,0.04,0.04,1.0
1,0.04,0.02,1.0
2721,0.04,0.02,1.0
18407,0.04,0.05,1.0
9581,0.03,0.03,1.0
5781,0.04,0.03,1.0
12202,0.04,0.03,1.0
10381,0.04,0.05,1.0
7716,0.02,0.04,1.01
17090,0.05,0.07,1.01
6543,0.04,0.03,1.0
14492,0.04,0.03,1.0
13861,0.04,0.03,1.0
4253,-0.11,-0.51,1.03
3599,0.0,-0.38,0.97
535,0.04,0.02,1.0
19787,0.02,0.05,1.01
586,0.04,0.02,1.0
15869,0.03,0.04,1.0
13218,0.04,0.05,1.0
13523,0.04,0.04,1.01
15210,0.04,0.05,1.0
9776,0.05,0.04,0.97
11045,0.04,0.04,1.01
16965,0.04,0.03,1.0
10255,0.04,0.05,1.0
13000,0.04,0.04,1.0
7146,0.04,0.05,1.0
11540,0.04,0.03,1.0
17378,-0.03,-0.04,1.04
19221,0.16,0.0,1.06
1920,0.04,0.05,1.0
18863,-0.0,0.04,1.05
10989,0.04,0.04,1.01
9067,0.04,0.02,1.0
9042,-0.23,0.0,0.99
1914,0.04,0.05,1.0
13445,0.03,0.08,1.02
13209,0.04,0.05,1.0
1135,0.03,0.05,1.0
14725,0.07,-0.23,1.01
12221,0.04,0.03,1.0
16070,0.03,0.04,1.0
1319,0.08,0.0,0.98
4668,0.04,0.05,1.02
9314,0.04,0.02,1.0
19493,0.04,0.05,1.01
12144,0.12,0.14,1.03
13128,0.02,0.07,1.09
8131,0.11,0.38,0.91
6688,0.04,0.03,1.0
13585,0.04,0.05,1.01
2606,0.04,0.05,1.0
7268,0.04,0.05,1.0
16488,0.04,0.05,1.01
2177,0.04,0.04,1.01
3765,0.04,0.02,1.0
7104,0.07,0.02,1.02
12851,0.04,0.05,1.0
8922,0.04,0.02,1.0
10317,0.04,0.05,1.0
3959,0.04,0.02,1.0
5498,0.04,0.03,1.0
9261,0.04,0.02,1.0
10866,0.07,0.06,0.81
4970,0.03,0.04,1.01
17699,0.04,0.03,1.0
240,0.07,0.07,0.95
13375,0.04,0.05,1.0
12296,0.04,0.03,1.0
17402,0.04,0.02,1.0
12476,0.04,0.05,1.0
8455,0.04,0.03,1.0
13019,0.13,0.03,1.04
1870,0.04,0.05,1.0
17465,0.04,0.03,1.0
19739,0.04,0.04,1.01
13268,0.04,0.05,1.0
2526,0.03,0.05,1.01
14846,0.04,0.02,1.0
1823,0.04,0.05,1.0
2415,0.03,0.04,1.01
9220,-0.09,0.02,1.01
7346,0.03,0.05,1.0
5625,0.1,-0.0,1.15
16436,0.04,0.04,1.01
4895,0.04,0.04,1.01
8858,0.04,0.02,1.0
18175,0.1,-0.06,0.9
7059,0.07,0.07,1.0
2122,0.04,0.04,1.01
11417,0.04,0.03,1.0
3970,0.04,0.05,1.0
18605,0.07,0.04,1.04
5361,0.03,0.04,1.01
2844,0.04,0.02,1.0
499,0.07,0.03,0.96
920,0.04,0.02,1.0
15051,0.04,0.03,1.0
9703,0.04,0.05,1.0
4577,0.04,0.05,1.0
15280,0.08,-0.11,0.98
15259,0.04,0.05,1.0
228,-0.01,0.02,0.86
13292,0.25,0.05,1.17
14744,0.04,0.03,1.0
2765,0.04,0.02,1.0
10473,0.04,0.04,1.0
14361,0.08,0.25,1.09
12706,0.04,0.05,1.0
6590,0.05,0.02,1.0
6233,0.04,0.03,1.0
15319,0.04,0.05,1.0
6078,-0.15,0.54,0.8
18387,0.15,-0.05,1.0
8760,0.04,0.03,1.0
17306,0.04,0.03,1.0
1130,0.04,0.05,1.0
14617,0.05,0.06,0.88
16929,0.04,0.03,1.0
11847,0.04,0.03,1.0
15573,0.08,-0.18,0.95
11710,0.04,0.02,1.0
1709,0.04,0.04,1.0
8280,0.04,0.04,1.01
3249,0.04,0.02,1.0
11801,0.04,0.02,1.0
14319,-0.05,-0.2,1.16
15949,0.03,-0.07,0.98
513,0.04,0.02,1.0
6882,0.04,0.05,1.0
7877,0.04,0.06,0.99
12051,0.04,0.03,1.0
11149,0.04,0.05,1.01
14295,0.04,0.03,1.01
11971,0.03,0.01,1.0
19603,0.07,-0.009999999999999995,0.84
13175,0.04,0.04,1.0
2736,0.04,0.02,1.0
8275,0.04,0.05,1.01
8798,-0.03,0.26,1.07
8339,0.04,0.03,1.0
16957,0.07,0.09,0.91
8979,0.04,0.02,1.0
13358,0.04,0.05,1.0
13881,0.04,0.02,1.0
14217,-0.09,0.16,1.22
17159,0.02,0.06,0.95
15142,0.09,-0.18,0.92
15510,0.07,-0.11,0.95
15492,0.04,0.05,1.0
16202,0.04,0.04,1.01
14934,0.15,0.16,0.92
10220,0.04,0.05,1.0
15000,0.04,0.03,1.0
6653,0.04,0.03,1.0
15162,0.04,0.02,1.0
17951,0.0,-0.08,1.21
2555,0.04,0.05,1.0
18821,0.17,0.29,0.97
8270,0.04,0.04,1.01
18676,0.09,0.05,0.96
7491,0.04,0.04,1.0
19686,0.04,0.05,1.01
2688,0.05,-0.02,1.02
7131,-0.03,0.06,1.0
15514,0.1,-0.08,0.98
1047,0.04,0.03,1.0
2651,0.05,0.06,0.99
4750,0.03,0.05,1.0
4810,0.04,0.05,1.0
2065,0.04,0.05,1.0
4984,0.03,0.05,1.0
10279,0.04,0.04,1.0
12562,0.04,0.04,1.0
3966,0.04,0.05,1.0
18595,0.04,0.05,1.0
6091,0.04,0.03,1.0
18916,0.04,0.04,1.0
12259,0.04,0.02,1.0
10499,0.03,0.03,1.04
8062,0.04,0.04,1.01
14289,0.04,0.02,1.0
16898,0.04,0.03,1.0
4450,0.02,0.05,1.0
17781,-0.03,-0.12,0.85
10409,0.05,0.03,1.0
18281,0.04,0.04,1.0
13580,0.04,0.04,1.01
17074,0.09,-0.05,0.98
11535,0.04,0.03,1.0
18903,0.04,0.05,1.0
9617,0.04,0.03,1.0
18787,0.04,0.04,1.0
985,0.04,0.03,1.0
15254,0.04,0.05,1.0
5955,0.04,0.02,1.0
19602,0.05,0.18,1.07
5166,0.04,0.04,1.0
14534,0.04,0.02,1.0
3829,0.04,0.0,0.98
19115,0.12,0.02,0.99
11967,0.24,-0.05,1.13
7700,0.04,0.04,1.0
5007,0.14,0.22000000000000003,1.2
7089,0.04,0.04,1.0
15897,0.02,-0.08,0.94
3246,0.04,0.02,1.0
14215,-0.06,0.25,1.14
13529,0.04,0.04,1.01
5182,0.07,0.07,1.12
10467,0.05,0.05,1.0
6546,0.05,0.02,1.0
3002,0.04,0.02,1.0
1342,0.04,0.05,1.0
1393,0.04,0.05,1.0
18414,0.04,0.04,1.0
8267,0.03,0.020000000000000004,0.99
14019,0.04,0.03,1.0
9921,0.05,-0.01,0.95
16251,0.07,-0.44,0.94
16402,0.06,0.11,0.81
13707,0.04,0.05,1.01
6777,0.04,0.02,1.0
11089,0.04,0.04,1.01
1414,0.04,0.05,1.0
2260,0.04,0.04,1.0
16495,0.04,0.04,1.01
16038,0.03,0.04,1.0
6741,0.04,0.03,1.0
2216,0.04,0.04,1.01
6098,0.04,0.02,1.0
12346,0.04,0.02,1.0
10011,0.03,0.05,1.0
6593,0.04,0.02,1.0
5881,0.0,0.57,0.92
5338,0.03,0.04,1.01
3784,0.09,-0.28,0.95
3254,0.04,0.03,1.0
4560,-0.07,-0.46,0.84
10333,0.04,0.05,1.0
464,0.04,0.03,1.0
1757,0.04,0.05,1.0
13981,0.18,0.01,0.89
16571,0.11,0.26,1.02
7047,0.04,0.04,1.0
4030,0.04,0.05,1.0
378,0.04,0.03,1.0
15029,-0.01,0.12,1.15
1337,0.04,0.05,1.0
19549,-0.05,0.08,1.17
2731,0.04,0.02,1.0
17841,0.04,0.03,1.0
16790,0.04,0.03,1.0
18441,0.02,-0.0,0.99
18951,0.04,0.04,1.0
14626,0.04,0.03,1.0
11358,0.04,0.02,1.0
6981,0.04,0.05,1.0
13983,0.17,-0.02,0.95
14751,0.03,0.02,1.0
1898,0.03,0.05,1.0
10629,0.04,0.04,1.0
5011,0.01,0.13,1.07
14608,0.07,-0.23,0.9
8654,0.04,0.02,1.0
7863,0.04,0.04,1.0
6863,0.04,0.05,1.0
13885,0.04,0.02,1.0
10601,0.04,0.04,1.0
17335,0.05,0.06,1.01
14128,0.04,0.03,1.0
7802,0.03,0.05,1.01
15502,0.01,0.12,1.04
16840,0.04,0.03,1.0
16104,0.02,0.05,1.0
13197,0.04,0.05,1.0
13119,0.04,0.04,1.0
15468,0.04,0.05,1.0
16587,0.03,0.05,1.01
4234,0.03,0.05,1.0
7407,0.05,0.03,1.0
17036,0.04,0.03,1.0
1032,0.04,0.03,1.0
10348,0.03,0.06,1.09
2224,0.04,0.05,1.01
10737,0.04,0.04,1.0
17169,0.04,0.03,1.0
19112,0.21,0.2,0.95
11289,0.04,0.03,1.0
3984,0.04,0.05,1.0
16309,0.08,0.05,1.06
16435,0.04,0.04,1.0
4627,0.04,0.05,1.0
18501,0.11,-0.04,0.99
9303,0.03,0.03,1.0
19364,0.16,-0.20999999999999996,0.99
17269,0.04,0.03,1.0
8552,0.04,0.03,1.0
6246,0.04,0.08,1.04
2972,0.02,0.03,1.05
6081,-0.04,0.03,1.11
17736,-0.01,0.4,0.95
6985,0.04,0.05,1.0
1517,0.06,0.02,1.0
19340,0.04,0.04,1.01
12917,0.04,0.05,1.0
2376,0.04,0.04,1.01
3562,0.04,0.03,1.0
2267,0.04,0.05,1.0
4802,0.04,0.03,1.0
4523,0.04,0.05,1.0
18461,0.04,0.04,1.0
1392,0.04,0.05,1.0
895,0.1,-0.04,0.89
1492,0.04,0.05,1.0
18667,0.24,0.16,1.07
11409,0.04,0.03,1.0
15169,0.04,0.02,1.0
9579,0.04,0.02,1.0
10637,0.04,0.04,1.0
2996,0.04,0.02,1.0
12483,0.04,0.05,1.0
19102,0.04,-0.01,1.11
1131,0.04,0.05,1.0
732,0.04,0.02,1.0
12703,0.04,0.05,1.0
3168,0.04,0.03,1.0
8102,0.03,0.04,1.01
4918,0.04,0.04,1.01
2830,0.04,0.02,1.0
10133,0.04,0.04,1.01
8454,0.02,0.04,1.01
799,0.04,0.02,1.0
6874,0.04,0.05,1.0
735,0.04,0.03,1.0
13174,0.05,0.04,1.0
2248,0.12,0.009999999999999995,1.02
178,0.04,0.07,1.01
1176,0.04,0.05,1.0
18133,0.04,0.24,1.01
11390,0.11,0.01,1.09
11155,0.04,0.04,1.01
791,0.04,0.02,1.0
18159,0.04,0.03,1.0
17106,0.04,0.03,1.0
198,0.04,0.03,1.0
15345,0.08,-0.08,0.92
8541,0.04,0.03,1.0
549,0.07,0.0,1.02
3460,0.04,0.03,1.0
13970,0.06,0.02,1.0
13935,0.04,0.03,1.0
8295,0.03,0.05,1.01
18340,0.04,0.05,1.04
13194,0.05,0.05,1.01
11987,0.04,0.02,1.0
16455,0.05,0.08,1.21
18191,0.04,0.03,1.0
8376,0.08,0.02,1.01
66,0.08,-0.01,1.0
5072,0.0,0.03,0.95
5652,0.04,0.03,1.0
17715,0.04,0.02,1.0
5454,0.04,0.04,1.01
15247,0.04,0.05,1.0
2577,0.04,0.04,1.01
15347,0.01,0.03,1.06
16074,0.03,0.04,1.0
623,0.04,0.02,1.0
18216,0.04,0.02,1.0
6864,0.04,0.05,1.0
788,0.04,0.03,1.0
3453,0.04,0.03,1.0
19490,0.01,-0.03,0.98
6597,0.04,0.02,1.0
15797,0.04,0.03,1.0
9350,0.04,0.02,1.0
18699,0.04,0.04,1.0
14169,0.21,0.12,0.99
15749,0.04,0.04,1.0
16113,0.07,-0.1,1.03
13341,0.04,0.05,1.0
516,0.04,0.03,1.0
479,0.04,0.03,1.0
4799,0.05,0.04,1.0
11326,0.05,0.04,1.01
12371,0.02,0.07,1.2
18096,0.02,0.07,1.01
15910,0.03,0.04,1.0
7646,0.04,0.04,1.0
17393,0.03,-0.03,1.01
1035,0.04,0.02,1.0
14111,0.12,0.0,0.92
2603,0.03,0.04,1.01
1516,0.04,0.04,1.0
6833,0.04,0.02,1.0
16221,0.04,0.04,1.01
8034,0.04,0.05,1.0
6274,0.03,0.04,1.0
15224,0.12,-0.13,0.96
18558,0.01,0.23,0.93
9213,0.04,0.03,1.0
9610,0.04,0.02,1.0
6003,0.03,0.03,1.01
1464,0.04,0.05,1.0
8820,0.04,0.02,1.0
1874,0.04,0.05,1.0
15113,0.04,0.02,1.0
18006,0.07,-0.09,0.96
7997,0.03,0.05,1.01
11191,0.04,0.04,1.01
12661,0.04,0.05,1.0
16439,0.04,0.04,1.0
8162,0.04,0.04,1.01
4962,0.04,0.04,1.01
14291,0.04,0.02,1.0
5197,0.06,0.14,0.95
220,0.04,0.03,1.0
11295,0.04,0.03,1.0
18274,0.05,-0.04,0.94
13047,0.04,0.04,1.0
16470,0.08,0.09,0.99
2481,-0.02,0.1,1.11
4532,0.04,0.05,1.0
19191,0.04,0.04,1.0
19070,0.04,0.04,1.0
12487,0.04,0.04,1.0
18341,0.04,0.04,1.0
7169,0.0,0.02,1.05
14239,0.04,0.02,1.0
11479,0.04,0.03,1.0
16216,0.04,0.04,1.01
14648,0.04,0.03,1.0
6152,0.04,0.03,1.0
19017,0.04,0.04,1.0
16140,0.03,0.05,1.0
9001,0.04,0.03,1.0
19101,0.04,0.07,1.03
2936,0.04,0.02,1.0
1680,0.04,0.04,1.0
13549,0.23,-0.06999999999999999,1.18
6659,0.04,0.03,1.0
903,0.04,0.02,1.0
18098,-0.0,0.04,1.0
7945,0.03,0.04,1.01
2300,-0.05,0.12,0.99
15064,0.04,0.02,1.0
9539,0.04,0.03,1.01
11005,-0.01,0.08,1.09
17284,0.02,0.11,0.97
15978,0.04,0.04,1.0
9196,0.04,0.03,1.0
16486,0.04,0.04,1.01
7495,0.01,0.03,1.02
13104,0.04,0.04,1.0
17517,0.04,0.03,1.0
8054,0.03,0.05,1.0
2585,0.0,0.03,1.09
8893,-0.02,0.04,0.77
2160,0.04,0.05,1.01
16540,0.03,0.05,1.01
10820,0.04,0.05,1.01
19692,0.04,0.04,1.01
12071,0.04,0.02,1.0
14726,0.05,-0.12,0.86
17202,0.04,0.03,1.0
5701,0.04,0.02,1.0
682,0.04,0.03,1.0
4860,0.04,0.04,1.0
3255,0.04,0.03,1.0
16230,0.04,0.05,1.01
3050,0.01,-0.55,0.9
5297,0.04,0.04,1.01
1885,0.04,0.11,1.03
14104,0.12,-0.15,0.91
1944,0.06,0.08,0.98
3417,0.04,0.03,1.0
3679,0.03,-0.02,1.01
6551,0.04,0.02,1.0
3911,0.04,0.02,1.0
491,0.01,0.04,0.91
6223,0.04,0.03,1.0
1183,0.04,0.05,1.0
1377,0.12,0.09,0.91
5424,0.04,0.04,1.01
627,0.04,0.02,1.0
5118,0.08,0.08,1.03
11716,0.03,0.0,1.01
15485,0.04,0.04,1.0
16991,0.04,0.03,1.0
16331,0.04,0.04,1.01
16346,0.02,0.08,1.01
4456,0.04,0.05,1.0
16806,-0.04,0.02,1.08
13322,0.04,0.05,1.0
18471,0.04,0.05,1.0
2942,0.04,0.02,1.0
10006,0.05,0.06,1.01
4869,0.04,0.04,1.0
15976,0.03,0.04,1.0
7380,0.04,0.04,1.0
7135,0.04,0.05,1.0
10404,-0.01,0.04,0.99
1368,0.01,0.05,1.0
2646,0.12,0.0,0.86
1193,0.04,0.04,1.0
6097,0.04,0.02,1.0
18957,0.04,0.04,1.0
6245,0.04,0.04,1.01
7992,0.03,0.04,1.01
5752,0.04,0.03,1.0
15503,0.06,0.11,0.97
19548,0.01,0.03,1.0
3001,0.04,0.02,1.0
15343,0.09,-0.12,0.94
18615,0.04,0.26,1.05
10020,0.04,0.04,1.0
11563,0.04,0.03,1.0
6556,0.04,0.02,1.0
4864,0.04,0.04,1.0
15181,0.04,0.05,1.0
11432,0.04,0.03,1.0
8535,0.04,0.03,1.0
8460,0.04,0.03,1.0
17738,-0.0,-0.32,0.94
19705,-0.0,-0.03,1.15
14815,-0.0,0.02,1.04
16674,0.04,0.03,1.0
11942,0.04,0.03,1.0
15930,0.03,0.04,1.0
13291,0.09,0.07,1.21
19579,0.04,0.05,1.01
7390,0.04,0.04,1.0
5897,0.04,0.02,1.0
16466,0.17,0.22999999999999998,1.0
5713,0.04,0.04,1.0
15775,0.04,0.04,1.0
3655,0.04,0.02,1.0
1787,0.02,0.07,1.0
13032,0.04,0.04,1.0
7889,0.14,0.46,0.92
495,0.1,0.03,1.0
13798,0.04,0.04,1.01
11413,0.04,0.02,1.0
13319,0.04,0.05,1.0
12620,0.04,0.04,1.0
2042,0.04,0.04,1.0
4292,0.04,0.04,1.0
10483,0.04,0.04,1.0
2952,0.04,0.02,1.0
9632,0.04,0.02,1.0
10208,0.04,0.05,1.0
14753,0.04,0.03,1.0
14805,0.04,0.02,1.0
14952,0.04,0.03,1.0
14273,0.04,0.03,1.0
2660,0.03,0.05,1.01
15460,0.13,0.06,1.0
11035,0.04,0.05,1.01
13324,0.04,0.05,1.0
12769,0.04,0.04,1.0
9577,0.04,0.03,1.0
2035,0.04,0.05,1.0
5514,0.03,0.07,1.02
814,0.07,0.0,0.81
8032,0.04,0.04,1.01
18067,0.04,0.03,1.0
12529,0.15,0.08,1.08
6930,0.04,0.05,1.0
4482,0.04,0.05,1.0
1081,0.04,0.02,1.0
2230,0.04,0.04,1.01
17301,0.04,0.02,1.0
19052,0.24,0.23,1.02
12443,0.04,0.02,1.0
16636,0.02,0.06,0.99
13461,0.04,0.04,1.01
10576,0.03,0.04,0.99
3376,0.04,0.03,1.0
6151,0.04,0.03,1.0
12942,0.11,0.15,1.01
10919,0.05,0.11,0.95
4073,0.04,0.04,1.0
2999,0.04,0.02,1.0
16701,0.22,0.21,0.96
7853,0.04,0.04,1.01
4138,0.04,0.04,1.0
11001,0.04,0.04,1.01
17989,0.04,0.02,1.0
15947,0.07,-0.07,1.02
305,0.07,0.0,0.99
4317,0.04,-0.1,1.01
19390,0.04,0.05,1.01
3069,0.05,0.03,1.0
14415,0.03,0.06,0.99
11162,-0.21,0.15000000000000002,0.78
1233,0.03,0.05,1.0
10998,0.04,0.04,1.01
2317,0.04,0.05,1.0
10920,0.04,0.22000000000000003,1.03
17423,0.04,0.03,1.0
15386,0.1,0.16,1.0
3633,0.1,0.02,0.85
4621,0.12,-0.15,0.96
11154,0.04,0.05,1.01
10197,0.07,0.02,1.03
2066,0.04,0.04,1.0
7152,0.04,0.05,1.0
19751,0.03,0.05,1.0
8330,0.04,0.03,1.0
7159,0.03,0.05,1.0
4120,0.04,0.04,1.0
19613,0.03,0.04,1.01
3719,0.04,0.03,1.0
13122,0.03,0.04,1.0
5921,0.04,0.02,1.0
12918,0.03,0.04,1.0
8959,0.04,0.02,1.0
557,0.02,0.02,1.0
11248,0.14,-0.01,1.17
17536,0.14,0.09,0.91
4563,0.02,-0.13,1.01
9605,-0.24,0.04,0.89
18472,0.04,0.04,1.0
4347,0.04,0.04,1.0
7372,0.04,0.04,1.0
14665,0.07,0.16,1.11
17962,0.11,-0.15,0.99
14397,0.04,0.03,1.0
589,-0.0,0.03,1.04
3486,0.01,0.01,0.98
2677,0.03,0.02,1.0
5997,0.04,0.03,1.0
19770,0.17,-0.009999999999999995,1.02
9197,0.04,0.03,1.0
2400,0.04,0.04,1.01
5988,0.0,0.01,1.0
11474,0.04,0.02,1.0
2174,0.03,0.05,1.01
926,0.04,0.03,1.0
9104,0.04,0.02,1.0
14123,0.04,0.02,1.0
10248,0.04,0.05,1.0
13191,0.08,-0.09,1.14
19296,0.04,0.04,1.01
16926,0.04,0.03,1.0
3215,0.04,0.03,1.0
6181,0.04,0.02,1.0
2798,0.04,0.02,1.0
8473,0.04,0.03,1.0
7259,0.0,0.06,0.99
14129,0.04,0.03,1.0
10320,0.04,0.05,1.0
9507,0.02,0.03,1.0
11181,0.03,0.04,1.03
15407,0.02,0.04,1.0
19268,0.04,0.04,1.01
10894,0.04,0.05,1.0
6319,0.08,0.3,0.91
6559,0.04,0.03,1.0
6436,-0.01,0.0,1.0
11096,0.04,0.04,1.01
13002,0.04,0.04,1.0
13112,0.04,0.04,1.0
14266,0.04,0.03,1.0
15680,0.04,0.05,1.0
16932,0.04,0.03,1.0
2185,0.02,0.09,1.02
16615,0.04,0.05,1.01
1475,0.02,0.0,0.99
6711,0.05,0.57,0.86
16837,0.04,0.03,1.0
13123,0.04,0.04,1.0
10249,0.04,0.04,1.0
13892,0.04,0.03,1.0
10631,0.04,0.04,1.0
13560,0.03,0.04,1.0
421,0.04,0.02,1.0
11305,0.18,0.12,1.1
11233,0.07,0.03,1.02
10570,-0.12,-0.08,1.0
2310,0.04,0.04,1.01
9516,0.04,0.02,1.0
171,0.12,0.15,1.01
4187,0.04,0.05,1.0
6101,0.04,0.02,1.0
6340,0.04,0.03,1.0
9513,0.04,0.03,1.0
13038,0.04,0.04,1.0
1728,0.0,0.07,1.04
10080,0.04,0.05,1.0
15312,0.04,0.05,1.0
11058,0.01,0.07,0.95
11329,0.04,0.03,1.0
10202,0.13,0.05,0.96
19257,0.04,0.05,1.01
18251,0.04,0.05,1.0
906,0.04,0.03,1.0
3631,0.05,-0.0,0.99
9362,0.04,0.03,1.0
14664,0.05,0.12,0.96
8682,0.04,0.03,1.0
11041,0.03,0.04,1.01
8217,0.04,0.04,1.01
6697,0.04,0.03,1.0
2084,0.04,0.04,1.0
8844,-0.1,0.09,1.06
16647,0.03,0.05,1.01
8849,0.04,0.02,1.0
14700,0.04,0.03,1.0
10526,0.04,0.05,1.0
14819,0.14,-0.04,1.02
15921,0.03,0.04,1.0
11269,0.04,0.02,1.0
7999,0.03,0.04,1.01
5027,0.04,0.04,1.01
7224,0.04,0.05,1.0
5647,0.04,0.03,1.0
2653,0.04,0.04,1.01
11440,-0.01,0.01,1.04
16992,0.04,0.03,1.0
12117,0.04,0.02,1.0
16324,0.04,0.05,1.01
15434,0.04,0.05,1.0
16825,0.03,0.01,0.98
18360,0.04,0.04,1.0
7032,0.04,0.05,1.0
17155,0.06,0.07,1.19
2159,0.04,0.04,1.01
16295,0.01,0.04,1.01
8183,0.04,0.05,1.01
1303,0.04,0.04,1.0
8730,0.04,0.03,1.0
3897,0.04,0.02,1.0
9071,0.04,0.03,1.0
16316,0.03,0.04,1.0
4706,0.04,0.04,1.0
3782,0.04,-0.05,1.05
4839,0.04,0.03,1.01
12948,0.04,0.04,1.0
8167,0.04,0.04,1.01
9850,-0.32,0.04,0.99
14020,0.04,0.03,1.0
12292,0.03,0.05,0.99
1438,0.04,0.05,1.0
508,0.04,0.03,1.0
5722,0.04,0.02,1.0
11428,0.04,0.02,1.0
6171,0.01,0.11,0.91
5866,0.03,0.03,1.0
6497,0.04,0.02,1.0
10089,0.04,0.05,1.0
2343,0.1,0.03,0.93
19217,0.21,0.33,0.96
4693,0.05,0.04,1.0
17259,0.04,0.02,1.0
11734,0.04,0.02,1.0
8546,0.04,0.03,1.0
17089,0.04,0.05,0.99
16799,0.04,0.03,1.0
9786,0.05,0.03,1.0
644,0.04,0.03,1.0
14477,0.04,0.03,1.0
1541,0.04,0.05,1.0
10296,0.09,0.0,1.04
1213,0.07,0.07,0.94
16430,0.04,0.05,1.01
2565,0.03,0.05,1.01
9983,0.0,0.07,0.94
6727,0.03,0.02,1.03
13252,0.05,0.05,1.0
6110,0.04,0.03,1.0
390,0.04,0.03,1.0
1466,0.04,0.04,1.0
1194,0.04,0.04,1.0
11431,0.04,0.03,1.0
3750,0.04,0.02,1.0
14619,0.04,0.02,1.0
7027,0.04,0.04,1.0
16530,0.0,0.08,1.08
9790,0.0,0.0,0.98
17978,0.04,0.03,1.0
7435,0.04,0.04,1.0
507,0.03,0.03,1.0
12398,0.04,0.03,1.0
16504,0.04,0.04,1.01
14010,0.04,0.03,1.0
14161,0.09,-0.49,1.12
14510,0.09,-0.16,1.05
1776,0.15,0.08,0.96
15315,0.04,0.05,1.0
272,0.04,0.03,1.0
18036,0.04,0.03,1.0
10143,0.04,0.05,1.0
3778,0.04,0.03,1.0
2386,0.12,0.020000000000000004,0.88
12589,0.03,0.05,1.0
7773,0.03,0.04,1.0
10471,0.04,0.04,1.0
922,0.04,0.03,1.0
4972,0.02,0.04,1.01
9567,0.04,0.03,1.0
747,0.04,0.03,1.0
8584,0.06,0.04,0.96
3721,0.04,0.03,1.0
10136,0.04,0.05,1.0
12171,0.04,0.02,1.0
14713,0.04,0.02,1.0
13300,0.21,-0.0,1.06
12280,0.37,0.17,0.79
9631,0.04,0.02,1.0
7130,0.02,0.02,1.01
6094,0.04,0.02,1.0
14787,0.04,0.02,1.0
11792,0.04,0.02,1.0
16366,0.04,0.05,1.01
16087,0.03,0.04,1.0
9658,0.0,0.16,1.0
15806,0.04,0.04,1.0
10733,0.09,0.01,0.92
1916,0.04,0.05,1.0
19747,0.04,0.05,1.01
600,0.01,0.03,1.03
4112,0.02,-0.05,0.95
6022,0.03,0.48,0.96
1655,0.04,0.04,1.01
14801,0.04,0.02,1.0
9066,0.04,0.02,1.01
1897,0.03,0.05,1.0
16553,0.04,0.05,1.01
19273,0.04,0.04,1.01
13270,0.04,0.05,1.0
15376,0.04,0.04,1.0
7193,0.01,-0.01,1.01
4662,0.04,0.04,1.0
262,0.04,0.03,1.0
375,0.04,0.03,1.01
1970,0.03,0.05,1.0
4188,0.04,0.05,1.0
1468,0.04,0.05,1.0
6204,0.04,-0.01,1.0
1245,0.04,0.04,1.0
9065,0.04,0.02,1.0
17816,0.09,-0.17,1.02
13879,0.04,0.03,1.0
943,0.04,0.02,1.0
15498,0.04,0.05,1.0
10940,0.04,0.04,1.01
3467,0.04,0.03,1.0
2664,0.03,0.06,1.01
12613,0.04,0.05,1.01
12451,0.04,0.02,1.0
19629,0.03,0.05,1.01
15762,0.04,0.04,1.0
5782,0.04,0.03,1.0
14755,0.04,0.02,1.0
7278,0.04,0.05,1.0
2834,0.04,0.02,1.0
4599,0.04,0.05,1.0
16193,0.03,0.05,1.0
17088,0.08,-0.12,1.02
8041,0.04,0.04,1.01
298,0.09,0.02,0.96
10434,0.04,0.04,1.0
18035,0.04,0.03,1.0
4024,0.04,0.05,1.0
14928,0.05,-0.03,0.95
8904,0.04,0.02,1.0
13127,0.05,0.07,1.02
2039,0.04,0.05,1.0
4290,0.04,0.04,1.0
11908,0.06,0.0,1.07
14757,0.04,0.03,1.0
11556,0.04,0.03,1.0
16066,0.0,0.05,1.01
11703,0.04,0.02,1.0
1501,0.04,0.05,1.0
3657,0.04,0.03,1.0
19746,0.04,0.05,1.01
9963,0.04,0.05,1.0
9378,0.03,0.03,1.0
7568,0.04,0.03,1.0
7911,0.04,0.04,1.01
16422,0.03,0.05,1.01
13945,0.04,0.02,1.0
4346,0.04,0.05,1.0
242,0.03,0.18,1.09
3240,0.04,0.02,1.0
1647,0.04,0.04,1.0
8184,0.04,0.04,1.01
17660,0.04,0.03,1.0
6089,0.04,0.03,1.0
12494,0.04,0.04,1.0
16703,0.16,0.07,0.99
15390,0.08,-0.17,1.0
5669,0.02,0.06,1.02
2080,0.04,0.05,1.0
4372,-0.03,0.02,0.97
8323,0.04,0.03,1.0
10210,0.04,0.05,1.0
6545,0.04,0.03,1.0
9321,0.04,0.02,1.0
17501,0.05,0.02,1.0
11709,0.04,0.02,1.0
4198,0.05,-0.28,0.96
15545,0.04,0.04,1.0
19639,0.03,0.04,1.01
19278,0.04,0.05,1.01
19164,0.18,0.23,0.96
7477,0.04,0.04,1.0
14949,0.04,0.02,1.0
13844,0.04,0.04,1.01
18268,-0.05,0.24,1.02
4339,0.04,0.05,1.0
8631,-0.29,0.26,1.04
9951,0.04,0.04,1.0
10701,0.04,0.04,1.0
2802,0.06,-0.38,0.86
4942,0.09,-0.32999999999999996,0.91
5332,0.04,0.04,1.01
1989,0.04,0.05,1.0
4072,0.04,0.04,1.0
8659,0.04,0.03,1.01
13368,0.04,0.05,1.0
11028,0.04,0.05,1.01
325,0.03,0.03,1.0
12011,0.04,0.02,1.0
8784,-0.06,0.0,1.01
7069,0.13,0.39,0.9
16696,0.1,0.29,0.87
4315,0.03,-0.17,0.91
2241,0.01,0.08,1.02
5667,0.03,0.03,1.0
4901,0.04,0.04,1.0
10130,0.06,0.03,0.89
8284,0.03,0.04,1.0
1270,0.07,0.02,0.94
866,0.04,0.03,1.0
5342,0.04,0.04,1.01
2257,0.04,0.05,1.01
6599,0.05,0.02,1.0
7664,0.0,0.08,0.92
14772,0.02,-0.02,1.01
7763,0.01,0.05,1.0
371,0.04,0.03,1.0
16041,0.03,0.04,1.0
19510,0.04,0.05,1.01
8856,0.04,0.03,1.0
610,0.04,0.03,1.0
4990,0.04,0.04,1.01
18327,0.03,0.17,1.07
10002,0.02,0.0,0.97
18804,0.04,0.04,1.0
17311,0.04,0.03,1.0
6486,0.04,0.03,1.0
16739,0.04,0.03,1.0
2369,0.04,0.05,1.01
13063,0.04,0.04,1.0
8651,0.04,0.03,1.0
7929,0.03,0.04,1.01
10270,0.04,0.05,1.0
12130,0.01,0.09,1.0
3980,0.04,0.05,1.0
16313,0.03,0.08,0.99
6069,0.04,0.02,1.01
19046,0.24,0.2,0.94
13025,0.04,0.06,1.01
17597,0.04,0.06,0.96
5481,0.03,0.05,1.01
10882,0.04,0.05,1.01
4502,0.02,-0.17,1.04
8981,-0.17,0.0,1.06
9764,0.03,0.05,1.0
663,0.04,0.03,1.0
15999,-0.0,-0.06,0.91
16699,0.13,0.29,0.96
12788,0.04,0.04,1.0
10521,0.05,0.03,1.0
2800,0.05,0.01,1.02
4865,0.04,0.04,1.0
18726,0.04,0.04,1.0
14514,0.03,0.04,0.99
7977,0.03,0.04,1.01
18197,0.04,0.03,1.0
16817,0.11,0.36,1.04
6061,0.04,0.02,1.0
6756,0.05,0.41,0.84
4742,0.04,0.01,1.01
12034,0.15,0.05,1.04
5694,0.04,0.03,1.0
15558,0.04,0.05,1.0
4223,0.04,0.05,1.0
11285,0.04,0.03,1.0
8718,0.04,0.03,1.0
12666,0.04,0.05,1.0
2676,0.04,0.05,1.01
4219,0.04,0.05,1.0
15388,0.12,-0.11,0.95
279,0.04,0.03,1.0
16535,0.04,0.09,0.91
15824,0.03,0.04,1.0
9818,0.04,0.05,1.0
8282,0.03,0.05,1.01
5635,0.04,0.03,1.0
11221,0.05,0.02,1.0
18843,0.04,0.04,1.0
13367,0.04,0.04,1.0
19219,0.16,0.19,0.88
4424,0.04,0.04,1.0
19161,0.22,0.23,0.98
5272,0.03,0.05,1.0
6336,0.04,0.02,1.0
4000,0.05,-0.18,0.94
14922,0.1,0.2,0.98
11459,0.09,0.1,1.02
9813,0.04,0.05,1.0
13994,0.04,0.02,1.0
5033,0.04,0.05,1.01
15285,0.04,-0.1,0.93
6031,0.0,0.11,1.05
16021,0.03,0.04,1.0
13601,0.1,0.15000000000000002,1.07
6088,0.04,0.02,1.0
11848,0.04,0.03,1.0
16141,0.03,0.05,1.0
15130,0.04,0.03,1.0
7644,0.04,0.04,1.0
4893,0.04,0.04,1.01
9405,0.0,0.02,1.01
18487,0.12,-0.02,0.91
14256,0.04,0.03,1.0
1271,0.04,0.03,1.08
2355,0.03,0.05,1.01
9845,0.03,0.06,0.99
10847,0.04,0.04,1.01
1386,0.04,0.05,1.01
17658,0.04,0.02,1.0
10203,0.09,0.05,0.98
6398,0.04,0.02,1.0
297,0.07,0.1,0.95
9721,0.04,0.05,1.0
18746,0.04,0.04,1.0
17180,0.04,0.03,1.0
14795,0.04,0.03,1.0
2081,0.04,0.05,1.0
14182,0.04,0.03,1.0
17671,0.04,0.02,1.0
2233,0.04,0.04,1.01
2887,0.04,0.02,1.0
2542,0.0,0.04,1.05
194,0.04,0.03,1.0
18244,0.04,0.05,1.0
8175,0.04,0.05,1.01
7345,0.04,0.05,1.0
8328,0.04,0.02,1.0
16820,0.14,0.11,0.78
18953,0.04,0.04,1.0
4293,0.04,0.05,1.0
7253,0.14,0.35,0.95
12295,0.04,0.03,1.0
18715,0.04,0.04,1.0
5987,0.0,0.07,0.97
7594,0.04,0.04,1.0
7484,0.04,0.04,1.0
5756,0.04,0.03,1.0
17143,0.05,0.4,1.03
320,0.04,0.02,1.0
7916,0.04,0.04,1.01
1373,0.03,0.07,1.03
19662,0.1,0.05,1.02
13747,0.03,0.04,1.01
2661,0.04,0.04,1.01
10266,0.04,0.05,1.0
19665,0.01,0.03,1.0
3523,0.04,0.02,1.0
11644,0.04,0.02,1.0
9606,-0.01,0.07,1.09
14482,0.04,0.03,1.0
16742,0.04,0.03,1.0
15808,0.03,0.04,1.0
18356,0.04,0.04,1.0
928,0.04,0.03,1.0
244,0.02,0.09,1.01
8299,0.04,0.04,1.01
9184,-0.11,0.12,1.0
143,0.03,0.03,1.0
6560,0.05,0.02,1.0
9121,0.04,0.02,1.0
2368,0.04,0.05,1.01
16358,0.05,0.5,0.92
129,0.04,0.03,1.0
1163,0.02,0.07,1.02
15566,0.08,0.1,0.94
4575,0.04,0.05,1.0
6530,0.0,0.11,0.99
287,0.04,0.03,1.0
11147,0.04,0.04,1.01
14188,0.04,0.03,1.0
5764,0.04,0.03,1.0
11435,0.04,0.03,1.0
12191,0.36,0.15,1.05
18728,0.04,0.04,1.0
15861,0.03,0.04,1.0
9774,0.04,0.04,1.0
1172,0.04,0.05,1.0
18645,0.04,0.04,1.0
11811,0.0,0.11,1.0
13944,0.04,0.03,1.0
7526,0.04,0.04,1.0
16364,0.04,0.07,1.0
18241,0.04,0.05,1.01
12852,0.04,0.05,1.0
1862,0.04,0.05,1.0
14332,0.04,0.03,1.0
15975,0.03,0.04,1.0
16838,0.04,0.03,1.0
7515,0.04,0.04,1.0
16112,0.02,-0.17,0.9
14338,0.04,0.02,1.0
17229,0.06,0.08,1.07
15271,0.03,0.05,1.0
3212,0.04,0.02,1.0
9665,0.04,0.03,1.0
1313,-0.02,0.0,1.12
1034,0.04,0.03,1.0
9355,0.04,0.02,1.0
15037,0.13,-0.09,1.0
7049,0.04,0.05,1.0
8815,0.04,0.02,1.0
933,0.08,0.01,0.86
692,0.04,0.03,1.0
14891,0.04,0.02,1.0
7031,0.04,0.05,1.0
1913,0.04,0.05,1.0
10175,0.04,0.05,1.01
13386,0.05,0.05,1.0
11685,0.04,0.02,1.0
18842,0.04,0.04,1.0
19337,0.03,0.04,1.01
44,0.05,0.02,1.0
4170,0.04,0.04,1.0
14844,0.04,0.02,1.0
7881,0.04,0.05,1.0
14000,0.04,0.03,1.0
4612,0.04,-0.39,0.82
3028,0.04,0.03,1.0
4210,-0.06,-0.38,0.94
10599,0.04,0.04,1.0
5326,0.04,0.05,1.0
14901,0.04,0.02,1.0
9527,0.04,0.02,1.0
8308,0.04,0.04,1.01
11667,0.38,-0.02,0.87
6967,0.04,0.04,1.0
4428,0.04,0.04,1.0
3176,0.03,0.01,1.0
17329,0.03,0.08,1.0
8870,0.04,0.03,1.0
6043,0.04,0.02,1.0
4224,0.03,0.05,1.0
14920,0.02,0.08,1.02
7693,0.04,0.04,1.01
18242,0.04,0.05,1.01
1406,0.04,0.05,1.0
3298,0.04,0.03,1.0
14269,0.04,0.03,1.0
15381,0.04,0.05,1.01
14687,0.04,0.02,1.0
971,0.09,0.06,0.86
17935,0.04,0.03,1.0
7234,-0.02,0.01,1.02
13671,0.04,0.04,1.01
10292,-0.11,0.11,0.86
11443,0.4,0.12,0.88
2888,0.04,0.02,1.0
2896,0.04,0.02,1.0
5194,0.15,-0.21999999999999997,0.75
18473,0.04,0.05,1.0
6533,0.05,0.03,1.0
16471,0.07,0.1,1.13
12844,0.04,0.04,1.0
17666,0.04,0.02,1.0
4794,0.07,-0.08,1.0
14705,0.04,0.03,1.0
17761,0.04,0.03,1.0
13534,0.04,0.04,1.01
1792,0.04,0.04,1.0
140,0.04,0.03,1.0
2063,0.04,0.05,1.0
7924,0.03,0.05,1.01
14767,0.07,-0.09,1.0
1906,0.04,0.05,1.0
5036,0.03,0.04,1.01
17431,0.03,0.0,1.2
9050,0.05,0.02,1.0
5322,0.02,0.09,1.06
7519,0.04,0.04,1.0
6431,0.03,0.64,0.84
10797,0.0,0.04,1.1
75,0.04,0.02,1.0
2350,0.03,0.05,1.01
7129,0.08,0.13,1.0
9470,0.04,0.03,1.0
9708,0.04,0.05,1.0
4916,0.03,0.05,1.01
19489,0.0,0.08,1.03
17354,0.04,0.02,1.0
14131,0.04,0.03,1.0
18015,0.04,0.03,1.0
1555,0.04,0.05,1.0
6416,0.0,0.26,1.0
9472,0.04,0.03,1.0
10129,-0.11,0.03,1.12
18270,-0.0,0.05,1.0
12897,0.04,0.04,1.0
6839,0.04,0.03,1.0
10354,0.09,0.08,1.03
16657,0.04,0.05,1.01
6203,0.04,0.02,1.0
3004,0.04,0.02,1.0
14984,0.09,-0.11,0.94
14164,0.14,-0.09,0.96
15033,0.14,-0.16,0.94
8202,0.09,0.08,1.05
17818,0.02,0.16,0.91
1623,0.04,0.05,1.0
6066,0.04,0.03,1.0
11762,0.04,0.02,1.0
11348,0.04,0.03,1.0
8810,0.04,0.03,1.0
11699,0.04,0.02,1.0
18517,0.04,0.04,1.0
14829,-0.07,-0.05,1.09
10798,-0.0,0.0,1.13
17923,0.04,0.03,1.0
15767,0.04,0.04,1.0
7516,0.04,0.04,1.0
17125,0.04,0.03,1.0
18057,0.04,0.02,1.0
19729,0.04,0.04,1.01
17681,0.04,0.03,1.0
1612,0.1,0.03,0.96
3186,0.04,0.11,0.75
2420,0.03,0.05,1.01
15857,0.03,0.04,1.0
2021,0.04,0.05,1.0
3034,0.04,0.03,1.0
2994,0.04,0.02,1.0
3360,0.03,-0.24,0.82
124,0.03,0.09,1.03
1108,0.04,0.05,1.0
1817,0.04,0.05,1.0
18670,0.08,0.21,1.02
224,0.04,0.02,1.0
13210,0.04,0.05,1.0
9898,0.06,0.03,1.03
2127,0.04,0.04,1.02
19289,0.04,0.05,1.01
15686,0.04,0.04,1.0
16924,0.04,0.03,1.0
16016,0.03,0.04,1.0
10124,-0.06,0.08,0.87
2841,0.04,0.02,1.0
2201,0.0,0.07,1.02
4302,0.05,-0.15,0.98
1218,0.02,0.04,0.99
8578,-0.29,0.02,0.91
13231,0.04,0.05,1.0
17483,0.05,0.01,1.21
726,0.04,0.02,1.0
15416,0.04,0.05,1.0
10355,0.04,0.04,1.0
809,0.03,0.03,1.0
14595,0.04,0.02,1.0
18202,0.04,0.03,1.0
17137,0.01,0.0,0.99
15612,0.04,0.05,1.0
5295,0.03,0.05,1.01
15638,0.14,-0.15,1.07
3280,0.04,0.03,1.0
4193,0.04,0.04,1.0
17192,0.04,0.03,1.0
2678,0.04,0.02,1.0
14398,0.04,0.02,1.0
10657,0.04,0.04,1.0
10647,0.04,0.04,1.0
1767,0.04,0.04,1.0
16012,0.03,0.03,1.0
608,0.04,0.02,1.0
14261,0.04,0.03,1.0
14632,0.04,0.03,1.0
15575,0.05,-0.2,1.01
3325,0.04,0.02,1.0
6258,-0.03,0.08,1.05
9530,0.04,0.02,1.0
2057,0.07,0.08,1.04
12766,0.04,0.04,1.0
3260,0.03,0.02,1.0
15715,0.04,0.04,1.0
17023,0.1,0.1,0.98
2546,0.03,0.05,1.01
1660,0.04,0.05,1.0
19107,0.23,0.51,0.98
9018,0.04,0.03,1.0
19098,0.04,0.04,1.0
9730,-0.07,0.13,0.98
2725,0.04,0.02,1.0
6975,0.04,0.05,1.0
8393,0.04,0.02,1.01
4550,0.09,-0.47,0.8
18643,0.04,0.04,1.0
7431,0.04,0.04,1.0
422,0.04,0.02,1.0
12530,0.12,0.07,1.03
5772,0.04,0.03,1.0
9968,0.04,0.04,1.0
19348,0.04,0.04,1.01
10950,0.04,0.05,1.0
2890,0.03,0.03,1.0
4327,0.04,0.05,1.0
18751,0.04,0.04,1.0
13259,0.05,0.05,1.0
5691,0.04,0.03,1.0
1003,0.04,0.02,1.01
4474,0.04,0.05,1.0
2423,0.04,0.04,1.01
17330,-0.04,-0.1,0.96
3727,0.04,0.02,1.0
7442,0.03,0.29,1.07
4058,-0.01,-0.35,0.99
963,0.04,0.03,1.0
11086,0.04,0.05,1.01
14520,0.04,0.02,1.0
11845,0.04,0.02,1.0
17820,0.03,0.14,1.0
5276,0.04,0.05,1.01
758,0.04,0.03,1.0
5769,0.04,0.03,1.0
2288,0.02,0.07,1.01
18357,0.04,0.05,1.0
16827,0.03,0.03,1.01
5206,0.04,0.04,1.01
9407,0.07,0.01,1.0
808,0.03,0.03,1.0
4128,0.04,0.04,1.0
7788,0.04,0.04,1.0
1960,0.04,0.04,1.0
12132,0.25,0.05,0.98
10553,0.04,0.05,1.0
14008,0.04,0.03,1.0
13062,0.04,0.04,1.0
19385,0.04,0.05,1.01
18017,0.04,0.02,1.0
2407,0.04,0.04,1.01
16095,0.03,0.04,1.0
1075,0.04,0.03,1.0
16343,0.04,0.05,1.01
7215,0.04,0.04,1.0
19540,0.15,0.14,1.02
11695,0.04,0.03,1.0
19808,0.04,0.04,1.01
9055,0.04,0.03,1.0
17038,0.04,0.02,1.0
16607,0.04,0.04,1.01
18348,0.04,0.05,1.0
11510,0.01,0.04,1.01
16652,0.03,0.05,1.01
17678,0.04,0.03,1.0
18243,0.03,0.05,1.0
1005,0.04,0.03,1.0
8524,0.04,0.03,1.0
19020,0.04,0.04,1.0
16349,0.05,-0.009999999999999995,0.86
8410,0.04,0.03,1.0
19329,0.04,0.04,1.01
14910,0.04,0.02,1.0
10969,-0.28,0.32,0.82
19149,0.04,0.04,1.0
5832,0.04,0.02,1.0
17853,0.04,0.03,1.0
10870,0.04,0.04,1.01
6939,0.04,0.04,1.0
18836,0.04,0.05,1.0
10031,0.04,0.05,1.0
14422,0.03,0.18,1.0
17902,0.04,0.03,1.0
987,0.04,0.02,1.0
12907,0.04,0.05,1.0
18552,0.08,-0.03,1.12
6800,0.02,0.37,0.93
17013,0.11,0.46,0.99
8205,0.01,0.0,1.08
15606,0.04,0.05,1.0
19047,0.23,0.25,0.88
14072,0.04,0.03,1.0
14662,0.11,0.31,1.11
12460,0.04,0.02,1.0
19270,0.03,0.05,1.0
10699,0.04,0.04,1.0
2467,0.04,0.04,1.01
15940,-0.0,0.29,1.05
268,0.04,0.03,1.0
8878,0.04,0.02,1.0
3733,0.11,-0.09,0.91
13404,0.04,0.04,1.01
71,0.04,0.02,1.0
10693,0.03,0.04,1.0
17958,0.05,0.16,0.97
17107,0.04,0.03,1.0
2856,0.04,0.02,1.0
4854,0.07,0.07,1.05
590,0.01,0.04,0.98
15659,0.04,0.05,1.0
14840,0.04,0.02,1.0
16463,0.1,-0.19,0.93
12373,0.3,0.07,0.91
17688,0.04,0.03,1.0
17238,0.13,0.08,1.02
16159,0.09,-0.16,0.95
3949,0.04,0.03,1.0
7585,0.04,0.04,1.0
2032,0.04,0.05,1.0
12391,0.04,0.02,1.0
9999,-0.08,-0.04,0.95
15427,0.03,0.05,1.0
18073,0.04,0.03,1.0
5923,0.05,0.06,1.0
14889,0.04,0.02,1.0
17285,0.03,0.25,0.98
14789,0.04,0.03,1.0
13118,0.04,0.04,1.0
15075,0.04,0.03,1.0
2437,0.1,0.03,0.92
16283,0.04,0.05,1.01
11153,0.04,0.05,1.01
4986,0.04,0.05,1.01
9520,0.04,0.02,1.0
14578,0.04,0.02,1.0
898,0.02,0.0,1.13
11128,0.06,0.0,1.08
18176,0.16,0.08,0.9
1589,0.04,0.04,1.0
7402,0.09,0.26,1.05
1722,0.18,0.07,0.88
6708,-0.01,0.09,1.05
3997,0.01,-0.02,1.0
9925,0.06,-0.02,0.95
17055,0.04,0.03,1.0
4192,0.04,0.05,1.0
15036,0.14,-0.09,1.02
7801,0.04,0.05,1.01
6686,0.04,0.03,1.0
892,-0.09,-0.01,1.16
14509,0.01,-0.2,0.99
18930,0.24,0.1,0.9
4248,0.02,0.06,1.0
5339,0.03,0.05,1.0
17551,0.04,0.03,1.0
14639,0.04,0.03,1.0
6452,0.04,0.03,1.0
16750,0.15,0.0,1.0
17674,0.04,0.03,1.0
16793,0.04,0.03,1.0
12549,0.04,0.05,1.0
585,0.02,0.04,1.0
13124,0.04,0.04,1.0
4163,0.03,0.2,1.04
1262,0.09,0.03,0.99
16670,0.04,0.03,1.0
310,0.04,0.03,1.0
1719,0.03,0.11,1.07
13171,0.04,0.05,1.0
6598,0.04,0.03,1.0
2056,0.09,0.13,0.94
15580,0.16,0.0,0.94
5018,0.04,0.05,1.01
4591,0.04,0.05,1.0
7355,0.04,0.04,1.0
3974,0.04,0.05,1.0
1010,-0.03,0.17,1.11
8160,0.04,0.05,1.01
18297,0.04,0.05,1.0
11824,0.24,-0.15,1.0
8230,0.03,0.05,1.01
13531,0.04,0.05,1.01
18508,0.0,0.03,1.02
9412,0.04,0.03,1.0
11213,0.04,0.03,1.0
15177,0.04,0.03,1.0
4320,-0.03,0.0,1.01
9821,0.04,0.05,1.0
90,0.04,0.02,1.0
1991,0.04,0.05,1.0
16179,0.03,0.05,1.0
17413,0.04,0.03,1.0
17341,0.1,0.43,1.01
8084,0.05,0.08,1.07
17764,0.04,0.03,1.0
11733,0.06,0.04,0.99
12722,0.04,0.05,1.0
16201,0.03,0.04,1.01
10360,0.04,0.04,1.0
7980,0.03,0.04,1.01
10766,0.04,0.04,1.01
18635,0.04,0.04,1.0
5464,0.04,0.04,1.01
2988,0.04,-0.22,1.01
14993,0.04,0.11,1.06
9155,0.04,0.02,1.0
13064,0.04,0.04,1.0
6438,0.04,0.02,1.0
2346,0.0,0.05,1.04
13449,0.03,0.05,1.02
16862,0.04,0.02,1.0
15920,0.03,0.04,1.0
16762,0.0,0.08,1.09
628,0.04,0.03,1.0
15107,0.04,0.02,1.0
17868,0.01,0.26,0.97
8389,0.04,0.03,1.0
19178,0.04,0.04,1.0
5134,0.04,0.2,1.04
18002,0.06,0.25,0.97
3847,0.04,0.02,1.0
18399,0.04,0.05,1.0
128,0.04,0.03,1.0
17680,0.04,0.03,1.0
16582,0.02,0.09,1.01
18627,0.04,0.07,1.0
4458,0.04,0.05,1.0
8104,0.04,0.05,1.01
14207,0.04,0.03,1.0
7760,0.05,0.18,1.05
2403,0.04,0.04,1.0
6964,-0.03,0.06,1.02
16040,0.02,0.04,1.0
14172,0.13,0.08,0.8
1188,0.04,0.05,1.0
15725,-0.02,0.07,1.07
12214,0.04,0.03,1.0
3475,0.04,0.02,1.0
11561,0.04,0.03,1.0
5770,0.04,0.03,1.0
10413,0.04,0.04,1.0
4531,0.04,0.04,1.0
19426,0.27,0.11,1.04
12912,0.04,0.05,1.0
10274,0.04,0.05,1.0
10746,0.04,0.04,1.0
1098,0.04,0.03,1.0
12880,0.09,0.12,0.98
7362,0.04,0.04,1.0
12767,0.04,0.05,1.0
1275,0.03,0.05,1.0
6206,0.05,0.43,1.07
14478,0.04,0.02,1.0
9828,0.04,0.05,1.0
12546,0.04,0.04,1.0
7531,0.04,0.04,1.01
10848,0.02,0.03,1.03
7324,0.04,0.05,1.0
3479,0.04,0.04,1.0
8640,-0.32,0.21,0.88
183,0.05,0.03,0.98
17578,0.04,0.03,1.0
18112,0.04,0.03,1.0
17520,0.04,0.02,1.0
15898,0.05,-0.09,0.9
16808,0.16,-0.03,1.0
7204,0.04,0.05,1.0
4897,0.04,0.04,1.01
7312,0.16,0.64,0.8
12197,0.04,0.04,1.0
12389,0.04,0.03,1.0
18248,0.03,0.05,1.0
16675,0.04,0.03,1.0
1965,0.04,0.05,1.0
5402,0.04,0.04,1.01
5280,0.04,0.04,1.01
8976,0.04,0.02,1.0
6411,0.04,0.04,1.0
10828,0.04,0.05,1.01
5761,0.04,0.03,1.0
6868,0.03,0.05,1.0
16743,0.04,0.03,1.0
12485,0.04,0.05,1.0
15866,0.04,0.04,1.0
1253,0.04,0.05,1.0
3279,0.04,0.03,1.0
3480,0.04,0.02,1.0
15447,0.09,0.09,0.97
14525,0.04,0.02,1.0
17181,0.04,0.03,1.0
18561,0.07,0.07,0.95
6979,0.04,0.05,1.0
13152,0.04,0.04,1.0
16211,0.03,0.05,1.01
8232,0.04,0.04,1.01
8382,0.04,0.03,1.0
14362,0.08,0.1,0.88
17463,0.04,0.03,1.0
19422,0.11,-0.26,0.94
14004,0.04,0.03,1.0
1053,0.04,0.03,1.0
14040,0.23,-0.02,0.88
15733,0.01,-0.26,0.98
10414,0.04,0.05,1.0
9515,0.04,0.03,1.0
11635,0.04,0.03,1.0
5132,0.12,0.31,1.04
10229,0.04,0.04,1.0
1877,0.04,0.04,1.0
14874,0.1,-0.04,0.95
10480,0.04,0.05,1.0
15480,0.04,0.05,1.0
8087,0.05,0.04,0.98
13070,0.06,0.06,1.2
10162,0.04,0.05,1.0
19128,0.04,0.04,1.0
16480,0.04,0.04,1.01
4622,0.12,-0.26,1.08
19171,0.03,0.03,0.98
10687,0.04,0.04,1.0
6360,0.04,0.03,1.0
17931,0.04,0.03,1.0
16260,0.03,0.06,1.0
17249,0.04,0.02,1.0
9777,0.04,0.05,1.0
17271,0.04,0.02,1.0
14412,0.2,0.15,1.14
4808,0.04,0.04,1.0
16595,0.04,0.05,1.01
13366,0.04,0.05,1.0
9701,0.04,0.04,1.0
4145,0.04,0.01,0.95
11282,0.04,0.02,1.0
19358,0.05,0.020000000000000004,1.0
18660,0.04,0.04,1.01
19453,0.03,0.05,1.01
14446,0.04,0.03,1.0
16477,0.04,0.04,1.01
8743,0.04,0.03,1.0
12395,0.04,0.03,1.0
14206,0.04,0.03,1.0
17863,0.12,-0.2,1.0
3204,0.04,0.02,1.0
3424,0.04,0.02,1.0
10785,0.04,0.04,1.01
1693,0.04,0.04,1.0
14540,0.04,0.03,1.0
12736,0.31,0.06,0.97
5469,0.04,0.04,1.0
15149,0.19,0.22,1.07
3429,0.04,0.02,1.0
1506,0.04,0.05,1.0
1809,0.04,0.05,1.0
4082,0.04,0.05,1.0
14975,0.11,0.17,1.0
3982,0.04,0.05,1.0
2821,0.04,0.02,1.0
17171,0.04,0.02,1.0
15608,0.04,0.05,1.0
1720,0.11,0.07,0.88
2711,0.04,0.02,1.0
1851,0.04,0.05,1.0
4835,0.04,0.04,1.0
16561,0.04,0.04,1.01
12118,0.04,0.03,1.0
7331,0.04,0.05,1.0
3565,0.04,0.02,1.0
15225,0.14,-0.08,0.97
142,0.04,0.03,1.0
15707,0.04,0.04,1.0
12783,0.04,0.05,1.0
7751,0.05,0.07,1.11
15168,0.04,0.02,1.0
14850,0.04,0.03,1.0
13284,0.05,0.05,1.0
1119,0.04,0.05,1.0
1759,0.04,0.04,1.0
498,0.09,0.01,1.01
7474,0.04,0.04,1.0
14079,0.04,0.03,1.0
872,0.04,0.02,1.0
3478,0.04,0.03,1.0
10271,0.04,0.05,1.0
8544,0.04,0.03,1.0
722,0.04,0.03,1.0
12555,0.04,0.04,1.0
12904,0.04,0.05,1.0
888,0.04,0.02,1.0
19465,0.03,0.05,1.01
16377,0.04,0.05,1.01
18818,0.25,0.11,0.98
9363,0.04,0.02,1.0
11004,0.03,0.04,1.01
9062,0.04,0.02,1.0
5265,0.04,0.04,1.01
12484,0.04,0.05,1.0
15329,0.06,0.02,0.96
15442,0.03,0.05,1.0
314,0.03,0.03,1.01
18311,0.04,0.05,1.0
18869,0.17,0.25,0.99
15297,0.02,0.05,1.0
16640,0.05,0.05,1.01
4480,0.04,0.05,1.0
6392,0.04,0.03,1.0
6750,0.04,0.02,1.0
5916,0.04,0.02,1.0
3220,0.03,0.05,1.02
2000,0.15,0.13,0.95
16541,0.04,0.05,1.01
4209,0.02,-0.51,0.81
17513,0.04,0.03,1.0
11557,0.04,0.03,1.0
336,0.04,0.03,1.0
12502,0.04,0.05,1.0
17514,0.04,0.02,1.0
18335,0.04,-0.01,0.96
15548,0.04,0.05,1.0
3048,-0.0,-0.01,1.07
15302,0.04,0.04,1.01
4959,0.03,0.04,1.01
7222,0.04,0.05,1.0
13365,0.04,0.05,1.0
14820,0.15,-0.19,0.97
3710,0.04,0.02,1.0
12559,0.04,0.04,1.0
5199,0.02,0.11,1.03
16376,0.04,0.04,1.01
3541,0.15,-0.06,0.92
307,-0.02,0.05,0.95
8762,0.04,0.03,1.0
13878,0.04,0.03,1.0
16884,0.19,0.01,0.95
348,0.04,0.03,1.0
6485,0.04,0.03,1.0
18734,0.04,0.04,1.0
8040,0.03,0.05,1.01
19379,0.01,0.09,1.0
4805,0.04,0.04,1.0
12753,0.18,0.14,1.0
13611,0.04,0.05,1.01
17608,0.04,0.03,1.0
10651,0.04,0.04,1.0
11646,0.04,0.03,1.0
9250,0.04,0.03,1.0
15138,0.17,-0.12,0.96
7595,0.04,0.04,1.0
17983,0.04,0.03,1.0
17447,0.04,0.07,0.96
18010,0.03,0.02,1.0
15115,0.04,0.02,1.0
1669,0.16,0.06,0.98
8423,0.04,0.03,1.0
6058,0.04,0.03,1.0
11291,0.04,0.03,1.0
52,0.15,0.06,0.98
14973,0.03,0.09,1.02
6913,-0.05,0.04,1.01
1447,0.04,0.05,1.01
14804,0.04,0.02,1.0
18609,0.09,0.02,1.04
1698,0.04,0.05,1.0
12665,0.04,0.05,1.0
1576,0.04,0.05,1.0
16579,0.09,0.16999999999999998,1.03
13053,0.04,0.03,1.0
4712,0.04,0.04,1.0
1633,0.04,0.04,1.0
269,0.04,0.03,1.0
1884,0.02,0.08,1.02
5495,0.04,0.03,1.0
5991,0.04,0.03,1.0
18768,0.23,0.22,0.98
15226,0.11,-0.18,1.02
10207,0.04,0.05,1.0
15705,0.04,0.04,1.0
17309,0.04,0.02,1.0
19715,0.18,0.06,1.02
12650,0.04,0.05,1.0
186,0.04,0.03,1.0
13725,0.04,0.04,1.01
11389,0.21,0.09,0.97
6046,0.03,0.03,1.0
18049,0.11,-0.05,1.12
7973,0.04,0.04,1.01
4412,0.04,0.05,1.0
17518,0.04,0.03,1.0
7287,0.04,0.05,1.0
1236,0.04,0.05,1.0
15678,0.04,0.05,1.0
4136,0.04,0.05,1.0
447,0.09,0.05,0.99
845,0.04,0.02,1.0
5639,0.04,0.03,1.0
7905,0.03,0.06,1.0
13757,0.03,0.04,1.01
17123,0.04,0.03,1.0
2445,0.04,0.04,1.01
3194,0.04,0.03,1.0
12669,0.04,0.04,1.0
8558,0.04,0.03,1.0
5143,0.04,0.04,1.01
11020,-0.14,0.06,0.99
7733,0.04,0.04,1.0
6702,0.04,0.02,1.0
10735,0.04,0.04,1.0
2157,0.04,0.05,1.0
6000,0.04,0.02,1.0
17734,0.08,0.13,0.97
5488,0.05,0.04,1.0
13323,0.04,0.05,1.0
18397,0.04,0.05,1.0
17113,0.04,0.03,1.0
5646,0.04,0.03,1.0
15825,0.04,0.04,1.0
777,0.03,0.06,1.21
9457,0.03,0.03,1.0
6986,0.04,0.04,1.0
6983,0.04,0.05,1.0
11782,0.04,-0.01,1.23
5320,0.06,0.15000000000000002,1.04
19807,0.04,0.04,1.01
10367,0.04,0.05,1.0
2817,0.04,-0.16,0.95
15812,0.04,0.04,1.0
3232,0.05,0.18,1.01
18377,0.25,0.08,1.0
5937,0.0,0.19,1.02
3286,0.04,0.03,1.0
18515,0.04,0.04,1.0
8352,0.04,0.03,1.0
16604,0.04,0.05,1.01
17615,0.04,0.03,1.0
3302,0.04,0.02,1.0
16848,0.04,0.03,1.0
1291,0.04,0.04,1.0
14557,0.05,-0.12,0.88
15924,0.03,0.04,1.0
19392,0.04,0.05,1.01
11759,0.04,0.03,1.0
19419,-0.02,0.03,0.93
17828,0.04,0.07,1.02
18978,0.04,0.04,1.0
8386,0.04,0.03,1.0
14097,-0.02,0.16,1.08
13650,0.04,0.04,1.01
13937,0.04,0.03,1.0
1882,0.04,0.04,1.0
18459,0.04,0.04,1.0
14233,0.04,0.07,1.01
15026,0.04,0.03,1.0
5926,0.04,0.02,1.0
15916,0.03,0.04,1.0
18720,0.04,0.04,1.0
17217,0.04,0.03,1.0
13835,0.02,0.06,1.02
2152,0.03,0.05,1.01
4400,0.04,0.05,1.0
1038,0.04,0.03,1.0
9947,0.04,0.05,1.0
19403,0.03,0.05,1.01
17293,0.03,-0.14,0.96
4403,0.04,0.05,1.0
650,0.04,0.03,1.0
10477,0.04,0.05,1.0
7427,0.04,0.04,1.0
863,0.04,0.03,1.0
10262,0.04,0.04,1.0
191,0.04,0.03,1.0
9302,0.04,0.03,1.0
6615,0.09,0.64,0.77
19187,0.04,0.04,1.0
1946,-0.02,0.07,1.09
11707,0.04,0.03,1.0
4631,0.04,0.04,1.0
19038,0.04,0.05,1.0
9883,0.04,0.05,1.0
11633,0.04,0.03,1.0
8899,0.04,0.03,1.0
17173,0.04,0.03,1.0
16668,0.04,0.03,1.0
16537,0.04,0.04,1.0
14637,0.04,0.03,1.0
2799,0.07,0.02,1.0
4414,0.04,0.05,1.0
11996,0.04,0.03,1.0
10096,0.04,0.05,1.0
2622,0.03,0.05,1.01
2416,0.04,0.05,1.01
1096,0.04,0.02,1.0
6664,0.07,0.58,0.76
1548,0.04,0.04,1.0
4919,0.03,0.04,1.01
6633,0.04,0.03,1.0
15229,0.19,0.18,0.9
7712,0.02,0.45,0.93
3231,0.07,-0.34,0.86
4067,0.04,0.04,1.0
19134,0.04,0.04,1.0
7094,0.04,0.05,1.0
3996,0.03,0.05,1.0
18665,0.15,-0.11,0.9
12387,0.04,0.05,0.99
16567,-0.0,0.05,1.02
8261,0.18,0.2,0.99
7508,0.02,0.19,1.02
18731,0.04,0.04,1.0
465,0.04,0.03,1.0
1259,0.0,0.05,1.02
11375,0.35,0.11,0.84
2263,0.04,0.04,1.01
16828,0.04,0.03,1.0
6132,0.04,0.02,1.0
3448,0.04,0.03,1.0
6873,0.04,0.05,1.0
8203,0.05,-0.009999999999999995,1.03
11841,0.04,0.03,1.0
15827,0.04,0.04,1.0
5468,0.04,0.04,1.01
1264,0.13,0.02,0.96
18921,0.13,-0.24,0.96
8000,0.04,0.05,1.01
977,0.04,0.04,1.0
16025,0.03,0.05,1.0
6408,0.04,0.02,1.0
10308,0.04,0.05,1.0
7282,0.04,0.05,1.0
14701,0.04,0.03,1.01
2392,0.0,0.1,0.98
19586,0.0,-0.009999999999999995,0.95
5431,0.02,-0.03,0.97
7910,0.03,0.05,1.0
14366,-0.02,-0.1,1.01
7963,0.07,-0.039999999999999994,1.12
13071,0.19,0.03,1.03
4093,0.01,-0.01,1.0
6654,0.04,0.02,1.0
12708,0.04,0.04,1.0
9105,0.04,0.02,1.0
16421,0.03,0.04,1.01
15948,0.08,-0.06,1.04
4086,0.04,0.05,1.0
2824,0.04,0.02,1.0
10311,0.04,0.04,1.0
18819,0.25,0.17,1.03
1860,0.04,0.04,1.0
18626,0.05,0.06,1.04
4377,0.04,0.05,1.0
5651,0.04,0.03,1.0
9268,0.04,0.03,1.0
3370,0.04,0.02,1.0
8129,0.04,0.020000000000000004,1.14
2705,0.02,0.03,1.01
8210,0.04,0.04,1.01
4966,0.04,0.04,1.01
16608,0.04,0.04,1.01
1321,0.09,0.07,0.94
16801,0.04,0.02,1.0
19710,0.16,-0.03,1.05
5595,0.04,0.03,1.0
16233,0.04,0.04,1.0
17727,0.07,-0.07,1.0
13971,0.05,0.01,1.0
1137,0.04,0.05,1.0
4859,0.04,0.04,1.0
13363,0.04,0.05,1.0
3650,0.04,0.03,1.0
5109,0.03,0.04,1.01
12172,0.04,0.02,1.0
14160,0.11,-0.12,0.91
7859,0.04,0.04,1.01
13789,0.09,0.08,0.98
11283,0.04,0.03,1.0
17438,0.09,0.25,0.83
17530,0.04,0.02,1.0
19701,0.04,0.04,1.0
6995,0.01,0.0,0.97
16315,0.04,0.04,1.01
7741,0.04,0.04,1.0
11433,0.04,0.03,1.0
919,0.04,0.03,1.0
2510,0.04,0.04,1.01
2959,0.04,0.02,1.0
571,0.04,0.03,1.0
1450,0.04,0.05,1.0
3539,0.04,-0.04,1.01
17824,-0.0,-0.04,0.86
16100,0.03,0.05,1.0
16635,0.04,0.020000000000000004,1.09
10492,0.04,0.05,1.0
17612,0.04,0.03,1.0
7577,0.04,0.04,1.0
3334,0.04,0.03,1.0
19596,0.15,-0.039999999999999994,1.02
13949,0.04,0.03,1.0
4690,0.04,0.04,1.0
10422,0.04,0.05,1.0
8738,0.04,0.03,1.0
3684,0.18,-0.34,0.8
15832,0.04,0.04,1.0
18889,0.04,0.05,1.0
2862,-0.05,-0.53,0.79
6301,0.04,0.03,1.0
16546,0.03,0.04,1.01
5406,0.04,0.04,1.01
1340,0.04,0.04,1.0
3377,0.03,0.02,1.0
8769,0.04,0.02,1.0
16143,0.03,0.05,1.0
7578,0.04,0.04,1.0
6262,0.04,0.02,1.0
651,0.04,0.03,1.0
6638,0.04,0.03,1.0
12675,0.0,0.04,1.05
2262,0.04,0.05,1.01
5859,0.04,0.03,1.0
18686,0.04,0.05,1.0
7855,0.04,0.04,1.01
17247,0.04,0.02,1.0
3666,0.04,0.02,1.0
12468,0.04,0.05,1.0
16734,0.04,0.03,1.0
4801,0.05,0.04,1.0
6162,-0.01,0.63,0.85
11102,0.04,0.04,1.01
67,0.03,0.0,1.0
12301,0.04,0.02,1.0
14409,0.04,0.03,1.0
13046,0.04,0.04,1.0
19274,0.03,0.05,1.0
17559,0.04,0.02,1.0
14983,0.07,-0.03,1.04
8462,0.04,0.03,1.0
1260,0.04,0.03,0.99
18658,0.04,0.05,1.0
6646,0.04,0.03,1.0
993,0.04,0.02,1.0
3649,0.04,0.03,1.0
9306,0.04,0.02,1.0
921,0.04,0.03,1.0
12212,0.04,0.02,1.0
13374,0.04,0.05,1.0
165,0.04,0.02,1.0
14849,0.04,0.03,1.0
7353,0.04,0.04,1.0
14579,0.04,0.03,1.0
10316,0.04,0.05,1.0
4924,0.03,0.05,1.01
17918,0.04,0.01,0.99
13716,0.04,0.04,1.01
12209,0.04,0.02,1.0
2895,0.04,0.02,1.0
16263,0.04,0.04,1.01
19794,0.03,0.05,1.01
15617,0.04,0.05,1.0
17288,0.0,0.12,0.97
14421,0.13,0.3,1.15
17952,0.05,-0.16,0.99
4775,0.04,0.05,1.0
16618,0.04,0.05,1.02
12208,0.04,0.03,1.0
7332,0.04,0.04,1.0
10516,0.05,0.05,0.97
18418,0.04,0.04,1.0
9541,-0.2,0.12,0.89
11202,0.04,0.05,1.0
13216,0.04,0.05,1.0
2759,0.07,0.05,1.01
6177,0.04,0.03,1.0
13803,0.04,0.04,1.01
5398,0.04,0.05,1.01
1207,0.09,0.07,1.0
2383,0.05,0.12,1.16
15570,0.12,-0.12,0.92
14297,0.04,0.02,1.0
4448,-0.0,-0.05,0.97
14171,0.22,0.07,0.96
14526,0.04,0.02,1.0
9052,0.04,0.03,1.0
14998,0.04,0.02,1.0
17703,0.04,0.03,1.0
2107,0.04,0.04,1.01
12734,0.06,0.06,1.11
3950,0.04,0.02,1.0
17299,0.04,0.02,1.0
1840,0.01,0.11,1.04
17760,0.04,0.02,1.0
18260,0.01,-0.01,0.97
18032,0.04,0.03,1.0
6225,0.04,0.03,1.0
9907,-0.22,0.06,1.02
4823,0.04,0.04,1.0
1095,0.04,0.02,1.0
17412,0.04,0.02,1.0
7434,0.04,0.04,1.0
16077,0.03,0.05,1.0
10102,0.02,0.13,0.86
14462,-0.0,0.04,1.01
160,0.04,0.03,1.0
203,0.04,0.02,1.0
7165,0.04,0.04,1.0
4171,0.03,0.05,1.0
10813,0.03,0.12,0.99
5333,0.04,0.05,1.01
12719,0.04,0.05,1.0
17960,0.0,0.21,0.96
8513,-0.21,0.2,1.04
19781,0.07,0.1,0.97
1232,0.04,0.05,1.0
10350,0.11,0.0,1.02
3122,0.04,0.02,1.0
8873,0.04,0.02,1.0
12735,0.16,0.06,1.02
2970,0.03,0.04,1.0
19005,0.06,0.05,1.01
16167,0.13,0.13,0.96
4535,0.04,0.05,1.0
6732,0.04,0.02,1.0
6846,0.04,0.05,1.0
18888,0.04,0.04,1.0
14005,0.04,0.03,1.0
2740,0.04,0.02,1.0
4583,0.04,0.05,1.0
4634,0.04,0.04,1.0
19308,0.14,0.33,0.96
13847,0.04,0.04,1.01
383,0.04,0.03,1.0
8315,0.04,0.03,1.0
14731,-0.06,0.42,0.88
5275,0.04,0.05,1.01
859,0.01,0.05,0.99
370,0.04,0.03,1.0
7230,0.04,0.05,1.0
13105,0.04,0.04,1.0
2566,0.04,0.04,1.01
3992,0.04,0.05,1.0
12364,0.04,0.03,1.0
5924,0.04,0.02,1.0
15239,0.04,0.05,1.0
14465,0.02,-0.18,1.09
12020,0.04,0.02,1.0
18149,0.04,0.03,1.0
7599,-0.02,0.27,0.82
12531,0.07,0.04,0.95
15308,0.04,0.05,1.0
12120,0.04,0.03,1.0
956,0.04,0.03,1.0
8225,0.04,0.04,1.01
6511,0.01,0.23,1.1
616,0.04,0.03,1.0
13499,0.16,0.09,1.13
2580,0.03,0.04,1.01
53,0.12,0.09,0.95
15963,0.04,0.04,1.0
3461,0.04,0.03,1.0
16860,0.04,0.03,1.0
11232,0.0,0.07,1.13
18988,0.18,-0.02,0.98
15151,0.05,0.07,0.99
15089,0.11,-0.05,0.98
10977,0.04,0.05,1.01
6418,0.08,0.6,0.83
13453,0.04,0.05,1.01
15287,0.12,0.07,1.21
10149,0.04,0.05,1.0
14931,0.06,-0.07,0.99
1815,0.04,0.05,1.0
17945,0.04,0.03,1.0
992,0.04,0.03,1.0
18077,0.04,0.03,1.0
18717,0.04,0.04,1.0
16180,0.03,0.05,1.0
13401,0.04,0.04,1.01
15553,0.04,0.05,1.0
18465,0.04,0.05,1.0
9440,-0.28,0.05,0.82
3005,0.04,0.02,1.0
10729,0.0,-0.05,1.02
3259,0.04,0.02,1.0
5028,0.04,0.05,1.01
2623,0.04,0.04,1.01
3772,0.04,0.02,1.0
9212,0.03,0.03,1.0
8764,0.04,0.03,1.0
17698,0.04,0.03,1.0
13307,0.04,0.05,1.0
3983,0.04,0.04,1.0
13468,0.04,0.05,1.01
13260,0.05,0.05,1.0
10987,0.04,0.04,1.01
17869,0.08,0.23,0.99
11412,0.04,0.03,1.0
3569,0.04,0.02,1.0
1896,0.04,0.05,1.0
7139,0.04,0.05,1.0
249,0.04,0.03,1.0
5702,0.04,0.03,1.0
18982,0.04,0.05,1.0
5600,0.04,0.03,1.0
14792,0.04,0.03,1.0
16006,0.06,0.04,1.04
7142,0.04,0.05,1.0
1507,0.04,0.04,1.0
15507,0.09,0.21,0.91
671,0.05,0.05,1.0
10710,0.04,0.04,1.0
18003,0.01,0.28,0.96
899,0.0,0.02,0.99
3427,0.04,0.03,1.0
8963,0.04,0.03,1.0
6881,0.04,0.05,1.0
12399,0.04,0.02,1.0
13043,0.04,0.04,1.0
2945,0.03,0.02,1.0
6592,0.04,0.03,1.0
8616,0.04,0.02,1.0
18682,-0.0,0.0,1.02
18029,0.04,0.02,1.0
12345,0.04,0.03,1.0
15720,0.04,0.04,1.0
16200,0.03,0.04,1.01
9426,0.04,0.03,1.0
2,0.04,0.02,1.0
12047,0.04,0.0,1.0
17772,0.04,-0.03,1.04
11303,0.06,0.03,1.06
635,0.07,0.04,0.88
14288,0.04,0.03,1.0
6687,0.04,0.03,1.0
532,0.04,0.03,1.0
18576,0.04,0.05,1.0
9151,0.04,0.02,1.0
2609,0.04,0.05,1.01
7158,0.04,0.05,1.0
4453,0.04,0.05,1.0
19275,0.04,0.05,1.02
19563,0.03,0.06,1.01
12645,0.04,0.05,1.01
10065,-0.04,-0.05,1.06
3531,0.04,0.03,1.0
12012,0.04,0.02,1.0
6580,-0.0,0.54,1.2
6987,0.04,0.05,1.0
15674,0.04,0.05,1.0
17064,0.04,0.03,1.0
2570,0.03,0.05,1.0
2586,0.06,0.03,0.96
18044,0.02,0.16,1.01
13762,0.04,0.04,1.01
9414,0.04,0.03,1.0
2612,0.04,0.05,1.01
15685,0.04,0.04,1.0
12177,0.04,0.02,1.0
19356,0.04,0.04,1.01
10686,0.04,0.04,1.0
2108,0.04,0.05,1.01
19209,0.02,0.04,1.02
16496,0.03,0.05,1.01
15961,0.03,0.04,1.0
4518,0.04,0.05,1.0
5404,0.04,0.05,1.01
14499,0.04,0.02,1.01
18568,-0.02,0.01,1.06
5478,0.03,0.05,1.01
659,0.04,0.02,1.0
4749,0.04,0.05,1.0
13372,0.04,0.05,1.0
718,0.05,0.02,0.99
4016,0.04,0.02,0.99
7507,0.05,0.27,1.04
12794,0.0,0.06,1.0
10837,0.03,0.05,1.01
17696,0.04,0.03,1.0
12167,0.04,0.03,1.0
11138,0.03,0.05,1.01
19323,0.04,0.04,1.01
8057,0.03,0.05,1.01
4125,0.04,0.05,1.0
18328,0.01,0.24,0.97
2686,0.05,0.02,1.0
10490,0.04,0.05,1.0
7545,0.04,0.04,1.0
16118,0.05,0.0,1.04
10579,0.05,0.04,1.0
12158,0.04,0.02,1.0
3875,0.02,0.0,1.11
16971,0.04,0.03,1.0
1791,0.04,0.04,1.0
9482,0.04,0.02,1.0
6973,0.04,0.04,1.0
14600,0.04,0.02,1.0
3812,0.04,0.02,1.0
1779,0.15,0.03,1.0
192,0.04,0.03,1.0
10166,0.04,0.05,1.0
15375,0.03,0.05,1.0
19146,0.04,0.04,1.0
18258,-0.01,0.11,0.99
19439,0.06,0.07,0.97
5852,0.04,0.03,1.0
14138,0.04,0.03,1.0
17367,0.04,0.02,1.0
5351,0.04,0.04,1.01
2702,0.0,-0.2,1.02
4697,0.04,0.04,1.0
12772,0.04,0.04,1.0
15688,0.04,0.05,1.0
5327,0.04,0.04,1.0
14312,-0.09,-0.01,1.01
6040,0.04,0.02,1.0
12324,0.09,0.06,1.07
17313,0.04,0.02,1.0
238,0.08,0.08,0.94
13986,0.18,0.12,0.89
19182,0.04,0.04,1.0
12777,0.04,0.05,1.0
15371,0.04,0.05,1.0
7648,0.04,0.04,1.0
18782,0.04,0.04,1.0
6113,0.05,0.03,1.0
10312,0.04,0.05,1.0
18989,0.29,0.1,0.93
9726,0.04,0.05,1.0
5522,0.04,0.03,1.0
16170,0.06,-0.01,1.07
16617,0.03,0.05,1.01
15484,0.04,0.05,1.0
3704,0.04,0.02,1.0
19790,0.04,0.04,1.01
3481,0.04,0.03,1.0
9329,-0.26,0.09,0.79
6130,0.04,0.03,1.0
12097,0.07,0.12,0.96
8628,0.01,0.03,1.08
6304,0.04,0.02,1.0
4830,0.04,0.04,1.0
18413,0.04,0.05,1.0
13953,0.04,0.03,1.0
146,0.04,0.03,1.0
16450,0.04,0.05,1.01
2298,0.05,0.03,1.13
11903,0.04,0.02,1.0
7966,0.02,0.07,1.02
13519,0.04,0.05,1.0
11270,0.04,0.03,1.0
14747,0.04,0.02,1.0
18403,0.04,0.04,1.0
9307,0.04,0.03,1.0
12898,0.04,0.05,1.0
17619,0.04,0.02,1.0
19361,0.14,0.04,0.94
7898,0.21,0.29,0.85
9783,0.04,0.05,1.0
7854,0.04,0.04,1.01
5093,0.04,0.04,1.01
10042,-0.02,0.14,1.0
4691,0.04,0.04,1.0
14831,0.16,0.2,1.1
15391,0.09,-0.15,0.92
12920,0.05,0.02,1.16
19087,0.04,0.04,1.0
18446,0.04,0.04,1.0
4875,0.04,0.04,1.0
597,0.07,0.05,0.89
19014,0.04,0.04,1.0
13181,0.09,0.08,1.16
15899,0.07,0.18,0.98
5597,0.04,0.02,1.0
6637,0.04,0.03,1.0
1650,0.04,0.05,1.0
15858,0.04,0.04,1.0
13537,0.32,0.03,0.99
7549,0.02,0.04,1.01
2715,0.04,0.02,1.0
13590,0.22,0.020000000000000004,0.82
1703,0.04,0.04,1.0
13173,0.04,0.04,1.0
12207,0.04,0.03,1.0
2797,0.04,0.02,1.0
12727,0.04,0.04,1.0
7727,0.04,0.04,1.0
9113,0.04,0.02,1.0
6861,0.04,0.05,1.0
16046,0.03,0.04,1.0
86,0.04,0.02,1.0
11981,0.04,0.02,1.0
12410,0.04,0.03,1.0
18103,0.04,0.03,1.0
18066,0.04,0.02,1.0
18705,0.04,0.04,1.0
2599,0.04,0.04,1.01
15582,0.13,0.03,0.99
1031,0.04,0.03,1.0
136,0.04,0.03,1.0
7731,0.04,0.04,1.0
16646,0.04,0.04,1.01
7789,0.04,0.04,1.0
12668,0.04,0.05,1.0
2899,0.04,0.02,1.0
14384,0.04,0.02,1.0
1202,-0.04,0.1,1.04
6742,0.04,0.03,1.0
14695,0.04,0.03,1.0
11077,0.05,0.04,0.91
13906,0.04,0.13,1.01
9866,0.03,0.03,0.98
17104,0.04,0.03,1.0
6946,0.06,-0.02,1.03
4158,0.04,-0.25,0.96
11485,0.04,0.03,1.0
13265,0.04,0.05,1.0
18773,0.06,-0.11,1.05
9519,0.04,0.03,1.0
3766,0.04,0.02,1.0
18845,0.04,0.04,1.0
12032,0.03,0.04,1.01
2334,0.04,0.05,1.01
13403,0.04,0.05,1.01
2191,0.07,-0.020000000000000004,0.96
195,0.04,0.03,1.0
14136,0.04,0.03,1.0
5480,0.04,0.05,1.0
803,0.04,0.02,1.0
2675,0.04,0.04,1.01
241,0.07,0.15,1.07
2072,0.04,0.05,1.0
15458,0.02,-0.08,1.03
2036,0.04,0.05,1.0
645,0.04,0.03,1.0
10283,-0.23,0.05,0.82
5528,0.04,0.03,1.0
1640,0.04,0.05,1.0
8396,0.04,0.03,1.0
9313,0.04,0.03,1.0
12781,0.04,0.05,1.0
18544,0.04,0.04,1.0
3158,0.04,0.03,1.0
10168,0.04,0.05,1.0
8101,0.04,0.04,1.01
3393,0.04,0.03,1.0
8930,0.01,0.0,1.02
11751,0.04,0.02,1.0
16097,0.03,0.04,1.0
5380,0.09,0.15000000000000002,1.0
16781,0.04,0.03,1.0
9327,-0.05,0.03,1.04
17587,0.15,0.11,1.05
7668,0.04,0.04,1.0
15730,0.01,-0.18,1.01
13715,0.04,0.04,1.01
15238,0.02,0.07,1.0
12269,0.04,0.03,1.0
8722,0.04,0.02,1.0
62,0.02,0.08,0.99
17529,0.04,0.02,1.0
17601,0.04,0.03,1.01
19210,0.04,-0.02,1.12
17472,0.04,0.03,1.0
16194,0.03,0.05,1.0
15515,0.08,-0.13,1.11
12162,0.04,0.02,1.0
680,-0.0,0.07,1.0
2045,0.04,0.05,1.0
10075,0.04,0.05,1.0
5763,0.04,0.03,1.0
16549,0.04,0.04,1.01
3808,0.04,0.03,1.0
18204,0.04,0.02,1.0
17999,0.04,0.08,1.03
3373,0.04,0.02,1.0
14641,0.04,0.03,1.0
1876,0.04,0.05,1.0
5104,0.04,0.04,1.01
12313,0.04,0.02,1.0
11251,0.03,0.02,0.99
2967,0.04,0.02,1.0
12603,0.04,0.05,1.0
4278,0.04,0.05,1.0
5963,0.04,0.03,1.0
18593,0.04,0.04,1.0
8961,0.04,0.03,1.0
8671,0.04,0.03,1.0
17897,0.04,0.03,1.0
18009,0.06,0.02,0.96
8037,0.04,0.04,1.01
7611,0.05,0.06,0.98
490,0.0,-0.05,1.14
9778,0.04,0.05,1.0
691,0.04,0.03,1.0
13776,0.02,0.04,1.01
603,-0.02,0.02,0.98
11483,0.04,0.02,1.0
1016,-0.01,0.02,1.06
871,0.04,0.03,1.0
1997,0.08,0.11,0.9
18550,0.06,-0.12,0.91
13703,0.04,0.05,1.01
12043,0.19,0.11,1.0
8463,0.04,0.03,1.0
5730,0.02,0.06,1.0
4677,0.07,-0.54,0.76
16702,0.2,0.22,0.88
17069,0.05,0.04,1.0
1363,0.04,0.05,1.0
15692,0.04,0.04,1.0
1528,0.12,0.0,0.96
18292,0.04,0.05,1.0
1632,0.04,0.05,1.0
17032,0.04,0.03,1.0
1553,0.04,0.05,1.0
16010,0.05,0.13,1.07
1186,0.04,0.05,1.0
1339,0.04,0.05,1.0
4122,0.03,0.05,1.0
12826,0.04,0.04,1.0
5462,0.04,0.04,1.01
9239,0.0,0.02,1.0
11900,0.04,0.02,1.0
16317,0.04,0.04,1.01
5460,0.03,0.05,1.01
2351,0.04,0.05,1.01
19203,0.04,0.04,1.0
5960,0.04,0.02,1.0
6767,0.02,0.43,0.97
12534,0.05,0.05,1.0
6202,0.04,0.02,1.0
5544,0.04,0.03,1.0
5599,0.04,0.03,1.0
1136,0.04,0.04,1.0
9358,0.04,0.03,1.0
12554,0.04,0.05,1.0
16796,0.04,0.03,1.0
11690,0.04,0.02,1.0
13697,0.04,0.04,1.01
11909,0.21,0.05,1.13
4268,-0.06,-0.01,1.04
11856,0.04,0.03,1.0
15774,0.04,0.04,1.0
2429,0.05,0.04,1.0
4407,0.04,0.05,1.0
13820,0.04,0.05,1.01
861,0.04,0.02,1.0
3025,0.04,0.03,1.0
9049,0.04,0.02,1.0
19689,0.04,0.04,1.01
17162,0.04,0.02,1.0
18521,0.04,0.04,1.0
14717,0.05,0.03,1.0
19753,0.04,0.05,1.01
14437,0.04,0.03,1.0
8099,0.04,0.04,1.01
1366,0.04,0.04,1.0
8540,0.04,0.03,1.0
1782,0.13,0.07,0.89
17874,0.14,-0.01,0.82
19105,0.17,0.13,0.91
2105,0.04,0.05,1.01
1821,0.04,0.04,1.0
369,0.04,0.03,1.0
5337,0.04,0.05,1.01
12442,0.04,0.02,1.0
5732,0.05,0.17,1.01
9383,0.04,0.03,1.0
17909,0.03,0.2,0.96
7844,0.04,0.06,1.05
14691,0.04,0.03,1.0
2097,0.04,0.05,1.0
12990,0.04,0.04,1.0
13379,0.04,0.05,1.0
8710,0.04,0.03,1.0
1924,0.04,0.05,1.0
82,0.04,0.02,1.0
8144,0.03,0.06,1.05
8109,0.04,0.04,1.01
817,-0.04,0.02,0.99
15104,0.04,0.03,1.0
17197,0.04,0.02,1.0
4703,0.04,0.04,1.0
16577,0.16,-0.27999999999999997,0.91
9526,0.04,0.02,1.0
6745,0.04,0.02,1.0
4389,0.03,0.05,1.0
17620,0.04,0.03,1.0
9920,-0.01,0.0,0.96
12700,0.04,0.05,1.0
1816,0.04,0.05,1.0
1273,0.03,0.04,0.98
17996,0.13,0.03,0.95
9859,-0.12,0.04,1.0
3064,0.07,-0.08,1.01
16938,0.01,-0.02,0.99
16901,0.04,0.02,1.0
7084,0.04,0.05,1.0
17199,0.04,0.03,1.0
2649,0.03,0.12,1.06
10482,0.04,0.04,1.0
15571,0.09,-0.1,0.99
14483,0.04,0.03,1.0
2309,0.04,0.04,1.01
16281,0.03,0.04,1.01
19533,0.15,0.08,1.02
4471,0.04,0.05,1.0
14818,0.12,0.16,0.88
14633,0.04,0.02,1.0
19129,0.04,0.04,1.0
14552,0.04,0.04,0.94
14140,0.04,0.03,1.0
4060,-0.01,-0.15,1.05
19684,0.04,0.05,1.01
18350,0.04,0.05,1.0
15233,0.13,0.02,0.87
19445,0.03,0.04,1.01
12101,0.04,0.03,1.0
3706,0.04,0.03,1.0
14669,0.04,0.02,1.0
14473,0.02,-0.04,1.11
2199,0.02,0.05,1.12
15023,0.04,0.02,1.0
2605,0.04,0.05,1.0
6794,0.04,0.03,1.0
1520,0.0,-0.0,1.0
14742,0.04,0.03,1.0
14286,0.04,0.03,1.0
13235,0.17,0.06,1.16
16662,0.04,0.03,1.0
16371,0.04,0.04,1.01
6968,0.04,0.04,1.0
12357,0.04,0.03,1.0
6276,0.04,0.02,1.0
6135,0.04,0.02,1.0
9428,0.04,0.03,1.0
6883,0.03,0.05,1.0
14851,0.04,0.02,1.0
12121,0.04,0.03,1.0
7943,0.03,0.05,1.01
13573,0.04,0.05,1.01
16568,0.02,0.03,1.01
16780,0.04,0.02,1.0
16406,0.06,-0.38,0.96
14495,0.04,0.03,1.0
13442,0.26,0.13,1.09
1992,0.04,0.05,1.0
14754,0.04,0.03,1.0
10782,0.04,0.04,1.01
15426,0.04,0.04,1.0
8614,0.04,0.03,1.0
518,0.04,0.02,1.0
12046,0.05,0.02,1.0
6791,0.05,0.02,1.0
16682,0.04,0.03,1.0
19008,0.04,0.05,1.0
17837,0.04,0.03,1.0
16178,0.03,0.04,1.0
10874,0.04,0.05,1.01
14642,0.04,0.02,1.0
4771,0.04,0.05,1.0
2785,0.04,0.02,1.0
7163,0.03,0.05,1.0
6465,0.05,0.41,0.93
18954,0.04,0.05,1.0
7238,0.06,0.01,0.98
5234,0.03,0.05,1.01
8497,-0.02,0.04,1.04
18799,0.04,0.05,1.0
9320,0.04,0.02,1.0
13362,0.04,0.05,1.0
7025,0.04,0.04,1.0
11043,0.04,0.05,1.01
14282,0.04,0.03,1.0
2443,0.04,0.05,1.01
3956,0.04,0.03,1.0
18669,0.16,0.18,0.92
15240,0.04,0.05,1.0
7107,0.02,0.02,0.96
9729,0.02,0.03,1.07
8739,0.04,0.03,1.0
15945,0.05,-0.03,1.01
14032,0.04,0.04,1.02
10942,0.04,0.05,1.0
9007,0.04,0.02,1.0
6999,0.01,0.27,1.02
5200,0.02,0.08,1.0
18,0.04,0.02,1.0
3712,0.04,0.03,1.0
4182,0.04,0.05,1.0
49,0.07,0.05,1.12
18460,0.04,0.04,1.0
3195,0.04,0.03,1.0
889,0.04,0.02,1.0
6911,0.05,0.05,1.11
8033,0.04,0.04,1.01
7748,0.04,0.04,1.0
6642,0.04,0.02,1.0
12340,0.04,0.03,1.0
9808,0.04,0.05,1.0
3264,0.04,-0.29,0.99
3012,0.04,0.02,1.0
1426,0.08,0.07,0.9
139,0.04,0.03,1.0
11496,0.04,0.03,1.0
12055,0.04,0.03,1.0
3300,0.04,0.02,1.0
5556,0.04,0.03,1.01
112,0.1,0.01,0.98
9130,0.04,0.02,1.0
18636,0.04,0.05,1.0
4889,0.04,0.05,1.0
4925,0.04,0.04,1.02
17138,0.08,-0.05,0.97
13106,0.04,0.04,1.0
5040,0.03,0.05,1.01
12893,0.04,0.05,1.0
8867,0.04,0.02,1.0
17623,0.04,0.03,1.0
14522,0.04,0.03,1.0
16628,0.13,-0.15999999999999998,0.93
3392,0.04,0.02,1.0
12276,0.04,0.02,1.0
16386,0.04,0.04,1.01
4329,0.04,0.05,1.0
4715,0.04,0.04,1.0
17856,0.04,0.03,1.0
18543,0.04,0.04,1.0
11031,0.03,0.05,1.01
13072,0.4,0.17,0.9
12170,0.04,0.02,1.0
452,-0.02,0.08,1.01
8059,0.03,0.05,1.01
3913,0.04,0.02,1.0
8053,0.04,0.05,1.01
18881,0.07,-0.0,1.05
5396,0.04,0.04,1.01
3830,0.04,-0.13,0.99
2787,0.04,0.03,1.0
9969,0.04,0.05,1.0
18118,0.04,0.03,1.0
1858,0.04,0.04,1.0
14596,0.04,0.03,1.0
1001,0.04,0.02,1.0
389,0.04,0.03,1.0
13282,0.04,0.05,1.0
7101,0.04,0.05,1.0
1478,0.1,-0.02,0.93
2244,0.08,0.009999999999999995,0.96
12063,0.04,0.03,1.0
19055,0.21,0.0,1.03
9072,0.04,0.03,1.0
994,0.04,0.03,1.0
7797,0.04,0.04,1.01
5407,0.04,0.04,1.01
4143,0.01,0.05,1.01
3035,0.04,0.02,1.0
13261,0.05,0.05,1.0
7618,0.04,0.04,1.0
17742,0.02,0.02,1.01
16778,0.04,0.03,1.0
5138,0.03,0.06,1.0
1295,0.04,0.05,1.0
11371,-0.07,0.03,1.01
12646,0.05,0.05,1.02
4449,-0.01,0.04,1.02
2540,0.07,0.04,1.07
19049,0.27,0.25,0.98
1911,0.04,0.05,1.0
18238,0.04,0.05,1.0
5346,0.04,0.04,1.01
9634,0.04,0.03,1.0
6632,0.04,0.02,1.0
8472,0.04,0.03,1.0
1153,0.2,0.0,0.94
1569,0.04,0.05,1.0
3274,0.05,0.17,1.03
18228,0.04,0.05,1.0
10981,0.04,0.04,1.01
7879,0.03,0.05,1.01
18786,0.04,0.05,1.0
4429,0.04,0.05,1.0
4580,0.04,0.05,1.0
2234,0.04,0.04,1.01
16518,0.1,-0.09999999999999999,0.98
174,0.12,0.15,0.98
1907,0.04,0.04,1.0
10493,0.04,0.05,1.0
9860,-0.05,0.03,0.91
17940,0.04,0.03,1.0
3533,0.04,0.02,1.01
1540,0.04,0.05,1.0
2296,0.07,0.03,0.97
10772,0.04,0.04,1.01
1365,0.04,0.05,1.0
4657,0.04,0.05,1.0
16427,0.04,0.05,1.01
5707,0.04,0.03,1.0
16627,0.2,-0.15000000000000002,0.99
16881,0.16,0.41,1.01
681,0.04,0.02,1.0
14836,0.04,0.04,1.02
17502,0.04,0.03,1.0
3831,0.12,-0.18,0.87
1664,0.04,0.05,1.15
509,0.04,0.04,1.0
166,0.06,0.02,1.06
15479,0.04,0.05,1.0
18234,0.04,0.05,1.0
10383,0.04,0.05,1.0
18296,0.04,0.05,1.0
8178,0.04,0.04,1.0
1918,0.04,0.05,1.0
13382,0.05,0.05,1.0
8060,0.04,0.04,1.01
4065,0.04,0.04,1.0
4475,0.04,0.05,1.0
8174,0.04,0.05,1.01
16207,0.03,0.04,1.01
14968,0.04,0.02,1.0
12246,0.03,0.04,1.0
1106,0.04,0.05,1.0
13845,0.03,0.05,1.01
17374,0.04,0.03,1.0
11286,0.04,0.03,1.0
5766,0.04,0.03,1.0
16789,0.04,0.03,1.0
12701,0.04,0.05,1.0
12764,0.04,0.05,1.0
6275,0.04,0.02,1.01
152,0.04,0.03,1.0
17546,0.09,-0.07,1.12
19172,0.02,0.0,1.0
6187,0.04,0.02,1.0
13877,0.04,0.02,1.0
2877,0.04,-0.04,1.0
12262,0.04,0.03,1.0
19720,0.09,-0.06999999999999999,1.01
18428,0.18,0.21,0.99
3703,0.04,0.02,1.0
3904,0.04,0.03,1.0
16441,0.04,0.04,1.01
18504,0.0,0.0,1.02
14323,0.07,0.16,1.11
4868,0.04,0.04,1.0
16589,0.03,0.05,1.01
11369,0.04,-0.0,1.0
14057,0.04,0.02,1.0
16761,0.09,0.27,0.87
9514,0.04,0.03,1.0
1995,-0.0,0.08,0.99
18938,-0.02,0.06,1.0
9564,0.04,0.03,1.0
17576,0.04,0.03,1.0
5574,0.03,0.05,1.0
12261,0.04,0.02,1.0
13507,0.02,0.05,1.01
13530,0.03,0.05,1.01
4002,0.04,-0.51,0.85
18656,0.04,0.05,1.0
3580,0.04,0.03,1.0
4921,0.03,0.04,1.01
8165,0.04,0.04,1.0
205,0.04,0.03,1.0
15512,0.07,-0.13,1.0
10537,0.04,0.04,1.0
7389,0.04,0.04,1.0
14942,0.04,0.03,1.0
2773,0.04,0.02,1.0
13521,0.03,0.05,1.01
9560,0.04,0.03,1.0
1852,0.04,0.05,1.0
16208,0.03,0.04,1.01
6626,0.05,0.48,0.97
11572,0.03,0.03,1.0
3348,0.04,0.03,1.0
12548,0.04,0.05,1.0
14490,0.04,0.03,1.0
15613,0.04,0.05,1.0
17570,0.04,0.02,1.0
3200,0.04,0.03,1.0
14917,0.04,0.02,1.0
14030,0.04,0.03,1.0
11571,0.06,0.05,1.0
6501,0.04,0.03,1.0
18080,0.04,0.03,1.0
6339,0.04,0.02,1.0
9661,0.02,0.04,1.0
6136,0.04,0.03,1.0
4600,0.04,0.05,1.0
13263,0.04,0.05,1.0
3252,0.04,0.03,1.0
7225,0.04,0.05,1.0
12465,0.04,0.04,1.0
19058,0.05,-0.05,1.01
16023,0.03,0.04,1.0
1382,0.04,0.0,0.99
18584,0.04,0.05,1.0
10021,0.04,0.05,1.0
4033,0.04,0.04,1.0
825,0.04,0.03,1.0
5145,0.04,0.04,1.01
8924,0.04,0.03,1.0
4569,0.04,0.04,1.0
9485,0.04,0.03,1.0
15900,0.06,0.05,1.06
581,0.04,0.03,1.0
17128,0.04,0.03,1.0
278,0.04,0.03,1.0
7494,0.03,0.02,1.02
8236,0.03,0.05,1.01
3367,0.04,0.02,1.0
15990,0.03,0.04,1.0
12175,0.04,0.02,1.0
19627,0.03,0.05,1.01
289,0.02,0.02,1.0
15802,0.04,0.04,1.0
3159,0.04,0.02,1.0
17966,0.04,0.02,1.0
17450,0.04,0.02,1.0
16162,0.03,-0.14,0.98
18579,0.04,0.05,1.0
14106,0.13,-0.2,0.97
13223,0.04,0.05,1.0
10840,0.04,0.04,1.01
18240,0.04,0.05,1.0
17610,0.04,0.03,1.0
270,0.04,0.02,1.0
4900,0.03,0.04,1.0
17719,0.04,0.03,1.0
17864,0.09,0.16,0.86
12771,0.04,0.05,1.0
15925,0.03,0.03,1.0
18729,0.04,0.04,1.0
14179,0.04,0.03,1.0
13068,0.03,0.02,1.01
10841,0.03,0.04,1.0
7412,0.04,0.04,1.0
13946,0.04,0.03,1.0
4609,0.04,0.04,1.0
3283,0.04,0.03,1.0
17187,0.04,0.03,1.0
1424,0.07,0.03,0.96
9262,0.04,0.02,1.0
10232,0.04,0.05,1.0
12598,0.03,0.05,1.0
17488,0.06,0.23,0.98
4887,0.04,0.04,1.01
14475,0.02,0.01,1.0
8705,0.04,0.04,1.04
14625,0.04,0.02,1.0
6947,0.06,0.11,1.01
19687,0.03,0.05,1.01
19666,0.01,0.08,1.02
19550,-0.02,0.009999999999999995,1.04
1134,0.04,0.05,1.0
12145,0.07,0.09,0.99
13925,0.04,0.04,1.04
12002,0.04,0.03,1.0
12359,0.04,0.03,1.0
6884,0.04,0.05,1.0
16870,0.01,0.02,1.0
19083,0.05,0.05,1.0
2916,0.04,0.04,1.07
14724,0.06,-0.04,0.99
8244,0.04,0.05,1.01
14782,0.04,0.03,1.0
17913,0.01,0.28,0.93
16270,0.04,0.04,1.01
11544,0.04,0.03,1.0
17379,0.07,-0.0,1.0
18071,0.04,0.03,1.0
6002,0.04,0.03,1.0
10638,0.04,0.04,1.0
1917,0.04,0.05,1.0
16683,0.04,0.03,1.0
10458,0.0,0.0,0.92
3977,0.04,0.05,1.0
14385,0.04,0.02,1.0
16677,0.04,0.02,1.0
16570,0.13,0.08,0.93
15505,0.11,0.05,0.91
9361,0.04,0.03,1.0
2165,0.04,0.04,1.01
3078,0.04,0.03,1.0
1107,0.04,0.04,1.0
16456,0.09,0.06,1.12
693,0.04,0.03,1.0
17364,0.04,0.02,1.0
5356,0.03,0.05,1.01
9308,0.04,0.03,1.0
19313,0.13,0.009999999999999995,0.93
4669,0.04,-0.14,1.0
2789,0.04,0.02,1.0
4160,0.02,-0.11,0.96
16962,0.03,0.03,1.0
13311,0.04,0.05,1.0
3871,0.04,0.02,1.0
8663,0.04,0.03,1.0
16155,0.04,0.04,1.0
629,0.03,0.05,1.0
2456,0.04,0.05,1.01
15980,0.03,0.04,1.0
18135,0.02,0.23,0.99
4025,0.04,0.05,1.0
4736,0.09,-0.45,0.95
12385,0.12,0.09,1.02
19780,0.1,-0.14,1.09
3934,0.03,-0.29,0.95
2180,0.04,0.04,1.01
15601,0.04,0.05,1.0
7405,0.05,0.03,0.98
9977,0.01,0.09,0.94
3439,0.04,0.02,1.0
16224,0.04,0.05,1.01
10930,0.04,0.04,1.01
8262,0.17,0.03,1.0
2822,0.04,0.02,1.0
14076,0.04,0.03,1.0
1198,0.04,0.05,1.0
1679,0.04,0.04,1.0
4178,0.03,0.05,1.03
8471,0.04,0.03,1.0
4759,0.04,0.05,1.0
12721,0.04,0.05,1.0
12393,0.04,0.03,1.0
17622,0.04,0.02,1.01
6237,0.04,0.02,1.0
17756,0.04,0.02,1.0
12206,0.04,0.03,1.0
3805,0.04,0.02,1.0
2374,0.04,0.04,1.01
5377,0.17,-0.48999999999999994,0.95
2221,0.04,0.04,1.01
19721,0.11,-0.06000000000000001,1.0
9118,0.04,0.02,1.0
11857,0.04,0.03,1.0
3447,0.04,0.03,1.0
16538,0.03,0.05,1.01
3736,0.08,-0.53,0.83
19628,0.03,0.05,1.01
19669,0.03,0.05,1.01
3779,0.04,0.02,1.0
6859,0.04,0.05,1.0
2473,0.04,0.04,1.01
14204,0.04,0.03,1.0
12961,0.04,0.05,1.0
9264,0.04,0.03,1.0
18425,0.1,-0.02,0.97
6550,0.04,0.03,1.0
12551,0.04,0.05,1.0
13599,0.43,0.08,0.79
3842,0.02,-0.26,0.93
14254,0.04,0.03,1.0
5591,0.04,0.03,1.0
8447,-0.03,0.06,1.06
7735,0.04,0.04,1.0
19085,0.04,0.04,1.0
14566,0.05,0.03,1.0
11612,0.04,0.03,1.0
3553,0.06,-0.01,1.07
12228,0.04,0.02,1.0
9169,0.03,0.02,1.0
2414,0.04,0.04,1.01
3320,0.02,0.09,1.02
18519,0.04,0.05,1.0
5830,0.04,0.03,1.0
16572,0.12,-0.31,0.88
7293,-0.04,-0.09,1.12
2950,0.04,0.02,1.0
18701,0.04,0.04,1.0
14692,0.04,0.03,1.0
1298,0.04,0.05,1.0
13306,0.05,0.05,1.0
3809,0.04,0.03,1.0
16523,0.06,-0.21999999999999997,0.92
16434,0.04,0.04,1.01
18349,0.04,0.05,1.0
10715,-0.07,0.12,0.92
15491,0.04,0.05,1.0
11594,0.04,0.03,1.0
18566,0.03,-0.01,0.93
10228,0.04,0.05,1.0
19545,0.1,0.08,1.06
19378,-0.0,0.04,0.96
15703,0.04,0.04,1.0
9622,0.04,0.03,1.0
19735,0.03,0.04,1.01
5920,0.04,0.03,1.0
7941,0.04,0.04,1.01
12196,0.03,0.06,1.0
8759,0.04,0.03,1.0
2767,0.04,0.02,1.0
10706,0.04,0.04,1.0
11462,0.05,0.1,0.99
14653,0.08,0.17,1.12
18671,0.03,0.23,0.91
11111,0.02,0.04,1.02
13460,0.04,0.04,1.01
15770,0.04,0.04,1.0
5358,0.04,0.05,1.0
18150,0.04,0.03,1.0
12057,0.04,0.03,1.0
7156,0.04,0.05,1.0
19196,0.04,0.04,1.0
8781,0.04,0.02,1.0
13088,0.04,0.04,1.0
9930,0.07,0.14,0.89
13169,0.04,0.04,1.0
493,0.1,0.05,0.96
13387,0.04,0.05,1.01
17686,0.04,0.03,1.0
1118,0.04,0.05,1.0
6139,0.04,0.02,1.0
5510,0.02,0.45,0.96
1760,0.04,0.05,1.0
13157,0.04,0.04,1.0
16510,0.04,0.04,1.01
18970,0.04,0.04,1.0
7020,0.04,0.05,1.0
7289,0.04,0.05,1.0
2652,0.04,0.04,1.0
19722,0.1,-0.08,0.99
8401,0.04,0.03,1.0
12203,0.04,0.03,1.0
15660,0.04,0.05,1.0
17707,0.04,0.03,1.0
5688,0.04,0.0,1.0
3811,0.04,0.02,1.0
2818,0.04,0.02,1.02
13764,0.04,0.04,1.01
16415,0.03,0.06,1.08
12164,0.04,0.02,1.0
17669,0.04,0.02,1.0
1699,0.04,0.05,1.0
6193,0.04,0.03,1.0
2299,0.01,0.03,1.08
6506,0.04,0.03,1.0
8648,0.04,0.03,1.01
11645,0.04,0.03,1.0
11323,0.1,0.06,1.01
12601,0.04,0.04,1.0
3434,0.04,0.03,1.0
5150,0.04,0.04,1.01
9366,0.04,0.03,1.0
16592,0.04,0.04,1.01
11098,0.04,0.04,1.01
11257,0.04,0.03,1.01
8458,0.04,0.03,1.0
215,0.04,0.03,1.0
13023,0.03,0.04,1.03
7423,0.04,0.04,1.0
1074,0.04,0.02,1.0
9775,0.04,0.05,1.0
1998,0.16,0.13,0.92
3620,0.04,0.02,1.0
7771,0.04,0.04,1.0
5527,0.04,0.03,1.0
15166,0.04,0.02,1.0
13312,0.04,0.05,1.0
7299,0.08,0.05,0.95
3955,0.03,0.03,1.0
17566,0.04,0.03,1.0
7085,0.04,0.04,1.0
16850,0.04,0.03,1.0
15495,0.03,0.05,1.0
25,0.04,0.02,1.0
19396,0.03,0.04,1.01
12096,0.12,0.07,1.04
13126,0.04,0.04,1.0
8525,0.04,0.03,1.0
15188,0.04,0.05,1.0
6198,0.04,0.02,1.0
11046,0.04,0.04,1.01
232,0.08,0.09,0.98
277,0.04,0.03,1.0
7392,0.05,0.07,1.0
13841,0.03,0.04,1.01
13277,0.04,0.05,1.0
14504,0.17,0.17,0.96
10356,0.05,0.05,1.0
12388,0.04,0.03,1.0
11406,0.04,0.03,1.0
13653,0.03,0.04,1.01
18161,0.04,0.02,1.0
9670,0.04,0.02,1.0
17139,-0.03,-0.06,1.01
18630,0.04,0.04,1.0
9807,0.06,0.05,1.05
17042,0.04,0.03,1.0
7323,0.03,0.05,1.01
5690,0.04,0.03,1.0
1104,0.04,0.05,1.0
3391,0.04,0.03,1.0
5809,0.04,0.03,1.0
17233,0.09,0.19,0.92
2208,0.04,0.04,1.01
19634,0.04,0.04,1.01
13967,0.04,0.03,1.0
9415,0.04,0.02,1.0
14689,0.04,0.02,1.0
9954,0.04,0.05,1.0
15157,0.04,0.02,1.0
13148,0.04,0.05,1.0
12962,0.04,0.04,1.0
15557,0.04,0.04,1.01
13472,0.04,0.04,1.01
12846,0.04,0.05,1.0
14292,0.04,0.03,1.0
16231,0.04,0.04,1.01
19806,0.04,0.04,1.01
2211,0.04,0.04,1.01
4882,0.04,0.04,1.0
4709,0.04,0.04,1.0
8216,0.04,0.04,1.01
3900,0.04,0.03,1.0
974,0.08,0.0,1.11
4909,0.04,0.04,1.01
7207,0.04,0.04,1.0
720,0.04,0.02,1.0
15630,0.18,0.18,0.94
6786,0.04,0.03,1.0
19330,0.03,0.05,1.01
13866,0.04,0.03,1.0
2838,0.04,0.02,1.0
2571,0.03,0.04,1.01
4276,0.04,0.05,1.0
6840,0.04,0.02,1.0
9201,0.04,0.03,1.0
14738,0.04,0.03,1.0
18779,0.04,0.06,1.02
15839,0.09,0.04,0.99
4324,0.04,0.05,1.0
13343,0.04,0.04,1.02
15522,0.01,0.07,0.97
11224,0.04,0.03,1.0
2827,0.04,0.02,1.0
2226,0.04,0.04,1.01
6347,0.04,0.02,1.0
15785,0.04,0.04,0.99
13710,0.04,0.05,1.0
4077,0.04,0.04,1.0
16182,0.03,0.04,1.0
2769,0.04,0.02,1.0
13604,0.02,0.05,1.01
11779,0.25,0.01,1.09
18950,0.04,0.04,1.0
13704,0.04,0.04,1.01
18014,0.04,0.02,1.0
3335,0.04,0.03,1.0
4490,0.02,0.02,0.97
4144,-0.0,0.0,1.02
13874,0.04,0.03,1.0
11939,0.04,0.03,1.0
16622,0.08,0.26,1.1
1403,0.04,0.05,1.0
10073,0.04,0.05,1.0
14238,0.04,0.03,1.0
14614,0.1,0.09,1.15
8580,-0.02,0.13,1.05
5389,0.04,0.04,1.01
3368,0.04,0.03,1.0
19391,0.04,0.05,1.01
18589,0.04,0.05,1.0
2668,0.04,0.04,1.01
2162,0.04,0.04,1.01
9664,0.04,0.02,1.0
9048,0.04,0.02,1.01
675,0.09,0.04,0.96
16916,0.04,0.03,1.0
7776,0.04,0.04,1.0
19062,0.03,0.06,1.02
11598,0.04,0.03,1.0
4042,0.07,-0.0,1.0
1818,0.04,0.05,1.0
18277,0.05,0.0,0.98
19679,0.03,0.05,1.01
13504,0.03,0.05,1.01
14631,0.04,0.02,1.0
17154,0.15,0.12,0.92
2104,0.04,0.05,1.02
8909,0.04,0.02,1.0
17567,0.04,0.03,1.0
7424,0.04,0.04,1.0
1676,0.02,0.05,1.09
11705,0.04,0.02,1.0
4489,0.04,0.04,1.0
16776,0.04,0.03,1.0
16258,0.01,0.09,1.0
1550,0.04,0.04,1.0
16166,0.12,0.07,0.91
13192,0.08,0.05,0.91
13512,0.04,0.04,1.01
9621,0.04,0.02,1.0
5622,-0.01,0.1,0.97
1463,0.04,0.05,1.0
17476,0.04,0.02,1.0
19288,0.04,0.05,1.0
3328,0.04,0.02,1.0
18393,0.06,0.07,1.02
19076,0.04,0.04,1.0
15125,0.04,0.03,1.0
7958,0.28,0.62,0.86
15908,0.03,0.04,1.0
8260,0.3,0.4,0.77
10109,-0.24,0.08,1.06
1754,0.04,0.04,1.0
4218,0.03,0.04,1.0
9369,0.04,0.03,1.0
1775,0.11,0.04,0.9
10608,-0.11,0.02,1.03
11437,0.01,0.02,1.0
12401,0.04,0.02,1.0
19804,0.04,0.05,1.01
2020,0.04,0.05,1.0
2009,0.04,0.04,1.0
18642,0.04,0.05,1.0
4113,0.02,-0.11,1.01
15560,0.04,0.05,1.0
3345,0.04,0.03,1.0
4738,0.07,-0.09,1.05
14722,0.04,-0.05,0.95
11682,0.08,0.04,0.96
15198,0.04,0.05,1.0
9674,0.04,0.02,1.0
12538,0.02,0.05,0.97
2261,0.04,0.04,1.02
16284,0.03,0.04,1.0
4333,0.03,0.05,1.0
6062,0.04,0.02,1.0
10250,0.04,0.05,1.0
5378,0.16,-0.13,1.0
5819,0.04,0.03,1.0
9458,0.04,0.03,1.0
6701,0.04,0.03,1.0
8851,0.04,0.02,1.0
17901,0.04,0.03,1.0
1521,-0.02,0.02,0.96
18058,0.04,0.02,1.0
1380,0.07,0.02,1.02
6180,0.04,0.02,1.0
10408,0.04,0.05,1.0
2592,0.09,0.06,1.09
19616,0.04,0.05,1.0
6123,-0.01,0.56,0.92
17490,0.07,0.26,0.91
14986,0.06,-0.17,0.99
12617,0.04,0.04,1.0
18185,0.09,-0.12,1.06
15754,0.04,0.04,1.0
6371,0.07,0.59,0.84
7903,0.02,0.0,1.07
14604,0.11,0.15,1.13
6361,0.04,0.03,1.0
11146,0.04,0.04,1.01
5277,0.04,0.04,1.01
14501,0.02,0.07,1.0
13411,0.04,0.05,1.01
6458,0.04,0.02,1.0
523,0.04,0.02,1.0
8980,0.0,-0.01,1.02
3767,0.04,0.03,1.0
10295,-0.01,0.1,1.01
15199,0.04,0.05,1.0
234,0.09,0.08,0.96
17611,0.04,0.02,1.0
3987,0.04,0.05,1.0
14089,0.04,0.03,1.0
6977,0.04,0.05,1.0
14979,0.12,-0.13,1.01
7867,0.04,0.04,1.01
13755,0.04,0.04,1.01
11603,0.04,0.02,1.0
18512,0.04,0.05,1.0
19281,0.04,0.04,1.01
1952,0.04,0.05,1.0
7028,0.04,0.05,1.0
19299,0.07,-0.08,0.96
17407,0.04,0.03,1.0
13380,0.04,0.05,1.0
6699,0.05,0.03,1.0
12404,0.04,0.02,1.0
19408,0.04,0.05,1.0
2228,0.04,0.05,1.01
10500,-0.07,-0.0,1.16
18967,0.04,0.04,1.0
10164,0.04,0.05,1.0
6059,0.04,0.03,1.0
4853,0.07,-0.02,0.97
6314,0.03,0.03,1.0
16027,0.03,0.04,1.0
18738,0.04,0.05,1.0
6259,0.05,0.01,1.0
2629,0.04,0.05,1.01
5088,0.04,0.04,1.01
8711,0.05,0.03,1.0
9978,0.02,0.0,1.0
19743,0.04,0.05,1.01
19035,0.04,0.04,1.0
10247,0.04,0.04,1.0
16574,0.16,-0.25,0.94
2442,0.03,0.05,1.01
6655,0.04,0.02,1.0
18079,0.04,0.03,1.0
10163,0.04,0.05,1.0
18492,0.21,0.32,0.95
13289,0.04,0.05,1.0
7019,0.04,0.05,1.0
12014,0.04,0.03,1.0
13752,0.04,0.04,1.01
3263,-0.02,-0.05,1.0
1812,0.04,0.05,1.0
17895,0.04,0.03,1.0
7942,0.04,0.05,1.0
10695,0.04,0.04,1.0
5511,0.03,0.29,0.97
15542,0.04,0.04,1.0
17815,-0.02,-0.13,1.1
15819,0.04,0.04,1.0
7781,0.04,0.04,1.0
15173,0.04,0.03,1.0
14424,0.06,0.04,1.09
17291,0.04,-0.05,1.02
5345,0.04,0.05,1.01
14016,0.04,0.03,1.0
6645,0.04,0.02,1.0
18439,0.13,-0.21,0.99
10420,0.04,0.05,1.0
6080,-0.01,0.11,1.1
7672,0.04,0.04,1.0
6085,0.04,0.02,1.0
8023,0.03,0.08,1.0
1230,0.04,0.05,1.0
17110,0.04,0.02,1.0
7586,0.04,0.04,1.0
16623,0.15,-0.15999999999999998,1.03
15119,0.04,0.03,1.0
9221,-0.18,0.04,0.97
17168,0.04,0.03,1.0
7255,0.13,0.2,0.93
13924,0.02,0.05,1.01
159,0.04,0.03,1.0
9970,0.04,0.05,1.0
11093,0.03,0.04,1.0
1591,0.04,0.05,1.0
6063,0.04,0.02,1.0
19365,0.21,-0.05,0.93
8038,0.04,0.04,1.01
6053,0.04,0.02,1.0
7403,0.07,0.21,1.04
7978,0.03,0.04,1.0
16748,0.0,-0.04,1.23
12061,0.04,0.02,1.0
16160,0.07,-0.26,1.0
17549,0.04,0.02,1.0
8310,0.04,0.02,1.0
13822,0.07,0.03,1.23
15150,0.1,0.1,1.06
8414,0.04,0.03,1.0
1558,0.04,0.04,1.0
2873,-0.02,-0.57,0.78
436,0.04,0.02,1.0
6310,0.04,0.02,1.0
18027,0.04,0.03,1.0
13848,0.04,0.05,1.0
1590,0.04,0.04,1.0
8219,0.04,0.04,1.01
2815,0.02,-0.47,0.91
3876,0.01,-0.01,0.95
10435,0.04,0.05,1.0
6194,0.04,0.03,1.01
4197,0.08,-0.04,0.84
5087,0.03,0.05,1.01
10349,0.1,0.03,0.98
1240,0.04,0.05,1.0
3014,0.04,0.02,1.0
12015,0.04,0.03,1.0
16302,0.03,0.03,1.04
17151,0.1,0.24,0.95
16031,0.03,0.04,1.0
11787,0.04,0.03,1.0
16380,0.04,0.04,1.01
1499,0.04,0.05,1.0
14521,0.04,0.03,1.0
7147,0.04,0.04,1.0
8168,0.04,0.04,1.01
8716,0.04,0.03,1.0
8391,0.04,0.02,1.0
8818,0.04,0.03,1.0
14229,0.24,0.27,0.9
12109,0.04,0.03,1.0
18522,0.04,0.04,1.0
5623,-0.03,0.1,0.99
6149,0.04,0.03,1.0
9623,0.04,0.02,1.0
5689,0.0,0.03,1.01
2134,0.03,0.04,1.01
13563,0.04,0.04,1.01
2096,0.04,0.05,1.0
5873,0.04,0.03,1.0
11608,0.04,0.03,1.0
13702,0.04,0.05,1.01
18477,0.04,0.05,1.0
187,0.03,0.03,1.0
16676,0.04,0.03,1.0
8854,0.04,0.02,1.0
3822,0.04,0.03,1.0
3556,0.04,0.03,1.0
17030,0.04,0.02,1.0
1383,0.05,0.05,1.09
17316,0.04,0.03,1.0
9691,0.04,0.04,1.0
8248,0.02,0.05,1.17
5458,0.04,0.05,1.01
5286,0.04,0.04,1.01
13205,0.04,0.05,1.0
13514,0.03,0.04,1.01
3278,0.04,0.03,1.0
18475,0.04,0.04,1.0
14620,0.04,0.03,1.0
17652,0.04,0.03,1.0
9488,0.02,0.03,1.04
13048,0.04,0.04,1.0
19726,-0.02,0.06,1.0
17548,0.05,0.09,1.0
2239,0.03,0.06,1.0
9017,0.04,0.03,1.0
14721,0.05,0.11,1.0
11301,0.02,0.04,1.01
4520,0.04,0.05,1.0
16534,0.02,0.07,1.0
12758,0.04,0.06,1.0
17000,0.04,0.03,1.0
11078,0.04,0.05,1.01
24,0.04,0.02,1.0
3484,0.03,0.05,1.0
1090,0.04,0.02,1.0
14652,0.03,0.05,1.0
12432,0.05,0.1,0.98
9833,0.04,0.05,1.0
13273,0.05,0.05,1.0
13456,0.04,0.04,1.01
19072,0.04,0.04,1.0
2886,0.04,0.02,1.0
11984,0.04,0.02,1.0
8381,0.01,0.03,1.15
14085,0.04,0.03,1.0
13090,0.04,0.04,1.0
8300,0.03,0.05,1.01
8806,0.04,0.02,1.0
4421,0.04,0.05,1.0
10750,0.04,0.04,1.0
696,0.04,0.03,1.0
3917,0.04,0.02,1.0
13698,0.03,0.04,1.0
6996,0.04,-0.04,0.97
1229,0.04,0.05,1.0
2003,0.0,0.14,0.99
276,0.04,0.03,1.0
17725,0.04,0.03,1.0
16907,0.04,0.02,1.0
6496,0.04,0.03,1.0
3016,0.04,0.02,1.0
3804,0.04,0.03,1.0
4127,0.04,0.04,1.0
5147,0.04,0.04,1.01
6387,-0.07,0.6,1.18
19554,0.03,0.05,1.01
4386,0.04,0.05,1.0
16853,0.04,0.03,1.0
1139,0.04,0.05,1.0
2791,0.04,0.02,1.0
9152,0.04,0.02,1.0
18059,0.04,0.03,1.0
17562,0.04,0.02,1.0
8527,0.04,0.02,1.0
10309,0.05,0.04,1.0
15110,0.04,0.02,1.0
16562,0.03,0.05,1.01
2495,0.02,0.04,1.02
19541,0.05,0.29,0.99
8619,0.04,0.03,1.0
16278,0.04,0.04,1.01
14913,0.04,0.03,1.0
4166,0.04,0.05,1.0
19618,0.04,0.04,1.01
2389,0.07,0.04,0.87
8953,0.04,0.02,1.0
7857,0.03,0.05,1.01
115,0.1,0.09,0.99
1866,0.04,0.05,1.0
12268,0.04,0.03,1.0
3210,0.04,0.03,1.0
4542,0.04,0.04,1.0
364,0.01,0.09,1.0
10261,0.04,0.04,1.0
2854,0.04,0.02,1.0
13778,0.2,0.04,1.0
16950,0.04,0.29,0.94
16710,0.05,0.02,0.99
19011,0.04,0.05,1.0
5049,0.04,0.04,1.01
14149,0.04,0.03,1.0
3993,0.04,0.05,1.0
6675,0.0,0.21,0.96
15794,0.02,0.14,1.01
3681,0.02,-0.15,0.9
4026,0.04,0.05,1.0
7351,0.04,0.04,1.0
18604,0.04,0.02,1.04
14777,0.09,0.04,1.05
14788,0.04,0.02,1.0
1950,0.03,0.05,0.99
18683,0.04,0.05,1.01
17934,0.04,0.02,1.0
15316,0.04,0.05,1.0
18289,0.04,0.05,1.0
13376,0.05,0.05,1.0
11127,0.07,0.18,1.02
8066,0.04,0.04,1.01
17308,0.04,0.02,1.0
8845,-0.16,0.04,0.98
14768,0.1,-0.16,0.96
7947,0.02,0.03,1.01
14655,0.07,0.07,0.93
14937,0.1,0.09,1.06
7722,0.04,0.03,1.0
6409,0.04,0.02,1.0
12400,0.04,0.03,1.0
5130,0.12,-0.20999999999999996,0.98
11833,0.04,0.03,1.0
884,0.04,0.02,1.0
15684,0.04,0.04,1.0
15091,0.01,-0.14,0.91
558,0.04,0.04,1.0
17925,0.04,0.02,1.0
15117,0.04,0.03,1.0
1209,0.12,0.07,0.96
16856,0.04,0.03,1.0
8550,0.04,0.03,1.0
17254,0.04,0.02,1.0
10994,0.04,0.05,1.01
7229,0.04,0.05,1.0
13793,0.03,0.04,1.01
13669,0.04,0.04,1.01
11966,0.38,0.16,0.96
3319,0.02,-0.34,0.87
3797,0.03,0.04,1.05
1711,0.04,0.05,1.0
11404,0.04,0.03,1.01
9509,0.04,0.02,1.0
15970,0.03,0.04,1.0
1142,0.0,0.05,1.0
3258,0.04,0.02,1.0
6849,0.04,0.05,1.0
18375,0.1,0.07,1.04
3912,0.04,0.02,1.0
11481,0.04,0.03,1.0
17148,0.09,0.39,1.02
2667,0.04,0.04,1.01
9967,0.04,0.05,1.0
1309,0.04,0.05,1.0
2572,0.04,0.05,1.01
10375,0.04,0.04,1.0
14232,0.06,0.09,1.08
2879,0.04,0.02,1.01
7652,0.03,0.04,1.0
13672,0.04,0.05,1.01
15865,0.03,0.04,1.01
10659,0.04,0.04,1.0
2155,0.03,0.05,1.01
17304,0.04,0.03,1.0
4036,0.02,0.05,1.0
3273,0.08,-0.12,1.06
17639,0.07,0.22,1.01
18145,0.04,0.03,1.0
15069,0.04,0.03,1.0
11825,0.14,-0.09,0.97
10536,0.04,0.04,1.0
5414,0.03,0.05,1.01
7335,0.04,0.05,1.0
10744,0.04,0.04,1.0
16064,0.01,0.0,1.04
1630,0.04,0.05,1.0
17716,0.04,0.03,1.0
11006,-0.01,0.03,0.98
19658,0.17,0.08,1.02
358,0.14,0.15,0.96
138,0.04,0.03,1.0
9554,-0.13,0.22,1.03
11050,0.03,0.04,1.0
15077,0.04,0.02,1.0
382,0.04,0.03,1.0
12789,0.04,0.05,1.0
16766,0.05,0.05,1.0
5236,0.04,0.05,1.01
8607,0.04,0.03,1.0
19487,-0.04,0.1,1.16
1441,0.04,0.04,1.0
10827,0.04,0.05,1.0
15656,0.04,0.05,1.0
948,0.04,0.03,1.0
12067,0.04,0.02,1.0
5973,0.04,0.02,1.0
5306,0.04,-0.54,0.86
9630,0.04,0.03,1.0
12459,0.04,0.03,1.0
1936,0.02,0.07,1.01
2357,0.04,0.04,1.01
3344,0.04,0.03,1.0
12986,0.04,0.04,1.0
14135,0.04,0.03,1.0
10742,0.04,0.04,1.0
18221,0.04,0.05,1.0
3998,-0.02,-0.13,1.09
11785,0.04,0.02,1.0
1940,0.1,0.08,0.96
6114,0.05,0.04,1.05
4423,0.04,0.04,1.0
14144,0.04,0.02,1.0
10142,0.04,0.05,1.0
2421,0.04,0.04,1.0
17003,0.04,0.03,1.0
6770,0.03,0.08,1.11
786,0.04,0.02,1.0
15811,0.03,0.04,1.0
7523,0.04,0.04,1.0
13004,0.04,0.04,1.0
8973,0.04,0.03,1.0
9316,0.04,0.03,1.0
19345,0.03,0.05,1.01
6176,0.04,0.02,1.0
2176,0.04,0.04,1.01
2173,0.04,0.05,1.01
7337,0.04,0.05,1.0
4251,0.03,-0.01,0.82
14615,0.05,0.19,0.88
4640,0.04,0.04,1.0
912,0.04,0.03,1.0
6918,0.04,0.05,1.0
15931,0.03,0.04,1.0
2313,0.03,0.04,1.01
11400,0.04,0.03,1.0
13553,0.0,0.07,1.02
10688,0.04,0.04,1.0
7291,0.03,0.05,1.0
4773,0.04,0.04,1.0
16119,0.02,0.08,1.1
8450,0.01,-0.02,1.14
10590,0.04,0.04,1.0
17073,0.05,0.06,1.0
8855,0.04,0.02,1.0
4991,0.0,0.009999999999999995,1.0
6860,0.04,0.05,1.0
13569,0.04,0.05,1.01
443,0.04,0.05,1.0
3540,0.08,-0.02,0.92
10849,-0.05,0.1,1.07
18696,0.04,0.04,1.0
17024,0.09,0.1,1.09
10926,0.04,0.04,1.01
18303,0.04,0.05,1.0
6265,0.04,0.03,1.0
1056,0.03,0.04,1.0
14906,0.04,0.03,1.0
13138,0.14,0.11,0.95
10932,0.03,0.05,1.0
3874,0.04,0.02,1.03
13705,0.04,0.04,1.01
931,-0.07,-0.06,1.17
19079,0.04,0.04,1.0
7150,0.04,0.04,1.0
9875,0.03,0.05,1.0
1832,0.04,0.13,0.99
12713,0.04,0.05,1.0
14890,0.04,0.03,1.0
16526,0.18,0.15000000000000002,1.05
14193,0.04,0.03,1.0
13443,0.17,0.08,1.12
15581,0.12,0.08,0.99
19016,0.04,0.04,1.0
17160,0.03,0.01,1.02
17984,0.04,0.02,1.0
2015,0.04,0.05,1.0
915,0.04,0.02,1.0
8464,0.04,0.03,1.0
18177,0.05,0.19,0.97
17105,0.04,0.03,1.01
19637,0.04,0.05,1.01
2611,0.04,0.04,1.01
13120,0.04,0.04,1.0
5328,0.04,0.04,1.0
11097,0.04,0.04,1.01
7264,0.03,0.05,1.0
17988,0.04,0.02,1.0
6,0.04,0.02,1.0
12780,0.04,0.05,1.0
8728,0.04,0.03,1.0
7283,0.04,0.05,1.0
3482,0.04,0.02,1.0
14752,0.04,0.02,1.0
11526,0.32,-0.01,1.17
17298,0.04,0.03,1.0
15481,0.04,0.05,1.0
1638,0.04,0.05,1.0
1143,0.01,0.04,1.04
18679,0.04,0.05,0.92
359,0.1,0.13,1.01
2074,0.04,0.05,1.0
3230,0.13,-0.08,1.09
5593,0.04,0.03,1.0
7749,0.04,0.04,1.0
3351,0.08,-0.14,1.05
18217,0.04,0.02,1.0
2246,0.12,0.03,1.0
1476,0.06,0.03,1.04
1826,0.04,0.05,1.0
11461,0.05,0.06,0.97
13316,0.04,0.05,1.0
3374,0.04,0.02,1.0
17553,0.04,0.03,1.0
13634,0.12,0.020000000000000004,1.18
11614,0.04,0.03,1.0
4271,0.02,0.03,1.04
18778,0.05,0.07,0.98
9640,0.04,0.03,1.0
3637,0.06,-0.5,0.86
2665,0.04,0.05,1.01
18406,0.04,0.04,1.0
16707,0.03,0.1,0.96
1132,0.04,0.05,1.0
15539,0.04,0.05,1.0
11997,0.04,0.02,1.0
1822,0.04,0.05,1.0
8291,0.04,0.04,1.01
17390,0.15,-0.03,1.1
17331,0.1,-0.08,1.11
18037,0.02,0.01,1.01
7830,0.04,0.03,1.05
4611,0.05,-0.16,1.0
10552,0.04,0.04,1.0
14116,0.05,0.02,1.01
5019,0.04,0.04,1.01
10658,0.04,0.04,1.0
5951,0.04,0.02,1.0
19676,0.04,0.05,1.01
8907,0.04,0.03,1.0
1859,0.04,0.05,1.0
2286,0.04,0.04,1.0
2471,0.04,0.04,1.01
14337,0.04,0.03,1.0
14064,0.04,0.03,1.0
4250,0.03,-0.04,1.07
15179,0.04,0.05,1.0
7076,0.03,0.05,1.01
7114,0.08,0.02,1.02
19099,0.04,0.04,1.01
6629,0.01,0.05,1.0
386,0.04,0.03,1.0
15780,0.01,0.01,1.02
1631,0.04,0.04,1.0
13482,0.04,0.05,1.0
17979,0.04,0.03,1.0
12452,0.04,0.03,1.0
17004,0.04,0.03,1.0
18381,0.12,0.58,0.97
771,0.0,0.05,1.03
15642,0.14,0.09,1.0
8595,0.04,0.02,1.0
18719,0.04,0.04,1.0
13039,0.04,0.04,1.0
5008,0.09,0.22000000000000003,0.98
14277,0.04,0.03,1.0
10268,0.04,0.04,1.0
15366,0.04,0.05,1.0
19325,0.03,0.05,1.01
11425,0.04,0.03,1.0
1845,0.04,0.04,1.0
2502,0.04,0.04,1.01
201,0.04,0.02,1.0
17763,0.04,0.02,1.0
4079,0.04,0.04,1.0
5475,0.03,0.05,1.01
6443,0.04,0.03,1.0
13977,0.14,-0.0,0.76
16171,0.06,0.03,0.98
2717,0.04,0.02,1.0
8827,0.04,0.02,1.0
19231,0.04,0.04,1.0
331,0.04,0.03,1.0
3999,0.01,-0.16,1.08
15211,0.04,0.05,1.0
18023,0.04,0.03,1.0
937,0.0,0.01,1.03
12154,0.04,0.03,1.0
1777,0.15,0.06,0.99
19704,0.08,0.020000000000000004,1.02
17448,0.03,-0.0,1.0
9697,0.04,0.05,1.0
12419,0.05,0.03,1.0
3935,0.04,-0.12,0.99
991,0.04,0.03,1.0
5912,0.04,0.03,1.01
18287,0.04,0.05,1.0
15760,0.04,0.04,1.0
7752,0.03,0.46,0.93
1878,0.04,0.05,1.0
6335,0.02,0.02,1.02
3951,0.04,0.02,1.0
18655,0.04,0.04,1.0
7274,0.04,0.05,1.0
3128,0.04,0.03,1.0
18597,0.04,0.05,1.0
15444,0.02,0.05,1.0
9381,0.04,0.03,1.0
14932,0.02,-0.11,0.91
4954,0.04,0.05,1.01
3442,0.04,0.02,1.0
16893,0.04,0.03,1.0
6888,0.04,0.05,1.0
13247,0.05,0.05,1.0
6647,0.04,0.03,1.01
3432,0.04,0.03,1.0
17262,0.04,0.02,1.0
17133,0.04,0.03,1.01
18271,0.13,-0.01,1.04
6753,0.04,0.08,1.04
12820,0.07,0.06,0.92
18019,0.04,0.03,1.0
14657,0.07,-0.15,0.98
13278,0.04,0.05,1.0
9187,0.03,0.04,1.04
13620,0.04,0.05,1.01
13095,0.04,0.04,1.0
14067,0.04,0.03,1.0
3795,0.03,-0.25,0.97
18801,0.04,0.05,1.0
11803,0.04,0.03,1.0
1358,0.04,0.05,1.0
5412,0.03,0.04,1.01
17235,0.09,0.32,0.87
6352,0.04,0.03,1.0
4815,0.05,0.04,1.0
6178,0.04,0.03,1.0
3203,0.04,0.02,1.0
182,0.02,0.03,1.02
13561,0.04,0.05,1.01
2911,0.04,0.02,1.0
11359,0.04,0.03,1.0
857,0.0,0.07,0.97
18388,0.02,-0.04,1.02
5301,0.04,0.04,1.01
15651,0.04,0.05,1.0
5938,0.01,0.15,1.11
1803,0.04,0.05,1.0
19173,0.05,0.04,1.0
12116,0.04,0.02,1.0
5957,0.04,0.02,1.0
16749,0.11,-0.12,0.89
14388,0.04,0.02,1.0
704,0.04,0.03,1.01
1972,0.04,0.05,1.0
4029,0.04,0.04,1.0
18000,0.06,0.2,1.02
15911,0.03,0.04,1.0
5047,0.03,0.04,1.01
5397,0.04,0.04,1.01
14474,0.02,0.05,1.01
4989,0.04,0.05,1.0
1161,0.02,0.0,1.02
10635,0.04,0.04,1.01
17178,0.04,0.03,1.0
1327,0.04,-0.01,1.06
11700,0.04,0.03,1.0
17432,0.06,0.01,0.86
5165,0.03,0.05,1.01
7530,0.04,0.04,1.0
6337,0.03,0.01,1.0
18351,0.04,0.05,1.0
15956,0.03,0.05,1.04
7639,0.04,0.04,1.0
1457,0.04,0.05,1.0
5874,0.04,0.03,1.0
9349,0.03,0.02,1.0
15525,0.04,0.04,1.0
14940,0.03,0.05,1.09
2835,0.04,0.02,1.0
11161,-0.13,0.14,0.96
11756,0.04,0.02,1.0
14511,0.07,-0.11,0.82
8469,0.04,0.03,1.0
14432,0.04,0.03,1.0
3581,0.04,0.02,1.01
15569,0.14,0.09,0.9
8708,0.04,0.03,1.0
4685,0.05,0.04,0.99
10063,-0.12,0.0,0.92
14331,0.04,0.02,1.0
17604,0.04,0.02,1.0
7432,0.04,0.04,1.0
11508,0.05,0.03,1.0
13748,0.03,0.05,1.02
3918,0.04,0.03,1.0
2265,0.03,0.04,1.01
8250,0.07,0.32,1.04
4247,0.04,0.04,1.0
10512,-0.22,0.04,0.98
19544,0.14,-0.14,1.03
15462,0.11,0.02,0.95
12798,0.3,0.05,0.99
2399,0.04,0.04,1.0
1187,0.04,0.04,1.0
2011,0.04,0.05,1.0
193,0.04,0.03,1.0
15594,0.04,0.05,1.0
18834,0.04,0.05,1.0
9878,0.04,0.05,1.0
16206,0.03,0.04,1.01
6007,0.04,0.03,1.0
772,0.02,0.03,1.13
18749,0.04,0.04,1.0
12072,0.04,0.02,1.0
1480,0.05,0.09,1.01
1849,0.04,0.05,1.0
14199,0.04,0.03,1.0
14246,0.04,0.03,1.0
3922,0.02,-0.19,1.09
14576,0.04,0.02,1.0
15892,0.03,0.01,0.99
17683,0.04,0.03,1.0
8913,0.04,0.03,1.0
16664,0.04,0.03,1.0
16363,0.02,0.05,1.1
405,0.03,0.03,1.0
7471,0.04,0.04,1.0
14893,0.04,0.03,1.0
11666,0.2,0.04,0.95
19565,0.04,0.05,1.01
11468,0.04,0.03,1.0
18510,0.04,0.04,1.0
16690,0.13,-0.13,0.91
6976,0.04,0.04,1.0
13578,0.04,0.04,1.01
7281,0.04,0.04,1.0
12056,0.04,0.03,1.0
1449,0.04,0.05,1.0
342,0.04,0.03,1.0
8298,0.03,0.05,1.01
15105,0.04,0.03,1.0
12982,0.04,0.04,1.0
12230,0.11,0.03,1.05
728,0.04,0.03,1.0
4907,0.04,0.04,1.01
10353,0.07,0.06,1.14
10443,0.05,0.06,1.0
18959,0.04,0.04,1.0
16009,0.04,0.11,0.94
3661,0.04,0.03,1.0
8181,0.04,0.04,1.01
18173,0.04,-0.15,1.18
7937,0.04,0.05,1.01
8744,0.04,0.03,1.0
11570,0.04,0.03,1.0
13911,0.19,-0.05,0.94
10740,0.04,0.04,1.0
15405,0.03,0.05,1.01
1350,0.04,0.05,1.0
661,0.04,0.02,1.0
15871,0.04,0.04,1.0
1494,0.04,0.04,1.0
18087,0.05,0.25,0.94
14565,0.04,0.02,1.0
779,-0.02,0.0,1.04
5587,0.04,0.03,1.0
11988,0.04,0.03,1.0
11220,0.04,0.03,1.0
19449,0.03,0.04,1.01
10479,0.04,0.04,1.0
2529,0.03,0.05,1.01
17098,0.04,0.03,1.0
18437,0.14,0.11,1.01
5838,0.04,0.03,1.0
3301,0.04,0.03,1.0
15734,0.08,-0.12,0.96
18703,0.04,0.04,1.0
6232,0.04,0.02,1.0
16934,0.04,0.03,1.0
19023,0.04,0.04,1.0
16645,0.03,0.04,1.01
15880,0.03,0.04,1.0
18153,0.04,0.03,1.0
9246,0.04,0.03,1.0
17782,0.0,-0.17,1.05
40,0.04,0.02,1.0
11931,0.04,0.03,1.0
12058,0.04,0.03,1.0
19078,0.04,0.04,1.0
18788,0.04,0.05,1.0
14894,0.04,0.03,1.0
15303,0.04,0.04,1.0
18293,0.04,0.04,1.0
16219,0.04,0.04,1.01
13328,0.05,0.05,1.0
7550,0.04,0.07,1.11
12044,0.14,0.05,1.02
17067,0.04,0.03,1.0
18025,0.04,0.02,1.0
12215,0.04,0.02,1.0
2738,0.04,0.02,1.0
15933,0.03,0.04,1.0
1462,0.04,0.04,1.0
935,0.07,0.01,1.02
10545,0.04,0.05,1.0
4816,0.04,0.04,1.0
7936,0.04,0.05,1.01
17058,0.04,0.03,1.0
14860,0.04,0.02,1.0
19142,0.04,0.04,1.0
14706,0.04,0.02,1.0
15476,0.04,0.05,1.0
15738,0.03,0.05,0.96
17414,0.04,0.03,1.0
8027,0.04,0.05,1.01
13744,0.03,0.04,1.01
11859,0.05,0.01,0.99
5496,0.04,0.03,1.0
12004,0.04,0.03,1.0
8773,0.04,0.03,1.0
5858,0.04,0.02,1.0
10918,0.09,0.16999999999999998,1.11
3009,0.04,0.02,1.0
8674,0.04,0.03,1.0
4454,0.03,0.05,1.0
4349,0.04,0.04,1.0
1971,0.04,0.05,1.0
18911,0.04,0.04,1.0
18753,0.03,0.04,1.0
16745,0.03,0.03,1.0
4533,0.04,0.04,1.0
14339,0.04,0.03,1.0
7764,0.02,0.05,1.0
423,0.04,0.03,1.0
19185,0.04,0.04,1.0
11476,0.04,0.03,1.0
19382,0.03,0.06,1.01
18534,0.04,0.04,1.0
13887,0.04,0.03,1.0
6773,0.04,0.02,1.0
6169,-0.04,0.59,0.78
15761,0.04,0.04,1.0
13526,0.04,0.04,1.01
16833,0.04,0.03,1.0
10198,0.07,0.02,1.06
4926,0.04,0.04,1.01
2666,0.03,0.05,1.01
141,0.04,0.03,1.0
2602,0.04,0.05,1.01
7417,0.04,0.04,1.0
1379,0.07,0.06,0.99
3849,0.04,0.03,1.0
10935,0.04,0.04,1.01
19723,0.06,-0.009999999999999995,1.03
7029,0.04,0.05,1.0
8239,0.04,0.04,1.01
5101,0.04,0.04,1.01
13763,0.04,0.04,1.01
1140,0.04,0.04,1.0
11907,0.03,0.03,1.02
8187,0.04,0.03,1.02
14918,0.04,0.04,1.01
1790,0.04,0.05,1.0
13909,0.14,-0.05,1.0
17759,0.04,0.03,1.0
4985,0.04,0.05,1.01
8412,0.04,0.03,1.0
460,0.04,0.02,1.0
6736,0.04,0.02,1.0
9149,0.04,0.02,1.0
13248,0.04,0.05,1.0
950,0.04,0.02,1.0
13629,0.03,0.04,1.01
10777,0.03,0.04,1.01
7037,0.04,0.05,1.0
4967,0.04,0.04,1.01
8171,0.04,0.04,1.01
16274,0.03,0.04,1.01
6492,0.04,0.02,1.0
15919,0.04,0.04,1.0
6639,0.04,0.02,1.0
441,0.08,0.08,1.03
7368,0.04,0.04,1.0
11108,0.02,0.06,1.02
11888,0.04,0.02,1.0
9950,0.04,0.05,1.0
10213,0.03,0.05,1.0
4031,0.04,0.05,1.0
5484,0.04,0.03,1.0
6775,0.04,0.02,1.0
17845,0.04,0.03,1.0
18979,0.04,0.04,1.0
7011,0.06,0.25,0.99
18247,0.04,0.05,1.0
1962,0.04,0.05,1.0
10464,0.02,0.04,1.0
155,0.04,0.03,1.0
11968,0.14,0.08,1.14
17633,0.04,0.02,1.0
4908,0.03,0.05,1.01
1091,0.04,0.02,1.0
6648,0.04,0.03,1.0
16403,0.06,0.11,1.17
12725,0.04,0.05,1.0
10045,0.02,-0.0,0.96
14358,0.04,0.02,1.0
10297,0.07,0.02,0.99
8866,0.04,0.02,1.0
12694,0.42,0.18,0.97
1677,0.02,0.07,0.94
7486,0.04,0.04,1.0
18338,0.0,0.01,0.95
7091,0.03,0.05,1.0
10254,0.04,0.05,1.0
13103,0.04,0.03,1.0
2330,0.03,0.05,1.01
7869,0.04,0.04,1.0
1100,0.04,0.03,1.0
18362,0.04,0.05,1.0
14408,0.04,0.03,1.0
15016,0.04,0.03,1.0
7132,0.03,0.04,0.98
14107,0.11,-0.05,0.96
12310,0.04,0.03,1.0
1718,0.04,0.05,1.02
11225,0.04,0.03,1.0
10357,0.04,0.04,1.0
15518,0.1,0.03,0.99
9410,0.04,0.02,1.0
10672,-0.29,0.06,0.88
4032,0.04,0.04,1.0
6958,0.16,0.34,0.95
3469,0.04,0.03,1.0
4340,0.03,0.05,1.0
10362,0.04,0.05,1.0
11368,0.03,0.02,1.0
19559,0.03,0.05,1.01
588,-0.03,0.04,1.16
10556,-0.05,-0.13,1.0
15055,0.04,0.03,1.0
17638,0.11,0.06,0.91
12510,0.04,0.09,1.06
2509,0.04,0.04,1.01
11471,0.04,0.03,1.0
15465,0.02,0.07,1.06
3059,0.05,0.0,1.15
19200,0.04,0.05,1.0
15496,0.04,0.05,1.0
17500,0.04,-0.01,1.0
16342,0.04,0.04,1.01
646,0.04,0.02,1.0
15535,0.04,0.05,1.0
13454,0.04,0.05,1.01
10845,0.04,0.05,1.01
264,0.04,0.03,1.0
13444,0.06,0.1,0.95
16832,0.04,0.03,1.0
17481,0.03,0.03,1.01
7522,0.04,0.04,1.0
19412,0.04,0.04,1.01
8726,0.04,0.03,1.0
15003,0.04,0.02,1.0
11511,0.01,0.04,1.01
4075,0.04,0.05,1.0
11893,0.04,0.02,1.0
12077,0.04,0.03,1.0
6924,0.04,0.04,1.0
18638,0.04,0.04,1.0
19652,0.22,0.0,1.04
3893,0.04,0.02,1.0
9478,0.04,0.02,1.0
11100,0.03,0.05,1.01
15838,0.04,-0.07,0.89
1531,0.04,0.05,1.03
18120,0.04,0.02,1.0
925,0.04,0.02,1.0
17405,0.04,0.02,1.0
8142,0.12,-0.009999999999999995,1.03
4664,0.04,0.04,1.0
670,0.01,0.04,1.02
3764,0.04,0.03,1.0
5533,0.04,0.03,1.0
11482,0.04,0.03,1.0
9874,0.04,0.05,1.0
5695,0.04,0.02,1.0
7971,0.04,0.04,1.01
13929,0.04,0.02,1.0
18860,0.04,0.04,1.0
16011,0.05,0.04,1.02
15626,0.02,0.02,1.01
12434,0.03,0.03,1.0
2596,0.04,0.05,1.01
6460,0.04,0.03,1.0
11328,0.05,0.02,1.0
7200,0.04,0.05,1.0
12829,0.04,0.05,1.0
7914,0.04,0.05,1.0
2311,0.04,0.04,1.01
9923,0.05,-0.01,0.96
3865,0.04,0.02,1.0
688,0.04,0.03,1.0
15996,0.02,0.03,1.01
17061,0.04,0.03,1.0
613,0.04,0.02,1.0
7948,0.06,0.06,1.05
17494,-0.0,0.04,1.16
3303,0.04,0.03,1.0
11929,0.04,0.03,1.0
12776,0.04,0.05,1.0
7338,0.04,0.05,1.0
4404,0.04,0.05,1.0
1902,0.04,0.05,1.0
15728,0.08,0.02,1.09
282,0.04,0.03,1.0
258,0.04,0.03,1.0
12709,0.04,0.05,1.0
19326,0.03,0.05,1.01
5343,0.03,0.05,1.01
2857,0.05,0.03,1.0
16517,0.13,0.03,1.02
13208,0.04,0.05,1.0
3670,0.04,0.03,1.0
14539,0.04,0.03,1.0
7730,0.04,0.04,1.0
17766,0.03,0.02,1.0
15310,0.04,0.05,1.0
5661,0.04,0.03,1.0
2289,-0.02,0.08,0.98
6662,0.0,0.25,0.98
9027,0.04,0.02,1.0
4993,0.1,-0.15999999999999998,0.97
5410,0.03,0.04,1.01
7426,0.04,0.04,1.0
19235,0.04,0.04,1.0
9769,0.04,0.04,1.0
11850,0.04,0.02,1.0
5880,0.03,0.16,1.02
476,0.04,0.03,1.0
2560,0.04,0.05,1.01
9047,0.02,0.02,0.98
7,0.04,0.02,1.0
13576,0.03,0.04,1.01
7086,0.04,0.04,1.0
2556,0.04,0.04,1.01
14852,0.04,0.02,1.0
14377,0.04,0.03,1.0
7592,0.04,0.04,1.0
6034,0.04,0.11,1.05
15278,0.09,0.2,1.02
2431,0.02,0.07,1.11
7467,0.04,0.04,1.0
11361,0.04,0.03,1.0
16810,0.16,0.04,0.97
5258,0.09,0.1,1.09
2278,0.04,0.04,1.01
10388,-0.16,0.09,1.12
1579,0.04,0.05,1.0
8061,0.04,0.05,1.01
10461,-0.01,-0.02,1.1
11575,0.21,0.09,1.11
4211,0.01,-0.12,1.02
15354,0.04,0.04,1.0
6433,0.02,0.25,1.0
18376,0.11,0.23,1.08
14518,0.02,0.0,1.0
19240,0.04,0.04,1.0
7981,0.04,0.04,1.01
4078,0.04,0.05,1.0
19315,0.08,-0.03,1.02
7563,0.05,0.04,0.98
12879,0.12,0.12,0.99
8392,0.04,0.03,1.0
782,0.04,0.0,0.99
16735,0.04,0.03,1.0
12408,0.04,0.02,1.0
1752,0.04,0.05,1.0
18557,0.14,0.19,0.97
16344,0.03,0.04,1.01
12541,0.04,0.05,1.0
7210,0.04,0.04,1.0
6295,0.04,0.03,1.0
16345,0.03,0.04,1.01
14957,0.04,0.03,1.0
15982,0.03,0.04,1.0
10485,0.04,0.04,1.0
16514,0.03,0.03,1.01
10589,0.04,0.04,1.0
19073,0.04,0.04,1.0
2328,0.04,0.04,1.01
16522,0.09,-0.21999999999999997,0.93
11683,0.04,0.07,1.0
5476,0.03,0.06,1.01
12325,0.23,0.09,1.02
18941,0.01,0.04,1.0
11952,0.04,0.01,1.0
1730,0.03,0.02,1.05
611,0.04,0.02,1.0
5016,0.04,0.05,1.01
17911,0.06,0.05,1.04
5877,0.04,0.03,1.0
9063,0.04,0.03,1.0
9144,0.04,0.03,1.0
9609,0.04,0.03,1.0
18815,0.12,0.04,0.91
13003,0.04,0.04,1.0
3941,0.04,0.02,1.0
14710,0.04,0.02,1.0
14505,0.07,-0.02,0.93
19381,0.01,0.03,1.01
13065,0.04,0.04,1.0
97,0.04,0.02,1.0
7744,0.04,0.04,1.0
3233,0.0,0.04,1.08
15155,0.01,0.05,1.0
16151,0.03,0.04,1.0
1539,0.04,0.05,1.0
13485,0.36,0.03,0.95
17265,0.04,0.03,1.0
16973,0.04,0.03,1.0
3815,0.04,0.02,1.0
12390,0.04,0.03,1.0
17406,0.04,0.03,1.0
1519,-0.01,0.04,1.0
15039,0.14,0.05,0.77
1636,0.04,0.05,1.0
4963,0.04,0.04,1.0
14244,0.04,0.02,1.0
13588,0.04,0.04,1.02
7266,0.04,0.05,1.0
19591,0.06,0.05,0.97
2094,0.04,0.05,1.0
7870,0.04,0.05,1.01
6813,0.0,0.54,0.89
8351,0.04,0.03,1.0
573,0.04,0.02,1.0
11214,0.04,0.03,1.0
18624,0.05,-0.07,1.03
19000,0.02,0.03,0.98
3146,0.05,0.14,0.94
598,0.04,0.05,1.06
16458,0.14,0.06,0.88
17150,0.03,0.48,0.95
7342,0.04,0.05,1.0
10253,0.04,0.05,1.0
8768,0.04,0.02,1.0
17785,0.04,0.03,1.02
8158,0.04,0.04,1.0
6963,0.05,0.15,1.02
17758,0.04,0.03,1.0
19336,0.04,0.05,1.01
19467,0.03,0.05,1.01
14454,0.04,0.02,1.0
14926,0.16,0.01,1.0
6553,0.04,0.02,1.0
9636,0.04,0.03,1.0
1942,0.14,0.09,0.93
12025,0.04,0.02,1.0
17117,0.04,0.03,1.0
9060,0.04,0.02,1.0
1756,0.04,0.05,1.0
3845,0.04,0.04,1.0
13571,0.04,0.05,1.0
15180,0.04,0.05,1.0
17767,0.04,0.03,1.0
2366,0.04,0.05,1.0
4544,0.04,0.05,1.0
5901,0.04,0.03,1.0
6935,0.04,0.04,1.0
14969,0.04,0.03,1.0
17452,0.04,0.02,1.0
19351,0.04,0.05,1.01
13674,0.04,0.04,1.01
17371,0.04,0.03,1.0
18516,0.04,0.04,1.0
10310,0.04,0.05,1.0
18748,0.04,0.04,1.0
6086,0.04,0.02,1.0
1173,0.04,0.05,1.0
8832,-0.19,0.08,1.06
17797,0.04,0.03,1.0
18855,0.04,0.04,1.0
10881,0.04,0.04,1.01
16770,0.04,0.03,1.0
12987,0.04,0.04,1.0
19699,0.04,0.05,1.01
19430,0.05,-0.13,0.88
17878,0.04,0.02,1.0
16327,0.04,0.04,1.01
19082,0.04,0.04,1.0
876,0.04,0.02,1.0
2301,0.02,0.04,1.01
19714,0.19,0.18,1.0
2650,0.03,0.08,0.97
18637,0.04,0.04,1.0
19186,0.04,0.04,1.0
5811,0.04,0.02,1.0
19170,0.01,0.09,1.08
10199,0.08,-0.06,1.05
19757,0.03,0.05,1.01
582,0.04,0.02,1.0
204,0.04,0.03,1.0
8801,0.03,0.03,1.0
11158,0.04,0.020000000000000004,1.02
2018,0.04,0.05,1.0
13109,0.04,0.04,1.0
13359,0.03,0.04,1.01
907,0.04,0.02,1.0
632,0.03,0.05,1.02
9512,0.04,0.02,1.0
18288,0.03,0.05,1.0
1978,0.04,0.05,1.0
162,0.04,0.03,1.0
5408,0.04,0.04,1.01
18192,0.04,0.03,1.0
10815,0.06,-0.009999999999999995,1.03
12156,0.04,0.02,1.0
5073,0.02,0.06,0.94
10234,0.03,0.05,1.0
1433,0.05,0.09,1.09
17059,0.04,0.03,1.0
7615,0.04,0.04,1.0
14621,0.04,0.02,1.0
15058,0.04,0.02,1.0
15766,0.04,0.04,1.0
19054,0.22,0.03,0.86
8587,0.04,0.03,1.0
8613,0.04,0.03,1.0
4576,0.04,0.04,1.0
8374,-0.1,0.06,1.05
15932,0.03,0.04,1.0
17614,0.04,0.02,1.0
15282,0.09,-0.14,0.95
12616,0.04,0.05,1.0
11420,0.04,0.03,1.0
12392,0.04,0.03,1.0
3509,0.04,0.03,1.0
2884,0.04,0.02,1.0
14714,0.04,0.03,1.0
17950,0.0,0.08,1.01
18286,0.03,0.05,1.0
8292,0.04,0.05,1.01
16874,0.05,-0.14,0.91
14711,0.04,0.03,1.0
3452,0.04,0.03,1.0
19413,0.04,0.04,1.01
12080,0.03,0.05,1.01
7079,0.04,0.04,1.0
10025,0.04,0.05,1.0
17231,0.16,0.12,1.0
17050,0.04,0.03,1.0
2100,0.03,0.04,1.0
11596,0.04,0.03,1.0
6651,0.04,0.03,1.0
8926,0.04,0.03,1.0
15450,0.09,0.01,0.95
18168,0.04,0.02,1.0
5427,0.04,0.05,1.01
9838,0.04,0.05,1.0
1451,0.04,0.05,1.0
18261,-0.03,0.04,1.02
7647,0.04,0.04,1.0
2615,0.04,0.05,1.01
1904,0.04,0.04,1.0
9156,0.04,0.03,1.0
4141,0.04,0.05,1.0
2781,0.04,0.02,1.0
16110,0.05,-0.08,0.94
7072,0.02,0.19,1.02
11457,0.26,0.2,1.04
13625,0.04,0.04,1.01
15721,0.04,0.04,1.0
5489,0.02,0.04,1.0
15875,0.04,0.04,1.0
2101,0.04,0.05,1.01
9345,-0.2,0.09,0.95
15675,0.04,0.05,1.0
19342,0.04,0.04,1.01
6126,0.08,-0.03,1.06
10195,0.02,-0.01,0.91
3608,0.04,0.03,1.0
14675,0.04,0.02,1.0
16268,0.03,0.04,1.01
9253,0.04,0.03,1.0
2175,0.04,0.04,1.01
19154,0.04,-0.02,1.05
15661,0.04,0.05,1.0
1736,0.04,0.05,1.0
9676,0.04,0.03,1.0
2014,0.04,0.05,1.0
15144,0.11,-0.02,0.99
15856,0.04,0.03,1.0
660,0.04,0.03,1.0
1285,0.04,0.05,1.0
14265,0.04,0.03,1.0
18490,0.14,0.09,0.99
14228,0.13,0.02,1.01
11395,0.03,0.02,1.0
19470,-0.01,0.03,1.12
1021,0.04,0.02,1.0
18448,0.04,0.04,1.0
10767,0.04,0.04,1.01
12560,0.04,0.05,1.0
9760,0.04,0.05,1.0
2845,0.04,0.02,1.0
18590,0.04,0.04,1.0
1654,0.04,0.04,1.0
831,0.04,0.02,1.0
1171,0.04,0.05,1.0
12231,0.2,0.08,1.03
10628,0.03,0.04,1.01
6898,0.04,0.59,0.97
17786,0.04,0.03,1.0
5944,0.04,0.02,1.0
14813,0.04,0.03,1.0
9709,0.04,0.04,1.0
11659,0.04,0.03,1.0
869,0.04,0.03,1.0
12774,0.04,0.04,1.0
19317,-0.04,-0.03,1.03
5518,0.04,0.03,1.0
5902,0.04,0.03,1.0
542,0.02,0.04,0.9
15174,0.04,0.03,1.0
10534,0.04,0.04,1.0
19677,0.04,0.05,1.01
14476,0.04,0.03,1.0
7021,0.04,0.05,1.0
19245,0.04,0.04,1.0
3515,0.04,0.02,1.0
13858,0.04,0.04,1.01
12762,0.04,0.05,1.0
14127,0.04,0.03,1.0
13115,0.03,0.04,1.0
16290,0.04,0.04,1.01
16019,0.03,0.04,1.0
17777,0.04,0.22,1.02
19756,0.04,0.04,1.0
12300,0.04,0.03,1.0
12563,0.04,0.04,1.0
4190,0.04,0.05,1.0
12732,0.03,0.05,1.01
7352,0.04,0.04,1.0
15153,0.04,0.03,1.0
7581,0.04,0.04,1.0
18232,0.04,0.05,0.99
3746,0.05,0.06,1.09
14597,0.04,0.03,1.0
19397,0.03,0.05,1.01
2568,0.04,0.04,1.01
12354,0.04,0.02,1.0
18841,0.04,0.04,0.99
17634,0.05,0.04,1.01
17499,0.04,0.04,1.02
5457,0.03,0.04,1.0
1082,0.04,0.02,1.0
14255,0.04,0.03,1.0
6445,0.04,0.03,1.0
17075,0.15,0.12,1.05
11689,0.04,0.03,1.0
16333,0.04,0.05,1.01
12147,0.02,0.03,0.98
5366,0.07,-0.31,1.03
2027,0.04,0.05,1.0
14895,0.04,0.02,1.0
18908,0.04,0.04,1.0
8814,0.04,0.02,1.0
18678,0.07,0.0,1.0
8126,0.04,0.04,1.01
226,0.03,0.06,1.0
1015,0.05,0.08,1.07
16667,0.04,0.03,1.0
1933,0.04,0.05,1.0
10428,0.04,0.05,1.0
5698,0.04,0.03,1.0
10863,0.0,0.16999999999999998,0.98
2183,0.04,0.04,1.01
698,0.04,0.02,1.0
1126,0.04,0.05,1.0
8191,0.11,0.5,0.86
13865,0.04,0.04,1.0
18104,0.04,0.03,1.0
5535,0.04,0.03,1.0
8807,0.07,0.06,1.0
1781,0.15,0.04,0.96
17642,0.08,0.3,0.88
2639,0.04,0.05,1.01
17177,0.04,0.03,1.0
8388,0.04,0.03,1.0
8457,0.04,0.03,1.0
3626,0.04,0.03,1.0
15735,0.06,0.04,0.84
1039,0.04,0.03,1.0
16079,0.02,0.04,1.0
11906,0.04,0.03,1.0
18048,0.09,-0.11,0.95
19763,0.03,0.03,1.01
9568,0.04,0.03,1.0
2656,0.04,0.04,1.0
11943,0.04,0.02,1.0
16729,0.04,0.03,1.0
3042,0.04,0.02,1.0
2552,0.03,0.05,1.01
15494,0.04,0.05,1.0
5557,0.04,0.03,1.0
2163,0.04,0.05,1.01
17070,0.05,0.04,1.0
12983,0.04,0.04,1.0
10281,-0.09,0.09,1.07
15834,0.03,0.04,1.01
16362,0.01,0.07,1.03
7127,0.05,0.1,0.95
4208,0.04,-0.57,0.9
1430,0.05,0.12,1.02
3165,0.04,0.03,1.0
2525,0.03,0.05,1.01
17693,0.04,0.03,1.0
8970,0.04,0.03,1.0
14947,0.04,0.03,1.0
11414,0.04,0.03,1.0
5807,0.05,0.0,1.0
15585,0.01,0.09,1.0
18034,0.04,0.02,1.0
6608,0.04,0.03,1.0
449,0.05,0.04,0.94
18450,0.04,0.04,1.0
10716,-0.12,0.03,1.08
6584,0.04,0.03,1.0
17757,0.04,0.02,1.0
3909,0.04,0.02,1.0
8166,0.04,0.04,1.0
9627,0.04,0.03,1.0
6929,0.04,0.04,1.0
15209,0.04,0.05,1.0
18868,0.26,0.05,1.02
8100,0.04,0.05,1.01
10745,0.04,0.04,1.0
17524,0.04,0.03,1.0
6893,0.01,0.05,0.94
6493,0.04,0.02,1.0
15127,0.04,0.03,1.0
2465,0.04,0.04,1.01
22,0.04,0.02,1.0
2070,0.04,0.05,1.0
1656,0.04,0.05,1.0
10024,0.04,0.05,1.0
9805,0.0,0.05,1.04
12481,0.04,0.04,1.0
1378,0.11,0.01,0.99
1727,0.05,0.06,1.02
12163,0.04,0.03,1.0
3945,0.04,0.02,1.0
11998,0.04,0.03,1.0
9745,0.05,0.04,0.88
15141,0.12,-0.06,1.05
4459,0.04,0.05,1.0
18949,0.04,0.04,1.0
4343,0.04,0.04,1.0
10970,-0.21,0.22000000000000003,1.04
13607,0.04,0.04,1.01
9525,0.04,0.03,1.0
7279,0.04,0.05,1.0
4888,0.04,0.04,1.01
14280,0.04,0.03,1.0
16672,0.04,0.02,1.0
14843,0.04,0.02,1.0
3682,0.03,-0.27,0.86
13838,0.04,0.04,1.01
7768,0.04,0.04,1.0
12298,0.04,0.03,1.0
10818,0.03,0.04,1.01
19357,0.04,0.04,1.02
18158,0.04,0.03,1.0
9897,0.04,0.05,1.0
14325,0.04,0.06,0.98
16334,0.03,0.04,1.01
11293,0.04,0.03,1.0
16367,0.04,0.04,1.01
14736,0.03,0.02,1.03
647,0.04,0.02,1.0
7048,0.04,0.05,1.0
8357,-0.11,0.12,0.96
19553,0.03,0.05,1.01
16008,0.11,0.21,1.06
18155,0.04,0.02,1.0
7946,0.04,0.06,0.99
13356,0.03,0.05,0.99
17653,0.04,0.03,1.0
8563,0.06,0.01,1.0
12790,0.04,0.04,1.0
1258,0.01,0.0,1.01
5264,0.05,0.07,1.02
12254,0.04,0.03,1.0
38,0.04,0.02,1.0
5805,-0.05,-0.05,1.01
11073,-0.18,-0.08,1.03
16253,0.04,-0.06000000000000001,1.06
14037,0.12,0.15,1.02
13959,0.04,0.03,1.0
7796,0.04,0.04,1.01
2164,0.04,0.05,1.01
686,0.04,0.03,1.0
17593,0.04,0.43,0.91
17640,0.07,0.23,0.89
13099,0.04,0.04,1.0
18420,0.03,0.04,1.0
16085,0.03,0.04,1.0
2466,0.04,0.04,1.01
14054,0.05,0.02,1.0
12597,0.04,0.05,1.0
13626,0.04,0.04,1.01
7909,0.04,0.05,1.0
6917,0.05,0.05,1.0
5341,0.04,0.05,1.01
6513,0.06,0.35,0.93
4913,0.04,0.05,1.01
6305,0.04,0.02,1.0
14011,0.04,0.03,1.0
11880,0.04,0.03,1.0
8413,0.04,0.03,1.0
18481,0.03,0.04,1.0
11993,0.04,0.02,1.0
14856,0.04,0.02,1.0
522,0.04,0.03,1.0
9814,0.04,0.04,1.0
15326,-0.0,0.04,1.02
17025,0.07,0.02,1.03
13228,0.04,0.05,0.99
18861,0.07,0.08,1.0
4225,0.04,0.05,1.0
16482,0.03,0.04,1.01
6962,0.05,0.08,1.0
11250,0.04,0.07,0.98
781,0.04,0.02,1.0
12108,0.04,0.02,1.0
18141,0.02,0.0,1.02
6102,0.04,0.02,1.0
6555,0.04,0.03,1.0
9962,0.04,0.05,1.0
3938,0.03,0.03,1.0
2200,0.01,0.07,1.04
15882,0.03,0.04,1.0
9635,0.04,0.03,1.0
19712,0.2,-0.009999999999999995,0.87
4578,0.04,0.04,1.0
14186,0.04,0.03,1.0
9643,-0.07,0.03,1.03
18329,0.07,0.26,1.0
11855,0.04,0.03,1.0
11157,0.03,0.06,1.02
11130,0.02,0.05,1.12
7738,0.04,0.04,1.0
17540,0.04,0.37,0.95
1830,-0.02,0.05,1.02
13551,0.03,0.1,0.99
10329,0.04,0.05,1.0
12793,0.02,0.04,1.0
16594,0.03,0.05,1.01
19534,0.09,-0.19,1.03
2381,0.05,0.05,1.02
14994,0.02,0.0,0.99
9625,0.04,0.02,1.0
4040,0.05,-0.0,0.98
13656,0.03,0.05,1.01
1248,0.04,0.05,1.0
8334,0.04,0.03,1.0
13154,0.04,0.04,1.0
7202,0.04,0.05,1.0
15065,0.04,0.03,1.0
13623,0.04,0.04,1.01
19066,0.04,0.04,1.0
16269,0.04,0.04,1.01
5908,0.04,0.03,1.0
12277,0.01,0.03,1.0
13304,0.03,0.04,1.0
11630,0.04,0.03,1.0
7175,0.08,0.29,0.92
10106,0.06,0.12,0.95
15361,0.04,0.05,1.0
12192,0.2,0.14,0.97
13459,0.04,0.04,1.01
19575,0.04,0.04,1.0
16671,0.04,0.03,1.0
12256,0.04,0.02,1.0
5992,0.04,0.03,1.0
5786,0.04,0.03,1.0
17956,0.03,0.22,1.04
4861,0.04,0.04,1.0
11201,0.04,0.05,1.01
17385,0.04,0.11,1.0
365,0.04,0.06,1.05
17876,0.04,0.02,1.0
13867,0.04,0.03,1.0
14299,0.04,0.02,1.0
19796,0.03,0.05,1.01
147,0.04,0.03,1.0
1671,0.12,0.12,0.97
12919,0.03,0.05,1.0
18794,0.04,0.04,1.0
8516,0.06,0.01,0.99
9685,0.04,0.03,1.0
13394,0.04,0.05,1.01
8673,0.04,0.03,1.0
3587,0.09,-0.04,0.96
16173,0.04,0.04,0.99
14154,0.02,0.01,1.01
13473,0.03,0.04,1.01
3386,0.04,0.02,1.0
5340,0.03,0.05,1.01
10416,0.04,0.05,1.0
17852,0.04,0.02,1.0
6872,0.04,0.05,1.0
16580,0.07,0.12,1.11
18835,0.04,0.04,1.0
15517,0.09,0.0,1.01
16712,0.04,0.03,1.0
16598,0.04,0.04,1.0
18129,0.14,0.05,0.97
10214,0.04,0.04,1.0
4147,0.05,-0.34,0.84
7872,0.04,0.05,1.01
9029,-0.02,-0.01,1.0
78,0.04,0.02,1.0
7861,0.04,0.04,1.01
2251,0.09,0.009999999999999995,1.05
7616,0.04,0.04,1.0
13997,0.04,0.02,1.0
776,0.08,-0.03,0.9
12609,0.04,0.04,1.0
19096,0.04,0.04,1.0
18230,0.04,0.04,1.0
8281,0.04,0.05,1.0
10134,0.04,0.05,1.0
2283,0.03,0.04,1.01
9093,0.02,0.03,1.0
14066,0.04,0.02,1.0
4118,0.04,0.05,1.0
17803,0.04,0.03,1.0
7965,0.04,0.05,1.03
10522,0.04,0.04,1.0
6814,0.0,0.27,0.96
3798,0.02,0.0,1.0
18577,0.04,0.04,1.0
17287,0.02,0.33,0.98
6922,0.04,0.05,1.0
9702,0.04,0.05,1.0
392,0.04,0.03,1.0
3294,0.04,0.03,1.0
16,0.04,0.02,1.0
18569,-0.04,0.1,1.03
4476,0.04,0.04,1.0
2679,0.04,0.02,1.0
19421,0.06,0.009999999999999995,1.16
16685,0.04,0.03,1.0
6795,0.04,0.02,1.0
18119,0.04,0.03,1.0
3630,0.04,0.03,1.0
16029,0.03,0.04,1.0
10928,0.04,0.04,1.01
13759,0.03,0.04,1.01
18478,0.04,0.05,1.0
8215,0.04,0.04,1.01
5218,0.03,0.05,1.0
594,0.09,0.03,0.96
13799,0.04,0.04,1.01
5079,0.03,0.04,1.01
15666,0.03,0.05,1.0
9837,0.04,0.04,1.0
6356,0.04,0.03,1.0
12267,0.04,0.02,1.0
8877,0.04,0.03,1.0
14702,0.04,0.03,1.0
14250,0.04,0.03,1.0
6441,0.04,0.03,1.0
2360,0.04,0.05,1.01
6635,0.04,0.02,1.0
5167,0.03,0.05,1.01
12129,0.04,0.02,1.0
5164,0.03,0.04,1.01
4922,0.03,0.04,1.0
12858,0.05,0.09,1.02
9749,0.0,-0.08,1.03
163,0.04,0.03,1.0
672,0.09,0.0,0.94
4561,0.01,-0.27,0.95
16102,0.03,0.04,1.0
19632,0.04,0.05,1.0
8201,0.16,0.15000000000000002,1.02
16624,0.16,-0.25,0.93
19777,0.26,0.24,1.06
11602,0.04,0.02,1.0
7023,0.03,0.05,1.0
12915,0.04,0.05,1.0
16195,0.03,0.04,1.0
10259,0.04,0.04,1.0
6030,0.06,0.55,0.82
6596,0.04,0.02,1.0
8920,0.04,0.02,1.0
8491,0.04,0.03,1.0
7527,0.04,0.04,1.0
12446,0.04,0.03,1.01
8643,0.15,0.02,0.93
5216,0.04,0.04,1.01
2297,0.06,0.09,1.03
7239,0.04,0.05,0.99
8803,0.04,0.02,1.0
15676,0.03,0.05,1.0
4804,0.04,0.04,1.0
15283,0.07,-0.14,1.0
14581,0.04,0.02,1.0
3898,0.04,0.03,1.0
12369,0.04,0.02,1.0
6771,0.04,0.02,1.0
11298,0.04,0.03,1.0
16586,0.02,0.06,1.02
1551,0.04,0.05,1.0
12845,0.04,0.04,1.0
11755,0.03,0.03,1.0
16286,0.04,0.04,1.01
16650,0.04,0.05,1.01
16614,0.04,0.04,1.01
2048,0.03,0.05,1.0
768,0.03,0.03,1.0
6201,0.04,0.02,1.0
8763,0.04,0.03,1.0
17787,0.04,0.03,1.0
10992,0.03,0.04,1.01
19736,0.03,0.05,1.01
8750,0.04,0.02,1.0
3423,0.04,0.03,1.0
4840,0.06,-0.08,1.02
14191,0.04,0.03,1.0
19004,0.0,0.04,1.0
17849,0.04,0.03,1.0
3413,0.03,0.02,1.0
10165,0.04,0.05,1.0
1405,0.04,0.04,1.0
1384,0.03,0.02,0.96
11764,0.03,-0.03,1.04
7681,0.04,0.03,1.0
6179,0.04,0.02,1.0
1641,0.04,0.04,1.0
15876,0.03,0.04,1.0
17417,0.04,0.02,1.0
9919,-0.15,0.02,0.89
7654,0.0,0.64,0.88
9677,0.04,0.02,1.0
17237,0.01,0.1,0.96
7081,0.04,0.05,1.0
10241,0.04,0.05,1.0
13462,0.04,0.04,1.01
14257,0.04,0.03,1.0
1181,0.04,0.05,1.0
5917,0.04,0.02,1.0
14216,0.14,0.41,1.02
15197,0.04,0.05,1.0
13947,0.04,0.03,1.0
11746,0.04,0.02,1.0
5499,0.04,0.02,1.0
9734,-0.29,0.05,1.02
18639,0.04,0.05,1.0
5608,0.04,0.04,1.0
11534,0.04,0.03,1.0
15353,0.04,0.05,1.0
690,0.04,0.02,1.0
4061,-0.01,-0.04,0.98
7216,0.04,0.05,1.0
19667,0.02,0.05,1.01
7170,0.03,0.01,1.01
16909,0.04,0.03,1.0
11537,0.04,0.03,1.0
18789,0.04,0.04,1.0
15619,0.04,0.05,1.0
7935,0.04,0.04,1.01
18371,0.06,0.07,0.94
7319,0.01,0.11,1.07
12448,0.03,0.03,1.0
5612,0.12,0.5,1.23
13051,0.03,0.04,1.0
4649,0.04,0.04,1.0
14109,0.15,-0.24,0.97
1887,0.11,0.1,0.96
18599,0.04,0.05,1.0
19277,0.04,0.05,1.01
2499,0.04,0.04,1.0
6514,0.07,0.48,0.84
3112,0.04,0.02,1.0
6298,0.04,0.02,1.0
13511,0.03,0.04,1.0
846,0.04,0.02,1.0
9834,0.04,0.05,1.0
13661,0.04,0.05,1.01
14159,0.21,0.0,1.01
13608,0.04,0.05,1.01
14195,0.04,0.03,1.0
8894,-0.04,0.12,1.12
19059,0.03,0.07,0.99
16061,0.12,0.02,1.0
8153,0.04,0.04,1.01
15682,0.04,0.05,1.0
17236,0.04,0.34,0.97
537,0.04,0.03,1.0
965,0.04,0.02,1.0
7918,0.04,0.04,1.01
3027,0.04,0.02,1.0
17550,0.04,0.03,1.0
2534,0.09,0.03,1.0
17274,0.04,0.02,1.0
6293,0.04,0.03,1.0
1050,0.04,0.02,1.0
7810,0.02,0.05,1.01
1964,0.04,0.05,1.0
2535,0.11,0.009999999999999995,0.89
12731,0.04,0.04,1.0
19813,0.04,0.04,1.01
16512,0.03,0.1,1.02
9469,0.04,0.03,1.0
5317,0.12,-0.32,0.99
16467,0.17,0.28,0.92
10535,0.04,0.05,1.0
16964,0.06,0.07,1.04
6455,0.04,0.03,1.0
9273,-0.23,0.1,0.88
4543,0.04,0.05,1.0
15389,0.12,-0.2,0.97
16953,0.14,0.17,0.86
16384,0.04,0.05,1.01
18527,0.04,0.04,1.0
18592,0.04,0.04,1.0
6158,0.03,0.03,1.0
14335,0.04,0.03,1.0
17927,0.04,0.03,1.0
6705,0.05,0.02,1.0
6461,0.05,0.04,1.03
8186,0.03,0.05,1.0
17987,0.04,0.02,1.0
3041,0.04,0.03,1.0
4509,0.03,0.09,1.0
7767,0.03,0.03,1.0
7437,0.04,0.04,1.0
8735,0.04,0.03,1.0
19175,0.04,0.04,1.0
14469,0.14,0.12,0.96
9251,0.04,0.03,1.0
8559,0.04,0.03,1.0
15021,0.04,0.02,1.0
17164,0.04,0.03,1.0
13889,0.04,0.03,1.0
3234,0.02,0.05,1.0
9326,0.03,0.03,1.0
19752,0.03,0.05,1.01
15772,0.04,0.04,1.0
14044,0.09,-0.08,1.05
19153,0.04,0.03,1.0
13085,0.05,-0.08,1.16
1829,0.03,0.05,1.0
6036,0.04,0.04,1.0
9893,0.04,0.05,1.0
12463,0.04,0.05,1.0
14108,0.15,0.19,0.8
561,0.03,0.03,1.0
17396,0.07,0.06,1.0
4376,0.04,0.05,1.0
14561,0.06,0.11,1.0
9475,0.04,0.03,1.0
17258,0.04,0.03,1.0
5904,0.04,0.03,1.0
4752,0.04,0.05,1.0
11829,0.06,0.06,1.0
9683,0.04,0.03,1.0
1444,0.04,0.05,1.0
9504,-0.04,0.07,1.05
4713,0.04,0.04,1.0
17624,0.04,0.02,1.0
19409,0.04,0.05,1.01
1692,0.04,0.05,1.0
19703,0.04,0.08,1.02
11259,0.04,0.02,1.0
18915,0.05,0.04,1.0
14908,0.04,0.02,1.0
6539,0.04,0.03,1.0
2501,0.04,0.05,1.01
17102,0.04,0.03,1.0
16892,0.04,0.03,1.0
16092,0.03,0.04,1.0
18075,0.04,0.03,1.0
340,0.04,0.03,1.0
2413,0.04,0.05,1.01
11107,0.04,0.04,1.01
16880,0.12,0.31,1.0
6907,0.08,0.29,1.02
6303,0.04,0.03,1.0
4906,0.04,0.05,1.0
17963,0.05,-0.11,1.02
3907,0.04,0.02,1.0
12266,0.04,0.03,1.0
2820,0.1,0.09,1.0
11007,-0.06,0.09,1.0
17708,0.04,0.03,1.0
12210,0.04,0.03,1.0
19294,0.04,0.05,1.01
1014,0.02,0.01,1.04
5727,0.04,0.03,1.0
5284,0.04,0.04,1.01
11300,0.04,0.03,1.0
14527,0.04,0.02,1.0
7902,0.05,0.07,1.05
7240,0.06,0.29,0.98
4288,0.04,0.05,1.0
18457,0.04,0.04,1.0
148,0.04,0.03,1.0
285,0.04,0.03,1.0
17792,0.04,0.03,1.0
19516,0.04,0.05,1.01
9629,0.04,0.02,1.0
15348,-0.03,-0.02,1.05
13914,0.16,-0.03,0.96
18358,0.04,0.04,1.0
11034,0.04,0.04,1.01
14703,0.04,0.02,1.0
17261,0.04,0.03,1.0
7493,0.04,0.04,1.0
4758,0.04,0.05,1.0
8276,0.03,0.05,1.01
236,0.1,0.06,1.01
17700,0.04,0.03,1.0
19459,0.04,0.04,1.01
12272,0.04,0.03,1.0
7904,0.0,0.08,1.02
18500,0.14,-0.11,1.01
11503,0.04,0.03,1.0
15501,0.03,0.05,1.04
14730,0.03,-0.27,1.05
3167,0.04,0.02,1.0
19451,0.04,0.04,1.01
11706,0.04,0.02,1.01
633,0.05,0.04,1.06
7547,0.04,0.04,1.0
2498,0.04,0.04,1.01
2672,0.03,0.04,1.01
18456,0.04,0.04,1.0
14381,0.04,0.02,1.0
18620,0.11,-0.1,0.9
18372,0.09,0.04,1.0
12007,0.04,0.03,1.0
17635,-0.01,-0.15,1.01
11427,0.04,0.03,1.0
16584,-0.0,0.13,1.02
13527,0.04,0.05,1.01
15543,0.04,0.04,1.0
13853,0.04,0.05,1.0
18433,0.12,0.25,0.86
17421,0.04,0.02,1.0
4487,0.04,0.05,1.0
15902,0.02,0.09,1.06
10978,0.04,0.05,1.01
12078,0.04,0.03,1.0
4085,0.04,0.05,1.0
10654,0.04,0.04,1.0
12394,0.04,0.03,1.0
2852,0.04,0.02,1.0
5747,0.0,0.05,1.07
19508,0.04,0.04,1.01
5696,0.04,0.03,1.0
17997,0.12,0.03,1.0
9607,-0.02,0.0,1.0
8247,0.04,0.03,1.01
14125,0.04,0.02,1.0
18560,0.05,0.36,1.01
8906,0.04,0.02,1.0
12892,0.04,0.04,1.0
19120,0.03,0.03,1.0
11091,0.03,0.05,1.01
1738,0.04,0.05,1.0
8218,0.04,0.05,1.01
12583,0.17,0.08,1.11
16280,0.04,0.05,1.01
4539,0.04,0.05,1.0
18220,0.04,0.02,1.0
2480,0.02,0.06,1.01
12274,0.04,0.02,1.0
19797,0.03,0.04,1.01
3895,0.04,0.03,1.0
16959,0.04,0.0,0.96
7420,0.04,0.04,1.0
1807,0.04,0.05,1.0
708,0.03,0.03,1.01
12877,0.31,0.11,1.16
19110,0.17,0.28,0.94
5627,0.04,0.04,1.0
18652,0.04,0.04,1.0
5947,0.04,0.02,1.0
16779,0.04,0.03,1.0
72,0.04,0.02,1.0
16003,0.07,-0.1,1.02
8736,0.04,0.03,1.0
14423,0.07,0.01,0.99
15844,0.09,0.07,1.04
14817,0.07,0.19,1.01
19518,0.03,0.04,1.01
5526,0.04,0.03,1.0
7487,0.04,0.04,1.0
10602,0.04,0.04,1.0
16419,0.04,0.04,1.01
12318,0.04,0.03,1.0
1127,0.04,0.04,1.0
1243,0.04,0.04,1.0
18184,0.08,-0.14,0.85
13510,0.04,0.04,1.01
2354,0.04,0.05,1.0
18587,0.04,0.04,1.0
13220,0.04,0.05,1.0
15072,0.04,0.02,1.0
7302,0.05,0.47,0.95
17912,0.03,0.19,1.0
13979,0.16,-0.14,0.95
18178,0.05,0.31,1.03
7514,0.03,0.03,1.0
17531,0.04,0.02,1.0
11083,0.04,0.05,1.0
13876,0.04,0.03,1.0
13666,0.04,0.05,1.0
17755,0.04,0.02,1.0
4658,0.04,0.04,1.0
15907,0.03,0.04,1.0
1345,0.04,0.05,1.0
19800,0.04,0.05,1.01
18640,0.04,0.04,1.0
8242,0.03,0.05,1.01
9718,0.04,0.05,1.0
7361,0.04,0.04,1.0
1102,0.04,0.02,1.0
12361,0.04,0.03,1.0
10335,-0.04,0.14,1.08
9960,0.04,0.04,1.0
11040,0.04,0.04,1.0
8140,0.23,0.1,1.13
8475,0.04,0.03,1.0
989,0.04,0.02,1.0
12161,0.04,0.02,1.0
17814,0.04,0.0,1.0
2897,0.04,0.02,1.0
13391,0.04,0.05,1.01
9972,0.04,0.05,1.0
18137,0.0,0.16,0.97
16792,0.04,0.03,1.0
631,0.0,-0.01,0.96
14746,0.04,0.02,1.01
1251,0.04,0.04,1.0
3282,0.04,0.02,1.0
483,0.04,0.03,1.0
11090,0.04,0.04,1.0
16818,0.18,0.18,1.02
14654,0.08,0.14,1.0
16373,0.04,0.04,1.01
10931,0.04,0.04,1.01
3116,0.04,0.03,1.0
18130,0.11,0.25,0.91
17835,0.04,0.04,1.0
5420,0.04,0.05,1.01
18688,0.04,0.04,1.0
7765,0.01,0.05,1.0
3388,0.04,0.02,1.0
17324,0.04,0.02,1.0
8024,0.05,0.06,1.06
3858,0.04,0.02,1.0
7383,0.04,0.04,1.0
7541,0.04,0.04,1.0
14117,0.04,0.03,1.0
19590,0.11,0.04,0.85
1318,0.05,0.03,0.97
3333,0.04,0.02,1.0
19572,0.03,0.04,1.01
11187,0.04,0.04,1.01
6273,0.04,0.02,1.0
12112,0.04,0.03,1.0
4955,0.04,0.04,1.01
19331,0.03,0.05,1.01
1302,0.04,0.04,1.0
17020,0.05,0.29,0.88
19366,0.23,0.2,0.82
15463,0.09,0.09,1.04
11235,0.07,0.06,0.99
5970,0.04,0.02,1.0
10867,0.01,0.07,1.01
1801,0.04,0.04,1.0
13928,0.04,0.02,1.0
10944,0.04,0.04,1.01
7116,0.11,0.42,0.89
9722,0.04,0.04,1.0
17398,0.04,0.03,1.0
3821,0.04,0.03,1.0
7817,0.02,-0.03,1.01
17744,0.04,0.02,1.0
13029,0.04,0.04,1.0
17508,0.04,0.02,1.0
1288,0.04,0.05,1.0
2141,0.1,0.05,0.93
12360,0.04,0.02,1.0
13987,0.17,0.04,0.99
14068,0.04,0.03,1.0
11208,0.05,0.02,1.0
15255,0.04,0.04,1.0
7641,0.04,0.04,1.0
11219,0.04,0.03,1.0
3770,0.04,0.03,1.0
7932,0.04,0.04,1.01
6601,0.04,0.03,1.0
15435,0.04,0.05,1.0
15906,0.03,0.04,1.0
5271,0.03,0.04,1.01
14862,0.04,0.02,1.0
14394,0.04,0.02,1.0
13818,0.04,0.04,1.01
4415,0.04,0.05,1.0
10036,0.04,0.05,1.0
7233,-0.01,-0.06,1.07
4746,0.04,0.05,1.0
18312,0.04,0.05,1.0
406,0.04,0.02,1.0
18326,0.04,0.32,1.09
14964,0.04,0.02,1.0
17973,0.04,0.03,1.0
9211,0.04,0.03,1.0
12590,0.04,0.05,1.0
15843,0.01,-0.23,0.92
13246,0.05,0.06,1.01
13233,0.05,0.05,1.0
18154,0.04,0.02,1.0
11,0.04,0.02,1.0
5120,0.05,-0.36,0.76
1179,0.04,0.05,1.0
12204,0.04,0.02,1.0
2908,0.04,0.02,1.0
7153,0.04,0.05,1.0
10411,0.04,0.05,1.0
13812,0.04,0.05,1.01
3058,0.18,-0.16,0.82
12831,0.04,0.05,1.0
7775,0.04,0.04,1.0
13207,0.04,0.05,1.0
16232,0.04,0.04,1.0
10069,0.04,-0.03,1.09
14375,0.05,0.01,0.98
19600,0.13,0.13,0.97
2930,0.03,-0.09,1.14
13957,0.04,0.03,1.0
10275,0.04,0.05,1.0
2194,0.12,0.0,1.0
18745,0.04,0.04,1.0
3908,0.04,0.02,1.0
10167,0.04,0.05,1.0
9159,0.04,0.03,1.0
1369,0.02,0.03,1.05
3894,0.04,0.02,1.0
5919,0.04,0.02,1.0
17436,0.06,0.2,0.99
1002,0.04,0.02,1.0
8646,0.06,0.06,0.9
3705,0.04,0.02,1.0
4383,0.04,0.05,1.0
1670,0.17,0.03,0.94
3276,0.06,0.0,1.0
17539,0.05,0.39,1.02
19298,0.07,0.009999999999999995,1.04
489,-0.01,0.04,1.01
18611,0.21,0.02,1.01
14761,0.04,0.02,1.0
8741,0.04,0.03,1.0
6219,0.04,0.03,1.0
9103,0.04,0.03,1.0
5530,0.04,0.03,1.0
18824,0.25,0.18,0.97
3412,0.04,0.02,1.0
9095,0.04,0.02,1.0
13602,0.02,-0.020000000000000004,1.01
15167,0.04,0.03,1.0
10768,0.04,0.05,1.01
15756,0.04,0.04,1.0
16081,0.03,0.04,1.0
15387,0.07,0.05,0.99
18942,0.03,0.03,1.01
4755,0.03,0.05,1.0
11422,0.04,0.03,1.0
19384,0.03,0.05,1.01
19160,0.25,0.29,1.0
19290,0.03,0.05,1.01
17302,0.04,0.02,1.0
17375,0.04,0.03,1.0
5685,0.0,0.02,1.04
16442,0.04,0.05,1.01
17350,0.04,0.02,1.01
14153,0.03,0.06,0.99
18997,0.2,0.0,1.0
15459,0.12,0.02,1.02
8349,0.04,0.03,1.0
11346,0.04,0.02,1.0
10399,-0.11,0.04,0.94
10814,0.05,0.04,1.04
11626,0.04,0.02,1.0
4793,0.06,-0.18,0.93
12543,0.04,0.07,0.96
1973,0.04,0.05,1.0
14378,0.04,0.03,1.0
6278,0.04,0.03,1.0
6944,0.05,-0.07,0.93
13893,0.04,0.03,1.0
15394,0.03,-0.07,0.91
8448,0.0,0.03,1.07
10277,0.04,0.05,1.01
3364,0.05,-0.06,1.07
7270,0.04,0.05,1.0
7347,0.04,0.04,1.0
17196,0.04,0.02,1.0
14284,0.04,0.03,1.0
125,0.05,0.01,1.02
17970,0.04,0.03,1.0
5834,0.04,0.03,1.0
1241,0.04,0.04,1.0
2293,0.09,0.05,0.92
9518,0.04,0.03,1.0
1231,0.04,0.05,1.0
10385,0.04,0.04,1.0
7739,0.04,0.04,1.0
5611,-0.04,0.1,0.91
12242,0.12,0.16,0.98
1060,0.12,0.03,0.9
6912,0.01,0.01,1.16
17158,0.02,0.06,1.01
281,0.04,0.03,1.0
16642,0.03,0.04,1.01
970,0.02,0.07,1.02
17801,0.04,0.02,1.0
1943,0.13,0.09,0.93
620,0.04,0.03,1.0
1745,0.04,0.04,1.0
15928,0.03,0.04,1.0
11182,0.04,0.04,1.01
3720,0.04,0.03,1.0
17361,0.04,0.02,1.0
6737,0.04,0.03,1.0
3281,0.04,0.02,1.0
10748,0.04,0.05,1.0
6707,0.04,0.0,1.0
12033,0.05,0.1,1.07
15786,0.0,-0.14,0.96
18756,0.03,0.05,1.02
17433,0.16,0.19,1.01
6926,0.04,0.05,1.0
10711,0.04,0.04,1.0
14935,0.19,0.28,1.11
12664,0.04,0.05,1.0
6239,0.04,0.02,1.0
12363,0.04,0.02,1.0
630,0.04,0.03,1.04
13724,0.03,0.04,1.01
7105,-0.03,0.2,1.04
3499,0.0,-0.05,1.12
14371,0.18,0.16,0.98
15550,0.04,0.04,1.0
11639,0.04,0.02,1.0
2117,0.04,0.04,1.01
3324,0.03,0.02,1.0
14911,0.04,0.03,1.0
4014,0.16,-0.03,0.94
9322,0.04,0.03,1.0
3251,0.04,0.03,1.0
16090,0.03,0.04,1.0
2282,0.04,0.04,1.0
4929,0.01,-0.13,1.05
13,0.04,0.02,1.0
1649,0.04,0.05,1.0
2370,0.04,0.04,1.01
4987,0.03,0.04,1.01
13976,0.27,0.14,1.0
374,0.04,0.03,1.0
18480,0.04,0.05,1.0
526,0.04,0.02,1.0
10306,0.04,0.05,1.0
13244,0.11,0.01,1.09
15701,0.04,0.04,1.0
14549,0.04,0.09,1.03
530,0.04,0.02,1.0
17394,0.02,0.01,0.98
10700,0.04,0.04,1.0
14253,0.04,0.03,1.0
13980,0.11,0.03,1.05
14365,-0.02,-0.02,0.99
12779,0.04,0.05,1.0
19697,0.04,0.05,1.01
13766,0.04,0.05,1.01
7263,0.04,0.05,1.0
5053,0.03,0.06,1.1
17080,0.07,0.19,0.9
17720,0.04,0.02,1.0
19607,0.05,0.13,1.17
957,0.04,0.02,1.0
7384,0.04,0.04,1.0
3583,0.04,0.02,1.0
14587,0.04,0.02,1.0
16936,0.04,0.04,1.01
9681,0.04,0.02,1.0
2075,0.04,0.04,1.0
958,0.04,0.03,1.0
18343,0.04,0.04,1.0
15828,0.03,0.04,1.0
7770,0.03,0.04,1.0
352,-0.02,0.04,1.16
15307,0.04,0.05,1.0
18110,0.04,0.03,1.0
6878,0.04,0.05,1.0
14516,0.05,0.01,1.0
10088,0.03,0.05,1.0
15817,0.04,0.04,1.0
18884,0.05,0.04,1.0
2976,-0.04,-0.52,0.82
17509,0.04,0.03,1.0
4983,0.04,0.05,1.01
662,0.04,0.03,1.0
17882,0.04,0.03,1.0
7822,0.02,-0.039999999999999994,0.98
11573,0.0,0.02,1.01
5159,0.03,0.05,1.01
2361,0.04,0.05,1.01
13631,0.04,0.04,1.01
19517,0.04,0.04,1.01
15401,0.05,0.05,1.11
1562,0.04,0.0,
13503,0.03,0.06,1.01
11750,0.04,0.02,1.0
7967,0.04,0.04,1.01
17147,0.04,0.37,0.98
17111,0.04,0.03,1.0
15044,0.07,0.0,1.1
4378,0.04,0.05,1.0
515,0.04,0.02,1.0
896,0.11,-0.02,0.97
9687,0.04,0.02,1.0
18206,0.04,0.03,1.0
19764,0.02,0.06,1.0
901,0.05,0.04,1.0
207,0.04,0.03,1.0
18906,0.04,0.04,1.0
459,0.04,0.02,1.0
2435,0.12,0.009999999999999995,0.89
15419,0.04,0.05,1.0
3514,0.04,0.02,1.0
4132,0.03,0.05,1.0
553,0.0,0.06,1.1
7670,0.04,0.04,1.0
1929,0.04,0.05,1.0
6690,0.04,0.03,1.0
19189,0.04,0.04,1.0
18548,0.04,0.06,0.98
105,0.04,0.02,1.0
3117,0.04,0.03,1.0
18170,0.04,0.02,1.0
11798,0.04,0.02,1.0
89,0.04,0.02,1.0
17323,0.04,0.03,1.0
11891,0.04,0.03,1.0
16247,0.03,-0.18,1.0
14015,0.04,0.03,1.0
15848,0.05,0.05,1.05
7035,0.04,0.05,1.0
18186,0.06,-0.01,1.1
10302,0.04,0.04,1.0
10035,0.04,0.05,1.0
2735,0.04,0.02,1.0
17819,0.03,0.25,0.95
15411,0.03,0.05,1.0
9891,0.04,0.05,1.0
17621,0.04,0.02,1.0
19660,0.11,0.13,0.9
19354,0.04,0.04,1.01
12143,0.2,0.09,1.03
11082,0.03,0.04,1.01
15186,0.04,0.05,1.0
3953,0.04,0.03,1.0
213,0.03,0.03,1.0
10062,-0.25,0.04,0.86
6785,0.04,0.02,1.0
9373,0.04,0.02,1.0
4436,-0.07,-0.49,0.88
19799,0.04,0.05,1.01
18301,0.04,0.04,1.0
5534,0.04,0.03,1.0
19621,0.03,0.05,1.01
18887,0.04,0.05,1.0
9812,0.04,0.05,1.0
1766,0.04,0.04,1.0
15336,0.1,-0.13,0.98
13213,0.04,0.05,1.0
16865,0.04,0.03,1.0
3332,0.04,0.02,1.0
527,0.04,0.03,1.0
17049,0.04,0.03,1.0
13869,0.04,0.03,1.0
6157,0.04,0.03,1.0
10014,0.04,0.04,1.0
6658,0.04,0.03,1.0
7009,0.11,0.47,0.9
15789,0.02,0.05,0.97
9890,0.04,0.04,1.0
9811,0.04,0.04,1.0
3505,0.04,0.03,1.0
3851,0.04,0.02,1.0
6297,0.04,0.03,1.0
7273,0.04,0.04,1.0
1610,0.06,0.12,0.89
19811,0.04,0.04,1.01
17682,0.04,0.03,1.0
10138,0.04,0.05,1.0
17320,0.04,0.03,1.0
1984,0.04,0.04,1.0
13089,0.04,0.04,1.0
13934,0.04,0.03,1.0
14643,0.04,0.03,1.0
8245,0.04,0.04,1.01
6128,0.03,0.03,1.0
1685,0.04,0.04,1.0
17933,0.04,0.02,1.0
18136,0.04,0.18,1.0
7128,0.06,0.07,0.95
990,0.04,0.03,1.0
16879,0.09,0.25,1.01
13334,0.04,0.05,1.0
13418,0.04,0.04,1.02
3177,0.05,-0.15,1.04
15047,0.04,0.02,1.0
15790,-0.08,-0.04,1.04
11843,0.04,0.02,1.0
2889,0.04,0.02,1.0
10245,0.04,0.05,1.0
3463,0.04,0.03,1.0
18223,0.04,0.04,1.0
7231,0.03,0.04,1.0
16082,0.03,0.05,1.0
3477,0.05,0.03,1.0
14811,0.04,0.02,1.0
13450,0.03,0.06,1.01
13517,0.04,0.05,1.0
16209,0.04,0.04,1.01
8706,0.03,0.02,1.0
19585,0.04,0.04,1.01
2433,0.05,0.009999999999999995,0.98
13693,0.06,0.08,1.09
5168,0.03,0.05,1.01
2358,0.04,0.05,1.01
18179,0.02,0.25,0.99
13041,0.04,0.03,1.0
10244,0.04,0.05,1.0
9022,0.04,0.02,1.0
16655,0.04,0.04,1.01
19398,0.04,0.05,1.01
8321,0.04,0.03,1.0
14555,0.01,-0.09,1.11
7824,0.01,0.020000000000000004,0.99
15296,0.04,0.08,0.98
18462,0.04,0.04,1.0
5505,0.05,0.61,0.8
2387,0.13,0.05,1.0
572,0.04,0.03,1.0
1437,0.04,0.04,1.0
15067,0.04,0.02,1.0
10678,0.08,0.08,1.07
13414,0.04,0.04,1.01
16545,0.03,0.05,1.01
12217,0.04,0.02,1.0
5914,0.04,0.03,1.0
1009,0.03,0.03,1.01
4873,0.04,0.04,1.0
14773,-0.04,-0.11,0.91
7774,0.03,0.04,1.0
2068,0.04,0.05,1.0
1138,0.04,0.05,1.0
11217,0.04,0.03,1.0
11569,0.04,0.03,1.0
294,0.03,0.0,1.03
17877,0.04,0.03,1.0
4240,0.04,0.05,1.0
11080,0.03,0.05,1.01
3932,0.0,-0.5,0.81
13396,0.04,0.04,1.01
2734,0.04,0.02,1.0
19121,0.02,0.02,1.0
14496,0.04,0.03,1.0
16666,0.04,0.02,1.0
18171,0.04,0.03,1.0
2843,0.04,0.02,1.0
10171,-0.01,0.02,1.0
17906,-0.05,-0.12,0.99
2474,0.03,0.05,1.01
3920,0.04,0.02,1.0
15269,0.04,0.05,1.0
362,0.02,0.09,1.05
7677,0.04,0.04,1.0
16484,0.03,0.04,1.01
2143,0.08,0.020000000000000004,0.97
8119,0.03,0.05,1.01
1314,-0.02,0.02,1.02
6825,0.05,0.02,1.0
12957,0.04,0.05,1.0
1593,0.04,0.05,1.0
2401,0.04,0.04,1.01
18502,0.07,-0.0,1.02
16355,0.06,-0.32,0.93
10765,0.04,0.05,1.0
5680,0.02,0.64,0.81
18833,0.03,0.04,1.02
10141,0.03,0.05,1.0
3090,0.04,0.02,1.0
11245,0.43,0.05,0.82
9205,0.04,0.02,1.0
10272,0.04,0.05,1.0
15704,0.04,0.04,1.0
5751,0.04,0.01,0.98
4213,0.03,-0.13,0.98
16459,0.09,0.18,0.95
4402,0.04,0.05,1.0
976,0.02,0.05,1.01
8096,0.04,0.04,1.01
17383,0.03,0.16,0.98
11054,0.02,0.06,1.01
15565,0.04,0.11,1.05
5426,0.04,0.05,1.01
12415,0.04,0.02,1.0
15025,0.04,0.02,1.0
13610,0.04,0.04,1.01
1937,0.02,0.04,1.02
5025,0.04,0.04,1.01
11623,0.04,0.03,1.0
894,0.11,0.05,0.9
8092,0.04,0.05,1.01
8811,0.04,0.03,1.0
16347,0.06,0.04,1.03
8523,0.04,0.03,1.0
11486,0.03,0.03,1.0
13020,0.05,0.01,1.03
15623,0.04,0.05,1.0
727,0.04,0.03,1.0
8002,0.04,0.04,1.01
9222,-0.23,0.1,1.09
17675,0.04,0.03,1.0
15992,0.04,0.04,1.0
12263,0.04,0.02,1.0
8071,0.04,0.1,1.11
13276,0.05,0.05,1.0
1391,0.04,0.05,1.0
3716,0.04,0.03,1.0
10243,0.04,0.05,1.0
5898,0.04,0.02,1.0
19708,0.07,0.07,0.89
18020,0.04,0.02,1.0
16695,0.17,0.24,1.04
17310,0.04,0.03,1.0
16357,-0.07,-0.21999999999999997,1.01
1871,0.04,0.05,1.0
9172,-0.22,0.09,1.0
807,0.04,0.02,1.0
5174,0.04,0.04,1.01
18772,0.1,-0.11,0.98
14039,0.21,-0.12,1.09
19065,0.04,0.04,1.0
19776,0.16,0.2,0.97
11884,0.04,0.02,1.0
10330,0.04,0.04,1.0
16948,0.04,0.26,0.94
4817,0.04,0.04,1.0
2637,0.04,0.04,1.01
16080,0.03,0.04,1.0
8725,0.04,0.03,1.0
16063,0.07,0.18,1.05
145,0.04,0.03,1.0
2037,0.04,0.05,1.0
1167,0.03,0.05,1.0
13388,0.04,0.04,1.01
2054,0.17,0.04,0.96
12348,0.04,0.03,1.0
14459,0.03,0.25,1.03
3560,0.04,0.02,1.0
7842,0.12,0.03,1.09
4661,0.04,0.04,1.0
12111,0.04,0.03,1.0
271,0.04,0.03,1.0
14770,0.06,-0.08,0.93
9476,0.04,0.02,1.0
14095,0.03,0.03,1.0
19620,0.04,0.05,1.01
10159,0.04,0.05,1.0
19524,0.04,0.05,1.01
4001,0.05,-0.27,0.88
15710,0.04,0.04,1.0
17574,0.04,0.03,1.0
11351,0.04,0.03,1.0
4646,0.04,0.04,1.0
546,0.06,-0.02,1.04
9565,0.04,0.02,1.0
13409,0.04,0.04,1.01
17027,0.06,0.03,1.0
10533,0.04,0.04,1.0
15527,0.04,0.05,1.0
17318,0.04,0.02,1.0
8408,0.04,0.02,1.0
17115,0.04,0.03,1.0
13484,0.17,0.11,1.1
7349,0.04,0.04,1.0
9207,0.04,0.03,1.0
14434,0.04,0.02,1.0
3046,0.04,0.04,1.01
18315,0.04,0.05,1.0
15196,0.04,0.05,1.0
2674,0.04,0.04,1.0
10594,0.04,0.04,1.0
615,0.04,0.03,1.0
4820,0.04,0.04,1.0
3415,0.04,0.02,1.0
7460,0.04,0.04,1.0
1502,0.04,0.05,1.0
10172,0.01,0.1,1.05
19034,0.04,0.04,1.0
16819,0.18,0.2,0.96
12715,0.04,0.05,1.0
4516,0.04,0.05,1.0
9939,0.04,0.05,1.0
4745,0.04,0.05,1.0
13817,0.03,0.04,1.01
18575,0.04,0.04,1.0
13961,0.04,0.03,1.0
9678,0.04,0.03,1.0
5175,0.04,0.05,1.0
18882,0.05,0.0,1.01
15640,0.14,0.11,0.93
13663,0.04,0.05,1.01
17695,0.04,0.02,1.0
5775,0.04,0.02,1.0
7900,0.09,0.1,1.0
2426,0.03,0.05,1.01
1753,0.04,0.04,1.0
12998,0.04,0.04,1.0
14033,-0.02,0.02,0.98
19573,0.03,0.05,1.01
338,0.04,0.03,1.0
13582,0.04,0.05,1.01
1343,0.04,0.05,1.0
3807,0.04,0.02,1.0
18514,0.04,0.04,1.0
3074,0.04,0.02,1.0
7719,0.04,0.04,1.0
4351,0.03,0.01,1.07
18115,0.04,0.02,1.0
10927,0.04,0.04,1.01
9379,0.04,0.02,1.0
19222,0.11,-0.04,1.01
14198,0.04,0.03,1.0
15136,0.12,0.25,1.0
18917,0.04,0.05,1.0
10305,0.04,0.05,1.0
60,0.07,0.1,0.94
1242,0.04,0.05,1.0
5569,-0.03,0.26,1.0
2348,0.04,0.04,1.01
16844,0.04,0.03,1.0
2124,0.03,0.04,1.01
1526,0.09,0.0,1.0
8470,0.04,0.03,1.0
153,0.04,0.03,1.0
16332,0.03,0.05,1.01
482,0.04,0.03,1.0
6743,0.04,0.02,1.0
14435,0.04,0.02,1.0
13890,0.04,0.03,1.0
17649,0.03,-0.11,1.22
1765,0.04,0.05,1.0
17625,0.04,0.02,1.0
17305,0.04,0.03,1.0
10084,0.04,0.05,1.0
8592,0.04,0.03,1.0
5232,0.04,0.05,1.01
2726,0.04,0.02,1.0
12614,0.04,0.04,1.0
7559,0.08,0.33,0.99
14867,0.05,0.05,1.0
13232,0.04,0.05,1.0
6508,0.04,0.03,1.0
3151,0.04,0.02,1.0
3796,0.04,-0.12,1.0
3104,-0.04,0.2,1.0
3032,0.04,0.02,1.0
13360,0.05,0.04,1.0
9732,-0.15,0.06,1.0
16952,0.09,0.31,1.0
19028,0.04,0.05,1.0
4547,0.05,0.05,1.0
17444,0.05,-0.1,1.0
8919,0.04,0.03,1.0
18526,0.04,0.05,1.0
8978,0.04,0.03,1.0
17788,0.04,0.03,1.0
1625,0.04,0.05,1.0
14661,0.07,0.13,0.84
7972,0.03,0.04,1.01
5950,0.04,0.03,1.0
18259,0.04,0.02,0.96
10150,0.04,0.05,1.0
13030,0.04,0.04,1.0
9719,0.04,0.05,1.0
1306,0.04,0.04,1.0
9468,0.04,0.02,1.0
4284,0.04,0.05,1.0
2604,0.03,0.05,1.01
14592,0.04,0.02,1.0
2578,0.04,0.04,1.01
3289,0.04,0.02,1.0
5210,0.04,0.05,1.01
17886,0.04,0.02,1.0
2110,0.04,0.05,1.01
17315,0.04,0.02,1.0
14666,0.08,0.02,1.02
19535,0.15,-0.18,0.99
7856,0.03,0.05,1.01
14978,0.05,-0.34,1.08
1281,0.04,0.05,1.0
15007,0.04,0.02,1.0
805,0.04,0.03,1.0
16392,0.04,0.04,1.01
13040,0.04,0.04,1.0
4896,0.04,0.05,1.0
19531,-0.02,0.009999999999999995,1.01
17156,0.02,0.06,0.93
5220,0.04,0.04,1.01
11492,0.04,0.03,1.0
9804,0.02,0.05,0.98
15650,0.04,0.05,1.0
10273,0.04,0.04,1.0
3582,0.04,0.03,1.0
2202,0.02,0.08,0.98
17832,0.04,0.02,1.0
4740,0.04,-0.02,1.01
6781,0.04,0.03,1.0
16083,0.03,0.04,1.0
823,0.04,0.02,1.0
16866,0.04,0.03,1.0
9372,0.04,0.03,1.0
13954,0.04,0.03,1.0
16945,0.1,-0.12,0.85
10752,0.05,0.04,1.0
19393,0.04,0.05,1.01
18932,0.21,-0.11,0.97
15364,0.04,0.05,1.0
3130,0.04,0.02,1.0
8006,0.05,0.16999999999999998,1.1
7438,0.04,0.04,1.0
3421,0.04,0.03,1.0
9582,0.04,0.03,1.0
18181,0.02,0.29,1.0
12193,0.13,0.14,1.09
16089,0.02,0.04,1.0
12556,0.04,0.04,1.0
14383,0.04,0.02,1.0
12910,0.04,0.04,1.0
19644,0.03,0.04,1.01
8496,0.01,0.07,0.99
18239,0.04,0.05,1.0
16217,0.04,0.04,1.01
11473,0.04,0.03,1.0
1483,-0.0,0.06,1.1
5262,0.09,0.08,1.04
14873,0.03,-0.07,1.07
17802,0.04,0.03,1.0
8975,0.04,0.03,1.0
14122,0.04,0.02,1.0
6318,0.03,0.2,0.86
13156,0.04,0.04,1.0
5670,0.0,0.2,0.99
7354,0.04,0.04,1.0
17332,0.03,0.08,0.9
5965,0.04,0.02,1.0
769,0.03,0.04,1.0
8116,0.04,0.04,1.01
19760,0.04,0.04,1.01
2732,0.04,0.02,1.0
2083,0.04,0.05,1.0
953,0.04,0.03,1.0
2487,0.13,-0.03,1.0
10366,0.05,0.04,1.0
1762,0.04,0.04,1.0
11339,0.04,0.03,1.0
11258,0.04,0.03,1.0
4527,0.04,0.05,1.0
18873,0.15,0.36,0.93
15182,0.04,0.04,1.0
5344,0.04,0.05,1.0
6083,0.04,0.05,0.98
18042,0.07,0.05,1.08
11842,0.04,0.03,1.0
5117,0.02,0.0,0.98
4687,0.04,0.04,1.0
15260,0.04,0.05,1.0
14783,0.04,0.02,1.0
5755,0.04,0.02,1.0
1994,0.0,0.03,1.01
14091,0.04,0.03,1.0
14737,0.04,0.02,1.0
15279,0.07,0.03,0.9
5381,0.06,0.08,1.08
19583,0.04,0.05,1.0
15012,0.04,0.03,1.0
7517,0.04,0.04,1.0
3760,0.04,0.02,1.0
19793,0.04,0.05,1.01
9019,0.04,0.03,1.0
9663,0.04,0.03,1.0
8900,0.04,0.02,1.0
11738,0.04,0.03,1.0
1628,0.04,0.04,1.0
18721,0.04,0.04,1.0
8897,0.04,0.03,1.0
15010,0.04,0.02,1.0
4488,0.04,0.05,1.0
7138,0.04,0.04,1.0
10773,0.04,0.05,1.01
13390,0.04,0.04,1.01
2723,0.03,0.02,1.0
7205,0.04,0.05,1.0
5012,0.02,0.04,1.05
1857,0.03,0.05,1.0
3156,0.04,0.02,1.0
16551,0.04,0.05,1.01
1648,0.04,0.05,1.0
3542,0.11,-0.14,1.0
3613,0.04,0.02,1.0
12621,0.04,0.05,1.01
1795,0.04,0.05,1.0
15508,0.04,-0.07,0.95
16910,0.04,0.03,1.0
3988,0.04,0.04,1.0
3489,0.1,-0.14,0.9
13236,0.43,0.06,0.77
7984,0.04,0.04,1.01
13330,0.04,0.05,1.0
9903,0.02,0.03,1.02
126,0.05,0.02,1.0
6536,0.04,0.02,1.0
15425,0.04,0.05,1.0
17141,0.14,-0.17,0.97
4766,0.04,0.05,1.0
7928,0.03,0.04,1.01
828,0.04,0.02,1.0
19500,0.04,0.05,1.01
13144,0.03,0.02,1.0
8668,0.04,0.03,1.0
11827,0.09,0.1,0.91
19450,0.04,0.05,1.01
2448,0.04,0.04,1.01
12022,0.04,0.03,1.0
18530,0.04,0.04,1.0
815,0.0,-0.04,1.02
14785,0.04,0.03,1.0
13055,0.04,0.04,1.0
19003,-0.01,0.07,1.0
19631,0.03,0.04,1.01
15946,0.05,-0.05,0.97
14077,0.04,0.03,1.0
6300,0.04,0.03,1.0
2120,0.04,0.04,1.01
794,0.04,0.03,1.0
11539,0.04,0.03,1.0
7645,0.04,0.04,1.0
2681,0.04,0.02,1.0
18279,0.02,0.05,1.0
17569,0.04,0.02,1.0
3947,0.04,0.03,1.0
2946,0.04,0.02,1.0
16177,0.03,0.05,1.0
3336,0.04,0.03,1.0
8756,0.04,0.02,1.0
7026,0.04,0.05,1.0
19118,-0.0,-0.03,0.96
15216,-0.05,0.09,1.23
12697,0.1,0.09,1.0
15737,0.08,0.03,0.91
4951,-0.03,0.08,1.0
2247,0.12,0.04,1.02
5837,0.04,0.03,1.0
2340,0.09,0.03,0.9
12899,0.04,0.05,1.0
1122,0.04,0.04,1.0
12314,0.04,0.02,1.0
419,0.04,0.03,1.0
924,0.04,0.03,1.0
10685,0.04,0.04,1.0
5872,0.04,0.03,1.0
6309,0.04,0.02,1.0
17172,0.04,0.03,1.0
9418,0.04,0.02,1.0
1974,0.04,0.05,1.0
12956,0.04,0.04,1.0
4269,-0.06,-0.02,1.0
3862,0.04,0.03,1.0
14574,0.04,0.02,1.0
12885,0.04,0.05,1.0
1250,0.04,0.04,1.0
2196,0.09,0.08,0.96
10369,0.04,0.04,1.0
5020,0.03,0.04,1.01
6561,0.02,0.09,1.01
7265,0.04,0.05,1.0
8689,-0.23,0.23,0.9
13708,0.03,0.05,1.01
7696,0.04,0.04,1.0
10759,0.04,0.04,1.0
12016,0.04,0.02,1.0
15853,0.04,0.05,1.01
18785,0.04,0.04,1.0
8421,0.04,0.03,1.0
77,0.04,0.02,1.0
17322,0.04,0.02,1.0
10231,0.04,0.05,1.0
8943,-0.16,0.02,0.92
6528,-0.0,0.18,1.02
12765,0.04,0.04,1.0
3516,0.04,0.03,1.0
5879,0.02,0.01,1.02
9132,0.04,0.02,1.0
5703,0.04,0.03,1.0
3675,0.04,0.02,1.0
9641,0.04,0.03,1.0
1912,0.04,0.05,1.0
19180,0.04,0.04,1.0
235,0.08,0.06,1.0
13998,0.04,0.03,1.0
8911,0.04,0.03,1.0
10520,0.05,0.06,0.98
3627,0.04,0.03,1.0
16024,0.03,0.04,1.0
12053,0.04,0.03,1.0
1344,0.04,0.05,1.0
9575,0.04,0.02,1.0
1622,0.04,0.04,1.0
5743,0.01,0.52,0.79
7806,0.04,0.04,1.01
2223,0.04,0.04,1.01
11200,0.04,0.04,1.01
18445,-0.01,0.02,1.0
19272,0.04,0.05,1.01
14763,0.03,0.18,1.03
16390,0.03,0.05,1.01
7747,0.04,0.04,1.0
1921,0.04,0.04,1.0
1831,0.04,0.07,1.12
11079,0.04,0.05,1.01
14390,0.04,0.02,1.0
14727,0.05,-0.04,1.02
6875,0.04,0.05,1.0
19244,0.04,0.04,1.0
6933,0.04,0.05,1.0
4484,0.04,0.05,1.0
14603,0.08,0.14,1.02
18409,0.04,0.04,1.0
10543,0.04,0.05,1.0
7151,0.04,0.05,1.0
15536,0.04,0.05,1.0
17183,0.04,0.03,1.0
15493,0.04,0.05,1.0
12500,0.04,0.04,1.0
847,0.04,0.03,1.0
6048,0.04,0.02,1.0
15020,0.04,0.02,1.0
16103,0.03,0.05,1.0
15708,0.04,0.04,1.0
117,0.09,0.04,0.98
9956,0.04,0.05,1.0
15835,0.0,0.06,1.03
9752,0.04,0.04,1.0
18190,0.04,0.03,1.0
5806,0.02,0.02,1.01
10278,0.04,0.05,1.0
12312,0.04,0.02,1.0
4624,-0.01,-0.14,0.97
2595,0.07,0.08,0.88
14832,0.14,0.09,0.96
15709,0.04,0.04,1.0
12074,0.04,0.02,1.0
13302,0.05,0.09,1.05
7490,0.04,0.04,1.0
6124,-0.0,0.21,1.06
1607,0.02,0.0,1.01
4012,0.11,-0.32,0.87
16071,0.02,0.04,1.0
19061,0.02,0.03,1.02
12035,0.25,0.11,0.95
11559,0.04,0.03,1.0
1764,0.04,0.05,1.0
17477,0.04,0.03,1.0
2477,0.04,0.04,1.01
17712,0.04,0.03,1.0
7461,0.04,0.04,1.0
17526,0.04,0.02,1.0
13978,0.17,-0.04,0.95
8859,0.04,0.02,1.0
14696,0.04,0.02,1.0
16163,0.08,-0.16,1.06
7038,0.04,0.05,1.0
18417,0.04,0.05,1.0
9245,0.04,0.03,1.0
8405,0.04,0.02,1.0
11109,0.03,0.03,1.02
6799,-0.01,0.17,1.14
13146,0.04,0.04,1.0
3756,0.04,0.03,1.0
6938,0.04,0.04,1.0
4971,0.04,0.04,1.01
16943,0.14,-0.07,0.98
18310,0.04,0.05,1.0
6871,0.04,0.05,1.0
19363,0.07,-0.03,1.05
11679,0.35,-0.02,0.93
14556,0.03,-0.2,1.05
6271,0.04,0.02,1.0
9122,0.04,0.03,1.0
15292,0.13,0.04,0.99
3170,0.03,0.03,1.0
1910,0.04,0.04,1.0
7629,0.04,0.03,1.0
8539,0.04,0.03,1.0
9142,0.04,0.02,1.0
19321,-0.04,0.14,0.79
6412,0.04,0.01,1.0
19103,0.11,-0.11,1.03
5547,0.04,0.03,1.0
5551,0.04,0.03,1.0
15413,0.04,0.05,1.0
16830,0.04,0.03,1.0
4960,0.03,0.05,1.01
7543,0.04,0.04,1.0
18549,0.05,0.02,0.95
17544,0.12,-0.05,1.09
13150,0.04,0.05,1.0
2129,0.04,0.04,1.01
9120,0.04,0.02,1.0
9817,0.04,0.05,1.0
14799,0.04,0.03,1.0
55,0.1,0.1,1.11
18823,0.24,0.26,0.93
302,0.04,0.04,0.99
15971,0.04,0.04,1.0
15357,0.04,0.05,1.0
4747,0.04,0.05,1.0
14174,0.07,0.02,1.1
11948,0.04,0.02,1.0
11922,0.15,-0.09,0.91
5687,0.01,0.11,0.95
11969,0.05,0.04,0.89
18083,0.04,-0.06,1.0
15917,0.03,0.04,1.0
11552,0.04,0.03,1.0
18708,0.04,0.04,1.0
7043,0.04,0.05,1.0
7740,0.04,0.04,1.0
15506,0.12,0.27,1.0
4121,0.04,0.05,1.0
19503,0.04,0.04,1.01
14677,0.04,0.02,1.0
12968,0.04,0.04,1.0
11553,0.04,0.03,1.0
18856,0.04,0.04,1.0
4464,0.04,0.05,1.0
667,0.04,0.02,1.0
3381,0.04,0.02,1.0
9523,0.04,0.03,1.0
11253,0.04,0.01,0.96
14430,0.05,0.02,1.0
13326,0.04,0.05,1.0
6698,0.04,0.03,1.0
6880,0.04,0.05,1.0
16979,0.04,0.03,1.01
8163,0.04,0.04,1.01
18945,0.04,0.04,1.0
6896,0.06,-0.0,0.95
14013,0.04,0.03,1.0
13787,0.28,0.1,1.21
4019,0.09,0.0,1.01
6919,0.04,0.05,1.0
4593,0.04,0.05,1.0
6057,0.04,0.02,1.0
16183,0.03,0.04,1.0
8857,0.04,0.03,1.01
4433,0.07,0.11,1.0
18322,0.13,-0.02,0.99
7808,0.03,0.05,1.01
5281,0.04,0.04,1.01
11744,0.04,0.02,1.0
5233,0.04,0.04,1.01
4976,0.03,0.05,1.01
10799,-0.01,-0.06000000000000001,1.05
11610,0.04,0.03,1.0
7694,0.04,0.04,1.0
8954,0.04,0.02,1.0
10770,0.03,0.04,1.01
7702,0.02,0.04,1.01
7628,0.04,0.04,1.0
14837,0.04,0.02,1.0
17580,0.04,0.02,1.0
5023,0.04,0.04,1.01
13952,0.04,0.03,1.0
7761,0.02,0.02,1.07
1254,0.04,0.05,1.0
13141,0.04,0.01,1.01
17052,0.04,0.03,1.0
11407,0.04,0.03,1.0
5237,0.03,0.05,1.01
9666,0.04,0.03,1.0
9467,0.04,0.02,1.0
11568,0.04,0.03,1.0
4663,0.04,0.04,1.0
18955,0.04,0.05,1.0
11794,0.04,0.03,1.0
18434,0.02,0.41,0.97
16285,0.03,0.04,1.01
8036,0.04,0.05,1.01
16225,0.04,0.04,1.01
3544,0.09,-0.53,0.79
11370,0.06,0.02,1.01
19468,0.04,0.04,1.01
5386,0.04,0.04,1.0
4874,0.04,0.04,1.0
18901,0.04,0.04,1.0
14118,0.04,0.03,1.0
2052,0.13,0.1,0.96
6586,0.04,0.03,1.0
17242,0.08,0.03,0.99
15244,0.04,0.05,1.0
5178,0.04,0.04,1.01
12462,0.04,0.05,1.0
3803,0.04,0.03,1.0
16902,0.04,0.03,1.0
6578,0.02,0.55,0.9
11195,0.03,0.04,1.01
14547,0.04,0.09,1.0
16954,0.1,0.14,0.95
9145,0.04,0.02,1.0
404,0.04,0.03,1.0
384,0.04,0.03,1.0
9801,-0.19,0.08,1.02
8063,0.04,0.05,1.01
11781,0.1,0.11,1.14
15562,0.04,0.05,1.0
7691,0.04,0.04,1.0
7729,0.04,0.04,1.0
4427,0.04,0.04,1.0
19377,0.01,0.09,1.09
15339,0.05,-0.14,0.99
9455,0.02,0.02,1.01
2197,0.07,0.03,0.98
1017,0.0,0.02,0.95
5549,0.04,0.03,1.0
9,0.04,0.02,1.0
11527,0.26,0.16,0.84
5173,0.04,0.04,1.01
18440,0.14,-0.03,0.97
6228,0.04,0.03,1.0
14460,0.12,0.16,1.06
1583,0.04,0.04,1.0
19109,0.18,0.28,0.97
2803,0.03,-0.52,0.79
15002,0.04,0.03,1.0
5776,0.04,0.03,1.0
8117,0.04,0.04,1.01
16633,0.11,0.08,1.0
6641,0.04,0.02,1.0
5214,0.04,0.05,1.01
5364,0.05,-0.039999999999999994,1.18
540,-0.01,0.02,1.12
8313,0.04,0.03,1.0
3901,0.04,0.02,1.0
15449,0.1,0.04,0.97
10547,0.04,0.04,1.0
668,0.01,0.04,1.0
12591,0.04,0.05,1.0
12533,-0.02,0.1,0.96
1355,0.04,0.05,1.0
15109,0.04,0.03,1.0
7887,0.03,0.12,1.17
9755,0.04,0.05,1.0
3451,0.04,0.03,1.0
9002,0.04,0.02,1.0
13556,0.04,0.04,1.01
10846,0.04,0.05,1.01
6147,0.04,0.02,1.0
6832,0.04,0.03,1.0
17560,0.04,0.02,1.0
13400,0.04,0.04,1.0
15634,0.1,-0.14,0.98
12561,0.04,0.04,1.0
5299,0.03,0.04,1.01
1855,0.04,0.04,1.0
14758,0.03,0.03,1.0
19690,0.04,0.05,1.01
2109,0.04,0.04,1.0
18318,0.04,0.03,0.93
15215,0.02,0.06,1.01
5449,-0.01,0.12,0.96
19113,0.18,0.09,0.93
824,0.04,0.02,1.0
1533,0.04,0.0,1.01
1216,-0.02,0.06,1.09
505,0.0,0.05,0.97
16479,0.03,0.04,1.01
11589,0.07,0.12,0.99
7221,0.04,0.05,1.0
11542,0.04,0.03,1.0
10834,0.03,0.04,1.01
14902,0.04,0.02,1.0
3891,0.05,0.04,1.0
19455,0.04,0.05,1.01
5108,0.03,0.04,1.01
13410,0.03,0.05,1.0
17283,0.14,0.18,0.93
5757,0.04,0.03,1.0
7288,0.04,0.05,1.0
1813,0.04,0.05,1.0
3237,0.04,0.02,1.0
1326,0.05,0.05,1.02
4605,0.04,0.05,1.0
8324,0.04,0.04,1.0
9784,0.04,0.04,1.0
10838,0.04,0.04,1.01
15598,0.04,0.05,1.0
6972,0.04,0.05,1.0
15755,0.04,0.04,1.0
1544,0.04,0.05,1.0
13164,0.04,0.04,1.0
13193,0.07,0.05,1.0
7821,0.02,-0.03,0.96
2544,0.04,0.04,1.01
19138,0.04,0.04,1.0
17166,0.04,0.03,1.0
7454,0.02,0.08,0.99
5225,0.04,0.04,1.01
7535,0.04,0.04,1.0
4630,0.04,0.04,1.0
10066,-0.01,-0.01,0.96
5790,0.03,0.03,1.04
10558,-0.14,0.07,1.08
5089,0.04,0.04,1.01
12782,0.04,0.05,1.0
1064,0.03,0.08,1.09
1169,0.04,0.04,1.0
8517,-0.05,0.06,0.96
12723,0.04,0.05,1.0
4814,0.04,0.04,1.0
9351,0.04,0.02,1.0
5961,0.04,0.02,1.0
18902,0.04,0.04,1.0
2507,0.04,0.05,1.01
4660,0.04,0.04,1.0
4447,0.01,-0.04,1.0
19612,0.02,0.0,1.02
18580,0.04,0.05,1.0
15714,0.04,0.04,1.0
16308,0.1,0.26,1.06
7974,0.03,0.04,1.01
699,0.04,0.03,1.0
19402,0.04,0.05,1.01
15984,0.04,0.04,1.0
9895,0.04,0.05,1.0
16192,0.03,0.04,1.0
13923,0.02,0.08,1.06
15373,0.04,0.05,1.0
2969,0.04,0.02,1.0
16348,0.06,0.020000000000000004,0.99
11999,0.04,0.02,1.0
6146,0.04,0.02,1.0
3570,0.04,0.02,1.0
13815,0.04,0.04,1.0
8170,0.04,0.05,1.01
2147,-0.0,0.06,1.04
5529,0.04,0.03,1.0
5494,0.04,0.03,1.0
19307,0.3,0.06,0.95
17848,0.04,0.03,1.0
16323,0.04,0.04,1.01
3030,0.04,0.03,1.0
6565,0.06,0.49,0.92
13353,0.3,0.08,0.96
729,0.04,0.03,1.0
8431,-0.1,0.06,1.07
8387,0.04,0.03,1.0
412,0.04,0.03,1.0
12992,0.04,0.04,1.0
6266,0.04,0.03,1.0
19010,0.04,0.04,1.0
3382,0.04,0.02,1.0
9927,0.03,0.02,1.07
417,0.04,0.03,1.0
12900,0.04,0.04,1.0
11142,0.04,0.04,1.01
17103,0.04,0.03,1.0
18082,0.04,0.02,1.0
2086,0.04,0.05,1.0
13940,0.04,0.03,1.0
3498,-0.06,-0.12,1.04
6241,0.04,0.03,1.0
12131,0.15,0.01,1.13
19251,0.04,0.04,1.0
4134,0.03,0.04,1.0
15267,0.04,0.04,1.0
6018,0.04,0.02,1.0
8929,0.05,0.07,1.0
5851,0.04,0.03,1.0
2762,-0.01,0.07,0.86
5473,0.03,0.04,1.01
4242,0.04,0.05,1.0
2432,0.06,0.05,1.0
13692,0.11,0.16999999999999998,1.11
7573,0.04,0.04,1.0
853,0.12,0.01,0.88
18148,0.04,0.03,1.0
6432,0.02,0.42,0.94
4950,0.05,0.04,1.03
18165,0.04,0.02,1.0
10789,0.03,0.04,1.0
10400,-0.09,0.0,0.95
11148,0.04,0.04,1.01
2494,-0.0,0.05,1.09
13667,0.04,0.05,1.0
8211,0.04,0.05,1.01
2894,0.04,0.02,1.0
15862,0.04,0.04,1.0
6435,0.03,0.01,0.97
4767,0.03,0.05,1.0
2484,0.06,0.04,0.96
11927,0.04,0.02,1.0
12759,0.04,0.05,1.0
15031,0.08,-0.12,0.93
15082,0.05,0.15,0.91
12964,0.04,0.04,1.0
10674,-0.1,-0.05,1.0
8050,0.04,0.04,1.01
15070,0.04,0.03,1.01
3651,0.04,0.03,1.0
1682,0.04,0.05,1.0
9100,0.04,0.03,1.0
16921,0.04,0.03,1.0
18765,0.2,0.25,0.98
10939,0.04,0.04,1.0
15289,0.12,0.05,1.0
3464,0.05,0.02,1.0
14970,0.04,0.02,1.0
18045,0.0,0.24,1.0
14559,0.16,0.25,0.87
18744,0.04,0.04,1.0
5684,0.02,0.23,1.01
8698,-0.15,0.14,0.91
15194,0.04,0.04,1.0
18697,0.04,0.04,1.0
1083,0.04,0.02,1.0
10389,-0.25,0.25,1.05
1935,0.04,0.05,1.0
1152,0.22,0.0,0.96
6526,0.0,0.56,0.83
9309,0.04,0.03,1.0
16056,0.04,-0.16,0.96
5610,0.05,0.08,1.02
15891,0.04,-0.08,1.02
19015,0.04,0.04,1.0
9312,0.04,0.03,1.0
19762,0.04,0.04,1.01
18820,0.2,0.25,0.95
4780,0.03,0.05,1.0
7533,0.04,0.04,1.0
8914,0.04,0.02,1.0
7852,0.04,0.04,1.0
7725,0.04,0.04,1.0
16998,0.04,0.03,1.0
4411,0.04,0.05,1.0
878,0.04,0.02,1.0
18189,0.03,0.01,1.01
17779,0.0,0.47,0.93
3127,0.04,0.02,1.0
16395,0.04,0.05,1.01
17126,0.04,0.03,1.0
2496,0.03,0.04,1.01
17136,0.04,0.03,1.0
5146,0.04,0.04,1.0
11249,0.09,0.03,1.06
19334,0.04,0.04,1.01
18759,0.14,-0.22,1.07
855,0.09,-0.0,1.01
12512,0.18,0.06,1.04
14907,0.04,0.02,1.0
15190,0.04,0.04,1.0
12439,0.04,0.02,1.0
4818,0.04,0.04,1.0
9143,0.04,0.03,1.0
7364,0.04,0.04,1.0
13811,0.04,0.04,1.01
2373,0.03,0.05,1.01
5149,0.04,0.05,1.01
14102,0.13,-0.3,0.92
9816,0.04,0.05,1.0
12150,0.04,0.02,1.0
6563,0.04,0.2,1.0
18722,0.04,0.04,1.0
6330,-0.01,0.55,0.81
7994,0.04,0.04,1.01
8156,0.04,0.05,1.01
14313,0.05,0.24,0.9
8404,0.04,0.03,1.0
9056,0.04,0.02,1.0
785,0.04,0.02,1.0
14028,0.04,0.03,1.0
1411,0.04,0.05,1.0
12247,0.04,0.03,1.0
18339,0.03,0.06,0.96
3079,0.04,0.02,1.0
12674,0.02,0.05,1.0
4265,-0.05,-0.13,0.95
8285,0.04,0.04,1.01
14699,0.04,0.03,1.0
4074,0.04,0.04,1.0
1899,0.04,0.05,1.0
5911,0.04,0.03,1.0
570,0.04,0.03,1.0
1819,0.04,0.05,1.0
19795,0.03,0.04,1.01
6710,0.04,0.42,0.85
3038,0.04,0.03,1.0
19165,0.08,0.2,0.95
11973,0.04,0.02,1.0
190,0.04,0.03,1.01
700,0.04,0.03,1.0
18791,0.04,0.04,1.0
14248,0.04,0.03,1.0
301,0.05,0.04,1.03
3550,0.03,-0.56,0.77
1062,0.11,0.02,0.99
16229,0.04,0.05,1.01
12275,0.04,0.02,1.0
3574,0.04,0.02,1.0
19254,0.04,0.04,1.01
12227,0.04,0.03,1.0
9185,-0.05,0.08,1.02
8545,0.04,0.03,1.0
12966,0.04,0.05,1.0
4981,0.04,0.04,1.01
14732,0.09,0.08,1.02
10161,0.04,0.05,1.0
8923,0.04,0.02,1.0
6095,0.04,0.02,1.0
10326,0.04,0.05,1.0
7787,0.04,0.04,1.0
17434,0.12,0.02,0.93
18410,0.04,0.04,1.0
6449,0.04,0.02,1.0
12180,0.0,0.04,1.02
9862,0.03,0.01,1.0
3566,0.04,0.03,1.0
16361,0.07,0.12,0.96
16168,0.1,0.1,0.98
7640,0.04,0.04,1.0
19230,0.05,0.04,1.0
14541,0.04,0.02,1.0
8999,0.04,0.03,1.0
10321,0.04,0.05,1.0
4885,0.04,0.04,1.0
12950,0.04,0.04,1.0
5095,0.03,0.05,1.01
1220,0.04,0.05,1.0
15234,0.07,0.03,0.96
4229,0.04,0.05,1.0
6214,-0.1,0.45,0.89
15784,0.04,0.07,0.98
19141,0.04,0.05,1.0
2914,0.04,0.02,1.0
13723,0.04,0.04,1.01
16000,0.08,-0.05,0.95
3024,0.04,0.03,1.0
15965,0.03,0.04,1.0
2204,0.04,0.04,1.01
18283,0.04,0.05,1.0
6087,0.04,0.03,1.0
2562,0.04,0.04,1.0
17384,0.04,0.29,1.03
10904,-0.16,0.04,1.12
6021,0.05,0.41,1.05
14660,0.09,-0.29,0.75
13962,0.04,0.03,1.01
6945,0.07,-0.05,0.96
4822,0.04,0.04,1.0
1156,0.09,0.0,0.98
16947,-0.01,0.39,1.05
11209,0.05,0.04,1.0
8221,0.04,0.04,1.01
11649,0.04,0.02,1.0
7939,0.04,0.04,1.01
16385,0.03,0.04,1.01
5892,0.0,0.04,1.0
2053,0.17,0.09,0.91
14954,0.04,0.02,1.0
13562,0.04,0.04,1.01
18172,0.04,0.02,1.01
10401,-0.09,-0.01,1.03
15868,0.03,0.04,1.0
18447,0.03,0.04,1.0
16282,0.03,0.04,1.01
16050,0.02,0.04,1.0
7325,0.04,0.04,1.0
9090,-0.06,0.15,1.2
9125,0.04,0.02,1.0
1805,0.04,0.04,1.0
5096,0.04,0.04,1.01
12704,0.04,0.04,1.0
2390,0.02,0.06,1.09
6280,0.04,0.02,1.0
9773,0.03,0.05,1.0
1737,0.04,0.04,1.0
2966,0.04,0.02,1.0
13069,0.01,0.1,1.0
9354,0.04,0.02,1.0
1990,0.04,0.05,1.0
7237,0.04,0.02,0.97
16036,0.03,0.04,1.0
2846,0.04,0.02,1.0
18844,0.04,0.04,1.0
17506,0.04,0.02,1.0
13272,0.04,0.05,1.0
10549,0.04,0.05,1.0
16883,0.15,0.3,0.91
13479,0.04,0.05,1.01
1934,0.04,0.05,1.0
197,0.04,0.03,1.0
8662,0.04,0.03,1.0
8931,-0.15,0.06,1.07
2331,0.04,0.05,1.01
4696,0.04,0.04,1.01
14471,0.12,0.06,0.91
13111,0.04,0.04,1.0
202,0.04,0.02,1.0
5331,0.04,0.04,1.01
6312,0.04,0.02,1.0
15740,0.01,0.02,1.11
8213,0.03,0.04,1.01
6397,0.04,0.03,1.0
856,0.04,0.02,1.01
15668,0.03,0.05,1.0
16351,-0.04,0.14,0.79
5097,0.03,0.05,1.01
18883,0.05,0.02,1.0
1639,0.04,0.05,1.0
13338,0.04,0.05,1.0
19478,0.26,0.14,1.01
7285,0.04,0.05,1.0
15599,0.04,0.05,1.0
3425,0.04,0.03,1.0
8921,0.04,0.02,1.0
2002,0.04,0.12,0.98
664,0.04,0.03,1.0
15334,0.04,-0.06,1.0
3939,0.04,0.03,1.0
6012,0.04,0.03,1.0
8356,0.0,0.05,1.14
10713,0.04,0.05,1.0
7510,0.07,0.12,1.0
1308,0.04,0.05,1.0
13165,0.04,0.04,1.0
17505,0.04,0.02,1.0
11631,0.04,0.02,1.0
11565,0.04,0.03,1.0
17957,0.09,0.06,1.02
3794,0.0,-0.39,0.95
15722,0.04,0.04,1.0
2708,0.09,0.04,0.98
12891,0.04,0.05,1.0
18113,0.04,0.03,1.0
11103,0.04,0.04,1.01
12467,0.05,0.05,1.0
12349,0.04,0.03,1.0
11256,0.04,0.03,1.0
17998,0.04,0.23,0.94
1061,0.11,0.01,1.0
1681,0.04,0.04,1.0
7041,0.04,0.04,1.0
8418,0.04,0.03,1.0
16616,0.04,0.04,1.01
14163,0.14,-0.1,0.96
9863,-0.01,-0.0,1.05
19048,0.25,0.28,0.92
17733,0.06,0.08,0.99
19673,0.04,0.05,1.01
206,0.04,0.03,1.0
14468,0.16,0.1,0.89
7663,-0.03,0.08,1.07
503,0.02,0.03,1.09
19213,0.12,0.1,0.84
15563,0.03,0.07,1.01
9070,0.04,0.03,1.0
16744,0.04,0.03,1.0
5477,0.04,0.05,1.01
11076,0.05,0.009999999999999995,1.12
12511,0.12,0.06,0.95
15831,0.04,0.04,1.0
13564,0.03,0.05,1.01
2459,0.03,0.05,1.01
17063,0.04,0.03,1.0
14853,0.04,0.03,1.0
9421,0.04,0.02,1.0
6826,0.04,0.03,1.0
3713,0.04,0.03,1.0
6446,0.05,0.03,1.0
14449,0.04,0.02,1.0
15777,0.04,0.04,1.0
391,0.04,0.04,1.0
7459,0.04,0.04,1.0
5705,0.04,0.02,1.0
17220,0.04,0.03,1.0
2710,0.04,0.02,1.0
2031,0.04,0.05,1.0
2573,0.04,0.05,1.01
8942,-0.29,0.12,0.95
18016,0.04,0.03,1.0
18249,0.04,0.05,1.0
5723,0.04,0.03,1.0
7996,0.04,0.05,1.01
9657,-0.3,0.06,0.9
6990,0.04,0.05,1.0
13964,0.04,0.02,1.0
10470,0.04,0.04,1.0
19063,0.04,0.05,1.0
9592,-0.17,0.09,0.86
1018,0.02,0.04,1.01
8482,0.04,0.03,1.0
13211,0.04,0.05,1.0
997,0.04,0.02,1.0
4590,0.04,0.05,1.0
161,0.04,0.03,1.0
6183,0.04,0.03,1.0
7620,0.04,0.04,1.0
14776,0.15,0.21,1.02
10984,0.04,0.05,1.01
8916,0.04,0.02,1.0
15204,0.04,0.04,1.0
12337,0.08,0.08,1.0
13342,0.05,0.05,1.0
1023,0.04,0.02,1.0
4174,0.04,0.05,1.01
1587,0.04,0.04,1.0
3248,0.04,0.03,1.0
16337,0.04,0.04,1.01
9203,0.04,0.03,1.0
13985,0.2,0.07,0.94
18960,0.04,0.05,1.0
17586,0.09,0.04,1.0
2617,0.04,0.04,1.0
12584,0.11,0.09,0.97
11634,0.04,0.02,1.0
9473,0.04,0.03,1.0
11654,0.04,0.03,1.0
12036,0.37,0.05,0.89
9900,-0.02,0.07,0.95
12122,0.04,0.02,1.0
16298,0.04,-0.06000000000000001,0.89
9957,0.04,0.05,1.0
4110,0.07,-0.11,0.91
3708,0.04,0.03,1.0
13052,0.04,0.04,1.0
19717,0.16,0.15000000000000002,1.07
1269,0.06,0.0,1.01
1903,0.04,0.05,1.0
3075,0.04,0.03,1.0
189,0.04,0.03,1.0
2771,0.04,0.02,1.0
9759,0.04,0.05,1.0
7071,0.05,0.23,0.99
19370,0.16,0.2,0.99
7095,0.05,0.02,1.0
5472,0.03,0.04,1.01
5767,0.04,0.02,1.0
2438,0.06,0.06,1.04
770,0.02,0.05,1.0
1688,0.03,0.05,1.0
9323,0.04,0.03,1.0
17823,-0.09,0.45,1.02
13021,0.03,0.05,1.04
16218,0.03,0.05,1.01
4741,-0.02,-0.04,1.12
18651,0.04,0.05,1.0
6915,0.04,0.06,1.01
12923,0.24,0.02,1.01
13718,0.03,0.05,1.01
5854,0.04,0.03,1.0
862,0.04,0.03,1.0
17594,0.09,0.01,0.9
