,gesture_name
0,0
1,0
2,0
3,0
4,0
5,0
6,0
7,0
8,0
9,0
10,0
11,0
12,0
13,0
14,0
15,0
16,0
17,0
18,0
19,0
20,0
21,0
22,0
23,0
24,0
25,0
26,0
27,0
28,0
29,0
30,0
31,0
32,0
33,0
34,0
35,0
36,0
37,0
38,0
39,0
40,0
41,0
42,0
43,0
44,0
45,0
46,0
47,0
48,0
49,0
50,0
51,0
52,0
53,0
54,0
55,0
56,0
57,0
58,0
59,0
60,0
61,0
62,0
63,0
64,0
65,0
66,0
67,0
68,0
69,0
70,0
71,0
72,0
73,0
74,0
75,0
76,0
77,0
78,0
79,0
80,0
81,0
82,0
83,0
84,0
85,0
86,0
87,0
88,0
89,0
90,0
91,0
92,0
93,0
94,0
95,0
96,0
97,0
98,0
99,0
100,0
101,0
102,0
103,0
104,0
105,0
106,0
107,0
108,0
109,0
110,0
111,0
112,0
113,0
114,0
115,0
116,0
117,0
118,0
119,0
120,0
121,0
122,0
123,0
124,0
125,0
126,0
127,0
128,0
129,0
130,0
131,0
132,0
133,0
134,0
135,0
136,0
137,0
138,0
139,0
140,0
141,0
142,0
143,0
144,0
145,0
146,0
147,0
148,0
149,0
150,0
151,0
152,0
153,0
154,0
155,0
156,0
157,0
158,0
159,0
160,0
161,0
162,0
163,0
164,0
165,0
166,0
167,0
168,0
169,0
170,0
171,0
172,0
173,0
174,0
175,0
176,0
177,0
178,0
179,0
180,0
181,0
182,0
183,0
184,0
185,0
186,0
187,0
188,0
189,0
190,0
191,0
192,0
193,0
194,0
195,0
196,0
197,0
198,0
199,0
200,0
201,0
202,0
203,0
204,0
205,0
206,0
207,0
208,0
209,0
210,0
211,0
212,0
213,0
214,0
215,0
216,0
217,0
218,0
219,0
220,0
221,0
222,0
223,0
224,0
225,0
226,0
227,0
228,0
229,0
230,0
231,0
232,0
233,0
234,0
235,0
236,0
237,0
238,0
239,0
240,0
241,0
242,0
243,0
244,0
245,0
246,0
247,0
248,0
249,0
250,0
251,0
252,0
253,0
254,0
255,0
256,0
257,0
258,0
259,0
260,0
261,0
262,0
263,0
264,0
265,0
266,0
267,0
268,0
269,0
270,0
271,0
272,0
273,0
274,0
275,0
276,0
277,0
278,0
279,0
280,0
281,0
282,0
283,0
284,0
285,0
286,0
287,0
288,0
289,0
290,0
291,0
292,0
293,0
294,0
295,0
296,0
297,0
298,0
299,0
300,0
301,0
302,0
303,0
304,0
305,0
306,0
307,0
308,0
309,0
310,0
311,0
312,0
313,0
314,0
315,0
316,0
317,0
318,0
319,0
320,0
321,0
322,0
323,0
324,0
325,0
326,0
327,0
328,0
329,0
330,0
331,0
332,0
333,0
334,0
335,0
336,0
337,0
338,0
339,0
340,0
341,0
342,0
343,0
344,0
345,0
346,0
347,0
348,0
349,0
350,0
351,0
352,0
353,0
354,0
355,0
356,0
357,0
358,0
359,0
360,0
361,0
362,0
363,0
364,0
365,0
366,0
367,0
368,0
369,0
370,0
371,0
372,0
373,0
374,0
375,0
376,0
377,0
378,0
379,0
380,0
381,0
382,0
383,0
384,0
385,0
386,0
387,0
388,0
389,0
390,0
391,0
392,0
393,0
394,0
395,0
396,0
397,0
398,0
399,0
400,0
401,0
402,0
403,0
404,0
405,0
406,0
407,0
408,0
409,0
410,0
411,0
412,0
413,0
414,0
415,0
416,0
417,0
418,0
419,0
420,0
421,0
422,0
423,0
424,0
425,0
426,0
427,0
428,0
429,0
430,0
431,0
432,0
433,0
434,0
435,0
436,0
437,0
438,0
439,0
440,0
441,0
443,0
444,0
445,0
446,0
447,0
448,0
449,0
450,0
451,0
452,0
453,0
454,0
455,0
456,0
457,0
458,0
459,0
460,0
461,0
462,0
463,0
464,0
465,0
466,0
467,0
468,0
469,0
470,0
471,0
472,0
473,0
474,0
475,0
476,0
477,0
478,0
479,0
480,0
481,0
482,0
483,0
484,0
485,0
486,0
487,0
488,0
489,0
490,0
491,0
492,0
493,0
494,0
495,0
496,0
497,0
498,0
499,0
500,0
501,0
502,0
503,0
504,0
505,0
506,0
507,0
508,0
509,0
510,0
511,0
512,0
513,0
514,0
515,0
516,0
517,0
518,0
519,0
520,0
521,0
522,0
523,0
524,0
525,0
526,0
527,0
528,0
529,0
530,0
531,0
532,0
533,0
534,0
535,0
536,0
537,0
538,0
539,0
540,0
541,0
542,0
543,0
544,0
545,0
546,0
547,0
548,0
549,0
550,0
551,0
552,0
553,0
554,0
555,0
556,0
557,0
558,0
559,0
560,0
561,0
562,0
563,0
564,0
565,0
566,0
567,0
568,0
569,0
570,0
571,0
572,0
573,0
574,0
575,0
576,0
577,0
578,0
579,0
580,0
581,0
582,0
583,0
584,0
585,0
586,0
587,0
588,0
589,0
590,0
591,0
592,0
593,0
594,0
595,0
596,0
597,0
598,0
599,0
600,0
601,0
602,0
603,0
604,0
605,0
606,0
607,0
608,0
609,0
610,0
611,0
612,0
613,0
614,0
615,0
616,0
617,0
618,0
619,0
620,0
621,0
622,0
623,0
624,0
625,0
626,0
627,0
628,0
629,0
630,0
631,0
632,0
633,0
634,0
635,0
636,0
637,0
638,0
639,0
640,0
641,0
642,0
643,0
644,0
645,0
646,0
647,0
648,0
649,0
650,0
651,0
652,0
653,0
654,0
655,0
656,0
657,0
658,0
659,0
660,0
661,0
662,0
663,0
664,0
665,0
666,0
667,0
668,0
669,0
670,0
671,0
672,0
673,0
674,0
675,0
676,0
677,0
678,0
679,0
680,0
681,0
682,0
683,0
684,0
685,0
686,0
687,0
688,0
689,0
690,0
691,0
692,0
693,0
694,0
695,0
696,0
697,0
698,0
699,0
700,0
701,0
702,0
703,0
704,0
705,0
706,0
707,0
708,0
709,0
710,0
711,0
712,0
713,0
714,0
715,0
716,0
717,0
718,0
719,0
720,0
721,0
722,0
723,0
724,0
725,0
726,0
727,0
728,0
729,0
730,0
731,0
732,0
733,0
734,0
735,0
736,0
737,0
738,0
739,0
740,0
741,0
742,0
743,0
744,0
745,0
746,0
747,0
748,0
749,0
750,0
751,0
752,0
753,0
754,0
755,0
756,0
757,0
758,0
759,0
760,0
761,0
762,0
763,0
764,0
765,0
766,0
767,0
768,0
769,0
770,0
771,0
772,0
773,0
774,0
775,0
776,0
777,0
778,0
779,0
780,0
781,0
782,0
783,0
784,0
785,0
786,0
787,0
788,0
789,0
790,0
791,0
792,0
793,0
794,0
795,0
796,0
797,0
798,0
799,0
800,0
801,0
802,0
803,0
804,0
805,0
806,0
807,0
808,0
809,0
810,0
811,0
812,0
813,0
814,0
815,0
816,0
817,0
818,0
819,0
820,0
821,0
822,0
823,0
824,0
825,0
826,0
827,0
828,0
829,0
830,0
831,0
832,0
833,0
834,0
835,0
836,0
837,0
838,0
839,0
840,0
841,0
842,0
843,0
844,0
845,0
846,0
847,0
848,0
849,0
850,0
852,0
853,0
854,0
855,0
856,0
857,0
858,0
859,0
860,0
861,0
862,0
863,0
864,0
865,0
866,0
867,0
868,0
869,0
870,0
871,0
872,0
873,0
874,0
875,0
876,0
877,0
878,0
879,0
880,0
881,0
882,0
883,0
884,0
885,0
886,0
887,0
888,0
889,0
890,0
891,0
892,0
893,0
894,0
895,0
896,0
897,0
898,0
899,0
900,0
901,0
902,0
903,0
904,0
905,0
906,0
907,0
908,0
909,0
910,0
911,0
912,0
913,0
914,0
915,0
916,0
917,0
918,0
919,0
920,0
921,0
922,0
923,0
924,0
925,0
926,0
927,0
928,0
929,0
930,0
931,0
932,0
933,0
934,0
935,0
936,0
937,0
938,0
939,0
940,0
941,0
942,0
943,0
944,0
945,0
946,0
947,0
948,0
949,0
950,0
951,0
952,0
953,0
954,0
955,0
956,0
957,0
958,0
959,0
960,0
961,0
962,0
963,0
964,0
965,0
966,0
967,0
968,0
969,0
970,0
971,0
972,0
973,0
974,0
975,0
976,0
977,0
978,0
979,0
980,0
981,0
982,0
983,0
984,0
985,0
986,0
987,0
988,0
989,0
990,0
991,0
992,0
993,0
994,0
995,0
996,0
997,0
998,0
999,0
1000,0
1001,0
1002,0
1003,0
1004,0
1005,0
1006,0
1007,0
1008,0
1009,0
1010,0
1011,0
1012,0
1013,0
1014,0
1015,0
1016,0
1017,0
1018,0
1019,0
1020,0
1021,0
1022,0
1023,0
1024,0
1025,0
1026,0
1027,0
1028,0
1029,0
1030,0
1031,0
1032,0
1033,0
1034,0
1035,0
1036,0
1037,0
1038,0
1039,0
1040,0
1041,0
1042,0
1043,0
1044,0
1045,0
1046,0
1047,0
1048,0
1049,0
1050,0
1051,0
1052,0
1053,0
1054,0
1055,0
1056,0
1057,0
1058,0
1059,0
1060,0
1061,0
1062,0
1063,0
1064,0
1065,0
1066,0
1067,0
1068,0
1069,0
1070,0
1071,0
1072,0
1073,0
1074,0
1075,0
1076,0
1077,0
1078,0
1079,0
1080,0
1081,0
1082,0
1083,0
1084,0
1085,0
1086,0
1087,0
1088,0
1089,0
1090,0
1091,0
1092,0
1093,0
1094,0
1095,0
1096,0
1097,0
1098,0
1099,0
1100,0
1101,0
1102,0
1103,0
1104,0
1105,0
1106,0
1107,0
1108,0
1109,0
1110,0
1111,0
1112,0
1113,0
1114,0
1115,0
1116,0
1117,0
1118,0
1119,0
1120,0
1121,0
1122,0
1123,0
1124,0
1125,0
1126,0
1127,0
1128,0
1129,0
1130,0
1131,0
1132,0
1133,0
1134,0
1135,0
1136,0
1137,0
1138,0
1139,0
1140,0
1141,0
1142,0
1143,0
1144,0
1145,0
1146,0
1147,0
1148,0
1149,0
1150,0
1151,0
1152,0
1153,0
1154,0
1155,0
1156,0
1157,0
1158,0
1159,0
1160,0
1161,0
1162,0
1163,0
1164,0
1165,0
1166,0
1167,0
1168,0
1169,0
1170,0
1171,0
1172,0
1173,0
1174,0
1175,0
1176,0
1177,0
1178,0
1179,0
1180,0
1181,0
1182,0
1183,0
1184,0
1185,0
1186,0
1187,0
1188,0
1189,0
1190,0
1191,0
1192,0
1193,0
1194,0
1195,0
1196,0
1197,0
1198,0
1199,0
1200,0
1201,0
1202,0
1203,0
1204,0
1205,0
1206,0
1207,0
1208,0
1209,0
1210,0
1211,0
1212,0
1213,0
1214,0
1215,0
1216,0
1217,0
1218,0
1219,0
1220,0
1221,0
1222,0
1223,0
1224,0
1225,0
1226,0
1227,0
1228,0
1229,0
1230,0
1231,0
1232,0
1233,0
1234,0
1235,0
1236,0
1237,0
1238,0
1239,0
1240,0
1241,0
1242,0
1243,0
1244,0
1245,0
1246,0
1247,0
1248,0
1249,0
1250,0
1251,0
1252,0
1253,0
1254,0
1255,0
1256,0
1257,0
1258,0
1259,0
1260,0
1261,0
1262,0
1263,0
1264,0
1265,0
1266,0
1267,0
1268,0
1269,0
1270,0
1271,0
1272,0
1273,0
1274,0
1275,0
1276,0
1277,0
1278,0
1279,0
1280,0
1281,0
1282,0
1283,0
1284,0
1285,0
1286,0
1287,0
1288,0
1289,0
1290,0
1291,0
1292,0
1293,0
1294,0
1295,0
1296,0
1297,0
1298,0
1299,0
1300,0
1301,0
1302,0
1303,0
1304,0
1305,0
1306,0
1307,0
1308,0
1309,0
1310,0
1311,0
1312,0
1313,0
1314,0
1315,0
1316,0
1317,0
1318,0
1319,0
1320,0
1321,0
1322,0
1323,0
1324,0
1325,0
1326,0
1327,0
1328,0
1329,0
1330,0
1331,0
1332,0
1333,0
1334,0
1335,0
1336,0
1337,0
1338,0
1339,0
1340,0
1341,0
1342,0
1343,0
1344,0
1345,0
1346,0
1347,0
1348,0
1349,0
1350,0
1351,0
1352,0
1353,0
1354,0
1355,0
1356,0
1357,0
1358,0
1359,0
1360,0
1361,0
1362,0
1363,0
1364,0
1365,0
1366,0
1367,0
1368,0
1369,0
1370,0
1371,0
1372,0
1373,0
1374,0
1375,0
1376,0
1377,0
1378,0
1379,0
1380,0
1381,0
1382,0
1383,0
1384,0
1385,0
1386,0
1387,0
1388,0
1389,0
1390,0
1391,0
1392,0
1393,0
1394,0
1395,0
1396,0
1397,0
1398,0
1399,0
1400,0
1401,0
1402,0
1403,0
1404,0
1405,0
1406,0
1407,0
1408,0
1409,0
1410,0
1411,0
1412,0
1413,0
1414,0
1415,0
1416,0
1417,0
1418,0
1419,0
1420,0
1421,0
1422,0
1423,0
1424,0
1425,0
1426,0
1427,0
1428,0
1429,0
1430,0
1431,0
1432,0
1433,0
1434,0
1435,0
1436,0
1437,0
1438,0
1439,0
1440,0
1441,0
1442,0
1443,0
1444,0
1445,0
1446,0
1447,0
1448,0
1449,0
1450,0
1451,0
1452,0
1453,0
1454,0
1455,0
1456,0
1457,0
1458,0
1459,0
1460,0
1461,0
1462,0
1463,0
1464,0
1465,0
1466,0
1467,0
1468,0
1469,0
1470,0
1471,0
1472,0
1473,0
1474,0
1475,0
1476,0
1477,0
1478,0
1479,0
1480,0
1481,0
1482,0
1483,0
1484,0
1485,0
1486,0
1487,0
1488,0
1489,0
1490,0
1491,0
1492,0
1493,0
1494,0
1495,0
1496,0
1497,0
1498,0
1499,0
1500,0
1501,0
1502,0
1503,0
1504,0
1505,0
1506,0
1507,0
1508,0
1509,0
1510,0
1511,0
1512,0
1513,0
1514,0
1515,0
1516,0
1517,0
1518,0
1519,0
1520,0
1521,0
1522,0
1523,0
1524,0
1525,0
1526,0
1527,0
1528,0
1529,0
1530,0
1531,0
1532,0
1533,0
1534,0
1535,0
1536,0
1537,0
1538,0
1539,0
1540,0
1541,0
1542,0
1543,0
1544,0
1545,0
1546,0
1547,0
1548,0
1549,0
1550,0
1551,0
1552,0
1553,0
1554,0
1555,0
1556,0
1557,0
1558,0
1559,0
1560,0
1561,0
1562,0
1563,0
1564,0
1565,0
1566,0
1567,0
1568,0
1569,0
1570,0
1571,0
1572,0
1573,0
1574,0
1575,0
1576,0
1577,0
1578,0
1579,0
1580,0
1581,0
1582,0
1583,0
1584,0
1585,0
1586,0
1587,0
1588,0
1589,0
1590,0
1591,0
1592,0
1593,0
1594,0
1595,0
1596,0
1597,0
1598,0
1599,0
1600,0
1601,0
1602,0
1603,0
1604,0
1605,0
1606,0
1607,0
1609,0
1610,0
1611,0
1612,0
1613,0
1614,0
1615,0
1616,0
1617,0
1618,0
1619,0
1620,0
1621,0
1622,0
1623,0
1624,0
1625,0
1626,0
1627,0
1628,0
1629,0
1630,0
1631,0
1632,0
1633,0
1634,0
1635,0
1636,0
1637,0
1638,0
1639,0
1640,0
1641,0
1642,0
1643,0
1644,0
1645,0
1646,0
1647,0
1648,0
1649,0
1650,0
1651,0
1652,0
1653,0
1654,0
1655,0
1656,0
1657,0
1658,0
1659,0
1660,0
1661,0
1662,0
1663,0
1664,0
1665,0
1666,0
1667,0
1668,0
1669,0
1670,0
1671,0
1672,0
1673,0
1674,0
1675,0
1676,0
1677,0
1678,0
1679,0
1680,0
1681,0
1682,0
1683,0
1684,0
1685,0
1686,0
1687,0
1688,0
1689,0
1690,0
1691,0
1692,0
1693,0
1694,0
1695,0
1696,0
1697,0
1698,0
1699,0
1700,0
1701,0
1702,0
1703,0
1704,0
1705,0
1706,0
1707,0
1708,0
1709,0
1710,0
1711,0
1712,0
1713,0
1714,0
1715,0
1716,0
1717,0
1718,0
1719,0
1720,0
1721,0
1722,0
1723,0
1724,0
1725,0
1726,0
1727,0
1728,0
1729,0
1730,0
1731,0
1732,0
1733,0
1734,0
1735,0
1736,0
1737,0
1738,0
1739,0
1740,0
1741,0
1742,0
1743,0
1744,0
1745,0
1746,0
1747,0
1748,0
1749,0
1750,0
1751,0
1752,0
1753,0
1754,0
1755,0
1756,0
1757,0
1758,0
1759,0
1760,0
1761,0
1762,0
1763,0
1764,0
1765,0
1766,0
1767,0
1768,0
1769,0
1770,0
1771,0
1772,0
1773,0
1774,0
1775,0
1776,0
1777,0
1778,0
1779,0
1780,0
1781,0
1782,0
1783,0
1784,0
1785,0
1786,0
1787,0
1788,0
1789,0
1790,0
1791,0
1792,0
1793,0
1794,0
1795,0
1796,0
1797,0
1798,0
1799,0
1800,0
1801,0
1802,0
1803,0
1804,0
1805,0
1806,0
1807,0
1808,0
1809,0
1810,0
1811,0
1812,0
1813,0
1814,0
1815,0
1816,0
1817,0
1818,0
1819,0
1820,0
1821,0
1822,0
1823,0
1824,0
1825,0
1826,0
1827,0
1828,0
1829,0
1830,0
1831,0
1832,0
1833,0
1834,0
1835,0
1836,0
1837,0
1838,0
1839,0
1840,0
1841,0
1842,0
1843,0
1844,0
1845,0
1846,0
1847,0
1848,0
1849,0
1850,0
1851,0
1852,0
1853,0
1854,0
1855,0
1856,0
1857,0
1858,0
1859,0
1860,0
1861,0
1862,0
1863,0
1864,0
1865,0
1866,0
1867,0
1868,0
1869,0
1870,0
1871,0
1872,0
1873,0
1874,0
1875,0
1876,0
1877,0
1878,0
1879,0
1880,0
1881,0
1882,0
1883,0
1884,0
1885,0
1886,0
1887,0
1888,0
1889,0
1890,0
1891,0
1892,0
1893,0
1894,0
1896,0
1897,0
1898,0
1899,0
1900,0
1901,0
1902,0
1903,0
1904,0
1905,0
1906,0
1907,0
1908,0
1909,0
1910,0
1911,0
1912,0
1913,0
1914,0
1915,0
1916,0
1917,0
1918,0
1919,0
1920,0
1921,0
1922,0
1923,0
1924,0
1925,0
1926,0
1927,0
1928,0
1929,0
1930,0
1931,0
1932,0
1933,0
1934,0
1935,0
1936,0
1937,0
1938,0
1939,0
1940,0
1941,0
1942,0
1943,0
1944,0
1945,0
1946,0
1947,0
1948,0
1949,0
1950,0
1951,0
1952,0
1953,0
1954,0
1955,0
1956,0
1957,0
1958,0
1959,0
1960,0
1961,0
1962,0
1963,0
1964,0
1965,0
1966,0
1967,0
1968,0
1969,0
1970,0
1971,0
1972,0
1973,0
1974,0
1975,0
1976,0
1977,0
1978,0
1979,0
1980,0
1981,0
1982,0
1983,0
1984,0
1985,0
1986,0
1987,0
1988,0
1989,0
1990,0
1991,0
1992,0
1993,0
1994,0
1995,0
1996,0
1997,0
1998,0
1999,0
2000,0
2001,0
2002,0
2003,0
2004,0
2005,0
2006,0
2007,0
2008,0
2009,0
2010,0
2011,0
2012,0
2013,0
2014,0
2015,0
2016,0
2017,0
2018,0
2019,0
2020,0
2021,0
2022,0
2023,0
2024,0
2025,0
2026,0
2027,0
2028,0
2029,0
2030,0
2031,0
2032,0
2033,0
2034,0
2035,0
2036,0
2037,0
2038,0
2039,0
2040,0
2041,0
2042,0
2043,0
2044,0
2045,0
2046,0
2047,0
2048,0
2049,0
2050,0
2051,0
2052,0
2053,0
2054,0
2055,0
2056,0
2057,0
2058,0
2059,0
2060,0
2061,0
2062,0
2063,0
2064,0
2065,0
2066,0
2067,0
2068,0
2069,0
2070,0
2071,0
2072,0
2073,0
2074,0
2075,0
2076,0
2077,0
2078,0
2079,0
2080,0
2081,0
2082,0
2083,0
2084,0
2085,0
2086,0
2087,0
2088,0
2089,0
2090,0
2091,0
2092,0
2093,0
2094,0
2095,0
2096,0
2097,0
2098,0
2099,0
2100,0
2101,0
2102,0
2103,0
2104,0
2105,0
2106,0
2107,0
2108,0
2109,0
2110,0
2111,0
2112,0
2113,0
2114,0
2115,0
2116,0
2117,0
2118,0
2119,0
2120,0
2121,0
2122,0
2123,0
2124,0
2125,0
2126,0
2127,0
2128,0
2129,0
2130,0
2131,0
2132,0
2133,0
2134,0
2135,0
2136,0
2137,0
2138,0
2139,0
2140,0
2141,0
2142,0
2143,0
2144,0
2145,0
2146,0
2147,0
2148,0
2149,0
2150,0
2151,0
2152,0
2153,0
2154,0
2155,0
2156,0
2157,0
2158,0
2159,0
2160,0
2161,0
2162,0
2163,0
2164,0
2165,0
2166,0
2167,0
2168,0
2169,0
2170,0
2171,0
2172,0
2173,0
2174,0
2175,0
2176,0
2177,0
2178,0
2179,0
2180,0
2181,0
2182,0
2183,0
2184,0
2185,0
2186,0
2187,0
2188,0
2189,0
2190,0
2191,0
2192,0
2193,0
2194,0
2195,0
2196,0
2197,0
2198,0
2199,0
2200,0
2201,0
2202,0
2203,0
2204,0
2205,0
2206,0
2207,0
2208,0
2209,0
2210,0
2211,0
2212,0
2213,0
2214,0
2215,0
2216,0
2217,0
2218,0
2219,0
2220,0
2221,0
2222,0
2223,0
2224,0
2225,0
2226,0
2227,0
2228,0
2229,0
2230,0
2231,0
2232,0
2233,0
2234,0
2235,0
2236,0
2237,0
2238,0
2239,0
2240,0
2241,0
2242,0
2243,0
2244,0
2245,0
2246,0
2247,0
2248,0
2249,0
2250,0
2251,0
2252,0
2253,0
2254,0
2255,0
2256,0
2257,0
2258,0
2259,0
2260,0
2261,0
2262,0
2263,0
2264,0
2265,0
2266,0
2267,0
2268,0
2269,0
2270,0
2271,0
2272,0
2273,0
2274,0
2275,0
2276,0
2277,0
2278,0
2279,0
2280,0
2281,0
2282,0
2283,0
2284,0
2285,0
2286,0
2287,0
2288,0
2289,0
2290,0
2291,0
2292,0
2293,0
2294,0
2295,0
2296,0
2297,0
2298,0
2299,0
2300,0
2301,0
2302,0
2303,0
2304,0
2305,0
2306,0
2307,0
2308,0
2309,0
2310,0
2311,0
2312,0
2313,0
2314,0
2315,0
2316,0
2317,0
2318,0
2319,0
2320,0
2321,0
2322,0
2323,0
2324,0
2325,0
2326,0
2327,0
2328,0
2329,0
2330,0
2331,0
2332,0
2333,0
2334,0
2335,0
2336,0
2337,0
2338,0
2339,0
2340,0
2341,0
2342,0
2343,0
2344,0
2346,0
2347,0
2348,0
2349,0
2350,0
2351,0
2352,0
2353,0
2354,0
2355,0
2356,0
2357,0
2358,0
2359,0
2360,0
2361,0
2362,0
2363,0
2364,0
2365,0
2366,0
2367,0
2368,0
2369,0
2370,0
2371,0
2372,0
2373,0
2374,0
2375,0
2376,0
2377,0
2378,0
2379,0
2380,0
2381,0
2382,0
2383,0
2384,0
2385,0
2386,0
2387,0
2388,0
2389,0
2390,0
2391,0
2392,0
2393,0
2394,0
2395,0
2396,0
2397,0
2398,0
2399,0
2400,0
2401,0
2402,0
2403,0
2404,0
2405,0
2406,0
2407,0
2408,0
2409,0
2410,0
2411,0
2412,0
2413,0
2414,0
2415,0
2416,0
2417,0
2418,0
2419,0
2420,0
2421,0
2422,0
2423,0
2424,0
2425,0
2426,0
2427,0
2428,0
2429,0
2430,0
2431,0
2432,0
2433,0
2434,0
2435,0
2436,0
2437,0
2438,0
2439,0
2440,0
2441,0
2442,0
2443,0
2444,0
2445,0
2446,0
2447,0
2448,0
2449,0
2450,0
2451,0
2452,0
2453,0
2454,0
2455,0
2456,0
2457,0
2458,0
2459,0
2460,0
2461,0
2462,0
2463,0
2464,0
2465,0
2466,0
2467,0
2468,0
2469,0
2470,0
2471,0
2472,0
2473,0
2474,0
2475,0
2476,0
2477,0
2478,0
2479,0
2480,0
2481,0
2482,0
2483,0
2484,0
2485,0
2486,0
2487,0
2488,0
2489,0
2490,0
2491,0
2492,0
2493,0
2494,0
2495,0
2496,0
2497,0
2498,0
2499,0
2500,0
2501,0
2502,0
2503,0
2504,0
2505,0
2506,0
2507,0
2508,0
2509,0
2510,0
2511,0
2512,0
2513,0
2514,0
2515,0
2516,0
2517,0
2518,0
2519,0
2520,0
2521,0
2522,0
2523,0
2524,0
2525,0
2526,0
2527,0
2528,0
2529,0
2530,0
2531,0
2532,0
2533,0
2534,0
2535,0
2536,0
2537,0
2538,0
2539,0
2540,0
2541,0
2542,0
2543,0
2544,0
2545,0
2546,0
2547,0
2548,0
2549,0
2550,0
2551,0
2552,0
2553,0
2554,0
2555,0
2556,0
2557,0
2558,0
2559,0
2560,0
2561,0
2562,0
2563,0
2564,0
2565,0
2566,0
2567,0
2568,0
2569,0
2570,0
2571,0
2572,0
2573,0
2574,0
2575,0
2576,0
2577,0
2578,0
2579,0
2580,0
2581,0
2582,0
2583,0
2584,0
2585,0
2586,0
2587,0
2588,0
2589,0
2590,0
2591,0
2592,0
2593,0
2594,0
2595,0
2596,0
2597,0
2598,0
2599,0
2600,0
2601,0
2602,0
2603,0
2604,0
2605,0
2606,0
2607,0
2608,0
2609,0
2610,0
2611,0
2612,0
2613,0
2614,0
2615,0
2616,0
2617,0
2618,0
2619,0
2620,0
2621,0
2622,0
2623,0
2624,0
2625,0
2626,0
2627,0
2628,0
2629,0
2630,0
2631,0
2632,0
2633,0
2634,0
2635,0
2636,0
2637,0
2638,0
2639,0
2640,0
2643,0
2644,0
2645,0
2646,0
2647,0
2648,0
2649,0
2650,0
2651,0
2652,0
2653,0
2654,0
2655,0
2656,0
2657,0
2658,0
2659,0
2660,0
2661,0
2662,0
2663,0
2664,0
2665,0
2666,0
2667,0
2668,0
2669,0
2670,0
2671,0
2672,0
2673,0
2674,0
2675,0
2676,0
2677,1
2678,1
2679,1
2680,1
2681,1
2682,1
2683,1
2684,1
2685,1
2686,1
2687,1
2688,1
2689,1
2690,1
2698,1
2700,1
2701,1
2702,1
2703,1
2704,1
2705,1
2706,1
2707,1
2708,1
2709,1
2710,1
2711,1
2712,1
2713,1
2714,1
2715,1
2716,1
2717,1
2718,1
2719,1
2720,1
2721,1
2722,1
2723,1
2724,1
2725,1
2726,1
2727,1
2728,1
2729,1
2730,1
2731,1
2732,1
2733,1
2734,1
2735,1
2736,1
2737,1
2738,1
2739,1
2740,1
2741,1
2742,1
2743,1
2744,1
2745,1
2746,1
2747,1
2757,1
2758,1
2759,1
2760,1
2761,1
2762,1
2763,1
2764,1
2765,1
2766,1
2767,1
2768,1
2769,1
2770,1
2771,1
2772,1
2773,1
2774,1
2775,1
2776,1
2777,1
2778,1
2779,1
2780,1
2781,1
2782,1
2783,1
2784,1
2785,1
2786,1
2787,1
2788,1
2789,1
2790,1
2791,1
2792,1
2793,1
2794,1
2795,1
2796,1
2797,1
2798,1
2799,1
2800,1
2801,1
2802,1
2803,1
2815,1
2816,1
2817,1
2818,1
2819,1
2820,1
2821,1
2822,1
2823,1
2824,1
2825,1
2826,1
2827,1
2828,1
2829,1
2830,1
2831,1
2832,1
2833,1
2834,1
2835,1
2836,1
2837,1
2838,1
2839,1
2840,1
2841,1
2842,1
2843,1
2844,1
2845,1
2846,1
2847,1
2848,1
2849,1
2850,1
2851,1
2852,1
2853,1
2854,1
2855,1
2856,1
2857,1
2858,1
2859,1
2860,1
2861,1
2862,1
2873,1
2874,1
2875,1
2876,1
2877,1
2878,1
2879,1
2880,1
2881,1
2882,1
2883,1
2884,1
2885,1
2886,1
2887,1
2888,1
2889,1
2890,1
2891,1
2892,1
2893,1
2894,1
2895,1
2896,1
2897,1
2898,1
2899,1
2900,1
2901,1
2902,1
2903,1
2904,1
2905,1
2906,1
2907,1
2908,1
2909,1
2910,1
2911,1
2912,1
2913,1
2914,1
2915,1
2916,1
2917,1
2918,1
2929,1
2930,1
2931,1
2932,1
2933,1
2934,1
2935,1
2936,1
2937,1
2938,1
2939,1
2940,1
2941,1
2942,1
2943,1
2944,1
2945,1
2946,1
2947,1
2948,1
2949,1
2950,1
2951,1
2952,1
2953,1
2954,1
2955,1
2956,1
2957,1
2958,1
2959,1
2960,1
2961,1
2962,1
2963,1
2964,1
2965,1
2966,1
2967,1
2968,1
2969,1
2970,1
2971,1
2972,1
2973,1
2974,1
2976,1
2984,1
2985,1
2986,1
2987,1
2988,1
2989,1
2990,1
2991,1
2992,1
2993,1
2994,1
2995,1
2996,1
2997,1
2998,1
2999,1
3000,1
3001,1
3002,1
3003,1
3004,1
3005,1
3006,1
3007,1
3008,1
3009,1
3010,1
3011,1
3012,1
3013,1
3014,1
3015,1
3016,1
3017,1
3018,1
3019,1
3020,1
3021,1
3022,1
3023,1
3024,1
3025,1
3026,1
3027,1
3028,1
3029,1
3030,1
3031,1
3032,1
3033,1
3034,1
3035,1
3036,1
3037,1
3038,1
3039,1
3040,1
3041,1
3042,1
3043,1
3044,1
3045,1
3046,1
3047,1
3048,1
3049,1
3050,1
3051,1
3058,1
3059,1
3060,1
3061,1
3063,1
3064,1
3065,1
3066,1
3067,1
3068,1
3069,1
3070,1
3071,1
3072,1
3073,1
3074,1
3075,1
3076,1
3077,1
3078,1
3079,1
3080,1
3081,1
3082,1
3083,1
3084,1
3085,1
3086,1
3087,1
3088,1
3089,1
3090,1
3091,1
3092,1
3093,1
3094,1
3095,1
3102,1
3103,1
3104,1
3105,1
3106,1
3107,1
3108,1
3109,1
3110,1
3111,1
3112,1
3113,1
3114,1
3115,1
3116,1
3117,1
3118,1
3119,1
3120,1
3121,1
3122,1
3123,1
3124,1
3125,1
3126,1
3127,1
3128,1
3129,1
3130,1
3131,1
3132,1
3133,1
3134,1
3135,1
3136,1
3145,1
3146,1
3147,1
3148,1
3149,1
3150,1
3151,1
3152,1
3153,1
3154,1
3155,1
3156,1
3157,1
3158,1
3159,1
3160,1
3161,1
3162,1
3163,1
3164,1
3165,1
3166,1
3167,1
3168,1
3169,1
3170,1
3171,1
3172,1
3173,1
3174,1
3175,1
3176,1
3177,1
3178,1
3179,1
3186,1
3187,1
3188,1
3190,1
3191,1
3192,1
3193,1
3194,1
3195,1
3196,1
3197,1
3198,1
3199,1
3200,1
3201,1
3202,1
3203,1
3204,1
3205,1
3206,1
3207,1
3208,1
3209,1
3210,1
3211,1
3212,1
3213,1
3214,1
3215,1
3216,1
3217,1
3218,1
3219,1
3220,1
3221,1
3222,1
3223,1
3229,1
3230,1
3231,1
3232,1
3233,1
3234,1
3235,1
3236,1
3237,1
3238,1
3239,1
3240,1
3241,1
3242,1
3243,1
3244,1
3245,1
3246,1
3247,1
3248,1
3249,1
3250,1
3251,1
3252,1
3253,1
3254,1
3255,1
3256,1
3257,1
3258,1
3259,1
3260,1
3261,1
3262,1
3263,1
3264,1
3272,1
3273,1
3274,1
3275,1
3276,1
3277,1
3278,1
3279,1
3280,1
3281,1
3282,1
3283,1
3284,1
3285,1
3286,1
3287,1
3288,1
3289,1
3290,1
3291,1
3292,1
3293,1
3294,1
3295,1
3296,1
3297,1
3298,1
3299,1
3300,1
3301,1
3302,1
3303,1
3304,1
3305,1
3306,1
3307,1
3308,1
3309,1
3310,1
3311,1
3312,1
3318,1
3319,1
3320,1
3321,1
3322,1
3323,1
3324,1
3325,1
3326,1
3327,1
3328,1
3329,1
3330,1
3331,1
3332,1
3333,1
3334,1
3335,1
3336,1
3337,1
3338,1
3339,1
3340,1
3341,1
3342,1
3343,1
3344,1
3345,1
3346,1
3347,1
3348,1
3349,1
3350,1
3351,1
3352,1
3359,1
3360,1
3361,1
3362,1
3364,1
3365,1
3366,1
3367,1
3368,1
3369,1
3370,1
3371,1
3372,1
3373,1
3374,1
3375,1
3376,1
3377,1
3378,1
3379,1
3380,1
3381,1
3382,1
3383,1
3384,1
3385,1
3386,1
3387,1
3388,1
3389,1
3390,1
3391,1
3392,1
3393,1
3394,1
3395,1
3396,1
3397,1
3404,1
3405,1
3406,1
3407,1
3408,1
3409,1
3410,1
3411,1
3412,1
3413,1
3414,1
3415,1
3416,1
3417,1
3418,1
3419,1
3420,1
3421,1
3422,1
3423,1
3424,1
3425,1
3426,1
3427,1
3428,1
3429,1
3430,1
3431,1
3432,1
3433,1
3434,1
3435,1
3436,1
3437,1
3438,1
3439,1
3440,1
3441,1
3442,1
3443,1
3444,1
3445,1
3446,1
3447,1
3448,1
3449,1
3450,1
3451,1
3452,1
3453,1
3454,1
3455,1
3456,1
3457,1
3458,1
3459,1
3460,1
3461,1
3462,1
3463,1
3464,1
3465,1
3466,1
3467,1
3468,1
3469,1
3470,1
3471,1
3472,1
3473,1
3474,1
3475,1
3476,1
3477,1
3478,1
3479,1
3480,1
3481,1
3482,1
3483,1
3484,1
3485,1
3486,1
3487,1
3488,1
3489,1
3490,1
3491,1
3496,1
3497,1
3498,1
3499,1
3500,1
3501,1
3502,1
3503,1
3504,1
3505,1
3506,1
3507,1
3508,1
3509,1
3510,1
3511,1
3512,1
3513,1
3514,1
3515,1
3516,1
3517,1
3518,1
3519,1
3520,1
3521,1
3522,1
3523,1
3524,1
3525,1
3526,1
3527,1
3528,1
3529,1
3530,1
3531,1
3532,1
3533,1
3534,1
3535,1
3536,1
3537,1
3538,1
3539,1
3540,1
3541,1
3542,1
3543,1
3544,1
3550,1
3551,1
3552,1
3553,1
3554,1
3555,1
3556,1
3557,1
3558,1
3559,1
3560,1
3561,1
3562,1
3563,1
3564,1
3565,1
3566,1
3567,1
3568,1
3569,1
3570,1
3571,1
3572,1
3573,1
3574,1
3575,1
3576,1
3577,1
3578,1
3579,1
3580,1
3581,1
3582,1
3583,1
3584,1
3585,1
3587,1
3588,1
3589,1
3590,1
3591,1
3598,1
3599,1
3600,1
3601,1
3602,1
3603,1
3604,1
3605,1
3606,1
3607,1
3608,1
3609,1
3610,1
3611,1
3612,1
3613,1
3614,1
3615,1
3616,1
3617,1
3618,1
3619,1
3620,1
3621,1
3622,1
3623,1
3624,1
3625,1
3626,1
3627,1
3628,1
3629,1
3630,1
3631,1
3632,1
3633,1
3634,1
3635,1
3636,1
3637,1
3646,1
3647,1
3648,1
3649,1
3650,1
3651,1
3652,1
3653,1
3654,1
3655,1
3656,1
3657,1
3658,1
3659,1
3660,1
3661,1
3662,1
3663,1
3664,1
3665,1
3666,1
3667,1
3668,1
3669,1
3670,1
3671,1
3672,1
3673,1
3674,1
3675,1
3676,1
3677,1
3678,1
3679,1
3680,1
3681,1
3682,1
3683,1
3684,1
3685,1
3686,1
3694,1
3695,1
3696,1
3697,1
3698,1
3699,1
3700,1
3701,1
3702,1
3703,1
3704,1
3705,1
3706,1
3707,1
3708,1
3709,1
3710,1
3711,1
3712,1
3713,1
3714,1
3715,1
3716,1
3717,1
3718,1
3719,1
3720,1
3721,1
3722,1
3723,1
3724,1
3725,1
3726,1
3727,1
3728,1
3729,1
3730,1
3732,1
3733,1
3734,1
3735,1
3736,1
3744,1
3745,1
3746,1
3747,1
3748,1
3749,1
3750,1
3751,1
3752,1
3753,1
3754,1
3755,1
3756,1
3757,1
3758,1
3759,1
3760,1
3761,1
3762,1
3763,1
3764,1
3765,1
3766,1
3767,1
3768,1
3769,1
3770,1
3771,1
3772,1
3773,1
3774,1
3775,1
3776,1
3777,1
3778,1
3779,1
3780,1
3781,1
3782,1
3783,1
3784,1
3785,1
3793,1
3794,1
3795,1
3796,1
3797,1
3798,1
3799,1
3800,1
3801,1
3802,1
3803,1
3804,1
3805,1
3806,1
3807,1
3808,1
3809,1
3810,1
3811,1
3812,1
3813,1
3814,1
3815,1
3816,1
3817,1
3818,1
3819,1
3820,1
3821,1
3822,1
3823,1
3824,1
3825,1
3826,1
3827,1
3828,1
3829,1
3830,1
3831,1
3832,1
3841,1
3842,1
3843,1
3844,1
3845,1
3846,1
3847,1
3848,1
3849,1
3850,1
3851,1
3852,1
3853,1
3854,1
3855,1
3856,1
3857,1
3858,1
3859,1
3860,1
3861,1
3862,1
3863,1
3864,1
3865,1
3866,1
3867,1
3868,1
3869,1
3870,1
3871,1
3872,1
3873,1
3874,1
3875,1
3876,1
3877,1
3878,1
3879,1
3887,1
3888,1
3889,1
3890,1
3891,1
3892,1
3893,1
3894,1
3895,1
3896,1
3897,1
3898,1
3899,1
3900,1
3901,1
3902,1
3903,1
3904,1
3905,1
3906,1
3907,1
3908,1
3909,1
3910,1
3911,1
3912,1
3913,1
3914,1
3915,1
3916,1
3917,1
3918,1
3919,1
3920,1
3921,1
3922,1
3932,1
3933,1
3934,1
3935,1
3936,1
3937,1
3938,1
3939,1
3940,1
3941,1
3942,1
3943,1
3944,1
3945,1
3946,1
3947,1
3948,1
3949,1
3950,1
3951,1
3952,1
3953,1
3954,1
3955,1
3956,1
3957,1
3958,1
3959,1
3960,1
3961,1
3962,1
3963,1
3964,1
3965,1
3966,1
3967,1
3968,1
3969,1
3970,1
3971,1
3972,1
3973,1
3974,1
3975,1
3976,1
3977,1
3978,1
3979,1
3980,1
3981,1
3982,1
3983,1
3984,1
3985,1
3986,1
3987,1
3988,1
3989,1
3990,1
3991,1
3992,1
3993,1
3994,1
3995,1
3996,1
3997,1
3998,1
3999,1
4000,1
4001,1
4002,1
4012,1
4013,1
4014,1
4015,1
4016,1
4018,1
4019,1
4020,1
4021,1
4022,1
4023,1
4024,1
4025,1
4026,1
4027,1
4028,1
4029,1
4030,1
4031,1
4032,1
4033,1
4034,1
4035,1
4036,1
4037,1
4038,1
4039,1
4040,1
4041,1
4042,1
4043,1
4044,1
4045,1
4046,1
4057,1
4058,1
4059,1
4060,1
4061,1
4062,1
4063,1
4064,1
4065,1
4066,1
4067,1
4068,1
4069,1
4070,1
4071,1
4072,1
4073,1
4074,1
4075,1
4076,1
4077,1
4078,1
4079,1
4080,1
4081,1
4082,1
4083,1
4084,1
4085,1
4086,1
4087,1
4088,1
4089,1
4090,1
4091,1
4092,1
4093,1
4094,1
4095,1
4096,1
4097,1
4098,1
4108,1
4109,1
4110,1
4111,1
4112,1
4113,1
4115,1
4116,1
4117,1
4118,1
4119,1
4120,1
4121,1
4122,1
4123,1
4124,1
4125,1
4126,1
4127,1
4128,1
4129,1
4130,1
4131,1
4132,1
4133,1
4134,1
4135,1
4136,1
4137,1
4138,1
4139,1
4140,1
4141,1
4142,1
4143,1
4144,1
4145,1
4146,1
4147,1
4158,1
4159,1
4160,1
4161,1
4162,1
4163,1
4164,1
4165,1
4166,1
4167,1
4168,1
4169,1
4170,1
4171,1
4172,1
4173,1
4174,1
4175,1
4176,1
4177,1
4178,1
4179,1
4180,1
4181,1
4182,1
4183,1
4184,1
4185,1
4186,1
4187,1
4188,1
4189,1
4190,1
4191,1
4192,1
4193,1
4194,1
4196,1
4197,1
4198,1
4208,1
4209,1
4210,1
4211,1
4212,1
4213,1
4214,1
4216,1
4217,1
4218,1
4219,1
4220,1
4221,1
4222,1
4223,1
4224,1
4225,1
4226,1
4227,1
4228,1
4229,1
4230,1
4231,1
4232,1
4233,1
4234,1
4235,1
4236,1
4237,1
4238,1
4239,1
4240,1
4241,1
4242,1
4243,1
4244,1
4245,1
4246,1
4247,1
4248,1
4249,1
4250,1
4251,1
4252,1
4253,1
4263,1
4264,1
4265,1
4266,1
4267,1
4268,1
4269,1
4270,1
4271,1
4272,1
4273,1
4274,1
4275,1
4276,1
4277,1
4278,1
4279,1
4280,1
4281,1
4282,1
4283,1
4284,1
4285,1
4286,1
4287,1
4288,1
4289,1
4290,1
4291,1
4292,1
4293,1
4294,1
4295,1
4296,1
4297,1
4298,1
4299,1
4300,1
4301,1
4302,1
4303,1
4314,1
4315,1
4316,1
4317,1
4318,1
4319,1
4320,1
4321,1
4322,1
4323,1
4324,1
4325,1
4326,1
4327,1
4328,1
4329,1
4330,1
4331,1
4332,1
4333,1
4334,1
4335,1
4336,1
4337,1
4338,1
4339,1
4340,1
4341,1
4342,1
4343,1
4344,1
4345,1
4346,1
4347,1
4348,1
4349,1
4350,1
4351,1
4352,1
4353,1
4354,1
4355,1
4356,1
4365,1
4366,1
4367,1
4368,1
4369,1
4370,1
4371,1
4372,1
4373,1
4374,1
4375,1
4376,1
4377,1
4378,1
4379,1
4380,1
4381,1
4382,1
4383,1
4384,1
4385,1
4386,1
4387,1
4388,1
4389,1
4390,1
4391,1
4392,1
4393,1
4394,1
4395,1
4396,1
4397,1
4398,1
4399,1
4400,1
4401,1
4402,1
4403,1
4404,1
4405,1
4406,1
4407,1
4408,1
4409,1
4410,1
4411,1
4412,1
4413,1
4414,1
4415,1
4416,1
4417,1
4418,1
4419,1
4420,1
4421,1
4422,1
4423,1
4424,1
4425,1
4426,1
4427,1
4428,1
4429,1
4430,1
4431,1
4432,1
4433,1
4434,1
4435,1
4436,1
4444,1
4445,1
4446,1
4447,1
4448,1
4449,1
4450,1
4451,1
4452,1
4453,1
4454,1
4455,1
4456,1
4457,1
4458,1
4459,1
4460,1
4461,1
4462,1
4463,1
4464,1
4465,1
4466,1
4467,1
4468,1
4469,1
4470,1
4471,1
4472,1
4473,1
4474,1
4475,1
4476,1
4477,1
4478,1
4479,1
4480,1
4481,1
4482,1
4483,1
4484,1
4485,1
4486,1
4487,1
4488,1
4489,1
4490,1
4491,1
4492,1
4501,1
4502,1
4503,1
4504,1
4505,1
4506,1
4507,1
4508,1
4509,1
4510,1
4511,1
4512,1
4513,1
4514,1
4515,1
4516,1
4517,1
4518,1
4519,1
4520,1
4521,1
4522,1
4523,1
4524,1
4525,1
4526,1
4527,1
4528,1
4529,1
4530,1
4531,1
4532,1
4533,1
4534,1
4535,1
4536,1
4537,1
4538,1
4539,1
4540,1
4541,1
4542,1
4543,1
4544,1
4545,1
4546,1
4547,1
4548,1
4549,1
4550,1
4560,1
4561,1
4562,1
4563,1
4564,1
4565,1
4566,1
4567,1
4568,1
4569,1
4570,1
4571,1
4572,1
4573,1
4574,1
4575,1
4576,1
4577,1
4578,1
4579,1
4580,1
4581,1
4582,1
4583,1
4584,1
4585,1
4586,1
4587,1
4588,1
4589,1
4590,1
4591,1
4592,1
4593,1
4594,1
4595,1
4596,1
4597,1
4598,1
4599,1
4600,1
4601,1
4602,1
4603,1
4604,1
4605,1
4606,1
4607,1
4608,1
4609,1
4610,1
4611,1
4612,1
4620,1
4621,1
4622,1
4623,1
4624,1
4625,1
4626,1
4627,1
4628,1
4629,1
4630,1
4631,1
4632,1
4633,1
4634,1
4635,1
4636,1
4637,1
4638,1
4639,1
4640,1
4641,1
4642,1
4643,1
4644,1
4645,1
4646,1
4647,1
4648,1
4649,1
4650,1
4651,1
4652,1
4653,1
4654,1
4655,1
4656,1
4657,1
4658,1
4659,1
4660,1
4661,1
4662,1
4663,1
4664,1
4665,1
4666,1
4667,1
4668,1
4669,1
4677,1
4678,1
4679,1
4680,1
4681,1
4682,1
4683,1
4684,1
4685,1
4686,1
4687,1
4688,1
4689,1
4690,1
4691,1
4692,1
4693,1
4694,1
4695,1
4696,1
4697,1
4698,1
4699,1
4700,1
4701,1
4702,1
4703,1
4704,1
4705,1
4706,1
4707,1
4708,1
4709,1
4710,1
4711,1
4712,1
4713,1
4714,1
4715,1
4716,1
4717,1
4718,1
4719,1
4720,1
4721,1
4722,1
4723,1
4724,1
4725,1
4726,1
4727,1
4728,1
4736,1
4737,1
4738,1
4740,1
4741,1
4742,1
4743,1
4744,1
4745,1
4746,1
4747,1
4748,1
4749,1
4750,1
4751,1
4752,1
4753,1
4754,1
4755,1
4756,1
4757,1
4758,1
4759,1
4760,1
4761,1
4762,1
4763,1
4764,1
4765,1
4766,1
4767,1
4768,1
4769,1
4770,1
4771,1
4772,1
4773,1
4774,1
4775,1
4776,1
4777,1
4778,1
4779,1
4780,1
4781,1
4782,1
4783,1
4792,1
4793,1
4794,1
4795,1
4796,1
4797,1
4798,1
4799,1
4800,1
4801,1
4802,1
4803,1
4804,1
4805,1
4806,1
4807,1
4808,1
4809,1
4810,1
4811,1
4812,1
4813,1
4814,1
4815,1
4816,1
4817,1
4818,1
4819,1
4820,1
4821,1
4822,1
4823,1
4824,1
4825,1
4826,1
4827,1
4828,1
4829,1
4830,1
4831,1
4832,1
4833,1
4834,1
4835,1
4836,1
4837,1
4838,1
4839,1
4840,1
4841,1
4849,1
4850,1
4851,1
4852,1
4853,1
4854,1
4855,1
4856,1
4857,1
4858,1
4859,1
4860,1
4861,1
4862,1
4863,1
4864,1
4865,1
4866,1
4867,1
4868,1
4869,1
4870,1
4871,1
4872,1
4873,1
4874,1
4875,1
4876,1
4877,1
4878,1
4879,1
4880,1
4881,1
4882,1
4883,1
4884,1
4885,1
4886,1
4887,1
4888,1
4889,1
4890,1
4891,1
4892,1
4893,1
4894,1
4895,1
4896,1
4897,1
4898,1
4899,1
4900,1
4901,1
4902,1
4903,1
4904,1
4905,1
4906,1
4907,1
4908,1
4909,1
4910,1
4911,1
4912,1
4913,1
4914,1
4915,1
4916,1
4917,1
4918,1
4919,1
4920,1
4921,1
4922,1
4923,1
4924,1
4925,1
4926,1
4927,1
4928,1
4929,1
4930,1
4931,1
4932,1
4942,1
4943,1
4944,1
4945,1
4946,1
4947,1
4948,1
4949,1
4950,1
4951,1
4952,1
4953,1
4954,1
4955,1
4956,1
4957,1
4958,1
4959,1
4960,1
4961,1
4962,1
4963,1
4964,1
4965,1
4966,1
4967,1
4968,1
4969,1
4970,1
4971,1
4972,1
4973,1
4974,1
4975,1
4976,1
4977,1
4978,1
4979,1
4980,1
4981,1
4982,1
4983,1
4984,1
4985,1
4986,1
4987,1
4988,1
4989,1
4990,1
4991,1
4992,1
4993,1
4994,1
5006,1
5007,1
5008,1
5009,1
5010,1
5011,1
5012,1
5013,1
5014,1
5015,1
5016,1
5017,1
5018,1
5019,1
5020,1
5021,1
5022,1
5023,1
5024,1
5025,1
5026,1
5027,1
5028,1
5029,1
5030,1
5031,1
5032,1
5033,1
5034,1
5035,1
5036,1
5037,1
5038,1
5039,1
5040,1
5041,1
5042,1
5043,1
5044,1
5045,1
5046,1
5047,1
5048,1
5049,1
5050,1
5051,1
5052,1
5053,1
5054,1
5055,1
5056,1
5067,1
5068,1
5069,1
5070,1
5071,1
5072,1
5073,1
5074,1
5075,1
5076,1
5077,1
5078,1
5079,1
5080,1
5081,1
5082,1
5083,1
5084,1
5085,1
5086,1
5087,1
5088,1
5089,1
5090,1
5091,1
5092,1
5093,1
5094,1
5095,1
5096,1
5097,1
5098,1
5099,1
5100,1
5101,1
5102,1
5103,1
5104,1
5105,1
5106,1
5107,1
5108,1
5109,1
5110,1
5111,1
5112,1
5113,1
5114,1
5115,1
5116,1
5117,1
5118,1
5119,1
5120,1
5130,1
5131,1
5132,1
5133,1
5134,1
5135,1
5136,1
5137,1
5138,1
5139,1
5140,1
5141,1
5142,1
5143,1
5144,1
5145,1
5146,1
5147,1
5148,1
5149,1
5150,1
5151,1
5152,1
5153,1
5154,1
5155,1
5156,1
5157,1
5158,1
5159,1
5160,1
5161,1
5162,1
5163,1
5164,1
5165,1
5166,1
5167,1
5168,1
5169,1
5170,1
5171,1
5172,1
5173,1
5174,1
5175,1
5176,1
5177,1
5178,1
5179,1
5180,1
5181,1
5182,1
5183,1
5194,1
5195,1
5196,1
5197,1
5198,1
5199,1
5200,1
5201,1
5202,1
5203,1
5204,1
5205,1
5206,1
5207,1
5208,1
5209,1
5210,1
5211,1
5212,1
5213,1
5214,1
5215,1
5216,1
5217,1
5218,1
5219,1
5220,1
5221,1
5222,1
5223,1
5224,1
5225,1
5226,1
5227,1
5228,1
5229,1
5230,1
5231,1
5232,1
5233,1
5234,1
5235,1
5236,1
5237,1
5238,1
5239,1
5240,1
5241,1
5242,1
5243,1
5244,1
5255,1
5256,1
5257,1
5258,1
5259,1
5260,1
5261,1
5262,1
5263,1
5264,1
5265,1
5266,1
5267,1
5268,1
5269,1
5270,1
5271,1
5272,1
5273,1
5274,1
5275,1
5276,1
5277,1
5278,1
5279,1
5280,1
5281,1
5282,1
5283,1
5284,1
5285,1
5286,1
5287,1
5288,1
5289,1
5290,1
5291,1
5292,1
5293,1
5294,1
5295,1
5296,1
5297,1
5298,1
5299,1
5300,1
5301,1
5302,1
5303,1
5305,1
5306,1
5317,1
5318,1
5319,1
5320,1
5321,1
5322,1
5323,1
5324,1
5325,1
5326,1
5327,1
5328,1
5329,1
5330,1
5331,1
5332,1
5333,1
5334,1
5335,1
5336,1
5337,1
5338,1
5339,1
5340,1
5341,1
5342,1
5343,1
5344,1
5345,1
5346,1
5347,1
5348,1
5349,1
5350,1
5351,1
5352,1
5353,1
5354,1
5355,1
5356,1
5357,1
5358,1
5359,1
5360,1
5361,1
5362,1
5363,1
5364,1
5365,1
5366,1
5377,1
5378,1
5379,1
5380,1
5381,1
5382,1
5383,1
5384,1
5385,1
5386,1
5387,1
5388,1
5389,1
5390,1
5391,1
5392,1
5393,1
5394,1
5395,1
5396,1
5397,1
5398,1
5399,1
5400,1
5401,1
5402,1
5403,1
5404,1
5405,1
5406,1
5407,1
5408,1
5409,1
5410,1
5411,1
5412,1
5413,1
5414,1
5415,1
5416,1
5417,1
5418,1
5419,1
5420,1
5421,1
5422,1
5423,1
5424,1
5425,1
5426,1
5427,1
5428,1
5429,1
5430,1
5431,1
5432,1
5433,1
5444,1
5445,1
5446,1
5447,1
5448,1
5449,1
5451,1
5452,1
5453,1
5454,1
5455,1
5456,1
5457,1
5458,1
5459,1
5460,1
5461,1
5462,1
5463,1
5464,1
5465,1
5466,1
5467,1
5468,1
5469,1
5470,1
5471,1
5472,1
5473,1
5474,1
5475,1
5476,1
5477,1
5478,1
5479,1
5480,1
5481,1
5482,1
5483,2
5484,2
5485,2
5486,2
5487,2
5488,2
5489,2
5490,2
5491,2
5492,2
5493,2
5494,2
5495,2
5496,2
5497,2
5498,2
5499,2
5500,2
5501,2
5502,2
5503,2
5504,2
5505,2
5510,2
5511,2
5512,2
5513,2
5514,2
5515,2
5516,2
5517,2
5518,2
5519,2
5520,2
5521,2
5522,2
5523,2
5524,2
5525,2
5526,2
5527,2
5528,2
5529,2
5530,2
5531,2
5532,2
5533,2
5534,2
5535,2
5536,2
5537,2
5538,2
5539,2
5540,2
5541,2
5542,2
5543,2
5544,2
5545,2
5546,2
5547,2
5548,2
5549,2
5550,2
5551,2
5552,2
5553,2
5554,2
5555,2
5556,2
5557,2
5558,2
5559,2
5560,2
5569,2
5570,2
5571,2
5572,2
5573,2
5574,2
5575,2
5576,2
5577,2
5578,2
5579,2
5580,2
5581,2
5582,2
5583,2
5584,2
5585,2
5586,2
5587,2
5588,2
5589,2
5590,2
5591,2
5592,2
5593,2
5594,2
5595,2
5596,2
5597,2
5598,2
5599,2
5600,2
5601,2
5602,2
5603,2
5604,2
5605,2
5606,2
5607,2
5608,2
5609,2
5610,2
5611,2
5612,2
5613,2
5619,2
5620,2
5621,2
5622,2
5623,2
5624,2
5625,2
5626,2
5627,2
5628,2
5629,2
5630,2
5631,2
5632,2
5633,2
5634,2
5635,2
5636,2
5637,2
5638,2
5639,2
5640,2
5641,2
5642,2
5643,2
5644,2
5645,2
5646,2
5647,2
5648,2
5649,2
5650,2
5651,2
5652,2
5653,2
5654,2
5655,2
5656,2
5657,2
5658,2
5659,2
5660,2
5661,2
5662,2
5663,2
5664,2
5665,2
5666,2
5667,2
5668,2
5669,2
5670,2
5680,2
5681,2
5682,2
5683,2
5684,2
5685,2
5686,2
5687,2
5688,2
5689,2
5690,2
5691,2
5692,2
5693,2
5694,2
5695,2
5696,2
5697,2
5698,2
5699,2
5700,2
5701,2
5702,2
5703,2
5704,2
5705,2
5706,2
5707,2
5708,2
5709,2
5710,2
5711,2
5712,2
5713,2
5714,2
5715,2
5716,2
5717,2
5718,2
5719,2
5720,2
5721,2
5722,2
5723,2
5724,2
5725,2
5726,2
5727,2
5728,2
5729,2
5730,2
5731,2
5732,2
5733,2
5743,2
5744,2
5745,2
5746,2
5747,2
5748,2
5749,2
5750,2
5751,2
5752,2
5753,2
5754,2
5755,2
5756,2
5757,2
5758,2
5759,2
5760,2
5761,2
5762,2
5763,2
5764,2
5765,2
5766,2
5767,2
5768,2
5769,2
5770,2
5771,2
5772,2
5773,2
5774,2
5775,2
5776,2
5777,2
5778,2
5779,2
5780,2
5781,2
5782,2
5783,2
5784,2
5785,2
5786,2
5787,2
5788,2
5789,2
5790,2
5791,2
5792,2
5801,2
5802,2
5803,2
5804,2
5805,2
5806,2
5807,2
5808,2
5809,2
5810,2
5811,2
5812,2
5813,2
5814,2
5815,2
5816,2
5817,2
5818,2
5819,2
5820,2
5821,2
5822,2
5823,2
5824,2
5825,2
5826,2
5827,2
5828,2
5829,2
5830,2
5831,2
5832,2
5833,2
5834,2
5835,2
5836,2
5837,2
5838,2
5839,2
5840,2
5841,2
5842,2
5843,2
5844,2
5845,2
5846,2
5847,2
5848,2
5849,2
5850,2
5851,2
5852,2
5853,2
5854,2
5855,2
5856,2
5857,2
5858,2
5859,2
5860,2
5861,2
5862,2
5863,2
5864,2
5865,2
5866,2
5867,2
5868,2
5869,2
5870,2
5871,2
5872,2
5873,2
5874,2
5875,2
5876,2
5877,2
5878,2
5879,2
5880,2
5881,2
5882,2
5888,2
5889,2
5890,2
5891,2
5892,2
5893,2
5894,2
5895,2
5896,2
5897,2
5898,2
5899,2
5900,2
5901,2
5902,2
5903,2
5904,2
5905,2
5906,2
5907,2
5908,2
5909,2
5910,2
5911,2
5912,2
5913,2
5914,2
5915,2
5916,2
5917,2
5918,2
5919,2
5920,2
5921,2
5922,2
5923,2
5924,2
5925,2
5926,2
5927,2
5928,2
5929,2
5936,2
5937,2
5938,2
5939,2
5940,2
5941,2
5942,2
5943,2
5944,2
5945,2
5946,2
5947,2
5948,2
5949,2
5950,2
5951,2
5952,2
5953,2
5954,2
5955,2
5956,2
5957,2
5958,2
5959,2
5960,2
5961,2
5962,2
5963,2
5964,2
5965,2
5966,2
5967,2
5968,2
5969,2
5970,2
5971,2
5972,2
5973,2
5974,2
5975,2
5976,2
5984,2
5985,2
5986,2
5987,2
5988,2
5989,2
5990,2
5991,2
5992,2
5993,2
5994,2
5995,2
5996,2
5997,2
5998,2
5999,2
6000,2
6001,2
6002,2
6003,2
6004,2
6005,2
6006,2
6007,2
6008,2
6009,2
6010,2
6011,2
6012,2
6013,2
6014,2
6015,2
6016,2
6017,2
6018,2
6019,2
6020,2
6021,2
6022,2
6023,2
6030,2
6031,2
6032,2
6033,2
6034,2
6035,2
6036,2
6037,2
6038,2
6039,2
6040,2
6041,2
6042,2
6043,2
6044,2
6045,2
6046,2
6047,2
6048,2
6049,2
6050,2
6051,2
6052,2
6053,2
6054,2
6055,2
6056,2
6057,2
6058,2
6059,2
6060,2
6061,2
6062,2
6063,2
6064,2
6065,2
6066,2
6067,2
6068,2
6069,2
6070,2
6078,2
6079,2
6080,2
6081,2
6082,2
6083,2
6084,2
6085,2
6086,2
6087,2
6088,2
6089,2
6090,2
6091,2
6092,2
6093,2
6094,2
6095,2
6096,2
6097,2
6098,2
6099,2
6100,2
6101,2
6102,2
6103,2
6104,2
6105,2
6106,2
6107,2
6108,2
6109,2
6110,2
6111,2
6112,2
6113,2
6114,2
6115,2
6123,2
6124,2
6125,2
6126,2
6127,2
6128,2
6129,2
6130,2
6131,2
6132,2
6133,2
6134,2
6135,2
6136,2
6137,2
6138,2
6139,2
6140,2
6141,2
6142,2
6143,2
6144,2
6145,2
6146,2
6147,2
6148,2
6149,2
6150,2
6151,2
6152,2
6153,2
6154,2
6155,2
6156,2
6157,2
6158,2
6159,2
6160,2
6161,2
6162,2
6169,2
6170,2
6171,2
6172,2
6173,2
6174,2
6175,2
6176,2
6177,2
6178,2
6179,2
6180,2
6181,2
6182,2
6183,2
6184,2
6185,2
6186,2
6187,2
6188,2
6189,2
6190,2
6191,2
6192,2
6193,2
6194,2
6195,2
6196,2
6197,2
6198,2
6199,2
6200,2
6201,2
6202,2
6203,2
6204,2
6205,2
6206,2
6214,2
6215,2
6216,2
6217,2
6218,2
6219,2
6220,2
6221,2
6222,2
6223,2
6224,2
6225,2
6226,2
6227,2
6228,2
6229,2
6230,2
6231,2
6232,2
6233,2
6234,2
6235,2
6236,2
6237,2
6238,2
6239,2
6240,2
6241,2
6242,2
6243,2
6244,2
6245,2
6246,2
6247,2
6254,2
6255,2
6256,2
6257,2
6258,2
6259,2
6260,2
6261,2
6262,2
6263,2
6264,2
6265,2
6266,2
6267,2
6268,2
6269,2
6270,2
6271,2
6272,2
6273,2
6274,2
6275,2
6276,2
6277,2
6278,2
6279,2
6280,2
6281,2
6282,2
6283,2
6284,2
6285,2
6286,2
6287,2
6288,2
6289,2
6290,2
6291,2
6292,2
6293,2
6294,2
6295,2
6296,2
6297,2
6298,2
6299,2
6300,2
6301,2
6302,2
6303,2
6304,2
6305,2
6306,2
6307,2
6308,2
6309,2
6310,2
6311,2
6312,2
6313,2
6314,2
6315,2
6316,2
6317,2
6318,2
6319,2
6320,2
6321,2
6330,2
6331,2
6332,2
6333,2
6334,2
6335,2
6336,2
6337,2
6338,2
6339,2
6340,2
6341,2
6342,2
6343,2
6344,2
6345,2
6346,2
6347,2
6348,2
6349,2
6350,2
6351,2
6352,2
6353,2
6354,2
6355,2
6356,2
6357,2
6358,2
6359,2
6360,2
6361,2
6362,2
6363,2
6364,2
6365,2
6366,2
6367,2
6368,2
6369,2
6370,2
6371,2
6384,2
6386,2
6387,2
6388,2
6389,2
6390,2
6391,2
6392,2
6393,2
6394,2
6395,2
6396,2
6397,2
6398,2
6399,2
6400,2
6401,2
6402,2
6403,2
6404,2
6405,2
6406,2
6407,2
6408,2
6409,2
6410,2
6411,2
6412,2
6413,2
6414,2
6415,2
6416,2
6417,2
6418,2
6431,2
6432,2
6433,2
6434,2
6435,2
6436,2
6437,2
6438,2
6439,2
6440,2
6441,2
6442,2
6443,2
6444,2
6445,2
6446,2
6447,2
6448,2
6449,2
6450,2
6451,2
6452,2
6453,2
6454,2
6455,2
6456,2
6457,2
6458,2
6459,2
6460,2
6461,2
6462,2
6463,2
6464,2
6465,2
6466,2
6480,2
6481,2
6482,2
6483,2
6484,2
6485,2
6486,2
6487,2
6488,2
6489,2
6490,2
6491,2
6492,2
6493,2
6494,2
6495,2
6496,2
6497,2
6498,2
6499,2
6500,2
6501,2
6502,2
6503,2
6504,2
6505,2
6506,2
6507,2
6508,2
6509,2
6510,2
6511,2
6512,2
6513,2
6514,2
6515,2
6526,2
6527,2
6528,2
6529,2
6530,2
6531,2
6532,2
6533,2
6534,2
6535,2
6536,2
6537,2
6538,2
6539,2
6540,2
6541,2
6542,2
6543,2
6544,2
6545,2
6546,2
6547,2
6548,2
6549,2
6550,2
6551,2
6552,2
6553,2
6554,2
6555,2
6556,2
6557,2
6558,2
6559,2
6560,2
6561,2
6562,2
6563,2
6564,2
6565,2
6578,2
6579,2
6580,2
6581,2
6582,2
6583,2
6584,2
6585,2
6586,2
6587,2
6588,2
6589,2
6590,2
6591,2
6592,2
6593,2
6594,2
6595,2
6596,2
6597,2
6598,2
6599,2
6600,2
6601,2
6602,2
6603,2
6604,2
6605,2
6606,2
6607,2
6608,2
6609,2
6610,2
6611,2
6612,2
6613,2
6614,2
6615,2
6625,2
6626,2
6627,2
6628,2
6629,2
6631,2
6632,2
6633,2
6634,2
6635,2
6636,2
6637,2
6638,2
6639,2
6640,2
6641,2
6642,2
6643,2
6644,2
6645,2
6646,2
6647,2
6648,2
6649,2
6650,2
6651,2
6652,2
6653,2
6654,2
6655,2
6656,2
6657,2
6658,2
6659,2
6660,2
6661,2
6662,2
6663,2
6664,2
6673,2
6674,2
6675,2
6676,2
6677,2
6679,2
6680,2
6681,2
6682,2
6683,2
6684,2
6685,2
6686,2
6687,2
6688,2
6689,2
6690,2
6691,2
6692,2
6693,2
6694,2
6695,2
6696,2
6697,2
6698,2
6699,2
6700,2
6701,2
6702,2
6703,2
6704,2
6705,2
6706,2
6707,2
6708,2
6709,2
6710,2
6711,2
6725,2
6726,2
6727,2
6728,2
6729,2
6730,2
6731,2
6732,2
6733,2
6734,2
6735,2
6736,2
6737,2
6738,2
6739,2
6740,2
6741,2
6742,2
6743,2
6744,2
6745,2
6746,2
6747,2
6748,2
6749,2
6750,2
6751,2
6752,2
6753,2
6754,2
6755,2
6756,2
6767,2
6768,2
6769,2
6770,2
6771,2
6772,2
6773,2
6774,2
6775,2
6776,2
6777,2
6778,2
6779,2
6780,2
6781,2
6782,2
6783,2
6784,2
6785,2
6786,2
6787,2
6788,2
6789,2
6790,2
6791,2
6792,2
6793,2
6794,2
6795,2
6796,2
6797,2
6798,2
6799,2
6800,2
6801,2
6813,2
6814,2
6815,2
6816,2
6817,2
6818,2
6819,2
6820,2
6821,2
6822,2
6823,2
6824,2
6825,2
6826,2
6827,2
6828,2
6829,2
6830,2
6831,2
6832,2
6833,2
6834,2
6835,2
6836,2
6837,2
6838,2
6839,2
6840,2
6841,2
6842,2
6843,2
6844,2
6845,2
6846,2
6847,2
6848,2
6849,2
6850,2
6851,2
6852,2
6853,2
6854,2
6855,2
6856,2
6857,2
6858,2
6859,2
6860,2
6861,2
6862,2
6863,2
6864,2
6865,2
6866,2
6867,2
6868,2
6869,2
6870,2
6871,2
6872,2
6873,2
6874,2
6875,2
6876,2
6877,2
6878,2
6879,2
6880,2
6881,2
6882,2
6883,2
6884,2
6885,2
6886,2
6887,2
6888,2
6889,2
6890,2
6891,2
6892,2
6893,2
6894,2
6895,2
6896,2
6897,2
6898,2
6907,2
6908,2
6909,2
6910,2
6911,2
6912,2
6913,2
6914,2
6915,2
6916,2
6917,2
6918,2
6919,2
6920,2
6921,2
6922,2
6923,2
6924,2
6925,2
6926,2
6927,2
6928,2
6929,2
6930,2
6931,2
6932,2
6933,2
6934,2
6935,2
6936,2
6937,2
6938,2
6939,2
6940,2
6941,2
6942,2
6943,2
6944,2
6945,2
6946,2
6947,2
6957,2
6958,2
6959,2
6960,2
6961,2
6962,2
6963,2
6964,2
6965,2
6966,2
6967,2
6968,2
6969,2
6970,2
6971,2
6972,2
6973,2
6974,2
6975,2
6976,2
6977,2
6978,2
6979,2
6980,2
6981,2
6982,2
6983,2
6984,2
6985,2
6986,2
6987,2
6988,2
6989,2
6990,2
6991,2
6992,2
6993,2
6994,2
6995,2
6996,2
6997,2
6998,2
6999,2
7000,2
7009,2
7010,2
7011,2
7012,2
7013,2
7014,2
7015,2
7016,2
7017,2
7018,2
7019,2
7020,2
7021,2
7022,2
7023,2
7024,2
7025,2
7026,2
7027,2
7028,2
7029,2
7030,2
7031,2
7032,2
7033,2
7034,2
7035,2
7036,2
7037,2
7038,2
7039,2
7040,2
7041,2
7042,2
7043,2
7044,2
7045,2
7046,2
7047,2
7048,2
7049,2
7050,2
7051,2
7052,2
7053,2
7054,2
7056,2
7057,2
7058,2
7059,2
7060,2
7068,2
7069,2
7070,2
7071,2
7072,2
7073,2
7074,2
7075,2
7076,2
7077,2
7078,2
7079,2
7080,2
7081,2
7082,2
7083,2
7084,2
7085,2
7086,2
7087,2
7088,2
7089,2
7090,2
7091,2
7092,2
7093,2
7094,2
7095,2
7096,2
7097,2
7098,2
7099,2
7100,2
7101,2
7102,2
7103,2
7104,2
7105,2
7106,2
7107,2
7108,2
7109,2
7110,2
7111,2
7112,2
7113,2
7114,2
7115,2
7116,2
7124,2
7125,2
7126,2
7127,2
7128,2
7129,2
7130,2
7131,2
7132,2
7133,2
7134,2
7135,2
7136,2
7137,2
7138,2
7139,2
7140,2
7141,2
7142,2
7143,2
7144,2
7145,2
7146,2
7147,2
7148,2
7149,2
7150,2
7151,2
7152,2
7153,2
7154,2
7155,2
7156,2
7157,2
7158,2
7159,2
7160,2
7161,2
7162,2
7163,2
7164,2
7165,2
7166,2
7167,2
7168,2
7169,2
7170,2
7171,2
7172,2
7173,2
7174,2
7175,2
7185,2
7186,2
7187,2
7188,2
7189,2
7190,2
7191,2
7192,2
7193,2
7194,2
7195,2
7196,2
7197,2
7198,2
7199,2
7200,2
7201,2
7202,2
7203,2
7204,2
7205,2
7206,2
7207,2
7208,2
7209,2
7210,2
7211,2
7212,2
7213,2
7214,2
7215,2
7216,2
7217,2
7218,2
7219,2
7220,2
7221,2
7222,2
7223,2
7224,2
7225,2
7226,2
7227,2
7228,2
7229,2
7230,2
7231,2
7232,2
7233,2
7234,2
7235,2
7236,2
7237,2
7238,2
7239,2
7240,2
7241,2
7251,2
7252,2
7253,2
7254,2
7255,2
7256,2
7257,2
7258,2
7259,2
7260,2
7261,2
7262,2
7263,2
7264,2
7265,2
7266,2
7267,2
7268,2
7269,2
7270,2
7271,2
7272,2
7273,2
7274,2
7275,2
7276,2
7277,2
7278,2
7279,2
7280,2
7281,2
7282,2
7283,2
7284,2
7285,2
7286,2
7287,2
7288,2
7289,2
7290,2
7291,2
7292,2
7293,2
7294,2
7295,2
7296,2
7297,2
7298,2
7299,2
7300,2
7301,2
7302,2
7312,2
7313,2
7314,2
7315,2
7316,2
7317,2
7318,2
7319,2
7320,2
7321,2
7322,2
7323,2
7324,2
7325,2
7326,2
7327,2
7328,2
7329,2
7330,2
7331,2
7332,2
7333,2
7334,2
7335,2
7336,2
7337,2
7338,2
7339,2
7340,2
7341,2
7342,2
7343,2
7344,2
7345,2
7346,2
7347,2
7348,2
7349,2
7350,2
7351,2
7352,2
7353,2
7354,2
7355,2
7356,2
7357,2
7358,2
7359,2
7360,2
7361,2
7362,2
7363,2
7364,2
7365,2
7366,2
7367,2
7368,2
7369,2
7370,2
7371,2
7372,2
7373,2
7374,2
7375,2
7376,2
7377,2
7378,2
7379,2
7380,2
7381,2
7382,2
7383,2
7384,2
7385,2
7386,2
7387,2
7388,2
7389,2
7390,2
7391,2
7392,2
7393,2
7401,2
7402,2
7403,2
7404,2
7405,2
7406,2
7407,2
7408,2
7409,2
7410,2
7411,2
7412,2
7413,2
7414,2
7415,2
7416,2
7417,2
7418,2
7419,2
7420,2
7421,2
7422,2
7423,2
7424,2
7425,2
7426,2
7427,2
7428,2
7429,2
7430,2
7431,2
7432,2
7433,2
7434,2
7435,2
7436,2
7437,2
7438,2
7439,2
7440,2
7441,2
7442,2
7450,2
7451,2
7452,2
7453,2
7454,2
7455,2
7456,2
7457,2
7458,2
7459,2
7460,2
7461,2
7462,2
7463,2
7464,2
7465,2
7466,2
7467,2
7468,2
7469,2
7470,2
7471,2
7472,2
7473,2
7474,2
7475,2
7476,2
7477,2
7478,2
7479,2
7480,2
7481,2
7482,2
7483,2
7484,2
7485,2
7486,2
7487,2
7488,2
7489,2
7490,2
7491,2
7492,2
7493,2
7494,2
7495,2
7507,2
7508,2
7509,2
7510,2
7511,2
7512,2
7513,2
7514,2
7515,2
7516,2
7517,2
7518,2
7519,2
7520,2
7521,2
7522,2
7523,2
7524,2
7525,2
7526,2
7527,2
7528,2
7529,2
7530,2
7531,2
7532,2
7533,2
7534,2
7535,2
7536,2
7537,2
7538,2
7539,2
7540,2
7541,2
7542,2
7543,2
7544,2
7545,2
7546,2
7547,2
7548,2
7549,2
7550,2
7551,2
7558,2
7559,2
7560,2
7561,2
7562,2
7563,2
7564,2
7565,2
7566,2
7567,2
7568,2
7569,2
7570,2
7571,2
7572,2
7573,2
7574,2
7575,2
7576,2
7577,2
7578,2
7579,2
7580,2
7581,2
7582,2
7583,2
7584,2
7585,2
7586,2
7587,2
7588,2
7589,2
7590,2
7591,2
7592,2
7593,2
7594,2
7595,2
7596,2
7597,2
7598,2
7599,2
7607,2
7608,2
7609,2
7610,2
7611,2
7612,2
7613,2
7614,2
7615,2
7616,2
7617,2
7618,2
7619,2
7620,2
7621,2
7622,2
7623,2
7624,2
7625,2
7626,2
7627,2
7628,2
7629,2
7630,2
7631,2
7632,2
7633,2
7634,2
7635,2
7636,2
7637,2
7638,2
7639,2
7640,2
7641,2
7642,2
7643,2
7644,2
7645,2
7646,2
7647,2
7648,2
7649,2
7650,2
7651,2
7652,2
7653,2
7654,2
7661,2
7662,2
7663,2
7664,2
7665,2
7666,2
7667,2
7668,2
7669,2
7670,2
7671,2
7672,2
7673,2
7674,2
7675,2
7676,2
7677,2
7678,2
7679,2
7680,2
7681,2
7682,2
7683,2
7684,2
7685,2
7686,2
7687,2
7688,2
7689,2
7690,2
7691,2
7692,2
7693,2
7694,2
7695,2
7696,2
7697,2
7698,2
7699,2
7700,2
7701,2
7702,2
7703,2
7704,2
7705,2
7712,2
7713,2
7714,2
7715,2
7716,2
7717,2
7718,2
7719,2
7720,2
7721,2
7722,2
7723,2
7724,2
7725,2
7726,2
7727,2
7728,2
7729,2
7730,2
7731,2
7732,2
7733,2
7734,2
7735,2
7736,2
7737,2
7738,2
7739,2
7740,2
7741,2
7742,2
7743,2
7744,2
7745,2
7746,2
7747,2
7748,2
7749,2
7750,2
7751,2
7752,2
7759,2
7760,2
7761,2
7762,2
7763,2
7764,2
7765,2
7766,2
7767,2
7768,2
7769,2
7770,2
7771,2
7772,2
7773,2
7774,2
7775,2
7776,2
7777,2
7778,2
7779,2
7780,2
7781,2
7782,2
7783,2
7784,2
7785,2
7786,2
7787,2
7788,2
7789,2
7790,2
7791,2
7792,2
7793,2
7794,2
7795,2
7796,2
7797,2
7798,2
7799,2
7800,2
7801,2
7802,2
7803,2
7804,2
7805,2
7806,2
7807,2
7808,2
7809,2
7810,2
7811,2
7812,2
7813,2
7814,2
7815,2
7816,2
7817,2
7818,2
7819,2
7820,2
7821,2
7822,2
7823,2
7824,2
7825,2
7826,2
7827,2
7828,2
7830,2
7831,2
7832,2
7840,2
7841,2
7842,2
7843,2
7844,2
7845,2
7846,2
7847,2
7848,2
7849,2
7850,2
7851,2
7852,2
7853,2
7854,2
7855,2
7856,2
7857,2
7858,2
7859,2
7860,2
7861,2
7862,2
7863,2
7864,2
7865,2
7866,2
7867,2
7868,2
7869,2
7870,2
7871,2
7872,2
7873,2
7874,2
7875,2
7876,2
7877,2
7878,2
7879,2
7880,2
7881,2
7882,2
7883,2
7884,2
7885,2
7886,2
7887,2
7888,2
7889,2
7898,2
7899,2
7900,2
7901,2
7902,2
7903,2
7904,2
7905,2
7906,2
7907,2
7908,2
7909,2
7910,2
7911,2
7912,2
7913,2
7914,2
7915,2
7916,2
7917,2
7918,2
7919,2
7920,2
7921,2
7922,2
7923,2
7924,2
7925,2
7926,2
7927,2
7928,2
7929,2
7930,2
7931,2
7932,2
7933,2
7934,2
7935,2
7936,2
7937,2
7938,2
7939,2
7940,2
7941,2
7942,2
7943,2
7944,2
7945,2
7946,2
7947,2
7948,2
7949,2
7950,2
7958,2
7959,2
7960,2
7961,2
7962,2
7963,2
7964,2
7965,2
7966,2
7967,2
7968,2
7969,2
7970,2
7971,2
7972,2
7973,2
7974,2
7975,2
7976,2
7977,2
7978,2
7979,2
7980,2
7981,2
7982,2
7983,2
7984,2
7985,2
7986,2
7987,2
7988,2
7989,2
7990,2
7991,2
7992,2
7993,2
7994,2
7995,2
7996,2
7997,2
7998,2
7999,2
8000,2
8001,2
8002,2
8003,2
8004,2
8005,2
8006,2
8007,2
8017,2
8018,2
8019,2
8020,2
8021,2
8022,2
8023,2
8024,2
8025,2
8026,2
8027,2
8028,2
8029,2
8030,2
8031,2
8032,2
8033,2
8034,2
8035,2
8036,2
8037,2
8038,2
8039,2
8040,2
8041,2
8042,2
8043,2
8044,2
8045,2
8046,2
8047,2
8048,2
8049,2
8050,2
8051,2
8052,2
8053,2
8054,2
8055,2
8056,2
8057,2
8058,2
8059,2
8060,2
8061,2
8062,2
8063,2
8064,2
8065,2
8066,2
8067,2
8068,2
8069,2
8070,2
8071,2
8072,2
8081,2
8082,2
8083,2
8084,2
8085,2
8086,2
8087,2
8088,2
8089,2
8090,2
8091,2
8092,2
8093,2
8094,2
8095,2
8096,2
8097,2
8098,2
8099,2
8100,2
8101,2
8102,2
8103,2
8104,2
8105,2
8106,2
8107,2
8108,2
8109,2
8110,2
8111,2
8112,2
8113,2
8114,2
8115,2
8116,2
8117,2
8118,2
8119,2
8120,2
8121,2
8122,2
8123,2
8124,2
8125,2
8126,2
8127,2
8129,2
8130,2
8131,2
8139,2
8140,2
8141,2
8142,2
8143,2
8144,2
8145,2
8146,2
8147,2
8148,2
8149,2
8150,2
8151,2
8152,2
8153,2
8154,2
8155,2
8156,2
8157,2
8158,2
8159,2
8160,2
8161,2
8162,2
8163,2
8164,2
8165,2
8166,2
8167,2
8168,2
8169,2
8170,2
8171,2
8172,2
8173,2
8174,2
8175,2
8176,2
8177,2
8178,2
8179,2
8180,2
8181,2
8182,2
8183,2
8184,2
8185,2
8186,2
8187,2
8188,2
8189,2
8190,2
8191,2
8200,2
8201,2
8202,2
8203,2
8204,2
8205,2
8206,2
8207,2
8208,2
8209,2
8210,2
8211,2
8212,2
8213,2
8214,2
8215,2
8216,2
8217,2
8218,2
8219,2
8220,2
8221,2
8222,2
8223,2
8224,2
8225,2
8226,2
8227,2
8228,2
8229,2
8230,2
8231,2
8232,2
8233,2
8234,2
8235,2
8236,2
8237,2
8238,2
8239,2
8240,2
8241,2
8242,2
8243,2
8244,2
8245,2
8246,2
8247,2
8248,2
8249,2
8250,2
8260,2
8261,2
8262,2
8263,2
8264,2
8265,2
8266,2
8267,2
8268,2
8269,2
8270,2
8271,2
8272,2
8273,2
8274,2
8275,2
8276,2
8277,2
8278,2
8279,2
8280,2
8281,2
8282,2
8283,2
8284,2
8285,2
8286,2
8287,2
8288,2
8289,2
8290,2
8291,2
8292,2
8293,2
8294,2
8295,2
8296,2
8297,2
8298,2
8299,2
8300,2
8301,2
8302,2
8303,2
8304,2
8305,2
8306,2
8307,2
8308,2
8309,3
8310,3
8311,3
8312,3
8313,3
8314,3
8315,3
8316,3
8317,3
8318,3
8319,3
8320,3
8321,3
8322,3
8323,3
8324,3
8325,3
8326,3
8327,3
8328,3
8329,3
8330,3
8331,3
8332,3
8333,3
8334,3
8335,3
8336,3
8337,3
8338,3
8339,3
8340,3
8341,3
8342,3
8343,3
8344,3
8345,3
8346,3
8347,3
8348,3
8349,3
8350,3
8351,3
8352,3
8353,3
8354,3
8355,3
8356,3
8357,3
8358,3
8359,3
8372,3
8374,3
8375,3
8376,3
8378,3
8379,3
8380,3
8381,3
8382,3
8383,3
8384,3
8385,3
8386,3
8387,3
8388,3
8389,3
8390,3
8391,3
8392,3
8393,3
8394,3
8395,3
8396,3
8397,3
8398,3
8399,3
8400,3
8401,3
8402,3
8403,3
8404,3
8405,3
8406,3
8407,3
8408,3
8409,3
8410,3
8411,3
8412,3
8413,3
8414,3
8415,3
8416,3
8417,3
8418,3
8419,3
8420,3
8421,3
8422,3
8423,3
8424,3
8425,3
8426,3
8427,3
8428,3
8429,3
8430,3
8431,3
8432,3
8433,3
8434,3
8435,3
8445,3
8446,3
8447,3
8448,3
8449,3
8450,3
8451,3
8452,3
8453,3
8454,3
8455,3
8456,3
8457,3
8458,3
8459,3
8460,3
8461,3
8462,3
8463,3
8464,3
8465,3
8466,3
8467,3
8468,3
8469,3
8470,3
8471,3
8472,3
8473,3
8474,3
8475,3
8476,3
8477,3
8478,3
8479,3
8480,3
8481,3
8482,3
8483,3
8484,3
8485,3
8486,3
8487,3
8488,3
8489,3
8490,3
8491,3
8492,3
8493,3
8494,3
8495,3
8496,3
8497,3
8498,3
8499,3
8513,3
8514,3
8515,3
8516,3
8517,3
8518,3
8519,3
8520,3
8521,3
8522,3
8523,3
8524,3
8525,3
8526,3
8527,3
8528,3
8529,3
8530,3
8531,3
8532,3
8533,3
8534,3
8535,3
8536,3
8537,3
8538,3
8539,3
8540,3
8541,3
8542,3
8543,3
8544,3
8545,3
8546,3
8547,3
8548,3
8549,3
8550,3
8551,3
8552,3
8553,3
8554,3
8555,3
8556,3
8557,3
8558,3
8559,3
8560,3
8561,3
8562,3
8563,3
8564,3
8565,3
8567,3
8578,3
8579,3
8580,3
8581,3
8582,3
8583,3
8584,3
8585,3
8586,3
8587,3
8588,3
8589,3
8590,3
8591,3
8592,3
8593,3
8594,3
8595,3
8596,3
8597,3
8598,3
8599,3
8600,3
8601,3
8602,3
8603,3
8604,3
8605,3
8606,3
8607,3
8608,3
8609,3
8610,3
8611,3
8612,3
8613,3
8614,3
8615,3
8616,3
8617,3
8618,3
8619,3
8620,3
8621,3
8622,3
8623,3
8624,3
8625,3
8626,3
8627,3
8628,3
8629,3
8630,3
8631,3
8640,3
8641,3
8642,3
8643,3
8644,3
8645,3
8646,3
8647,3
8648,3
8649,3
8650,3
8651,3
8652,3
8653,3
8654,3
8655,3
8656,3
8657,3
8658,3
8659,3
8660,3
8661,3
8662,3
8663,3
8664,3
8665,3
8666,3
8667,3
8668,3
8669,3
8670,3
8671,3
8672,3
8673,3
8674,3
8675,3
8676,3
8677,3
8678,3
8679,3
8680,3
8681,3
8682,3
8683,3
8684,3
8685,3
8686,3
8687,3
8688,3
8689,3
8698,3
8699,3
8700,3
8701,3
8702,3
8703,3
8704,3
8705,3
8706,3
8707,3
8708,3
8709,3
8710,3
8711,3
8712,3
8713,3
8714,3
8715,3
8716,3
8717,3
8718,3
8719,3
8720,3
8721,3
8722,3
8723,3
8724,3
8725,3
8726,3
8727,3
8728,3
8729,3
8730,3
8731,3
8732,3
8733,3
8734,3
8735,3
8736,3
8737,3
8738,3
8739,3
8740,3
8741,3
8742,3
8743,3
8744,3
8745,3
8746,3
8747,3
8748,3
8749,3
8750,3
8751,3
8752,3
8753,3
8754,3
8755,3
8756,3
8757,3
8758,3
8759,3
8760,3
8761,3
8762,3
8763,3
8764,3
8765,3
8766,3
8767,3
8768,3
8769,3
8770,3
8771,3
8772,3
8773,3
8774,3
8775,3
8776,3
8777,3
8778,3
8779,3
8780,3
8781,3
8782,3
8783,3
8784,3
8785,3
8798,3
8799,3
8800,3
8801,3
8802,3
8803,3
8804,3
8805,3
8806,3
8807,3
8808,3
8809,3
8810,3
8811,3
8812,3
8813,3
8814,3
8815,3
8816,3
8817,3
8818,3
8819,3
8820,3
8821,3
8822,3
8823,3
8824,3
8825,3
8826,3
8827,3
8828,3
8829,3
8830,3
8831,3
8832,3
8844,3
8845,3
8846,3
8847,3
8848,3
8849,3
8850,3
8851,3
8852,3
8853,3
8854,3
8855,3
8856,3
8857,3
8858,3
8859,3
8860,3
8861,3
8862,3
8863,3
8864,3
8865,3
8866,3
8867,3
8868,3
8869,3
8870,3
8871,3
8872,3
8873,3
8874,3
8875,3
8876,3
8877,3
8878,3
8879,3
8880,3
8881,3
8893,3
8894,3
8895,3
8896,3
8897,3
8898,3
8899,3
8900,3
8901,3
8902,3
8903,3
8904,3
8905,3
8906,3
8907,3
8908,3
8909,3
8910,3
8911,3
8912,3
8913,3
8914,3
8915,3
8916,3
8917,3
8918,3
8919,3
8920,3
8921,3
8922,3
8923,3
8924,3
8925,3
8926,3
8927,3
8928,3
8929,3
8930,3
8931,3
8932,3
8942,3
8943,3
8945,3
8946,3
8947,3
8948,3
8949,3
8950,3
8951,3
8952,3
8953,3
8954,3
8955,3
8956,3
8957,3
8958,3
8959,3
8960,3
8961,3
8962,3
8963,3
8964,3
8965,3
8966,3
8967,3
8968,3
8969,3
8970,3
8971,3
8972,3
8973,3
8974,3
8975,3
8976,3
8977,3
8978,3
8979,3
8980,3
8981,3
8994,3
8995,3
8996,3
8997,3
8998,3
8999,3
9000,3
9001,3
9002,3
9003,3
9004,3
9005,3
9006,3
9007,3
9008,3
9009,3
9010,3
9011,3
9012,3
9013,3
9014,3
9015,3
9016,3
9017,3
9018,3
9019,3
9020,3
9021,3
9022,3
9023,3
9024,3
9025,3
9026,3
9027,3
9028,3
9029,3
9041,3
9042,3
9043,3
9044,3
9045,3
9046,3
9047,3
9048,3
9049,3
9050,3
9051,3
9052,3
9053,3
9054,3
9055,3
9056,3
9057,3
9058,3
9059,3
9060,3
9061,3
9062,3
9063,3
9064,3
9065,3
9066,3
9067,3
9068,3
9069,3
9070,3
9071,3
9072,3
9073,3
9074,3
9075,3
9076,3
9077,3
9078,3
9089,3
9090,3
9091,3
9092,3
9093,3
9094,3
9095,3
9096,3
9097,3
9098,3
9099,3
9100,3
9101,3
9102,3
9103,3
9104,3
9105,3
9106,3
9107,3
9108,3
9109,3
9110,3
9111,3
9112,3
9113,3
9114,3
9115,3
9116,3
9117,3
9118,3
9119,3
9120,3
9121,3
9122,3
9123,3
9124,3
9125,3
9126,3
9127,3
9128,3
9129,3
9130,3
9131,3
9132,3
9133,3
9134,3
9135,3
9136,3
9137,3
9138,3
9139,3
9140,3
9141,3
9142,3
9143,3
9144,3
9145,3
9146,3
9147,3
9148,3
9149,3
9150,3
9151,3
9152,3
9153,3
9154,3
9155,3
9156,3
9157,3
9158,3
9159,3
9160,3
9161,3
9162,3
9163,3
9164,3
9165,3
9166,3
9167,3
9168,3
9169,3
9170,3
9171,3
9172,3
9173,3
9174,3
9182,3
9183,3
9184,3
9185,3
9186,3
9187,3
9188,3
9189,3
9190,3
9191,3
9192,3
9193,3
9194,3
9195,3
9196,3
9197,3
9198,3
9199,3
9200,3
9201,3
9202,3
9203,3
9204,3
9205,3
9206,3
9207,3
9208,3
9209,3
9210,3
9211,3
9212,3
9213,3
9214,3
9215,3
9216,3
9217,3
9218,3
9219,3
9220,3
9221,3
9222,3
9223,3
9234,3
9235,3
9236,3
9237,3
9238,3
9239,3
9240,3
9241,3
9242,3
9243,3
9244,3
9245,3
9246,3
9247,3
9248,3
9249,3
9250,3
9251,3
9252,3
9253,3
9254,3
9255,3
9256,3
9257,3
9258,3
9259,3
9260,3
9261,3
9262,3
9263,3
9264,3
9265,3
9266,3
9267,3
9268,3
9269,3
9270,3
9271,3
9272,3
9273,3
9274,3
9275,3
9290,3
9291,3
9292,3
9293,3
9294,3
9295,3
9296,3
9297,3
9298,3
9299,3
9300,3
9301,3
9302,3
9303,3
9304,3
9305,3
9306,3
9307,3
9308,3
9309,3
9310,3
9311,3
9312,3
9313,3
9314,3
9315,3
9316,3
9317,3
9318,3
9319,3
9320,3
9321,3
9322,3
9323,3
9324,3
9325,3
9326,3
9327,3
9328,3
9329,3
9345,3
9346,3
9347,3
9348,3
9349,3
9350,3
9351,3
9352,3
9353,3
9354,3
9355,3
9356,3
9357,3
9358,3
9359,3
9360,3
9361,3
9362,3
9363,3
9364,3
9365,3
9366,3
9367,3
9368,3
9369,3
9370,3
9371,3
9372,3
9373,3
9374,3
9375,3
9376,3
9377,3
9378,3
9379,3
9380,3
9381,3
9382,3
9383,3
9384,3
9385,3
9386,3
9387,3
9388,3
9402,3
9403,3
9404,3
9405,3
9406,3
9407,3
9408,3
9409,3
9410,3
9411,3
9412,3
9413,3
9414,3
9415,3
9416,3
9417,3
9418,3
9419,3
9420,3
9421,3
9422,3
9423,3
9424,3
9425,3
9426,3
9427,3
9428,3
9429,3
9430,3
9431,3
9432,3
9433,3
9434,3
9435,3
9436,3
9437,3
9438,3
9439,3
9440,3
9452,3
9453,3
9454,3
9455,3
9456,3
9457,3
9458,3
9459,3
9460,3
9461,3
9462,3
9463,3
9464,3
9465,3
9466,3
9467,3
9468,3
9469,3
9470,3
9471,3
9472,3
9473,3
9474,3
9475,3
9476,3
9477,3
9478,3
9479,3
9480,3
9481,3
9482,3
9483,3
9484,3
9485,3
9486,3
9487,3
9488,3
9489,3
9490,3
9502,3
9503,3
9504,3
9505,3
9506,3
9507,3
9508,3
9509,3
9510,3
9511,3
9512,3
9513,3
9514,3
9515,3
9516,3
9517,3
9518,3
9519,3
9520,3
9521,3
9522,3
9523,3
9524,3
9525,3
9526,3
9527,3
9528,3
9529,3
9530,3
9531,3
9532,3
9533,3
9534,3
9535,3
9536,3
9537,3
9538,3
9539,3
9540,3
9541,3
9554,3
9555,3
9556,3
9557,3
9558,3
9559,3
9560,3
9561,3
9562,3
9563,3
9564,3
9565,3
9566,3
9567,3
9568,3
9569,3
9570,3
9571,3
9572,3
9573,3
9574,3
9575,3
9576,3
9577,3
9578,3
9579,3
9580,3
9581,3
9582,3
9583,3
9584,3
9585,3
9586,3
9587,3
9588,3
9589,3
9590,3
9591,3
9592,3
9604,3
9605,3
9606,3
9607,3
9608,3
9609,3
9610,3
9611,3
9612,3
9613,3
9614,3
9615,3
9616,3
9617,3
9618,3
9619,3
9620,3
9621,3
9622,3
9623,3
9624,3
9625,3
9626,3
9627,3
9628,3
9629,3
9630,3
9631,3
9632,3
9633,3
9634,3
9635,3
9636,3
9637,3
9638,3
9639,3
9640,3
9641,3
9642,3
9643,3
9644,3
9657,3
9658,3
9659,3
9660,3
9661,3
9662,3
9663,3
9664,3
9665,3
9666,3
9667,3
9668,3
9669,3
9670,3
9671,3
9672,3
9673,3
9674,3
9675,3
9676,3
9677,3
9678,3
9679,3
9680,3
9681,3
9682,3
9683,3
9684,3
9685,3
9686,3
9687,3
9688,3
9689,3
9690,3
9691,3
9692,3
9693,3
9694,3
9695,3
9696,3
9697,3
9698,3
9699,3
9700,3
9701,3
9702,3
9703,3
9704,3
9705,3
9706,3
9707,3
9708,3
9709,3
9710,3
9711,3
9712,3
9713,3
9714,3
9715,3
9716,3
9717,3
9718,3
9719,3
9720,3
9721,3
9722,3
9723,3
9724,3
9725,3
9726,3
9727,3
9728,3
9729,3
9730,3
9731,3
9732,3
9733,3
9734,3
9742,3
9743,3
9744,3
9745,3
9746,3
9747,3
9748,3
9749,3
9750,3
9751,3
9752,3
9753,3
9754,3
9755,3
9756,3
9757,3
9758,3
9759,3
9760,3
9761,3
9762,3
9763,3
9764,3
9765,3
9766,3
9767,3
9768,3
9769,3
9770,3
9771,3
9772,3
9773,3
9774,3
9775,3
9776,3
9777,3
9778,3
9779,3
9780,3
9781,3
9782,3
9783,3
9784,3
9785,3
9786,3
9787,3
9788,3
9789,3
9790,3
9791,3
9792,3
9793,3
9794,3
9801,3
9802,3
9803,3
9804,3
9805,3
9807,3
9808,3
9809,3
9810,3
9811,3
9812,3
9813,3
9814,3
9815,3
9816,3
9817,3
9818,3
9819,3
9820,3
9821,3
9822,3
9823,3
9824,3
9825,3
9826,3
9827,3
9828,3
9829,3
9830,3
9831,3
9832,3
9833,3
9834,3
9835,3
9836,3
9837,3
9838,3
9839,3
9840,3
9841,3
9842,3
9843,3
9844,3
9845,3
9846,3
9847,3
9848,3
9849,3
9850,3
9859,3
9860,3
9861,3
9862,3
9863,3
9864,3
9865,3
9866,3
9867,3
9868,3
9869,3
9870,3
9871,3
9872,3
9873,3
9874,3
9875,3
9876,3
9877,3
9878,3
9879,3
9880,3
9881,3
9882,3
9883,3
9884,3
9885,3
9886,3
9887,3
9888,3
9889,3
9890,3
9891,3
9892,3
9893,3
9894,3
9895,3
9896,3
9897,3
9898,3
9899,3
9900,3
9901,3
9902,3
9903,3
9904,3
9905,3
9906,3
9907,3
9919,3
9920,3
9921,3
9922,3
9923,3
9924,3
9925,3
9926,3
9927,3
9928,3
9929,3
9930,3
9931,3
9932,3
9933,3
9934,3
9935,3
9936,3
9937,3
9938,3
9939,3
9940,3
9941,3
9942,3
9943,3
9944,3
9945,3
9946,3
9947,3
9948,3
9949,3
9950,3
9951,3
9952,3
9953,3
9954,3
9955,3
9956,3
9957,3
9958,3
9959,3
9960,3
9961,3
9962,3
9963,3
9964,3
9965,3
9966,3
9967,3
9968,3
9969,3
9970,3
9971,3
9972,3
9973,3
9974,3
9975,3
9976,3
9977,3
9978,3
9979,3
9980,3
9981,3
9982,3
9983,3
9984,3
9985,3
9997,3
9998,3
9999,3
10000,3
10001,3
10002,3
10003,3
10004,3
10005,3
10006,3
10007,3
10008,3
10009,3
10010,3
10011,3
10012,3
10013,3
10014,3
10015,3
10016,3
10017,3
10018,3
10019,3
10020,3
10021,3
10022,3
10023,3
10024,3
10025,3
10026,3
10027,3
10028,3
10029,3
10030,3
10031,3
10032,3
10033,3
10034,3
10035,3
10036,3
10037,3
10038,3
10039,3
10040,3
10041,3
10042,3
10043,3
10044,3
10045,3
10046,3
10047,3
10048,3
10049,3
10062,3
10063,3
10064,3
10065,3
10066,3
10067,3
10068,3
10069,3
10070,3
10071,3
10072,3
10073,3
10074,3
10075,3
10076,3
10077,3
10078,3
10079,3
10080,3
10081,3
10082,3
10083,3
10084,3
10085,3
10086,3
10087,3
10088,3
10089,3
10090,3
10091,3
10092,3
10093,3
10094,3
10095,3
10096,3
10097,3
10098,3
10099,3
10100,3
10101,3
10102,3
10103,3
10104,3
10105,3
10106,3
10107,3
10108,3
10109,3
10122,3
10123,3
10124,3
10125,3
10126,3
10127,3
10128,3
10129,3
10130,3
10131,3
10132,3
10133,3
10134,3
10135,3
10136,3
10137,3
10138,3
10139,3
10140,3
10141,3
10142,3
10143,3
10144,3
10145,3
10146,3
10147,3
10148,3
10149,3
10150,3
10151,3
10152,3
10153,3
10154,3
10155,3
10156,3
10157,3
10158,3
10159,3
10160,3
10161,3
10162,3
10163,3
10164,3
10165,3
10166,3
10167,3
10168,3
10169,3
10170,3
10171,3
10172,3
10173,3
10174,3
10175,3
10176,3
10177,3
10178,3
10179,3
10193,3
10194,3
10195,3
10196,3
10197,3
10198,3
10199,3
10200,3
10201,3
10202,3
10203,3
10204,3
10205,3
10206,3
10207,3
10208,3
10209,3
10210,3
10211,3
10212,3
10213,3
10214,3
10215,3
10216,3
10217,3
10218,3
10219,3
10220,3
10221,3
10222,3
10223,3
10224,3
10225,3
10226,3
10227,3
10228,3
10229,3
10230,3
10231,3
10232,3
10233,3
10234,3
10235,3
10236,3
10237,3
10238,3
10239,3
10240,3
10241,3
10242,3
10243,3
10244,3
10245,3
10246,3
10247,3
10248,3
10249,3
10250,3
10251,3
10252,3
10253,3
10254,3
10255,3
10256,3
10257,3
10258,3
10259,3
10260,3
10261,3
10262,3
10263,3
10264,3
10265,3
10266,3
10267,3
10268,3
10269,3
10270,3
10271,3
10272,3
10273,3
10274,3
10275,3
10276,3
10277,3
10278,3
10279,3
10280,3
10281,3
10282,3
10283,3
10292,3
10293,3
10294,3
10295,3
10296,3
10297,3
10298,3
10299,3
10300,3
10301,3
10302,3
10303,3
10304,3
10305,3
10306,3
10307,3
10308,3
10309,3
10310,3
10311,3
10312,3
10313,3
10314,3
10315,3
10316,3
10317,3
10318,3
10319,3
10320,3
10321,3
10322,3
10323,3
10324,3
10325,3
10326,3
10327,3
10328,3
10329,3
10330,3
10331,3
10332,3
10333,3
10334,3
10335,3
10336,3
10338,3
10347,3
10348,3
10349,3
10350,3
10352,3
10353,3
10354,3
10355,3
10356,3
10357,3
10358,3
10359,3
10360,3
10361,3
10362,3
10363,3
10364,3
10365,3
10366,3
10367,3
10368,3
10369,3
10370,3
10371,3
10372,3
10373,3
10374,3
10375,3
10376,3
10377,3
10378,3
10379,3
10380,3
10381,3
10382,3
10383,3
10384,3
10385,3
10386,3
10387,3
10388,3
10389,3
10398,3
10399,3
10400,3
10401,3
10402,3
10403,3
10404,3
10405,3
10406,3
10407,3
10408,3
10409,3
10410,3
10411,3
10412,3
10413,3
10414,3
10415,3
10416,3
10417,3
10418,3
10419,3
10420,3
10421,3
10422,3
10423,3
10424,3
10425,3
10426,3
10427,3
10428,3
10429,3
10430,3
10431,3
10432,3
10433,3
10434,3
10435,3
10436,3
10437,3
10438,3
10439,3
10440,3
10441,3
10442,3
10443,3
10444,3
10445,3
10446,3
10456,3
10457,3
10458,3
10459,3
10460,3
10461,3
10462,3
10463,3
10464,3
10465,3
10466,3
10467,3
10468,3
10469,3
10470,3
10471,3
10472,3
10473,3
10474,3
10475,3
10476,3
10477,3
10478,3
10479,3
10480,3
10481,3
10482,3
10483,3
10484,3
10485,3
10486,3
10487,3
10488,3
10489,3
10490,3
10491,3
10492,3
10493,3
10494,3
10495,3
10496,3
10497,3
10498,3
10499,3
10500,3
10501,3
10502,3
10503,3
10512,3
10513,3
10514,3
10515,3
10516,3
10517,3
10518,3
10519,3
10520,3
10521,3
10522,3
10523,3
10524,3
10525,3
10526,3
10527,3
10528,3
10529,3
10530,3
10531,3
10532,3
10533,3
10534,3
10535,3
10536,3
10537,3
10538,3
10539,3
10540,3
10541,3
10542,3
10543,3
10544,3
10545,3
10546,3
10547,3
10548,3
10549,3
10550,3
10551,3
10552,3
10553,3
10554,3
10555,3
10556,3
10557,3
10558,3
10569,3
10570,3
10571,3
10572,3
10573,3
10574,3
10575,3
10576,3
10577,3
10578,3
10579,3
10580,3
10581,3
10582,3
10583,3
10584,3
10585,3
10586,3
10587,3
10588,3
10589,3
10590,3
10591,3
10592,3
10593,3
10594,3
10595,3
10596,3
10597,3
10598,3
10599,3
10600,3
10601,3
10602,3
10603,3
10604,3
10605,3
10606,3
10607,3
10608,3
10609,3
10610,3
10621,3
10622,3
10623,3
10624,3
10625,3
10626,3
10627,3
10628,3
10629,3
10630,3
10631,3
10632,3
10633,3
10634,3
10635,3
10636,3
10637,3
10638,3
10639,3
10640,3
10641,3
10642,3
10643,3
10644,3
10645,3
10646,3
10647,3
10648,3
10649,3
10650,3
10651,3
10652,3
10653,3
10654,3
10655,3
10656,3
10657,3
10658,3
10659,3
10660,3
10661,3
10663,3
10672,3
10673,3
10674,3
10675,3
10676,3
10677,3
10678,3
10679,3
10680,3
10681,3
10682,3
10683,3
10684,3
10685,3
10686,3
10687,3
10688,3
10689,3
10690,3
10691,3
10692,3
10693,3
10694,3
10695,3
10696,3
10697,3
10698,3
10699,3
10700,3
10701,3
10702,3
10703,3
10704,3
10705,3
10706,3
10707,3
10708,3
10709,3
10710,3
10711,3
10712,3
10713,3
10715,3
10716,3
10717,3
10727,3
10728,3
10729,3
10730,3
10731,3
10732,3
10733,3
10734,3
10735,3
10736,3
10737,3
10738,3
10739,3
10740,3
10741,3
10742,3
10743,3
10744,3
10745,3
10746,3
10747,3
10748,3
10749,3
10750,3
10751,3
10752,3
10753,3
10754,3
10755,3
10756,3
10757,3
10758,3
10759,3
10760,3
10761,3
10762,3
10763,3
10764,3
10765,3
10766,3
10767,3
10768,3
10769,3
10770,3
10771,3
10772,3
10773,3
10774,3
10775,3
10776,3
10777,3
10778,3
10779,3
10780,3
10781,3
10782,3
10783,3
10784,3
10785,3
10786,3
10787,3
10788,3
10789,3
10790,3
10791,3
10792,3
10793,3
10794,3
10795,3
10796,3
10797,3
10798,3
10799,3
10800,3
10810,3
10811,3
10812,3
10813,3
10814,3
10815,3
10816,3
10817,3
10818,3
10819,3
10820,3
10821,3
10822,3
10823,3
10824,3
10825,3
10826,3
10827,3
10828,3
10829,3
10830,3
10831,3
10832,3
10833,3
10834,3
10835,3
10836,3
10837,3
10838,3
10839,3
10840,3
10841,3
10842,3
10843,3
10844,3
10845,3
10846,3
10847,3
10848,3
10849,3
10850,3
10851,3
10861,3
10862,3
10863,3
10864,3
10865,3
10866,3
10867,3
10868,3
10869,3
10870,3
10871,3
10872,3
10873,3
10874,3
10875,3
10876,3
10877,3
10878,3
10879,3
10880,3
10881,3
10882,3
10883,3
10884,3
10885,3
10886,3
10887,3
10888,3
10889,3
10890,3
10891,3
10892,3
10893,3
10894,3
10895,3
10896,3
10897,3
10898,3
10899,3
10900,3
10901,3
10902,3
10903,3
10904,3
10905,3
10916,3
10917,3
10918,3
10919,3
10920,3
10921,3
10922,3
10923,3
10924,3
10925,3
10926,3
10927,3
10928,3
10929,3
10930,3
10931,3
10932,3
10933,3
10934,3
10935,3
10936,3
10937,3
10938,3
10939,3
10940,3
10941,3
10942,3
10943,3
10944,3
10945,3
10946,3
10947,3
10948,3
10949,3
10950,3
10952,3
10953,3
10954,3
10969,3
10970,3
10971,3
10972,3
10973,3
10974,3
10975,3
10976,3
10977,3
10978,3
10979,3
10980,3
10981,3
10982,3
10983,3
10984,3
10985,3
10986,3
10987,3
10988,3
10989,3
10990,3
10991,3
10992,3
10993,3
10994,3
10995,3
10996,3
10997,3
10998,3
10999,3
11000,3
11001,3
11002,3
11003,3
11004,3
11005,3
11006,3
11007,3
11008,3
11019,3
11020,3
11021,3
11022,3
11023,3
11024,3
11025,3
11026,3
11027,3
11028,3
11029,3
11030,3
11031,3
11032,3
11033,3
11034,3
11035,3
11036,3
11037,3
11038,3
11039,3
11040,3
11041,3
11042,3
11043,3
11044,3
11045,3
11046,3
11047,3
11048,3
11049,3
11050,3
11051,3
11052,3
11053,3
11054,3
11055,3
11056,3
11057,3
11058,3
11059,3
11060,3
11073,3
11074,3
11075,3
11076,3
11077,3
11078,3
11079,3
11080,3
11081,3
11082,3
11083,3
11084,3
11085,3
11086,3
11087,3
11088,3
11089,3
11090,3
11091,3
11092,3
11093,3
11094,3
11095,3
11096,3
11097,3
11098,3
11099,3
11100,3
11101,3
11102,3
11103,3
11104,3
11105,3
11106,3
11107,3
11108,3
11109,3
11110,3
11111,3
11112,3
11113,3
11125,3
11126,3
11127,3
11128,3
11129,3
11130,3
11131,3
11132,3
11133,3
11134,3
11135,3
11136,3
11137,3
11138,3
11139,3
11140,3
11141,3
11142,3
11143,3
11144,3
11145,3
11146,3
11147,3
11148,3
11149,3
11150,3
11151,3
11152,3
11153,3
11154,3
11155,3
11156,3
11157,3
11158,3
11159,3
11160,3
11161,3
11162,3
11173,3
11174,3
11175,3
11176,3
11177,3
11178,3
11179,3
11180,3
11181,3
11182,3
11183,3
11184,3
11185,3
11186,3
11187,3
11188,3
11189,3
11190,3
11191,3
11192,3
11193,3
11194,3
11195,3
11196,3
11197,3
11198,3
11199,3
11200,3
11201,3
11202,3
11203,3
11204,4
11205,4
11206,4
11207,4
11208,4
11209,4
11210,4
11211,4
11212,4
11213,4
11214,4
11215,4
11216,4
11217,4
11218,4
11219,4
11220,4
11221,4
11222,4
11223,4
11224,4
11225,4
11226,4
11227,4
11228,4
11229,4
11230,4
11231,4
11232,4
11233,4
11234,4
11235,4
11236,4
11237,4
11245,4
11246,4
11247,4
11248,4
11249,4
11250,4
11251,4
11252,4
11253,4
11254,4
11255,4
11256,4
11257,4
11258,4
11259,4
11260,4
11261,4
11262,4
11263,4
11264,4
11265,4
11266,4
11267,4
11268,4
11269,4
11270,4
11271,4
11272,4
11273,4
11274,4
11275,4
11276,4
11277,4
11278,4
11279,4
11280,4
11281,4
11282,4
11283,4
11284,4
11285,4
11286,4
11287,4
11288,4
11289,4
11290,4
11291,4
11292,4
11293,4
11294,4
11295,4
11296,4
11297,4
11298,4
11299,4
11300,4
11301,4
11302,4
11303,4
11304,4
11305,4
11306,4
11320,4
11321,4
11322,4
11323,4
11324,4
11325,4
11326,4
11327,4
11328,4
11329,4
11330,4
11331,4
11332,4
11333,4
11334,4
11335,4
11336,4
11337,4
11338,4
11339,4
11340,4
11341,4
11342,4
11343,4
11344,4
11345,4
11346,4
11347,4
11348,4
11349,4
11350,4
11351,4
11352,4
11353,4
11354,4
11355,4
11356,4
11357,4
11358,4
11359,4
11360,4
11361,4
11362,4
11363,4
11364,4
11365,4
11366,4
11367,4
11368,4
11369,4
11370,4
11371,4
11372,4
11373,4
11374,4
11375,4
11388,4
11389,4
11390,4
11391,4
11392,4
11393,4
11394,4
11395,4
11396,4
11397,4
11398,4
11399,4
11400,4
11401,4
11402,4
11403,4
11404,4
11405,4
11406,4
11407,4
11408,4
11409,4
11410,4
11411,4
11412,4
11413,4
11414,4
11415,4
11416,4
11417,4
11418,4
11419,4
11420,4
11421,4
11422,4
11423,4
11424,4
11425,4
11426,4
11427,4
11428,4
11429,4
11430,4
11431,4
11432,4
11433,4
11434,4
11435,4
11436,4
11437,4
11438,4
11439,4
11440,4
11441,4
11442,4
11443,4
11457,4
11458,4
11459,4
11460,4
11461,4
11462,4
11463,4
11464,4
11465,4
11466,4
11467,4
11468,4
11469,4
11470,4
11471,4
11472,4
11473,4
11474,4
11475,4
11476,4
11477,4
11478,4
11479,4
11480,4
11481,4
11482,4
11483,4
11484,4
11485,4
11486,4
11487,4
11488,4
11489,4
11490,4
11491,4
11492,4
11493,4
11494,4
11495,4
11496,4
11497,4
11498,4
11499,4
11500,4
11501,4
11502,4
11503,4
11504,4
11505,4
11506,4
11507,4
11508,4
11509,4
11510,4
11511,4
11512,4
11513,4
11514,4
11526,4
11527,4
11528,4
11529,4
11531,4
11532,4
11533,4
11534,4
11535,4
11536,4
11537,4
11538,4
11539,4
11540,4
11541,4
11542,4
11543,4
11544,4
11545,4
11546,4
11547,4
11548,4
11549,4
11550,4
11551,4
11552,4
11553,4
11554,4
11555,4
11556,4
11557,4
11558,4
11559,4
11560,4
11561,4
11562,4
11563,4
11564,4
11565,4
11566,4
11567,4
11568,4
11569,4
11570,4
11571,4
11572,4
11573,4
11574,4
11575,4
11576,4
11586,4
11587,4
11588,4
11589,4
11590,4
11591,4
11592,4
11593,4
11594,4
11595,4
11596,4
11597,4
11598,4
11599,4
11600,4
11601,4
11602,4
11603,4
11604,4
11605,4
11606,4
11607,4
11608,4
11609,4
11610,4
11611,4
11612,4
11613,4
11614,4
11615,4
11616,4
11617,4
11618,4
11619,4
11620,4
11621,4
11622,4
11623,4
11624,4
11625,4
11626,4
11627,4
11628,4
11629,4
11630,4
11631,4
11632,4
11633,4
11634,4
11635,4
11636,4
11637,4
11638,4
11639,4
11640,4
11641,4
11642,4
11643,4
11644,4
11645,4
11646,4
11647,4
11648,4
11649,4
11650,4
11651,4
11652,4
11653,4
11654,4
11655,4
11656,4
11657,4
11658,4
11659,4
11660,4
11661,4
11662,4
11663,4
11664,4
11665,4
11666,4
11667,4
11679,4
11680,4
11681,4
11682,4
11683,4
11684,4
11685,4
11686,4
11687,4
11688,4
11689,4
11690,4
11691,4
11692,4
11693,4
11694,4
11695,4
11696,4
11697,4
11698,4
11699,4
11700,4
11701,4
11702,4
11703,4
11704,4
11705,4
11706,4
11707,4
11708,4
11709,4
11710,4
11711,4
11712,4
11713,4
11714,4
11715,4
11716,4
11717,4
11730,4
11731,4
11732,4
11733,4
11734,4
11735,4
11736,4
11737,4
11738,4
11739,4
11740,4
11741,4
11742,4
11743,4
11744,4
11745,4
11746,4
11747,4
11748,4
11749,4
11750,4
11751,4
11752,4
11753,4
11754,4
11755,4
11756,4
11757,4
11758,4
11759,4
11760,4
11761,4
11762,4
11763,4
11764,4
11765,4
11766,4
11779,4
11781,4
11782,4
11783,4
11784,4
11785,4
11786,4
11787,4
11788,4
11789,4
11790,4
11791,4
11792,4
11793,4
11794,4
11795,4
11796,4
11797,4
11798,4
11799,4
11800,4
11801,4
11802,4
11803,4
11804,4
11805,4
11806,4
11807,4
11808,4
11809,4
11810,4
11811,4
11812,4
11813,4
11824,4
11825,4
11826,4
11827,4
11828,4
11829,4
11830,4
11831,4
11832,4
11833,4
11834,4
11835,4
11836,4
11837,4
11838,4
11839,4
11840,4
11841,4
11842,4
11843,4
11844,4
11845,4
11846,4
11847,4
11848,4
11849,4
11850,4
11851,4
11852,4
11853,4
11854,4
11855,4
11856,4
11857,4
11858,4
11859,4
11861,4
11872,4
11873,4
11874,4
11875,4
11876,4
11877,4
11878,4
11879,4
11880,4
11881,4
11882,4
11883,4
11884,4
11885,4
11886,4
11887,4
11888,4
11889,4
11890,4
11891,4
11892,4
11893,4
11894,4
11895,4
11896,4
11897,4
11898,4
11899,4
11900,4
11901,4
11902,4
11903,4
11904,4
11905,4
11906,4
11907,4
11908,4
11909,4
11921,4
11922,4
11923,4
11924,4
11926,4
11927,4
11928,4
11929,4
11930,4
11931,4
11932,4
11933,4
11934,4
11935,4
11936,4
11937,4
11938,4
11939,4
11940,4
11941,4
11942,4
11943,4
11944,4
11945,4
11946,4
11947,4
11948,4
11949,4
11950,4
11951,4
11952,4
11953,4
11955,4
11966,4
11967,4
11968,4
11969,4
11970,4
11971,4
11972,4
11973,4
11974,4
11975,4
11976,4
11977,4
11978,4
11979,4
11980,4
11981,4
11982,4
11983,4
11984,4
11985,4
11986,4
11987,4
11988,4
11989,4
11990,4
11991,4
11992,4
11993,4
11994,4
11995,4
11996,4
11997,4
11998,4
11999,4
12000,4
12001,4
12002,4
12003,4
12004,4
12005,4
12006,4
12007,4
12008,4
12009,4
12010,4
12011,4
12012,4
12013,4
12014,4
12015,4
12016,4
12017,4
12018,4
12019,4
12020,4
12021,4
12022,4
12023,4
12024,4
12025,4
12026,4
12027,4
12028,4
12029,4
12030,4
12031,4
12032,4
12033,4
12034,4
12035,4
12036,4
12041,4
12042,4
12043,4
12044,4
12045,4
12046,4
12047,4
12048,4
12049,4
12050,4
12051,4
12052,4
12053,4
12054,4
12055,4
12056,4
12057,4
12058,4
12059,4
12060,4
12061,4
12062,4
12063,4
12064,4
12065,4
12066,4
12067,4
12068,4
12069,4
12070,4
12071,4
12072,4
12073,4
12074,4
12075,4
12076,4
12077,4
12078,4
12079,4
12080,4
12081,4
12082,4
12083,4
12094,4
12095,4
12096,4
12097,4
12098,4
12099,4
12100,4
12101,4
12102,4
12103,4
12104,4
12105,4
12106,4
12107,4
12108,4
12109,4
12110,4
12111,4
12112,4
12113,4
12114,4
12115,4
12116,4
12117,4
12118,4
12119,4
12120,4
12121,4
12122,4
12123,4
12124,4
12125,4
12126,4
12127,4
12128,4
12129,4
12130,4
12131,4
12132,4
12133,4
12142,4
12143,4
12144,4
12145,4
12146,4
12147,4
12148,4
12149,4
12150,4
12151,4
12152,4
12153,4
12154,4
12155,4
12156,4
12157,4
12158,4
12159,4
12160,4
12161,4
12162,4
12163,4
12164,4
12165,4
12166,4
12167,4
12168,4
12169,4
12170,4
12171,4
12172,4
12173,4
12174,4
12175,4
12176,4
12177,4
12178,4
12179,4
12180,4
12181,4
12182,4
12191,4
12192,4
12193,4
12194,4
12195,4
12196,4
12197,4
12198,4
12199,4
12200,4
12201,4
12202,4
12203,4
12204,4
12205,4
12206,4
12207,4
12208,4
12209,4
12210,4
12211,4
12212,4
12213,4
12214,4
12215,4
12216,4
12217,4
12218,4
12219,4
12220,4
12221,4
12222,4
12223,4
12224,4
12225,4
12226,4
12227,4
12228,4
12229,4
12230,4
12231,4
12232,4
12240,4
12241,4
12242,4
12243,4
12244,4
12245,4
12246,4
12247,4
12248,4
12249,4
12250,4
12251,4
12252,4
12253,4
12254,4
12255,4
12256,4
12257,4
12258,4
12259,4
12260,4
12261,4
12262,4
12263,4
12264,4
12265,4
12266,4
12267,4
12268,4
12269,4
12270,4
12271,4
12272,4
12273,4
12274,4
12275,4
12276,4
12277,4
12278,4
12279,4
12280,4
12288,4
12289,4
12290,4
12291,4
12292,4
12293,4
12294,4
12295,4
12296,4
12297,4
12298,4
12299,4
12300,4
12301,4
12302,4
12303,4
12304,4
12305,4
12306,4
12307,4
12308,4
12309,4
12310,4
12311,4
12312,4
12313,4
12314,4
12315,4
12316,4
12317,4
12318,4
12319,4
12320,4
12321,4
12322,4
12323,4
12324,4
12325,4
12326,4
12334,4
12335,4
12336,4
12337,4
12338,4
12339,4
12340,4
12341,4
12342,4
12343,4
12344,4
12345,4
12346,4
12347,4
12348,4
12349,4
12350,4
12351,4
12352,4
12353,4
12354,4
12355,4
12356,4
12357,4
12358,4
12359,4
12360,4
12361,4
12362,4
12363,4
12364,4
12365,4
12366,4
12367,4
12368,4
12369,4
12370,4
12371,4
12372,4
12373,4
12383,4
12384,4
12385,4
12386,4
12387,4
12388,4
12389,4
12390,4
12391,4
12392,4
12393,4
12394,4
12395,4
12396,4
12397,4
12398,4
12399,4
12400,4
12401,4
12402,4
12403,4
12404,4
12405,4
12406,4
12407,4
12408,4
12409,4
12410,4
12411,4
12412,4
12413,4
12414,4
12415,4
12416,4
12417,4
12418,4
12419,4
12420,4
12421,4
12422,4
12423,4
12429,4
12430,4
12431,4
12432,4
12433,4
12434,4
12435,4
12436,4
12437,4
12438,4
12439,4
12440,4
12441,4
12442,4
12443,4
12444,4
12445,4
12446,4
12447,4
12448,4
12449,4
12450,4
12451,4
12452,4
12453,4
12454,4
12455,4
12456,4
12457,4
12458,4
12459,4
12460,4
12461,4
12462,4
12463,4
12464,4
12465,4
12466,4
12467,4
12468,4
12469,4
12470,4
12471,4
12472,4
12473,4
12474,4
12475,4
12476,4
12477,4
12478,4
12479,4
12480,4
12481,4
12482,4
12483,4
12484,4
12485,4
12486,4
12487,4
12488,4
12489,4
12490,4
12491,4
12492,4
12493,4
12494,4
12495,4
12496,4
12497,4
12498,4
12499,4
12500,4
12501,4
12502,4
12503,4
12504,4
12505,4
12506,4
12507,4
12508,4
12509,4
12510,4
12511,4
12512,4
12513,4
12526,4
12527,4
12528,4
12529,4
12530,4
12531,4
12532,4
12533,4
12534,4
12535,4
12536,4
12537,4
12538,4
12539,4
12540,4
12541,4
12542,4
12543,4
12544,4
12545,4
12546,4
12547,4
12548,4
12549,4
12550,4
12551,4
12552,4
12553,4
12554,4
12555,4
12556,4
12557,4
12558,4
12559,4
12560,4
12561,4
12562,4
12563,4
12564,4
12565,4
12566,4
12567,4
12568,4
12569,4
12570,4
12581,4
12582,4
12583,4
12584,4
12585,4
12586,4
12587,4
12588,4
12589,4
12590,4
12591,4
12592,4
12593,4
12594,4
12595,4
12596,4
12597,4
12598,4
12599,4
12600,4
12601,4
12602,4
12603,4
12604,4
12605,4
12606,4
12607,4
12608,4
12609,4
12610,4
12611,4
12612,4
12613,4
12614,4
12615,4
12616,4
12617,4
12618,4
12619,4
12620,4
12621,4
12622,4
12623,4
12624,4
12625,4
12626,4
12640,4
12641,4
12642,4
12643,4
12644,4
12645,4
12646,4
12647,4
12648,4
12649,4
12650,4
12651,4
12652,4
12653,4
12654,4
12655,4
12656,4
12657,4
12658,4
12659,4
12660,4
12661,4
12662,4
12663,4
12664,4
12665,4
12666,4
12667,4
12668,4
12669,4
12670,4
12671,4
12672,4
12673,4
12674,4
12675,4
12676,4
12677,4
12678,4
12679,4
12680,4
12681,4
12694,4
12695,4
12696,4
12697,4
12698,4
12699,4
12700,4
12701,4
12702,4
12703,4
12704,4
12705,4
12706,4
12707,4
12708,4
12709,4
12710,4
12711,4
12712,4
12713,4
12714,4
12715,4
12716,4
12717,4
12718,4
12719,4
12720,4
12721,4
12722,4
12723,4
12724,4
12725,4
12726,4
12727,4
12728,4
12729,4
12730,4
12731,4
12732,4
12733,4
12734,4
12735,4
12736,4
12752,4
12753,4
12754,4
12755,4
12756,4
12757,4
12758,4
12759,4
12760,4
12761,4
12762,4
12763,4
12764,4
12765,4
12766,4
12767,4
12768,4
12769,4
12770,4
12771,4
12772,4
12773,4
12774,4
12775,4
12776,4
12777,4
12778,4
12779,4
12780,4
12781,4
12782,4
12783,4
12784,4
12785,4
12786,4
12787,4
12788,4
12789,4
12790,4
12791,4
12792,4
12793,4
12794,4
12795,4
12796,4
12797,4
12798,4
12815,4
12816,4
12817,4
12818,4
12819,4
12820,4
12821,4
12822,4
12823,4
12824,4
12825,4
12826,4
12827,4
12828,4
12829,4
12830,4
12831,4
12832,4
12833,4
12834,4
12835,4
12836,4
12837,4
12838,4
12839,4
12840,4
12841,4
12842,4
12843,4
12844,4
12845,4
12846,4
12847,4
12848,4
12849,4
12850,4
12851,4
12852,4
12853,4
12854,4
12855,4
12856,4
12857,4
12858,4
12859,4
12860,4
12861,4
12877,4
12878,4
12879,4
12880,4
12881,4
12882,4
12883,4
12884,4
12885,4
12886,4
12887,4
12888,4
12889,4
12890,4
12891,4
12892,4
12893,4
12894,4
12895,4
12896,4
12897,4
12898,4
12899,4
12900,4
12901,4
12902,4
12903,4
12904,4
12905,4
12906,4
12907,4
12908,4
12909,4
12910,4
12911,4
12912,4
12913,4
12914,4
12915,4
12916,4
12917,4
12918,4
12919,4
12920,4
12921,4
12922,4
12923,4
12924,4
12940,4
12941,4
12942,4
12943,4
12944,4
12945,4
12946,4
12947,4
12948,4
12949,4
12950,4
12951,4
12952,4
12953,4
12954,4
12955,4
12956,4
12957,4
12958,4
12959,4
12960,4
12961,4
12962,4
12963,4
12964,4
12965,4
12966,4
12967,4
12968,4
12969,4
12970,4
12971,4
12972,4
12973,4
12974,4
12975,4
12976,4
12977,4
12978,4
12979,4
12980,4
12981,4
12982,4
12983,4
12984,4
12985,4
12986,4
12987,4
12988,4
12989,4
12990,4
12991,4
12992,4
12993,4
12994,4
12995,4
12996,4
12997,4
12998,4
12999,4
13000,4
13001,4
13002,4
13003,4
13004,4
13005,4
13006,4
13007,4
13008,4
13009,4
13010,4
13011,4
13012,4
13017,4
13018,4
13019,4
13020,4
13021,4
13022,4
13023,4
13024,4
13025,4
13026,4
13027,4
13028,4
13029,4
13030,4
13031,4
13032,4
13033,4
13034,4
13035,4
13036,4
13037,4
13038,4
13039,4
13040,4
13041,4
13042,4
13043,4
13044,4
13045,4
13046,4
13047,4
13048,4
13049,4
13050,4
13051,4
13052,4
13053,4
13054,4
13055,4
13056,4
13057,4
13058,4
13059,4
13060,4
13061,4
13062,4
13063,4
13064,4
13065,4
13066,4
13067,4
13068,4
13069,4
13070,4
13071,4
13072,4
13079,4
13080,4
13081,4
13082,4
13083,4
13084,4
13085,4
13086,4
13087,4
13088,4
13089,4
13090,4
13091,4
13092,4
13093,4
13094,4
13095,4
13096,4
13097,4
13098,4
13099,4
13100,4
13101,4
13102,4
13103,4
13104,4
13105,4
13106,4
13107,4
13108,4
13109,4
13110,4
13111,4
13112,4
13113,4
13114,4
13115,4
13116,4
13117,4
13118,4
13119,4
13120,4
13121,4
13122,4
13123,4
13124,4
13125,4
13126,4
13127,4
13128,4
13129,4
13137,4
13138,4
13139,4
13140,4
13141,4
13142,4
13143,4
13144,4
13145,4
13146,4
13147,4
13148,4
13149,4
13150,4
13151,4
13152,4
13153,4
13154,4
13155,4
13156,4
13157,4
13158,4
13159,4
13160,4
13161,4
13162,4
13163,4
13164,4
13165,4
13166,4
13167,4
13168,4
13169,4
13170,4
13171,4
13172,4
13173,4
13174,4
13175,4
13176,4
13177,4
13178,4
13179,4
13180,4
13181,4
13182,4
13189,4
13190,4
13191,4
13192,4
13193,4
13194,4
13195,4
13196,4
13197,4
13198,4
13199,4
13200,4
13201,4
13202,4
13203,4
13204,4
13205,4
13206,4
13207,4
13208,4
13209,4
13210,4
13211,4
13212,4
13213,4
13214,4
13215,4
13216,4
13217,4
13218,4
13219,4
13220,4
13221,4
13222,4
13223,4
13224,4
13225,4
13226,4
13227,4
13228,4
13229,4
13230,4
13231,4
13232,4
13233,4
13234,4
13235,4
13236,4
13243,4
13244,4
13245,4
13246,4
13247,4
13248,4
13249,4
13250,4
13251,4
13252,4
13253,4
13254,4
13255,4
13256,4
13257,4
13258,4
13259,4
13260,4
13261,4
13262,4
13263,4
13264,4
13265,4
13266,4
13267,4
13268,4
13269,4
13270,4
13271,4
13272,4
13273,4
13274,4
13275,4
13276,4
13277,4
13278,4
13279,4
13280,4
13281,4
13282,4
13283,4
13284,4
13285,4
13286,4
13287,4
13288,4
13289,4
13290,4
13291,4
13292,4
13299,4
13300,4
13301,4
13302,4
13303,4
13304,4
13305,4
13306,4
13307,4
13308,4
13309,4
13310,4
13311,4
13312,4
13313,4
13314,4
13315,4
13316,4
13317,4
13318,4
13319,4
13320,4
13321,4
13322,4
13323,4
13324,4
13325,4
13326,4
13327,4
13328,4
13329,4
13330,4
13331,4
13332,4
13333,4
13334,4
13335,4
13336,4
13337,4
13338,4
13339,4
13340,4
13341,4
13342,4
13343,4
13345,4
13346,4
13353,4
13354,4
13355,4
13356,4
13357,4
13358,4
13359,4
13360,4
13361,4
13362,4
13363,4
13364,4
13365,4
13366,4
13367,4
13368,4
13369,4
13370,4
13371,4
13372,4
13373,4
13374,4
13375,4
13376,4
13377,4
13378,4
13379,4
13380,4
13381,4
13382,4
13383,4
13384,4
13385,4
13386,4
13387,4
13388,4
13389,4
13390,4
13391,4
13392,4
13393,4
13394,4
13395,4
13396,4
13397,4
13398,4
13399,4
13400,4
13401,4
13402,4
13403,4
13404,4
13405,4
13406,4
13407,4
13408,4
13409,4
13410,4
13411,4
13412,4
13413,4
13414,4
13415,4
13416,4
13417,4
13418,4
13419,4
13420,4
13421,4
13422,4
13423,4
13424,4
13425,4
13426,4
13427,4
13428,4
13429,4
13430,4
13431,4
13441,4
13442,4
13443,4
13444,4
13445,4
13446,4
13447,4
13448,4
13449,4
13450,4
13451,4
13452,4
13453,4
13454,4
13455,4
13456,4
13457,4
13458,4
13459,4
13460,4
13461,4
13462,4
13463,4
13464,4
13465,4
13466,4
13467,4
13468,4
13469,4
13470,4
13471,4
13472,4
13473,4
13474,4
13475,4
13476,4
13477,4
13478,4
13479,4
13480,4
13481,4
13482,4
13483,4
13484,4
13485,4
13497,4
13498,4
13499,4
13500,4
13501,4
13502,4
13503,4
13504,4
13505,4
13506,4
13507,4
13508,4
13509,4
13510,4
13511,4
13512,4
13513,4
13514,4
13515,4
13516,4
13517,4
13518,4
13519,4
13520,4
13521,4
13522,4
13523,4
13524,4
13525,4
13526,4
13527,4
13528,4
13529,4
13530,4
13531,4
13532,4
13533,4
13534,4
13535,4
13536,4
13537,4
13549,4
13550,4
13551,4
13552,4
13553,4
13554,4
13555,4
13556,4
13557,4
13558,4
13559,4
13560,4
13561,4
13562,4
13563,4
13564,4
13565,4
13566,4
13567,4
13568,4
13569,4
13570,4
13571,4
13572,4
13573,4
13574,4
13575,4
13576,4
13577,4
13578,4
13579,4
13580,4
13581,4
13582,4
13583,4
13584,4
13585,4
13586,4
13587,4
13588,4
13590,4
13599,4
13601,4
13602,4
13603,4
13604,4
13605,4
13606,4
13607,4
13608,4
13609,4
13610,4
13611,4
13612,4
13613,4
13614,4
13615,4
13616,4
13617,4
13618,4
13619,4
13620,4
13621,4
13622,4
13623,4
13624,4
13625,4
13626,4
13627,4
13628,4
13629,4
13630,4
13631,4
13632,4
13633,4
13634,4
13635,4
13644,4
13645,4
13646,4
13647,4
13648,4
13649,4
13650,4
13651,4
13652,4
13653,4
13654,4
13655,4
13656,4
13657,4
13658,4
13659,4
13660,4
13661,4
13662,4
13663,4
13664,4
13665,4
13666,4
13667,4
13668,4
13669,4
13670,4
13671,4
13672,4
13673,4
13674,4
13675,4
13676,4
13677,4
13678,4
13679,4
13681,4
13690,4
13691,4
13692,4
13693,4
13694,4
13695,4
13696,4
13697,4
13698,4
13699,4
13700,4
13701,4
13702,4
13703,4
13704,4
13705,4
13706,4
13707,4
13708,4
13709,4
13710,4
13711,4
13712,4
13713,4
13714,4
13715,4
13716,4
13717,4
13718,4
13719,4
13720,4
13721,4
13722,4
13723,4
13724,4
13725,4
13726,4
13727,4
13728,4
13729,4
13739,4
13740,4
13741,4
13742,4
13743,4
13744,4
13745,4
13746,4
13747,4
13748,4
13749,4
13750,4
13751,4
13752,4
13753,4
13754,4
13755,4
13756,4
13757,4
13758,4
13759,4
13760,4
13761,4
13762,4
13763,4
13764,4
13765,4
13766,4
13767,4
13768,4
13769,4
13770,4
13771,4
13772,4
13773,4
13774,4
13775,4
13776,4
13778,4
13787,4
13788,4
13789,4
13790,4
13791,4
13792,4
13793,4
13794,4
13795,4
13796,4
13797,4
13798,4
13799,4
13800,4
13801,4
13802,4
13803,4
13804,4
13805,4
13806,4
13807,4
13808,4
13809,4
13810,4
13811,4
13812,4
13813,4
13814,4
13815,4
13816,4
13817,4
13818,4
13819,4
13820,4
13821,4
13822,4
13823,4
13824,4
13831,4
13832,4
13833,4
13834,4
13835,4
13836,4
13837,4
13838,4
13839,4
13840,4
13841,4
13842,4
13843,4
13844,4
13845,4
13846,4
13847,4
13848,4
13849,4
13850,4
13851,4
13852,4
13853,4
13854,4
13855,4
13856,4
13857,4
13858,4
13859,4
13860,4
13861,5
13862,5
13863,5
13864,5
13865,5
13866,5
13867,5
13868,5
13869,5
13870,5
13871,5
13872,5
13873,5
13874,5
13875,5
13876,5
13877,5
13878,5
13879,5
13880,5
13881,5
13882,5
13883,5
13884,5
13885,5
13886,5
13887,5
13888,5
13889,5
13890,5
13891,5
13892,5
13893,5
13894,5
13895,5
13896,5
13897,5
13898,5
13899,5
13900,5
13901,5
13902,5
13903,5
13904,5
13906,5
13907,5
13908,5
13909,5
13910,5
13911,5
13912,5
13913,5
13914,5
13915,5
13916,5
13917,5
13918,5
13919,5
13920,5
13921,5
13922,5
13923,5
13924,5
13925,5
13926,5
13927,5
13928,5
13929,5
13930,5
13931,5
13932,5
13933,5
13934,5
13935,5
13936,5
13937,5
13938,5
13939,5
13940,5
13941,5
13942,5
13943,5
13944,5
13945,5
13946,5
13947,5
13948,5
13949,5
13950,5
13951,5
13952,5
13953,5
13954,5
13955,5
13956,5
13957,5
13958,5
13959,5
13960,5
13961,5
13962,5
13963,5
13964,5
13965,5
13966,5
13967,5
13968,5
13969,5
13970,5
13971,5
13972,5
13973,5
13974,5
13975,5
13976,5
13977,5
13978,5
13979,5
13980,5
13981,5
13982,5
13983,5
13984,5
13985,5
13986,5
13987,5
13988,5
13989,5
13990,5
13991,5
13992,5
13993,5
13994,5
13995,5
13996,5
13997,5
13998,5
13999,5
14000,5
14001,5
14002,5
14003,5
14004,5
14005,5
14006,5
14007,5
14008,5
14009,5
14010,5
14011,5
14012,5
14013,5
14014,5
14015,5
14016,5
14017,5
14018,5
14019,5
14020,5
14021,5
14022,5
14023,5
14024,5
14025,5
14026,5
14027,5
14028,5
14029,5
14030,5
14031,5
14032,5
14033,5
14034,5
14035,5
14036,5
14037,5
14038,5
14039,5
14040,5
14041,5
14042,5
14043,5
14044,5
14045,5
14046,5
14047,5
14048,5
14049,5
14050,5
14051,5
14052,5
14053,5
14054,5
14055,5
14056,5
14057,5
14058,5
14059,5
14060,5
14061,5
14062,5
14063,5
14064,5
14065,5
14066,5
14067,5
14068,5
14069,5
14070,5
14071,5
14072,5
14073,5
14074,5
14075,5
14076,5
14077,5
14078,5
14079,5
14080,5
14081,5
14082,5
14083,5
14084,5
14085,5
14086,5
14087,5
14088,5
14089,5
14090,5
14091,5
14092,5
14093,5
14094,5
14095,5
14096,5
14097,5
14098,5
14099,5
14100,5
14101,5
14102,5
14103,5
14104,5
14105,5
14106,5
14107,5
14108,5
14109,5
14110,5
14111,5
14112,5
14113,5
14115,5
14116,5
14117,5
14118,5
14119,5
14120,5
14121,5
14122,5
14123,5
14124,5
14125,5
14126,5
14127,5
14128,5
14129,5
14130,5
14131,5
14132,5
14133,5
14134,5
14135,5
14136,5
14137,5
14138,5
14139,5
14140,5
14141,5
14142,5
14143,5
14144,5
14145,5
14146,5
14147,5
14148,5
14149,5
14150,5
14151,5
14152,5
14153,5
14154,5
14155,5
14156,5
14157,5
14158,5
14159,5
14160,5
14161,5
14162,5
14163,5
14164,5
14165,5
14166,5
14167,5
14168,5
14169,5
14170,5
14171,5
14172,5
14173,5
14174,5
14175,5
14176,5
14177,5
14178,5
14179,5
14180,5
14181,5
14182,5
14183,5
14184,5
14185,5
14186,5
14187,5
14188,5
14189,5
14190,5
14191,5
14192,5
14193,5
14194,5
14195,5
14196,5
14197,5
14198,5
14199,5
14200,5
14201,5
14202,5
14203,5
14204,5
14205,5
14206,5
14207,5
14208,5
14209,5
14210,5
14211,5
14212,5
14213,5
14214,5
14215,5
14216,5
14217,5
14218,5
14219,5
14220,5
14221,5
14222,5
14223,5
14224,5
14225,5
14226,5
14227,5
14228,5
14229,5
14230,5
14231,5
14232,5
14233,5
14234,5
14235,5
14236,5
14237,5
14238,5
14239,5
14240,5
14241,5
14242,5
14243,5
14244,5
14245,5
14246,5
14247,5
14248,5
14249,5
14250,5
14251,5
14252,5
14253,5
14254,5
14255,5
14256,5
14257,5
14258,5
14259,5
14260,5
14261,5
14262,5
14263,5
14264,5
14265,5
14266,5
14267,5
14268,5
14269,5
14270,5
14271,5
14272,5
14273,5
14274,5
14275,5
14276,5
14277,5
14278,5
14279,5
14280,5
14281,5
14282,5
14283,5
14284,5
14285,5
14286,5
14287,5
14288,5
14289,5
14290,5
14291,5
14292,5
14293,5
14294,5
14295,5
14296,5
14297,5
14298,5
14299,5
14300,5
14301,5
14302,5
14303,5
14304,5
14305,5
14306,5
14307,5
14308,5
14309,5
14310,5
14311,5
14312,5
14313,5
14314,5
14315,5
14316,5
14317,5
14318,5
14319,5
14322,5
14323,5
14324,5
14325,5
14326,5
14327,5
14328,5
14329,5
14330,5
14331,5
14332,5
14333,5
14334,5
14335,5
14336,5
14337,5
14338,5
14339,5
14340,5
14341,5
14342,5
14343,5
14344,5
14345,5
14346,5
14347,5
14348,5
14349,5
14350,5
14351,5
14352,5
14353,5
14354,5
14355,5
14356,5
14357,5
14358,5
14359,5
14360,5
14361,5
14362,5
14364,5
14365,5
14366,5
14367,5
14368,5
14369,5
14370,5
14371,5
14372,5
14373,5
14374,5
14375,5
14376,5
14377,5
14378,5
14379,5
14380,5
14381,5
14382,5
14383,5
14384,5
14385,5
14386,5
14387,5
14388,5
14389,5
14390,5
14391,5
14392,5
14393,5
14394,5
14395,5
14396,5
14397,5
14398,5
14399,5
14400,5
14401,5
14402,5
14403,5
14404,5
14405,5
14406,5
14407,5
14408,5
14409,5
14410,5
14411,5
14412,5
14413,5
14414,5
14415,5
14416,5
14417,5
14418,5
14419,5
14420,5
14421,5
14422,5
14423,5
14424,5
14425,5
14426,5
14427,5
14428,5
14429,5
14430,5
14431,5
14432,5
14433,5
14434,5
14435,5
14436,5
14437,5
14438,5
14439,5
14440,5
14441,5
14442,5
14443,5
14444,5
14445,5
14446,5
14447,5
14448,5
14449,5
14450,5
14451,5
14452,5
14453,5
14454,5
14455,5
14456,5
14457,5
14458,5
14459,5
14460,5
14461,5
14462,5
14463,5
14464,5
14465,5
14466,5
14467,5
14468,5
14469,5
14470,5
14471,5
14472,5
14473,5
14474,5
14475,5
14476,5
14477,5
14478,5
14479,5
14480,5
14481,5
14482,5
14483,5
14484,5
14485,5
14486,5
14487,5
14488,5
14489,5
14490,5
14491,5
14492,5
14493,5
14494,5
14495,5
14496,5
14497,5
14498,5
14499,5
14500,5
14501,5
14502,5
14503,5
14504,5
14505,5
14506,5
14507,5
14508,5
14509,5
14510,5
14511,5
14512,5
14513,5
14514,5
14516,5
14517,5
14518,5
14519,5
14520,5
14521,5
14522,5
14523,5
14524,5
14525,5
14526,5
14527,5
14528,5
14529,5
14530,5
14531,5
14532,5
14533,5
14534,5
14535,5
14536,5
14537,5
14538,5
14539,5
14540,5
14541,5
14542,5
14543,5
14544,5
14545,5
14546,5
14547,5
14548,5
14549,5
14550,5
14551,5
14552,5
14553,5
14554,5
14555,5
14556,5
14557,5
14558,5
14559,5
14560,5
14561,5
14562,5
14563,5
14564,5
14565,5
14566,5
14567,5
14568,5
14569,5
14570,5
14571,5
14572,5
14573,5
14574,5
14575,5
14576,5
14577,5
14578,5
14579,5
14580,5
14581,5
14582,5
14583,5
14584,5
14585,5
14586,5
14587,5
14588,5
14589,5
14590,5
14591,5
14592,5
14593,5
14594,5
14595,5
14596,5
14597,5
14598,5
14599,5
14600,5
14601,5
14602,5
14603,5
14604,5
14605,5
14606,5
14607,5
14608,5
14609,5
14610,5
14613,5
14614,5
14615,5
14616,5
14617,5
14618,5
14619,5
14620,5
14621,5
14622,5
14623,5
14624,5
14625,5
14626,5
14627,5
14628,5
14629,5
14630,5
14631,5
14632,5
14633,5
14634,5
14635,5
14636,5
14637,5
14638,5
14639,5
14640,5
14641,5
14642,5
14643,5
14644,5
14645,5
14646,5
14647,5
14648,5
14649,5
14650,5
14651,5
14652,5
14653,5
14654,5
14655,5
14656,5
14657,5
14658,5
14659,5
14660,5
14661,5
14662,5
14663,5
14664,5
14665,5
14666,5
14667,5
14668,5
14669,5
14670,5
14671,5
14672,5
14673,5
14674,5
14675,5
14676,5
14677,5
14678,5
14679,5
14680,5
14681,5
14682,5
14683,5
14684,5
14685,5
14686,5
14687,5
14688,5
14689,5
14690,5
14691,5
14692,5
14693,5
14694,5
14695,5
14696,5
14697,5
14698,5
14699,5
14700,5
14701,5
14702,5
14703,5
14704,5
14705,5
14706,5
14707,5
14708,5
14709,5
14710,5
14711,5
14712,5
14713,5
14714,5
14715,5
14716,5
14717,5
14718,5
14719,5
14720,5
14721,5
14722,5
14723,5
14724,5
14725,5
14726,5
14727,5
14728,5
14729,5
14730,5
14731,5
14732,5
14733,5
14734,5
14735,5
14736,5
14737,5
14738,5
14739,5
14740,5
14741,5
14742,5
14743,5
14744,5
14745,5
14746,5
14747,5
14748,5
14749,5
14750,5
14751,5
14752,5
14753,5
14754,5
14755,5
14756,5
14757,5
14758,5
14759,5
14760,5
14761,5
14762,5
14763,5
14764,5
14765,5
14766,5
14767,5
14768,5
14769,5
14770,5
14771,5
14772,5
14773,5
14774,5
14775,5
14776,5
14777,5
14778,5
14779,5
14780,5
14781,5
14782,5
14783,5
14784,5
14785,5
14786,5
14787,5
14788,5
14789,5
14790,5
14791,5
14792,5
14793,5
14794,5
14795,5
14796,5
14797,5
14798,5
14799,5
14800,5
14801,5
14802,5
14803,5
14804,5
14805,5
14806,5
14807,5
14808,5
14809,5
14810,5
14811,5
14812,5
14813,5
14814,5
14815,5
14816,5
14817,5
14818,5
14819,5
14820,5
14821,5
14822,5
14823,5
14824,5
14825,5
14826,5
14827,5
14828,5
14829,5
14830,5
14831,5
14832,5
14833,5
14834,5
14835,5
14836,5
14837,5
14838,5
14839,5
14840,5
14841,5
14842,5
14843,5
14844,5
14845,5
14846,5
14847,5
14848,5
14849,5
14850,5
14851,5
14852,5
14853,5
14854,5
14855,5
14856,5
14857,5
14858,5
14859,5
14860,5
14861,5
14862,5
14863,5
14864,5
14865,5
14866,5
14867,5
14868,5
14869,5
14870,5
14871,5
14872,5
14873,5
14874,5
14875,5
14876,5
14877,5
14878,5
14879,5
14880,5
14881,5
14882,5
14883,5
14884,5
14885,5
14886,5
14887,5
14888,5
14889,5
14890,5
14891,5
14892,5
14893,5
14894,5
14895,5
14896,5
14897,5
14898,5
14899,5
14900,5
14901,5
14902,5
14903,5
14904,5
14905,5
14906,5
14907,5
14908,5
14909,5
14910,5
14911,5
14912,5
14913,5
14914,5
14915,5
14916,5
14917,5
14918,5
14919,5
14920,5
14921,5
14922,5
14923,5
14924,5
14925,5
14926,5
14927,5
14928,5
14929,5
14930,5
14931,5
14932,5
14933,5
14934,5
14935,5
14936,5
14937,5
14938,5
14939,5
14940,5
14941,5
14942,5
14943,5
14944,5
14945,5
14946,5
14947,5
14948,5
14949,5
14950,5
14951,5
14952,5
14953,5
14954,5
14955,5
14956,5
14957,5
14958,5
14959,5
14960,5
14961,5
14962,5
14963,5
14964,5
14965,5
14966,5
14967,5
14968,5
14969,5
14970,5
14971,5
14972,5
14973,5
14974,5
14975,5
14976,5
14977,5
14978,5
14979,5
14980,5
14981,5
14982,5
14983,5
14984,5
14985,5
14986,5
14987,5
14988,5
14989,5
14990,5
14991,5
14992,5
14993,5
14994,5
14995,5
14996,5
14997,5
14998,5
14999,5
15000,5
15001,5
15002,5
15003,5
15004,5
15005,5
15006,5
15007,5
15008,5
15009,5
15010,5
15011,5
15012,5
15013,5
15014,5
15015,5
15016,5
15017,5
15018,5
15019,5
15020,5
15021,5
15022,5
15023,5
15024,5
15025,5
15026,5
15027,5
15028,5
15029,5
15030,5
15031,5
15032,5
15033,5
15034,5
15035,5
15036,5
15037,5
15038,5
15039,5
15040,5
15041,5
15042,5
15043,5
15044,5
15045,5
15046,5
15047,5
15048,5
15049,5
15050,5
15051,5
15052,5
15053,5
15054,5
15055,5
15056,5
15057,5
15058,5
15059,5
15060,5
15061,5
15062,5
15063,5
15064,5
15065,5
15066,5
15067,5
15068,5
15069,5
15070,5
15071,5
15072,5
15073,5
15074,5
15075,5
15076,5
15077,5
15078,5
15079,5
15080,5
15081,5
15082,5
15083,5
15084,5
15085,5
15086,5
15087,5
15088,5
15089,5
15090,5
15091,5
15092,5
15093,5
15094,5
15095,5
15096,5
15097,5
15098,5
15099,5
15100,5
15101,5
15102,5
15103,5
15104,5
15105,5
15106,5
15107,5
15108,5
15109,5
15110,5
15111,5
15112,5
15113,5
15114,5
15115,5
15116,5
15117,5
15118,5
15119,5
15120,5
15121,5
15122,5
15123,5
15124,5
15125,5
15126,5
15127,5
15128,5
15129,5
15130,5
15131,5
15132,5
15133,5
15134,5
15135,5
15136,5
15137,5
15138,5
15139,5
15140,5
15141,5
15142,5
15143,5
15144,5
15145,5
15146,5
15147,5
15148,5
15149,5
15150,5
15151,5
15153,5
15154,5
15155,5
15156,5
15157,5
15158,5
15159,5
15160,5
15161,5
15162,5
15163,5
15164,5
15165,5
15166,5
15167,5
15168,5
15169,5
15170,5
15171,5
15172,5
15173,5
15174,5
15175,5
15176,5
15177,5
15178,5
15179,5
15180,5
15181,5
15182,5
15183,5
15184,5
15185,5
15186,5
15187,5
15188,5
15189,5
15190,5
15191,5
15192,5
15193,5
15194,5
15195,5
15196,5
15197,5
15198,5
15199,5
15200,5
15201,5
15202,5
15203,5
15204,5
15205,5
15206,5
15207,5
15208,5
15209,5
15210,5
15211,5
15212,5
15213,5
15214,5
15215,5
15216,5
15217,5
15218,5
15219,5
15220,5
15221,5
15222,5
15223,5
15224,5
15225,5
15226,5
15227,5
15229,5
15230,5
15231,5
15232,5
15233,5
15234,5
15235,5
15236,5
15237,5
15238,5
15239,5
15240,5
15241,5
15242,5
15243,5
15244,5
15245,5
15246,5
15247,5
15248,5
15249,5
15250,5
15251,5
15252,5
15253,5
15254,5
15255,5
15256,5
15257,5
15258,5
15259,5
15260,5
15261,5
15262,5
15263,5
15264,5
15265,5
15266,5
15267,5
15268,5
15269,5
15270,5
15271,5
15272,5
15274,5
15275,5
15276,5
15277,5
15278,5
15279,5
15280,5
15281,5
15282,5
15283,5
15284,5
15285,5
15286,5
15287,5
15288,5
15289,5
15290,5
15291,5
15292,5
15293,5
15294,5
15295,5
15296,5
15297,5
15298,5
15299,5
15300,5
15301,5
15302,5
15303,5
15304,5
15305,5
15306,5
15307,5
15308,5
15309,5
15310,5
15311,5
15312,5
15313,5
15314,5
15315,5
15316,5
15317,5
15318,5
15319,5
15320,5
15321,5
15322,5
15323,5
15324,5
15325,5
15326,5
15327,5
15328,5
15329,5
15330,5
15331,5
15332,5
15333,5
15334,5
15335,5
15336,5
15337,5
15338,5
15339,5
15340,5
15341,5
15342,5
15343,5
15344,5
15345,5
15346,5
15347,5
15348,5
15349,5
15350,5
15351,5
15352,5
15353,5
15354,5
15355,5
15356,5
15357,5
15358,5
15359,5
15360,5
15361,5
15362,5
15363,5
15364,5
15365,5
15366,5
15367,5
15368,5
15369,5
15370,5
15371,5
15372,5
15373,5
15374,5
15375,5
15376,5
15377,5
15378,5
15379,5
15380,5
15381,5
15382,5
15383,5
15384,5
15385,5
15386,5
15387,5
15388,5
15389,5
15390,5
15391,5
15392,5
15393,5
15394,5
15395,5
15396,5
15397,5
15398,5
15399,5
15400,5
15401,5
15402,5
15404,5
15405,5
15406,5
15407,5
15408,5
15409,5
15410,5
15411,5
15412,5
15413,5
15414,5
15415,5
15416,5
15417,5
15418,5
15419,5
15420,5
15421,5
15422,5
15423,5
15424,5
15425,5
15426,5
15427,5
15428,5
15429,5
15430,5
15431,5
15432,5
15433,5
15434,5
15435,5
15436,5
15437,5
15438,5
15439,5
15440,5
15441,5
15442,5
15443,5
15444,5
15445,5
15446,5
15447,5
15448,5
15449,5
15450,5
15451,5
15452,5
15453,5
15454,5
15455,5
15456,5
15457,5
15458,5
15459,5
15460,5
15461,5
15462,5
15463,5
15464,5
15465,5
15466,5
15467,5
15468,5
15469,5
15470,5
15471,5
15472,5
15473,5
15474,5
15475,5
15476,5
15477,5
15478,5
15479,5
15480,5
15481,5
15482,5
15483,5
15484,5
15485,5
15486,5
15487,5
15488,5
15489,5
15490,5
15491,5
15492,5
15493,5
15494,5
15495,5
15496,5
15497,5
15498,5
15499,5
15500,5
15501,5
15502,5
15503,5
15504,5
15505,5
15506,5
15507,5
15508,5
15509,5
15510,5
15511,5
15512,5
15513,5
15514,5
15515,5
15516,5
15517,5
15518,5
15519,5
15520,5
15521,5
15522,5
15523,5
15524,5
15525,5
15526,5
15527,5
15528,5
15529,5
15530,5
15531,5
15532,5
15533,5
15534,5
15535,5
15536,5
15537,5
15538,5
15539,5
15540,5
15541,5
15542,5
15543,5
15544,5
15545,5
15546,5
15547,5
15548,5
15549,5
15550,5
15551,5
15552,5
15553,5
15554,5
15555,5
15556,5
15557,5
15558,5
15559,5
15560,5
15561,5
15562,5
15563,5
15565,5
15566,5
15567,5
15568,5
15569,5
15570,5
15571,5
15572,5
15573,5
15574,5
15575,5
15576,5
15577,5
15578,5
15579,5
15580,5
15581,5
15582,5
15583,5
15584,5
15585,5
15586,5
15587,5
15588,5
15589,5
15590,5
15591,5
15592,5
15593,5
15594,5
15595,5
15596,5
15597,5
15598,5
15599,5
15600,5
15601,5
15602,5
15603,5
15604,5
15605,5
15606,5
15607,5
15608,5
15609,5
15610,5
15611,5
15612,5
15613,5
15614,5
15615,5
15616,5
15617,5
15618,5
15619,5
15620,5
15621,5
15622,5
15623,5
15624,5
15625,5
15626,5
15627,5
15628,5
15629,5
15630,5
15631,5
15632,5
15633,5
15634,5
15635,5
15636,5
15637,5
15638,5
15639,5
15640,5
15641,5
15642,5
15643,5
15644,5
15645,5
15646,5
15647,5
15648,5
15649,5
15650,5
15651,5
15652,5
15653,5
15654,5
15655,5
15656,5
15657,5
15658,5
15659,5
15660,5
15661,5
15662,5
15663,5
15664,5
15665,5
15666,5
15667,5
15668,5
15669,5
15670,5
15671,5
15672,5
15673,5
15674,5
15675,5
15676,5
15677,5
15678,5
15679,5
15680,5
15681,5
15682,5
15683,5
15684,5
15685,5
15686,5
15687,5
15688,5
15689,5
15690,5
15691,5
15692,5
15693,5
15694,5
15695,5
15696,5
15697,5
15698,5
15699,5
15700,5
15701,5
15702,5
15703,5
15704,5
15705,5
15706,5
15707,5
15708,5
15709,5
15710,5
15711,5
15712,5
15713,5
15714,5
15715,5
15716,5
15717,5
15718,5
15719,5
15720,5
15721,5
15722,5
15723,5
15724,5
15725,5
15726,5
15727,5
15728,5
15729,5
15730,5
15731,5
15732,5
15733,5
15734,5
15735,5
15736,5
15737,5
15738,5
15739,5
15740,5
15741,5
15742,5
15743,5
15744,5
15745,5
15746,5
15747,5
15748,5
15749,5
15750,5
15751,5
15752,5
15753,5
15754,5
15755,5
15756,5
15757,5
15758,5
15759,5
15760,5
15761,5
15762,5
15763,5
15764,5
15765,5
15766,5
15767,5
15768,5
15769,5
15770,5
15771,5
15772,5
15773,5
15774,5
15775,5
15776,5
15777,5
15778,5
15779,5
15780,5
15782,5
15783,5
15784,5
15785,5
15786,5
15787,5
15788,5
15789,5
15790,5
15791,5
15792,5
15793,5
15794,5
15795,5
15796,5
15797,5
15798,5
15799,5
15800,5
15801,5
15802,5
15803,5
15804,5
15805,5
15806,5
15807,5
15808,5
15809,5
15810,5
15811,5
15812,5
15813,5
15814,5
15815,5
15816,5
15817,5
15818,5
15819,5
15820,5
15821,5
15822,5
15823,5
15824,5
15825,5
15826,5
15827,5
15828,5
15829,5
15830,5
15831,5
15832,5
15833,5
15834,5
15835,5
15836,5
15837,5
15838,5
15839,5
15840,5
15841,5
15842,5
15843,5
15844,5
15845,5
15846,5
15847,5
15848,5
15849,5
15851,5
15852,5
15853,5
15854,5
15855,5
15856,5
15857,5
15858,5
15859,5
15860,5
15861,5
15862,5
15863,5
15864,5
15865,5
15866,5
15867,5
15868,5
15869,5
15870,5
15871,5
15872,5
15873,5
15874,5
15875,5
15876,5
15877,5
15878,5
15879,5
15880,5
15881,5
15882,5
15883,5
15884,5
15885,5
15886,5
15887,5
15888,5
15889,5
15890,5
15891,5
15892,5
15893,5
15894,5
15895,5
15896,5
15897,5
15898,5
15899,5
15900,5
15901,5
15902,5
15903,5
15904,5
15905,5
15906,5
15907,5
15908,5
15909,5
15910,5
15911,5
15912,5
15913,5
15914,5
15915,5
15916,5
15917,5
15918,5
15919,5
15920,5
15921,5
15922,5
15923,5
15924,5
15925,5
15926,5
15927,5
15928,5
15929,5
15930,5
15931,5
15932,5
15933,5
15934,5
15935,5
15936,5
15937,5
15938,5
15939,5
15940,5
15941,5
15942,5
15943,5
15944,5
15945,5
15946,5
15947,5
15948,5
15949,5
15950,5
15951,5
15952,5
15953,5
15954,5
15955,5
15956,5
15957,5
15958,5
15959,5
15960,5
15961,5
15962,5
15963,5
15964,5
15965,5
15966,5
15967,5
15968,5
15969,5
15970,5
15971,5
15972,5
15973,5
15974,5
15975,5
15976,5
15977,5
15978,5
15979,5
15980,5
15981,5
15982,5
15983,5
15984,5
15985,5
15986,5
15987,5
15988,5
15989,5
15990,5
15991,5
15992,5
15993,5
15994,5
15995,5
15996,5
15997,5
15998,5
15999,5
16000,5
16001,5
16002,5
16003,5
16004,5
16005,5
16006,5
16007,5
16008,5
16009,5
16010,5
16011,5
16012,5
16013,5
16014,5
16015,5
16016,5
16017,5
16018,5
16019,5
16020,5
16021,5
16022,5
16023,5
16024,5
16025,5
16026,5
16027,5
16028,5
16029,5
16030,5
16031,5
16032,5
16033,5
16034,5
16035,5
16036,5
16037,5
16038,5
16039,5
16040,5
16041,5
16042,5
16043,5
16044,5
16045,5
16046,5
16047,5
16048,5
16049,5
16050,5
16052,5
16053,5
16054,5
16055,5
16056,5
16057,5
16058,5
16059,5
16060,5
16061,5
16062,5
16063,5
16064,5
16065,5
16066,5
16067,5
16068,5
16069,5
16070,5
16071,5
16072,5
16073,5
16074,5
16075,5
16076,5
16077,5
16078,5
16079,5
16080,5
16081,5
16082,5
16083,5
16084,5
16085,5
16086,5
16087,5
16088,5
16089,5
16090,5
16091,5
16092,5
16093,5
16094,5
16095,5
16096,5
16097,5
16098,5
16099,5
16100,5
16101,5
16102,5
16103,5
16104,5
16105,5
16106,5
16107,5
16108,5
16109,5
16110,5
16111,5
16112,5
16113,5
16114,5
16115,5
16116,5
16117,5
16118,5
16119,5
16120,5
16121,5
16122,5
16123,5
16124,5
16125,5
16126,5
16127,5
16128,5
16129,5
16130,5
16131,5
16132,5
16133,5
16134,5
16135,5
16136,5
16137,5
16138,5
16139,5
16140,5
16141,5
16142,5
16143,5
16144,5
16145,5
16146,5
16147,5
16148,5
16149,5
16150,5
16151,5
16152,5
16153,5
16154,5
16155,5
16156,5
16157,5
16158,5
16159,5
16160,5
16161,5
16162,5
16163,5
16165,5
16166,5
16167,5
16168,5
16169,5
16170,5
16171,5
16172,5
16173,5
16174,5
16175,5
16176,5
16177,5
16178,5
16179,5
16180,5
16181,5
16182,5
16183,5
16184,5
16185,5
16186,5
16187,5
16188,5
16189,5
16190,5
16191,5
16192,5
16193,5
16194,5
16195,5
16196,5
16197,5
16198,5
16199,5
16200,5
16201,5
16202,5
16203,5
16204,5
16205,5
16206,5
16207,5
16208,5
16209,5
16210,5
16211,5
16212,5
16213,5
16214,5
16215,5
16216,5
16217,5
16218,5
16219,5
16220,5
16221,5
16222,5
16223,5
16224,5
16225,5
16226,5
16227,5
16228,5
16229,5
16230,5
16231,5
16232,5
16233,5
16234,5
16235,5
16236,5
16237,5
16238,5
16239,5
16240,5
16242,5
16243,5
16244,5
16245,5
16246,5
16247,5
16248,5
16249,5
16250,5
16251,5
16252,5
16253,5
16254,5
16255,5
16256,5
16257,5
16258,5
16259,5
16260,5
16261,5
16262,5
16263,5
16264,5
16265,5
16266,5
16267,5
16268,5
16269,5
16270,5
16271,5
16272,5
16273,5
16274,5
16275,5
16276,5
16277,5
16278,5
16279,5
16280,5
16281,5
16282,5
16283,5
16284,5
16285,5
16286,5
16287,5
16288,5
16289,5
16290,5
16291,5
16292,5
16293,5
16294,5
16295,5
16296,5
16297,5
16298,5
16299,5
16300,5
16301,5
16302,5
16303,5
16304,5
16305,5
16306,5
16307,5
16308,5
16309,5
16310,5
16311,5
16312,5
16313,5
16314,5
16315,5
16316,5
16317,5
16318,5
16319,5
16320,5
16321,5
16322,5
16323,5
16324,5
16325,5
16326,5
16327,5
16328,5
16329,5
16330,5
16331,5
16332,5
16333,5
16334,5
16335,5
16336,5
16337,5
16338,5
16339,5
16340,5
16341,5
16342,5
16343,5
16344,5
16345,5
16346,5
16347,5
16348,5
16349,5
16350,5
16351,5
16352,5
16353,5
16354,5
16355,5
16356,5
16357,5
16358,5
16359,5
16360,5
16361,5
16362,5
16363,5
16364,5
16365,5
16366,5
16367,5
16368,5
16369,5
16370,5
16371,5
16372,5
16373,5
16374,5
16375,5
16376,5
16377,5
16378,5
16379,5
16380,5
16381,5
16382,5
16383,5
16384,5
16385,5
16386,5
16387,5
16388,5
16389,5
16390,5
16391,5
16392,5
16393,5
16394,5
16395,5
16396,5
16397,5
16398,5
16399,5
16400,5
16401,5
16402,5
16403,5
16404,5
16405,5
16406,5
16407,5
16408,5
16409,5
16410,5
16411,5
16412,5
16413,5
16414,5
16415,5
16416,5
16417,5
16418,5
16419,5
16420,5
16421,5
16422,5
16423,5
16424,5
16425,5
16426,5
16427,5
16428,5
16429,5
16430,5
16431,5
16432,5
16433,5
16434,5
16435,5
16436,5
16437,5
16438,5
16439,5
16440,5
16441,5
16442,5
16443,5
16444,5
16445,5
16446,5
16447,5
16448,5
16449,5
16450,5
16451,5
16452,5
16453,5
16454,5
16455,5
16456,5
16457,5
16458,5
16459,5
16460,5
16461,5
16462,5
16463,5
16464,5
16465,5
16466,5
16467,5
16468,5
16469,5
16470,5
16471,5
16472,5
16473,5
16474,5
16475,5
16476,5
16477,5
16478,5
16479,5
16480,5
16481,5
16482,5
16483,5
16484,5
16485,5
16486,5
16487,5
16488,5
16489,5
16490,5
16491,5
16492,5
16493,5
16494,5
16495,5
16496,5
16497,5
16498,5
16499,5
16500,5
16501,5
16502,5
16503,5
16504,5
16505,5
16506,5
16507,5
16508,5
16509,5
16510,5
16511,5
16512,5
16513,5
16514,5
16515,5
16516,5
16517,5
16518,5
16519,5
16520,5
16521,5
16522,5
16523,5
16524,5
16525,5
16526,5
16527,5
16528,5
16529,5
16530,5
16531,5
16532,5
16533,5
16534,5
16535,5
16536,5
16537,5
16538,5
16539,5
16540,5
16541,5
16542,5
16543,5
16544,5
16545,5
16546,5
16547,5
16548,5
16549,5
16550,5
16551,5
16552,5
16553,5
16554,5
16555,5
16556,5
16557,5
16558,5
16559,5
16560,5
16561,5
16562,5
16563,5
16564,5
16565,5
16566,5
16567,5
16568,5
16569,5
16570,5
16571,5
16572,5
16573,5
16574,5
16575,5
16576,5
16577,5
16578,5
16579,5
16580,5
16581,5
16582,5
16583,5
16584,5
16585,5
16586,5
16587,5
16588,5
16589,5
16590,5
16591,5
16592,5
16593,5
16594,5
16595,5
16596,5
16597,5
16598,5
16599,5
16600,5
16601,5
16602,5
16603,5
16604,5
16605,5
16606,5
16607,5
16608,5
16609,5
16610,5
16611,5
16612,5
16613,5
16614,5
16615,5
16616,5
16617,5
16618,5
16619,5
16620,5
16621,5
16622,5
16623,5
16624,5
16625,5
16626,5
16627,5
16628,5
16629,5
16630,5
16631,5
16632,5
16633,5
16634,5
16635,5
16636,5
16637,5
16638,5
16639,5
16640,5
16641,5
16642,5
16643,5
16644,5
16645,5
16646,5
16647,5
16648,5
16649,5
16650,5
16651,5
16652,5
16653,5
16654,5
16655,5
16656,5
16657,5
16658,5
16659,5
16660,5
16661,6
16662,6
16663,6
16664,6
16665,6
16666,6
16667,6
16668,6
16669,6
16670,6
16671,6
16672,6
16673,6
16674,6
16675,6
16676,6
16677,6
16678,6
16679,6
16680,6
16681,6
16682,6
16683,6
16684,6
16685,6
16686,6
16687,6
16688,6
16689,6
16690,6
16691,6
16692,6
16693,6
16694,6
16695,6
16696,6
16697,6
16698,6
16699,6
16700,6
16701,6
16702,6
16703,6
16704,6
16705,6
16706,6
16707,6
16708,6
16709,6
16710,6
16711,6
16712,6
16713,6
16714,6
16715,6
16716,6
16717,6
16718,6
16719,6
16720,6
16721,6
16722,6
16723,6
16724,6
16725,6
16726,6
16727,6
16728,6
16729,6
16730,6
16731,6
16732,6
16733,6
16734,6
16735,6
16736,6
16737,6
16738,6
16739,6
16740,6
16741,6
16742,6
16743,6
16744,6
16745,6
16746,6
16747,6
16748,6
16749,6
16750,6
16751,6
16752,6
16753,6
16754,6
16755,6
16756,6
16757,6
16758,6
16759,6
16760,6
16761,6
16762,6
16763,6
16764,6
16765,6
16766,6
16767,6
16768,6
16769,6
16770,6
16771,6
16772,6
16773,6
16774,6
16775,6
16776,6
16777,6
16778,6
16779,6
16780,6
16781,6
16782,6
16783,6
16784,6
16785,6
16786,6
16787,6
16788,6
16789,6
16790,6
16791,6
16792,6
16793,6
16794,6
16795,6
16796,6
16797,6
16798,6
16799,6
16800,6
16801,6
16802,6
16803,6
16804,6
16805,6
16806,6
16807,6
16808,6
16809,6
16810,6
16811,6
16812,6
16813,6
16814,6
16815,6
16816,6
16817,6
16818,6
16819,6
16820,6
16821,6
16822,6
16823,6
16824,6
16825,6
16826,6
16827,6
16828,6
16829,6
16830,6
16831,6
16832,6
16833,6
16834,6
16835,6
16836,6
16837,6
16838,6
16839,6
16840,6
16841,6
16842,6
16843,6
16844,6
16845,6
16846,6
16847,6
16848,6
16849,6
16850,6
16851,6
16852,6
16853,6
16854,6
16855,6
16856,6
16857,6
16858,6
16859,6
16860,6
16861,6
16862,6
16863,6
16864,6
16865,6
16866,6
16867,6
16868,6
16869,6
16870,6
16871,6
16872,6
16873,6
16874,6
16875,6
16876,6
16877,6
16878,6
16879,6
16880,6
16881,6
16882,6
16883,6
16884,6
16885,6
16886,6
16887,6
16888,6
16889,6
16890,6
16891,6
16892,6
16893,6
16894,6
16895,6
16896,6
16897,6
16898,6
16899,6
16900,6
16901,6
16902,6
16903,6
16904,6
16905,6
16906,6
16907,6
16908,6
16909,6
16910,6
16911,6
16912,6
16913,6
16914,6
16915,6
16916,6
16917,6
16918,6
16919,6
16920,6
16921,6
16922,6
16923,6
16924,6
16925,6
16926,6
16927,6
16928,6
16929,6
16930,6
16931,6
16932,6
16933,6
16934,6
16935,6
16936,6
16937,6
16938,6
16939,6
16940,6
16941,6
16942,6
16943,6
16944,6
16945,6
16946,6
16947,6
16948,6
16949,6
16950,6
16951,6
16952,6
16953,6
16954,6
16955,6
16956,6
16957,6
16958,6
16959,6
16960,6
16961,6
16962,6
16963,6
16964,6
16965,6
16966,6
16967,6
16968,6
16969,6
16970,6
16971,6
16972,6
16973,6
16974,6
16975,6
16976,6
16977,6
16978,6
16979,6
16980,6
16981,6
16982,6
16983,6
16984,6
16985,6
16986,6
16987,6
16988,6
16989,6
16990,6
16991,6
16992,6
16993,6
16994,6
16995,6
16996,6
16997,6
16998,6
16999,6
17000,6
17001,6
17002,6
17003,6
17004,6
17005,6
17006,6
17007,6
17009,6
17010,6
17011,6
17012,6
17013,6
17015,6
17016,6
17017,6
17018,6
17019,6
17020,6
17021,6
17022,6
17023,6
17024,6
17025,6
17026,6
17027,6
17028,6
17029,6
17030,6
17031,6
17032,6
17033,6
17034,6
17035,6
17036,6
17037,6
17038,6
17039,6
17040,6
17041,6
17042,6
17043,6
17044,6
17045,6
17046,6
17047,6
17048,6
17049,6
17050,6
17051,6
17052,6
17053,6
17054,6
17055,6
17056,6
17057,6
17058,6
17059,6
17060,6
17061,6
17062,6
17063,6
17064,6
17065,6
17066,6
17067,6
17068,6
17069,6
17070,6
17071,6
17072,6
17073,6
17074,6
17075,6
17076,6
17077,6
17078,6
17079,6
17080,6
17081,6
17082,6
17083,6
17084,6
17085,6
17086,6
17087,6
17088,6
17089,6
17090,6
17091,6
17092,6
17093,6
17094,6
17095,6
17096,6
17097,6
17098,6
17099,6
17100,6
17101,6
17102,6
17103,6
17104,6
17105,6
17106,6
17107,6
17108,6
17109,6
17110,6
17111,6
17112,6
17113,6
17114,6
17115,6
17116,6
17117,6
17118,6
17119,6
17120,6
17121,6
17122,6
17123,6
17124,6
17125,6
17126,6
17127,6
17128,6
17129,6
17130,6
17131,6
17132,6
17133,6
17134,6
17135,6
17136,6
17137,6
17138,6
17139,6
17140,6
17141,6
17142,6
17143,6
17144,6
17145,6
17146,6
17147,6
17148,6
17149,6
17150,6
17151,6
17152,6
17153,6
17154,6
17155,6
17156,6
17157,6
17158,6
17159,6
17160,6
17161,6
17162,6
17163,6
17164,6
17165,6
17166,6
17167,6
17168,6
17169,6
17170,6
17171,6
17172,6
17173,6
17174,6
17175,6
17176,6
17177,6
17178,6
17179,6
17180,6
17181,6
17182,6
17183,6
17184,6
17185,6
17186,6
17187,6
17188,6
17189,6
17190,6
17191,6
17192,6
17193,6
17194,6
17195,6
17196,6
17197,6
17198,6
17199,6
17200,6
17201,6
17202,6
17203,6
17204,6
17205,6
17206,6
17207,6
17208,6
17209,6
17210,6
17211,6
17212,6
17213,6
17214,6
17215,6
17216,6
17217,6
17218,6
17219,6
17220,6
17221,6
17222,6
17223,6
17224,6
17225,6
17226,6
17227,6
17228,6
17229,6
17230,6
17231,6
17232,6
17233,6
17234,6
17235,6
17236,6
17237,6
17238,6
17239,6
17240,6
17241,6
17242,6
17243,6
17244,6
17245,6
17246,6
17247,6
17248,6
17249,6
17250,6
17251,6
17252,6
17253,6
17254,6
17255,6
17256,6
17257,6
17258,6
17259,6
17260,6
17261,6
17262,6
17263,6
17264,6
17265,6
17266,6
17267,6
17268,6
17269,6
17270,6
17271,6
17272,6
17273,6
17274,6
17275,6
17276,6
17277,6
17278,6
17279,6
17280,6
17281,6
17282,6
17283,6
17284,6
17285,6
17286,6
17287,6
17288,6
17289,6
17290,6
17291,6
17292,6
17293,6
17294,6
17295,6
17296,6
17297,6
17298,6
17299,6
17300,6
17301,6
17302,6
17303,6
17304,6
17305,6
17306,6
17307,6
17308,6
17309,6
17310,6
17311,6
17312,6
17313,6
17314,6
17315,6
17316,6
17317,6
17318,6
17319,6
17320,6
17321,6
17322,6
17323,6
17324,6
17325,6
17326,6
17327,6
17328,6
17329,6
17330,6
17331,6
17332,6
17333,6
17334,6
17335,6
17336,6
17337,6
17338,6
17339,6
17340,6
17341,6
17342,6
17343,6
17344,6
17345,6
17346,6
17347,6
17348,6
17349,6
17350,6
17351,6
17352,6
17353,6
17354,6
17355,6
17356,6
17357,6
17358,6
17359,6
17360,6
17361,6
17362,6
17363,6
17364,6
17365,6
17366,6
17367,6
17368,6
17369,6
17370,6
17371,6
17372,6
17373,6
17374,6
17375,6
17376,6
17377,6
17378,6
17379,6
17380,6
17381,6
17382,6
17383,6
17384,6
17385,6
17386,6
17387,6
17388,6
17389,6
17390,6
17391,6
17392,6
17393,6
17394,6
17395,6
17396,6
17397,6
17398,6
17399,6
17400,6
17401,6
17402,6
17403,6
17404,6
17405,6
17406,6
17407,6
17408,6
17409,6
17410,6
17411,6
17412,6
17413,6
17414,6
17415,6
17416,6
17417,6
17418,6
17419,6
17420,6
17421,6
17422,6
17423,6
17424,6
17425,6
17426,6
17427,6
17428,6
17429,6
17430,6
17431,6
17432,6
17433,6
17434,6
17435,6
17436,6
17437,6
17438,6
17439,6
17440,6
17441,6
17442,6
17443,6
17444,6
17445,6
17446,6
17447,6
17448,6
17449,6
17450,6
17451,6
17452,6
17453,6
17454,6
17455,6
17456,6
17457,6
17458,6
17459,6
17460,6
17461,6
17462,6
17463,6
17464,6
17465,6
17466,6
17467,6
17468,6
17469,6
17470,6
17471,6
17472,6
17473,6
17474,6
17475,6
17476,6
17477,6
17478,6
17479,6
17480,6
17481,6
17482,6
17483,6
17484,6
17485,6
17486,6
17487,6
17488,6
17489,6
17490,6
17491,6
17492,6
17493,6
17494,6
17495,6
17496,6
17497,6
17498,6
17499,6
17500,6
17501,6
17502,6
17503,6
17504,6
17505,6
17506,6
17507,6
17508,6
17509,6
17510,6
17511,6
17512,6
17513,6
17514,6
17515,6
17516,6
17517,6
17518,6
17519,6
17520,6
17521,6
17522,6
17523,6
17524,6
17525,6
17526,6
17527,6
17528,6
17529,6
17530,6
17531,6
17532,6
17534,6
17535,6
17536,6
17537,6
17538,6
17539,6
17540,6
17541,6
17542,6
17543,6
17544,6
17545,6
17546,6
17547,6
17548,6
17549,6
17550,6
17551,6
17552,6
17553,6
17554,6
17555,6
17556,6
17557,6
17558,6
17559,6
17560,6
17561,6
17562,6
17563,6
17564,6
17565,6
17566,6
17567,6
17568,6
17569,6
17570,6
17571,6
17572,6
17573,6
17574,6
17575,6
17576,6
17577,6
17578,6
17579,6
17580,6
17581,6
17582,6
17583,6
17584,6
17585,6
17586,6
17587,6
17588,6
17589,6
17590,6
17591,6
17592,6
17593,6
17594,6
17595,6
17596,6
17597,6
17598,6
17599,6
17600,6
17601,6
17602,6
17603,6
17604,6
17605,6
17606,6
17607,6
17608,6
17609,6
17610,6
17611,6
17612,6
17613,6
17614,6
17615,6
17616,6
17617,6
17618,6
17619,6
17620,6
17621,6
17622,6
17623,6
17624,6
17625,6
17626,6
17627,6
17628,6
17629,6
17630,6
17631,6
17632,6
17633,6
17634,6
17635,6
17636,6
17637,6
17638,6
17639,6
17640,6
17641,6
17642,6
17643,6
17644,6
17645,6
17646,6
17647,6
17648,6
17649,6
17650,6
17651,6
17652,6
17653,6
17654,6
17655,6
17656,6
17657,6
17658,6
17659,6
17660,6
17661,6
17662,6
17663,6
17664,6
17665,6
17666,6
17667,6
17668,6
17669,6
17670,6
17671,6
17672,6
17673,6
17674,6
17675,6
17676,6
17677,6
17678,6
17679,6
17680,6
17681,6
17682,6
17683,6
17684,6
17685,6
17686,6
17687,6
17688,6
17689,6
17690,6
17691,6
17692,6
17693,6
17694,6
17695,6
17696,6
17697,6
17698,6
17699,6
17700,6
17701,6
17702,6
17703,6
17704,6
17705,6
17706,6
17707,6
17708,6
17709,6
17710,6
17711,6
17712,6
17713,6
17714,6
17715,6
17716,6
17717,6
17718,6
17719,6
17720,6
17721,6
17722,6
17723,6
17724,6
17725,6
17726,6
17727,6
17728,6
17729,6
17730,6
17731,6
17732,6
17733,6
17734,6
17735,6
17736,6
17737,6
17738,6
17739,6
17740,6
17741,6
17742,6
17743,6
17744,6
17745,6
17746,6
17747,6
17748,6
17749,6
17750,6
17751,6
17752,6
17753,6
17754,6
17755,6
17756,6
17757,6
17758,6
17759,6
17760,6
17761,6
17762,6
17763,6
17764,6
17765,6
17766,6
17767,6
17768,6
17769,6
17770,6
17771,6
17772,6
17774,6
17775,6
17776,6
17777,6
17778,6
17779,6
17780,6
17781,6
17782,6
17783,6
17784,6
17785,6
17786,6
17787,6
17788,6
17789,6
17790,6
17791,6
17792,6
17793,6
17794,6
17795,6
17796,6
17797,6
17798,6
17799,6
17800,6
17801,6
17802,6
17803,6
17804,6
17805,6
17806,6
17807,6
17808,6
17809,6
17810,6
17811,6
17812,6
17813,6
17814,6
17815,6
17816,6
17817,6
17818,6
17819,6
17820,6
17821,6
17822,6
17823,6
17824,6
17825,6
17826,6
17827,6
17828,6
17829,6
17830,6
17831,6
17832,6
17833,6
17834,6
17835,6
17836,6
17837,6
17838,6
17839,6
17840,6
17841,6
17842,6
17843,6
17844,6
17845,6
17846,6
17847,6
17848,6
17849,6
17850,6
17851,6
17852,6
17853,6
17854,6
17855,6
17856,6
17857,6
17858,6
17859,6
17860,6
17861,6
17862,6
17863,6
17864,6
17865,6
17866,6
17867,6
17868,6
17869,6
17870,6
17871,6
17872,6
17873,6
17874,6
17875,6
17876,6
17877,6
17878,6
17879,6
17880,6
17881,6
17882,6
17883,6
17884,6
17885,6
17886,6
17887,6
17888,6
17889,6
17890,6
17891,6
17892,6
17893,6
17894,6
17895,6
17896,6
17897,6
17898,6
17899,6
17900,6
17901,6
17902,6
17903,6
17904,6
17905,6
17906,6
17907,6
17908,6
17909,6
17910,6
17911,6
17912,6
17913,6
17914,6
17915,6
17916,6
17917,6
17918,6
17919,6
17920,6
17921,6
17922,6
17923,6
17924,6
17925,6
17926,6
17927,6
17928,6
17929,6
17930,6
17931,6
17932,6
17933,6
17934,6
17935,6
17936,6
17937,6
17938,6
17939,6
17940,6
17941,6
17942,6
17943,6
17944,6
17945,6
17946,6
17947,6
17948,6
17949,6
17950,6
17951,6
17952,6
17953,6
17954,6
17955,6
17956,6
17957,6
17958,6
17959,6
17960,6
17961,6
17962,6
17963,6
17964,6
17965,6
17966,6
17967,6
17968,6
17969,6
17970,6
17971,6
17972,6
17973,6
17974,6
17975,6
17976,6
17977,6
17978,6
17979,6
17980,6
17981,6
17982,6
17983,6
17984,6
17985,6
17986,6
17987,6
17988,6
17989,6
17990,6
17991,6
17992,6
17993,6
17994,6
17995,6
17996,6
17997,6
17998,6
17999,6
18000,6
18001,6
18002,6
18003,6
18004,6
18005,6
18006,6
18007,6
18008,6
18009,6
18010,6
18011,6
18012,6
18013,6
18014,6
18015,6
18016,6
18017,6
18018,6
18019,6
18020,6
18021,6
18022,6
18023,6
18024,6
18025,6
18026,6
18027,6
18028,6
18029,6
18030,6
18031,6
18032,6
18033,6
18034,6
18035,6
18036,6
18037,6
18039,6
18040,6
18041,6
18042,6
18043,6
18044,6
18045,6
18046,6
18047,6
18048,6
18049,6
18050,6
18051,6
18052,6
18053,6
18054,6
18055,6
18056,6
18057,6
18058,6
18059,6
18060,6
18061,6
18062,6
18063,6
18064,6
18065,6
18066,6
18067,6
18068,6
18069,6
18070,6
18071,6
18072,6
18073,6
18074,6
18075,6
18076,6
18077,6
18078,6
18079,6
18080,6
18081,6
18082,6
18083,6
18084,6
18085,6
18086,6
18087,6
18088,6
18089,6
18090,6
18091,6
18092,6
18093,6
18094,6
18095,6
18096,6
18097,6
18098,6
18099,6
18100,6
18101,6
18102,6
18103,6
18104,6
18105,6
18106,6
18107,6
18108,6
18109,6
18110,6
18111,6
18112,6
18113,6
18114,6
18115,6
18116,6
18117,6
18118,6
18119,6
18120,6
18121,6
18122,6
18123,6
18124,6
18125,6
18126,6
18127,6
18128,6
18129,6
18130,6
18131,6
18132,6
18133,6
18134,6
18135,6
18136,6
18137,6
18138,6
18139,6
18140,6
18141,6
18142,6
18143,6
18144,6
18145,6
18146,6
18147,6
18148,6
18149,6
18150,6
18151,6
18152,6
18153,6
18154,6
18155,6
18156,6
18157,6
18158,6
18159,6
18160,6
18161,6
18162,6
18163,6
18164,6
18165,6
18166,6
18167,6
18168,6
18169,6
18170,6
18171,6
18172,6
18173,6
18174,6
18175,6
18176,6
18177,6
18178,6
18179,6
18180,6
18181,6
18182,6
18183,6
18184,6
18185,6
18186,6
18187,6
18188,6
18189,6
18190,6
18191,6
18192,6
18193,6
18194,6
18195,6
18196,6
18197,6
18198,6
18199,6
18200,6
18201,6
18202,6
18203,6
18204,6
18205,6
18206,6
18207,6
18208,6
18209,6
18210,6
18211,6
18212,6
18213,6
18214,6
18215,6
18216,6
18217,6
18218,6
18219,6
18220,6
18221,6
18222,6
18223,6
18224,6
18225,6
18226,6
18227,6
18228,6
18229,6
18230,6
18231,6
18232,6
18233,6
18234,6
18235,6
18236,6
18237,6
18238,6
18239,6
18240,6
18241,6
18242,6
18243,6
18244,6
18245,6
18246,6
18247,6
18248,6
18249,6
18250,6
18251,6
18252,6
18253,6
18254,6
18255,6
18256,6
18257,6
18258,6
18259,6
18260,6
18261,6
18262,6
18263,6
18264,6
18265,6
18266,6
18267,6
18268,6
18269,6
18270,6
18271,6
18272,6
18273,6
18274,6
18275,6
18276,6
18277,6
18278,6
18279,6
18280,6
18281,6
18282,6
18283,6
18284,6
18285,6
18286,6
18287,6
18288,6
18289,6
18290,6
18291,6
18292,6
18293,6
18294,6
18295,6
18296,6
18297,6
18298,6
18299,6
18300,6
18301,6
18302,6
18303,6
18304,6
18305,6
18306,6
18307,6
18308,6
18309,6
18310,6
18311,6
18312,6
18313,6
18314,6
18315,6
18316,6
18317,6
18318,6
18319,6
18320,6
18321,6
18322,6
18323,6
18324,6
18325,6
18326,6
18327,6
18328,6
18329,6
18330,6
18331,6
18332,6
18333,6
18334,6
18335,6
18336,6
18337,6
18338,6
18339,6
18340,6
18341,6
18342,6
18343,6
18344,6
18345,6
18346,6
18347,6
18348,6
18349,6
18350,6
18351,6
18352,6
18353,6
18354,6
18355,6
18356,6
18357,6
18358,6
18359,6
18360,6
18361,6
18362,6
18363,6
18364,6
18365,6
18366,6
18367,6
18368,6
18369,6
18370,6
18371,6
18372,6
18373,6
18374,6
18375,6
18376,6
18377,6
18378,6
18379,6
18380,6
18381,6
18382,6
18383,6
18384,6
18385,6
18386,6
18387,6
18388,6
18389,6
18390,6
18391,6
18392,6
18393,6
18394,6
18395,6
18396,6
18397,6
18398,6
18399,6
18400,6
18401,6
18402,6
18403,6
18404,6
18405,6
18406,6
18407,6
18408,6
18409,6
18410,6
18411,6
18412,6
18413,6
18414,6
18415,6
18416,6
18417,6
18418,6
18419,6
18420,6
18421,6
18422,6
18423,6
18424,6
18425,6
18426,6
18427,6
18428,6
18429,6
18430,6
18431,6
18432,6
18433,6
18434,6
18435,6
18436,6
18437,6
18438,6
18439,6
18440,6
18441,6
18442,6
18443,6
18444,6
18445,6
18446,6
18447,6
18448,6
18449,6
18450,6
18451,6
18452,6
18453,6
18454,6
18455,6
18456,6
18457,6
18458,6
18459,6
18460,6
18461,6
18462,6
18463,6
18464,6
18465,6
18466,6
18467,6
18468,6
18469,6
18470,6
18471,6
18472,6
18473,6
18474,6
18475,6
18476,6
18477,6
18478,6
18479,6
18480,6
18481,6
18482,6
18483,6
18484,6
18485,6
18486,6
18487,6
18488,6
18489,6
18490,6
18491,6
18492,6
18493,6
18494,6
18495,6
18496,6
18497,6
18498,6
18499,6
18500,6
18501,6
18502,6
18503,6
18504,6
18505,6
18506,6
18507,6
18508,6
18509,6
18510,6
18511,6
18512,6
18513,6
18514,6
18515,6
18516,6
18517,6
18518,6
18519,6
18520,6
18521,6
18522,6
18523,6
18524,6
18525,6
18526,6
18527,6
18528,6
18529,6
18530,6
18531,6
18532,6
18533,6
18534,6
18535,6
18536,6
18537,6
18538,6
18539,6
18540,6
18541,6
18542,6
18543,6
18544,6
18545,6
18546,6
18547,6
18548,6
18549,6
18550,6
18551,6
18552,6
18553,6
18554,6
18555,6
18556,6
18557,6
18558,6
18559,6
18560,6
18561,6
18562,6
18563,6
18564,6
18565,6
18566,6
18567,6
18568,6
18569,6
18570,6
18571,6
18572,6
18573,6
18574,6
18575,6
18576,6
18577,6
18578,6
18579,6
18580,6
18581,6
18582,6
18583,6
18584,6
18585,6
18586,6
18587,6
18588,6
18589,6
18590,6
18591,6
18592,6
18593,6
18594,6
18595,6
18596,6
18597,6
18598,6
18599,6
18600,6
18601,6
18602,6
18603,6
18604,6
18605,6
18606,6
18607,6
18608,6
18609,6
18610,6
18611,6
18612,6
18613,6
18614,6
18615,6
18616,6
18617,6
18618,6
18619,6
18620,6
18621,6
18622,6
18623,6
18624,6
18625,6
18626,6
18627,6
18628,6
18629,6
18630,6
18631,6
18632,6
18633,6
18634,6
18635,6
18636,6
18637,6
18638,6
18639,6
18640,6
18641,6
18642,6
18643,6
18644,6
18645,6
18646,6
18647,6
18648,6
18649,6
18650,6
18651,6
18652,6
18653,6
18654,6
18655,6
18656,6
18657,6
18658,6
18659,6
18660,6
18661,6
18662,6
18663,6
18664,6
18665,6
18666,6
18667,6
18668,6
18669,6
18670,6
18671,6
18672,6
18673,6
18674,6
18675,6
18676,6
18677,6
18678,6
18679,6
18680,6
18681,6
18682,6
18683,6
18684,6
18685,6
18686,6
18687,6
18688,6
18689,6
18690,6
18691,6
18692,6
18693,6
18694,6
18695,6
18696,6
18697,6
18698,6
18699,6
18700,6
18701,6
18702,6
18703,6
18704,6
18705,6
18706,6
18707,6
18708,6
18709,6
18710,6
18711,6
18712,6
18713,6
18714,6
18715,6
18716,6
18717,6
18718,6
18719,6
18720,6
18721,6
18722,6
18723,6
18724,6
18725,6
18726,6
18727,6
18728,6
18729,6
18730,6
18731,6
18732,6
18733,6
18734,6
18735,6
18736,6
18737,6
18738,6
18739,6
18740,6
18741,6
18742,6
18743,6
18744,6
18745,6
18746,6
18747,6
18748,6
18749,6
18750,6
18751,6
18752,6
18753,6
18754,6
18755,6
18756,6
18757,6
18758,6
18759,6
18760,6
18761,6
18762,6
18763,6
18764,6
18765,6
18766,6
18767,6
18768,6
18769,6
18770,6
18771,6
18772,6
18773,6
18774,6
18775,6
18776,6
18777,6
18778,6
18779,6
18780,6
18781,6
18782,6
18783,6
18784,6
18785,6
18786,6
18787,6
18788,6
18789,6
18790,6
18791,6
18792,6
18793,6
18794,6
18795,6
18796,6
18797,6
18798,6
18799,6
18800,6
18801,6
18802,6
18803,6
18804,6
18805,6
18806,6
18807,6
18808,6
18809,6
18810,6
18811,6
18812,6
18813,6
18814,6
18815,6
18816,6
18817,6
18818,6
18819,6
18820,6
18821,6
18822,6
18823,6
18824,6
18825,6
18826,6
18827,6
18828,6
18829,6
18830,6
18831,6
18832,6
18833,6
18834,6
18835,6
18836,6
18837,6
18838,6
18839,6
18840,6
18841,6
18842,6
18843,6
18844,6
18845,6
18846,6
18847,6
18848,6
18849,6
18850,6
18851,6
18852,6
18853,6
18854,6
18855,6
18856,6
18857,6
18858,6
18859,6
18860,6
18861,6
18862,6
18863,6
18864,6
18865,6
18866,6
18867,6
18868,6
18869,6
18870,6
18871,6
18872,6
18873,6
18874,6
18875,6
18876,6
18877,6
18878,6
18879,6
18880,6
18881,6
18882,6
18883,6
18884,6
18885,6
18886,6
18887,6
18888,6
18889,6
18890,6
18891,6
18892,6
18893,6
18894,6
18895,6
18896,6
18897,6
18898,6
18899,6
18900,6
18901,6
18902,6
18903,6
18904,6
18905,6
18906,6
18907,6
18908,6
18909,6
18910,6
18911,6
18912,6
18913,6
18914,6
18915,6
18916,6
18917,6
18918,6
18919,6
18920,6
18921,6
18922,6
18923,6
18924,6
18925,6
18926,6
18927,6
18928,6
18929,6
18930,6
18931,6
18932,6
18933,6
18934,6
18935,6
18936,6
18937,6
18938,6
18939,6
18940,6
18941,6
18942,6
18943,6
18944,6
18945,6
18946,6
18947,6
18948,6
18949,6
18950,6
18951,6
18952,6
18953,6
18954,6
18955,6
18956,6
18957,6
18958,6
18959,6
18960,6
18961,6
18962,6
18963,6
18964,6
18965,6
18966,6
18967,6
18968,6
18969,6
18970,6
18971,6
18972,6
18973,6
18974,6
18975,6
18976,6
18977,6
18978,6
18979,6
18980,6
18981,6
18982,6
18983,6
18984,6
18985,6
18986,6
18987,6
18988,6
18989,6
18990,6
18991,6
18992,6
18993,6
18994,6
18995,6
18996,6
18997,6
18998,6
18999,6
19000,6
19001,6
19002,6
19003,6
19004,6
19005,6
19006,6
19007,6
19008,6
19009,6
19010,6
19011,6
19012,6
19013,6
19014,6
19015,6
19016,6
19017,6
19018,6
19019,6
19020,6
19021,6
19022,6
19023,6
19024,6
19025,6
19026,6
19027,6
19028,6
19029,6
19030,6
19031,6
19032,6
19033,6
19034,6
19035,6
19036,6
19037,6
19038,6
19039,6
19040,6
19041,6
19042,6
19043,6
19044,6
19045,6
19046,6
19047,6
19048,6
19049,6
19050,6
19051,6
19052,6
19053,6
19054,6
19055,6
19056,6
19057,6
19058,6
19059,6
19060,6
19061,6
19062,6
19063,6
19064,6
19065,6
19066,6
19067,6
19068,6
19069,6
19070,6
19071,6
19072,6
19073,6
19074,6
19075,6
19076,6
19077,6
19078,6
19079,6
19080,6
19081,6
19082,6
19083,6
19084,6
19085,6
19086,6
19087,6
19088,6
19089,6
19090,6
19091,6
19092,6
19093,6
19094,6
19095,6
19096,6
19097,6
19098,6
19099,6
19100,6
19101,6
19102,6
19103,6
19104,6
19105,6
19106,6
19107,6
19108,6
19109,6
19110,6
19111,6
19112,6
19113,6
19114,6
19115,6
19116,6
19117,6
19118,6
19119,6
19120,6
19121,6
19122,6
19123,6
19124,6
19125,6
19126,6
19127,6
19128,6
19129,6
19130,6
19131,6
19132,6
19133,6
19134,6
19135,6
19136,6
19137,6
19138,6
19139,6
19140,6
19141,6
19142,6
19143,6
19144,6
19145,6
19146,6
19147,6
19148,6
19149,6
19150,6
19151,6
19152,6
19153,6
19154,6
19155,6
19156,6
19157,6
19158,6
19159,6
19160,6
19161,6
19162,6
19163,6
19164,6
19165,6
19166,6
19167,6
19168,6
19169,6
19170,6
19171,6
19172,6
19173,6
19174,6
19175,6
19176,6
19177,6
19178,6
19179,6
19180,6
19181,6
19182,6
19183,6
19184,6
19185,6
19186,6
19187,6
19188,6
19189,6
19190,6
19191,6
19192,6
19193,6
19194,6
19195,6
19196,6
19197,6
19198,6
19199,6
19200,6
19201,6
19202,6
19203,6
19204,6
19205,6
19206,6
19207,6
19208,6
19209,6
19210,6
19211,6
19212,6
19213,6
19214,6
19215,6
19216,6
19217,6
19218,6
19219,6
19220,6
19221,6
19222,6
19223,6
19224,6
19225,6
19226,6
19227,6
19228,6
19229,6
19230,6
19231,6
19232,6
19233,6
19234,6
19235,6
19236,6
19237,6
19238,6
19239,6
19240,6
19241,6
19242,6
19243,6
19244,6
19245,6
19246,6
19247,6
19248,6
19249,6
19250,6
19251,6
19252,6
19253,6
19254,6
19255,6
19256,6
19257,6
19258,6
19259,6
19260,6
19261,6
19262,6
19263,6
19264,6
19265,6
19266,6
19267,6
19268,6
19269,6
19270,6
19271,6
19272,6
19273,6
19274,6
19275,6
19276,6
19277,6
19278,6
19279,6
19280,6
19281,6
19282,6
19283,6
19284,6
19285,6
19286,6
19287,6
19288,6
19289,6
19290,6
19291,6
19292,6
19293,6
19294,6
19295,6
19296,6
19297,6
19298,6
19299,6
19300,6
19301,6
19302,6
19303,6
19304,6
19305,6
19306,6
19307,6
19308,6
19309,6
19310,6
19311,6
19313,6
19314,6
19315,6
19316,6
19317,6
19318,6
19319,6
19320,6
19321,6
19322,6
19323,6
19324,6
19325,6
19326,6
19327,6
19328,6
19329,6
19330,6
19331,6
19332,6
19333,6
19334,6
19335,6
19336,6
19337,6
19338,6
19339,6
19340,6
19341,6
19342,6
19343,6
19344,6
19345,6
19346,6
19347,6
19348,6
19349,6
19350,6
19351,6
19352,6
19353,6
19354,6
19355,6
19356,6
19357,6
19358,6
19359,6
19360,6
19361,6
19362,6
19363,6
19364,6
19365,6
19366,6
19367,6
19368,6
19369,6
19370,6
19371,6
19372,6
19373,6
19374,6
19375,6
19376,6
19377,6
19378,6
19379,6
19380,6
19381,6
19382,6
19383,6
19384,6
19385,6
19386,6
19387,6
19388,6
19389,6
19390,6
19391,6
19392,6
19393,6
19394,6
19395,6
19396,6
19397,6
19398,6
19399,6
19400,6
19401,6
19402,6
19403,6
19404,6
19405,6
19406,6
19407,6
19408,6
19409,6
19410,6
19411,6
19412,6
19413,6
19414,6
19415,6
19416,6
19417,6
19419,6
19420,6
19421,6
19422,6
19423,6
19424,6
19425,6
19426,6
19427,6
19428,6
19429,6
19430,6
19431,6
19432,6
19433,6
19434,6
19435,6
19436,6
19437,6
19438,6
19439,6
19440,6
19441,6
19442,6
19443,6
19444,6
19445,6
19446,6
19447,6
19448,6
19449,6
19450,6
19451,6
19452,6
19453,6
19454,6
19455,6
19456,6
19457,6
19458,6
19459,6
19460,6
19461,6
19462,6
19463,6
19464,6
19465,6
19466,6
19467,6
19468,6
19469,6
19470,6
19471,6
19472,6
19473,6
19474,6
19475,6
19476,6
19477,6
19478,6
19479,6
19480,6
19481,6
19483,6
19484,6
19485,6
19486,6
19487,6
19488,6
19489,6
19490,6
19491,6
19492,6
19493,6
19494,6
19495,6
19496,6
19497,6
19498,6
19499,6
19500,6
19501,6
19502,6
19503,6
19504,6
19505,6
19506,6
19507,6
19508,6
19509,6
19510,6
19511,6
19512,6
19513,6
19514,6
19515,6
19516,6
19517,6
19518,6
19519,6
19520,6
19521,6
19522,6
19523,6
19524,6
19525,6
19526,6
19527,6
19528,6
19529,6
19530,6
19531,6
19532,6
19533,6
19534,6
19535,6
19536,6
19537,6
19538,6
19539,6
19540,6
19541,6
19542,6
19543,6
19544,6
19545,6
19546,6
19547,6
19548,6
19549,6
19550,6
19551,6
19552,6
19553,6
19554,6
19555,6
19556,6
19557,6
19558,6
19559,6
19560,6
19561,6
19562,6
19563,6
19564,6
19565,6
19566,6
19567,6
19568,6
19569,6
19570,6
19571,6
19572,6
19573,6
19574,6
19575,6
19576,6
19577,6
19578,6
19579,6
19580,6
19581,6
19582,6
19583,6
19584,6
19585,6
19586,6
19587,6
19588,6
19589,6
19590,6
19591,6
19592,6
19593,6
19594,6
19595,6
19596,6
19597,6
19598,6
19599,6
19600,6
19601,6
19602,6
19603,6
19604,6
19605,6
19606,6
19607,6
19608,6
19609,6
19610,6
19611,6
19612,6
19613,6
19614,6
19615,6
19616,6
19617,6
19618,6
19619,6
19620,6
19621,6
19622,6
19623,6
19624,6
19625,6
19626,6
19627,6
19628,6
19629,6
19630,6
19631,6
19632,6
19633,6
19634,6
19635,6
19636,6
19637,6
19638,6
19639,6
19640,6
19641,6
19642,6
19643,6
19644,6
19645,6
19646,6
19647,6
19648,6
19649,6
19650,6
19651,6
19652,6
19653,6
19654,6
19655,6
19656,6
19657,6
19658,6
19660,6
19661,6
19662,6
19663,6
19664,6
19665,6
19666,6
19667,6
19668,6
19669,6
19670,6
19671,6
19672,6
19673,6
19674,6
19675,6
19676,6
19677,6
19678,6
19679,6
19680,6
19681,6
19682,6
19683,6
19684,6
19685,6
19686,6
19687,6
19688,6
19689,6
19690,6
19691,6
19692,6
19693,6
19694,6
19695,6
19696,6
19697,6
19698,6
19699,6
19700,6
19701,6
19702,6
19703,6
19704,6
19705,6
19706,6
19707,6
19708,6
19709,6
19710,6
19711,6
19712,6
19713,6
19714,6
19715,6
19716,6
19717,6
19718,6
19719,6
19720,6
19721,6
19722,6
19723,6
19724,6
19725,6
19726,6
19727,6
19729,6
19730,6
19731,6
19732,6
19733,6
19734,6
19735,6
19736,6
19737,6
19738,6
19739,6
19740,6
19741,6
19742,6
19743,6
19744,6
19745,6
19746,6
19747,6
19748,6
19749,6
19750,6
19751,6
19752,6
19753,6
19754,6
19755,6
19756,6
19757,6
19758,6
19759,6
19760,6
19761,6
19762,6
19763,6
19764,6
19765,6
19766,6
19767,6
19768,6
19769,6
19770,6
19771,6
19772,6
19773,6
19774,6
19775,6
19776,6
19777,6
19778,6
19779,6
19780,6
19781,6
19782,6
19783,6
19784,6
19785,6
19786,6
19787,6
19788,6
19789,6
19790,6
19791,6
19792,6
19793,6
19794,6
19795,6
19796,6
19797,6
19798,6
19799,6
19800,6
19801,6
19802,6
19803,6
19804,6
19805,6
19806,6
19807,6
19808,6
19809,6
19810,6
19811,6
19812,6
19813,6
