,gesture_name
9318,3
18896,6
8871,3
18790,6
17362,6
1159,0
6494,2
8777,3
10439,3
18304,6
5425,1
8603,3
1925,0
10948,3
2460,0
9437,3
14134,5
7938,2
2530,0
14080,5
1687,0
5274,1
19485,6
5504,2
4465,1
18167,6
2398,0
8947,3
16521,5
19026,6
15944,5
12648,4
12003,4
19040,6
10380,3
2618,0
8229,2
8702,3
19333,6
12076,4
13699,4
19578,6
15648,5
19108,6
17349,6
1577,0
7813,2
4028,1
1585,0
1522,0
12785,4
1620,0
19472,6
492,0
13225,4
5953,2
11421,4
14071,5
9559,3
17800,6
1322,0
12323,4
316,0
6270,2
17134,6
11885,4
10300,3
3735,1
6820,2
12211,4
19242,6
8337,3
15664,5
15231,5
16836,6
17286,6
4165,1
9114,3
15392,5
1272,0
11271,4
14327,5
2041,0
1024,0
10269,3
15311,5
6984,2
6531,2
266,0
17314,6
15456,5
17108,6
9843,3
14775,5
18769,6
2939,1
13616,4
5553,2
1956,0
8019,2
16053,5
6547,2
10976,3
2766,1
15926,5
11415,4
1265,0
18182,6
2554,0
3744,1
10835,3
3501,1
14305,5
2527,0
9166,3
16760,6
5448,1
7509,2
17709,6
12895,4
15443,5
852,0
8231,2
18235,6
4915,1
16267,5
11566,4
11765,4
19802,6
5229,1
7860,2
5446,1
12988,4
12062,4
7524,2
2713,1
5891,2
6822,2
4910,1
18342,6
12461,4
16684,6
4807,1
13084,4
8480,3
759,0
10072,3
13140,4
12124,4
5765,2
14050,5
14498,5
3752,1
3555,1
4973,1
1325,0
18646,6
10625,3
5812,2
19683,6
897,0
18952,6
12989,4
7885,2
1227,0
11641,4
2316,0
1184,0
16239,5
17121,6
15841,5
19009,6
2904,1
13726,4
16728,6
9075,3
14716,5
6772,2
18822,6
2116,0
4720,1
13159,4
765,0
15322,5
18094,6
19501,6
7300,2
9725,3
16037,5
15895,5
7284,2
11190,3
13536,4
9690,3
14101,5
947,0
1276,0
10334,3
8020,2
6160,2
14898,5
13662,4
13502,4
17661,6
19609,6
13814,4
14992,5
4644,1
14616,5
16912,6
7864,2
9971,3
2823,1
5822,2
13768,4
9127,3
16469,5
17793,6
15994,5
15396,5
7439,2
3455,1
2123,0
1328,0
17769,6
4297,1
15457,5
1461,0
8596,3
7934,2
3107,1
17455,6
14663,5
13079,4
11464,4
16601,5
18807,6
14396,5
18306,6
12059,4
3563,1
1588,0
1397,0
4811,1
7217,2
9873,3
7610,2
18984,6
15212,5
16468,5
14790,5
15103,5
10903,3
5231,1
7590,2
8879,3
12048,4
18047,6
13615,4
11085,3
15887,5
3420,1
10338,3
15379,5
13155,4
14045,5
12822,4
18713,6
3108,1
5878,2
18464,6
16105,5
7227,2
12125,4
14281,5
2090,0
14438,5
373,0
2186,0
12370,4
12249,4
14779,5
4322,1
13254,4
19685,6
15959,5
16047,5
16576,5
16473,5
587,0
4384,1
15068,5
8318,3
17017,6
8301,2
17015,6
18485,6
3261,1
9102,3
1486,0
8479,3
13283,4
4354,1
6746,2
450,0
5876,2
5148,1
12159,4
3814,1
8950,3
16782,6
10900,3
17891,6
3362,1
17047,6
17043,6
12566,4
18880,6
8017,2
12065,4
18740,6
1491,0
19582,6
3857,1
11549,4
11752,4
15499,5
19264,6
3022,1
7145,2
9785,3
469,0
27,0
12536,4
14012,5
15941,5
16784,6
806,0
18294,6
16493,5
4876,1
4776,1
19091,6
19261,6
10844,3
3473,1
1145,0
8945,3
2761,1
18411,6
10690,3
17357,6
14531,5
10226,3
17543,6
15699,5
17892,6
1208,0
135,0
3654,1
5515,2
14175,5
12501,4
15207,5
3933,1
5895,2
6282,2
83,0
16752,6
927,0
10098,3
16235,5
14158,5
11237,4
2092,0
10952,3
1400,0
15764,5
7235,2
1987,0
4294,1
13308,4
8699,3
3190,1
2541,0
7746,2
14879,5
12070,4
8829,3
14748,5
15134,5
11347,4
2833,1
10676,3
17894,6
18806,6
5131,1
5259,1
11352,4
16718,6
6780,2
6966,2
10673,3
8660,3
16984,6
5602,2
10775,3
15469,5
7024,2
12882,4
17145,6
8688,3
7096,2
19248,6
13199,4
16980,6
11618,4
19568,6
18633,6
10783,3
19375,6
19369,6
8402,3
9266,3
10527,3
1701,0
12718,4
14939,5
16785,6
15653,5
9165,3
8968,3
11790,4
13746,4
12199,4
17706,6
4222,1
7060,2
3272,1
6153,2
6093,2
15791,5
8249,2
5392,1
2613,0
18353,6
15633,5
11504,4
11134,3
5021,1
19002,6
2231,0
14009,5
16800,6
6482,2
877,0
19220,6
13882,5
14903,5
19521,6
16716,6
14707,5
4586,1
10137,3
17163,6
2327,0
273,0
13320,4
3091,1
14546,5
19148,6
18866,6
16958,6
12881,4
12498,4
1049,0
17077,6
9076,3
15129,5
14822,5
17142,6
257,0
15679,5
19536,6
13245,4
5663,2
795,0
3936,1
18013,6
13424,4
13535,4
2837,1
13202,4
5136,1
6362,2
15483,5
16629,5
2198,0
15088,5
3118,1
13657,4
1045,0
17146,6
16220,5
6921,2
4832,1
5649,2
16475,5
1883,0
5296,1
10093,3
12102,4
1778,0
19480,6
16602,5
11949,4
13859,4
6462,2
9779,3
14086,5
19394,6
15355,5
13094,4
199,0
8538,3
555,0
5228,1
345,0
18858,6
12587,4
2240,0
5270,1
15987,5
2158,0
14260,5
15164,5
3867,1
6389,2
832,0
12508,4
15277,5
12166,4
15641,5
12913,4
2458,0
13266,4
9660,3
360,0
12470,4
15713,5
9832,3
6403,2
10222,3
6769,2
18379,6
13303,4
5100,1
17200,6
19019,6
14279,5
14884,5
14638,5
9183,3
6267,2
5078,1
18290,6
14905,5
16215,5
3199,1
17862,6
18929,6
9615,3
4824,1
8018,2
1510,0
2917,1
11692,4
15084,5
4393,1
3568,1
18910,6
14130,5
14155,5
7343,2
17343,6
15137,5
2758,1
17938,6
16069,5
1714,0
8422,3
13381,4
7465,2
4286,1
11056,3
9644,3
12695,4
16249,5
13902,5
5401,1
1256,0
17687,6
14235,5
14951,5
10787,3
2126,0
2680,1
16210,5
4184,1
1518,0
15083,5
7194,2
8966,3
5010,1
17880,6
337,0
7919,2
2349,0
4246,1
14670,5
18416,6
17965,6
7102,2
6504,2
14491,5
5241,1
11656,4
33,0
15001,5
311,0
7544,2
7704,2
16569,5
14200,5
9111,3
17340,6
14098,5
14580,5
1748,0
12815,4
9202,3
11892,4
1026,0
9733,3
14582,5
2961,1
10929,3
14417,5
19479,6
11951,4
10415,3
15807,5
11055,3
18764,6
4877,1
4479,1
11547,4
19262,6
12786,4
18486,6
6173,2
12979,4
9877,3
18041,6
2362,0
18497,6
14047,5
11763,4
4396,1
5318,1
8864,3
6656,2
17365,6
2128,0
7469,2
8306,2
16108,5
733,0
5929,2
16509,5
3954,1
79,0
7269,2
17056,6
333,0
14709,5
19265,6
15695,5
2192,0
6850,2
8288,2
15960,5
6831,2
4582,1
214,0
7373,2
3250,1
8268,2
106,0
6242,2
5952,2
9675,3
5017,1
11622,4
10943,3
1530,0
13217,4
10233,3
1665,0
456,0
18040,6
7572,2
14554,5
19512,6
13955,5
16765,6
12350,4
18739,6
17496,6
5985,2
4762,1
19768,6
8755,3
13875,5
3813,1
19471,6
19457,6
7512,2
173,0
9949,3
335,0
6400,2
15727,5
15306,5
399,0
5721,2
750,0
612,0
13586,4
6488,2
8589,3
4717,1
7483,2
7103,2
10043,3
3171,1
9385,3
16033,5
15041,5
3290,1
12469,4
5336,1
10633,3
12321,4
14680,5
19423,6
14529,5
10000,3
6704,2
5582,2
17771,6
16805,6
15290,5
6673,2
10046,3
4812,1
1564,0
14479,5
17467,6
9406,3
2779,1
15864,5
2709,1
9998,3
17076,6
6927,2
17165,6
13475,4
17944,6
10531,3
17713,6
16243,5
17926,6
15253,5
12775,4
7650,2
7883,2
2217,0
6054,2
18694,6
16478,5
13696,4
10402,3
2353,0
13177,4
9789,3
14997,5
14682,5
13333,4
7017,2
9479,3
6459,2
17198,6
14275,5
7050,2
10240,3
6696,2
2690,1
19123,6
13554,4
10436,3
16494,5
15799,5
15429,5
5543,2
15424,5
1523,0
12105,4
10810,3
15056,5
13465,4
18935,6
8325,3
3751,1
5603,2
4126,1
9059,3
10252,3
1678,0
7684,2
9194,3
16354,5
12119,4
2060,0
15398,5
18924,6
8547,3
18090,6
12320,4
11408,4
15218,5
19314,6
12223,4
18455,6
15022,5
18864,6
5941,2
10205,3
6782,2
14553,5
3437,1
17607,6
7406,2
12821,4
4505,1
14481,5
16121,5
17564,6
1618,0
4961,1
17227,6
4214,1
16114,5
1600,0
18692,6
9671,3
1806,0
11830,4
16563,5
16291,5
15540,5
17571,6
9134,3
9431,3
1735,0
13888,5
773,0
17386,6
6395,2
8681,3
14156,5
394,0
5998,2
2600,0
19253,6
16043,5
15769,5
15712,5
9744,3
2033,0
17437,6
2061,0
12643,4
11619,4
4521,1
14512,5
6507,2
17665,6
13227,4
873,0
2851,1
18063,6
16680,6
9115,3
18542,6
4367,1
11684,4
16841,6
8272,2
7930,2
19587,6
11206,4
2292,0
15577,5
7232,2
15428,5
16252,5
10627,3
3095,1
4318,1
10896,3
8434,3
275,0
9375,3
3728,1
9809,3
14508,5
3853,1
15383,5
15385,5
7220,2
20,0
13508,4
7422,2
9756,3
1854,0
4408,1
2478,0
11194,3
1926,0
19700,6
18452,6
10538,3
14857,5
2347,0
19642,6
4894,1
8169,2
6515,2
5560,2
16843,6
8551,3
19538,6
15509,5
4399,1
18390,6
16099,5
1219,0
6056,2
14119,5
11536,4
8397,3
6793,2
1958,0
17495,6
1743,0
19300,6
458,0
5227,1
12855,4
11402,4
16997,6
7052,2
63,0
17632,6
15346,5
17626,6
6247,2
5260,1
19525,6
7849,2
18780,6
1456,0
9424,3
18193,6
16795,6
13060,4
11835,4
1820,0
18607,6
61,0
3188,1
16891,6
17875,6
13651,4
634,0
1927,0
8678,3
14353,5
10258,3
17825,6
17605,6
14988,5
12265,4
3243,1
13258,4
5841,2
14771,5
12303,4
19401,6
18039,6
17710,6
4445,1
407,0
8627,3
9357,3
6008,2
1626,0
1597,0
9248,3
17739,6
170,0
2937,1
3308,1
19741,6
6402,2
14411,5
11749,4
10788,3
13058,4
5081,1
16293,5
1387,0
16273,5
684,0
12019,4
19595,6
14227,5
16531,5
15893,5
15261,5
11345,4
19234,6
801,0
748,0
4280,1
19526,6
12673,4
2210,0
3132,1
10235,3
591,0
9932,3
17629,6
3864,1
1493,0
16189,5
17263,6
17225,6
1407,0
964,0
14623,5
19707,6
5990,2
8557,3
16137,5
7058,2
11441,4
3407,1
10776,3
17179,6
17469,6
11416,4
8223,2
12396,4
18996,6
6144,2
8816,3
14613,5
11038,3
5519,2
5032,1
6789,2
13392,4
7651,2
11105,3
15909,5
3446,1
5777,2
7715,2
6437,2
15698,5
19617,6
14914,5
10513,3
6960,2
1615,0
5531,2
13345,4
7036,2
16656,5
9419,3
6503,2
10303,3
2682,1
5575,2
6457,2
14355,5
15852,5
11401,4
17794,6
1747,0
15032,5
1825,0
812,0
870,0
10076,3
19347,6
15446,5
3395,1
8499,3
12909,4
16700,6
9731,3
6660,2
17097,6
9131,3
3669,1
5230,1
16236,5
10099,3
15015,5
2563,0
1847,0
15095,5
12552,4
6236,2
11741,4
4863,1
15846,5
5620,2
4295,1
10884,3
16868,6
17152,6
4796,1
3497,1
7989,2
17585,6
3801,1
12528,4
1746,0
14989,5
7185,2
3662,1
18524,6
15035,5
5195,1
10097,3
19515,6
4943,1
3521,1
29,0
521,0
14892,5
131,0
4982,1
8058,2
14472,5
15474,5
17250,6
15809,5
7401,2
9772,3
11704,4
1983,0
15748,5
10997,3
12098,4
7356,2
19267,6
13364,4
3757,1
2205,0
14046,5
1581,0
4705,1
10298,3
11902,4
17028,6
10128,3
12626,4
6725,2
5827,2
10548,3
14096,5
11890,4
15453,5
13178,4
2793,1
388,0
1957,0
11198,3
11366,4
12922,4
315,0
2008,0
18225,6
413,0
16117,5
18451,6
3508,1
11839,4
606,0
15,0
10741,3
9872,3
3125,1
4183,1
309,0
1485,0
1255,0
14357,5
13691,4
8772,3
7012,2
2522,0
7828,2
7944,2
13868,5
2132,0
703,0
1951,0
16408,5
4043,1
11620,4
18591,6
1113,0
9571,3
1908,0
13740,4
638,0
248,0
2411,0
5432,1
697,0
18814,6
8088,2
17116,6
9352,3
2232,0
11362,4
8564,3
70,0
19263,6
1180,0
5329,1
17048,6
17419,6
1894,0
5223,1
17401,6
13648,4
14242,5
16648,5
14838,5
16887,6
2093,0
18808,6
14881,5
4467,1
19774,6
3020,1
17012,6
6033,2
13354,4
6281,2
1085,0
11599,4
2898,1
15382,5
6994,2
15719,5
5636,2
946,0
11336,4
14533,5
10327,3
19442,6
15018,5
8390,3
3449,1
15829,5
11019,3
14063,5
367,0
12358,4
6591,2
17565,6
5849,2
1154,0
5810,2
17267,6
10216,3
4606,1
14326,5
8047,2
8713,3
16382,5
2016,0
2620,0
11320,4
8598,3
11497,4
12456,4
16350,5
184,0
15014,5
13153,4
11805,4
5975,2
17157,6
17789,6
9937,3
16042,5
10790,3
9700,3
10347,3
12985,4
593,0
5524,2
9981,3
6941,2
1030,0
12680,4
4146,1
16039,5
17072,6
539,0
13314,4
15325,5
7698,2
13430,4
5294,1
14300,5
11087,3
7587,2
7195,2
2314,0
8226,2
13214,4
15830,5
9290,3
3585,1
9200,3
12996,4
8912,3
9223,3
17409,6
6734,2
19592,6
4431,1
1768,0
10067,3
4866,1
11322,4
7369,2
7357,2
13958,5
16605,5
466,0
14298,5
1199,0
4485,1
10749,3
8548,3
13756,4
14360,5
8385,3
17941,6
2536,0
16370,5
13455,4
4245,1
17389,6
7033,2
8521,3
2023,0
12984,4
12347,4
16157,5
19287,6
11558,4
12717,4
4380,1
14646,5
4809,1
1949,0
17086,6
9404,3
2575,0
19436,6
17057,6
18299,6
19137,6
16067,5
13318,4
15672,5
4770,1
18093,6
3404,1
16296,5
13769,4
13792,4
14271,5
7513,2
11304,4
17774,6
158,0
2457,0
1239,0
19416,6
2064,0
10794,3
3428,1
19577,6
12478,4
5359,1
13791,4
133,0
5171,1
15374,5
10595,3
408,0
16068,5
5749,2
17355,6
2062,0
13821,4
14042,5
7634,2
5922,2
2788,1
15270,5
13836,4
7784,2
5076,1
18128,6
2219,0
11264,4
3121,1
14467,5
1484,0
9074,3
5463,1
19044,6
3006,1
9481,3
14081,5
17347,6
10144,3
15359,5
3868,1
2553,0
12655,4
10873,3
19530,6
18152,6
3606,1
13963,5
6916,2
12270,4
5845,2
12106,4
4325,1
15943,5
1861,0
19259,6
12250,4
4643,1
18608,6
10821,3
3476,1
17636,6
4281,1
19286,6
16822,6
11021,3
17100,6
7632,2
17647,6
16505,5
15272,5
1059,0
18898,6
11889,4
10015,3
18394,6
874,0
10756,3
4266,1
4515,1
8752,3
9274,3
16287,5
3629,1
5958,2
10094,3
5787,2
7174,2
16919,6
1928,0
8703,3
6391,2
9167,3
1353,0
17705,6
12960,4
868,0
3465,1
4594,1
8452,3
3678,1
2454,0
16814,6
9096,3
7115,2
260,0
11144,3
16906,6
5949,2
10868,3
13713,4
17029,6
6830,2
2213,0
834,0
15176,5
14568,5
18430,6
9537,3
5943,2
900,0
11946,4
2422,0
13950,5
5026,1
2984,1
12696,4
2253,0
3610,1
10156,3
18314,6
19305,6
10730,3
14842,5
2464,0
17039,6
429,0
3029,1
17961,6
17939,6
7871,2
19749,6
10475,3
15158,5
7316,2
12671,4
9758,3
9101,3
15783,5
17791,6
17218,6
11330,4
9319,3
13034,4
11324,4
10446,3
4702,1
2958,1
7542,2
10328,3
18872,6
13257,4
12341,4
13012,4
15008,5
621,0
1659,0
2633,0
17232,6
8780,3
5645,2
16360,5
11480,4
1689,0
4092,1
10194,3
4491,1
12698,4
5994,2
3443,1
1726,0
13035,4
7192,2
5668,2
3602,1
11022,3
17975,6
19068,6
17093,6
6755,2
7925,2
9505,3
10318,3
6222,2
376,0
3591,1
15609,5
826,0
705,0
4263,1
2662,0
5350,1
10791,3
8124,2
7162,2
7321,2
18736,6
3572,1
9011,3
208,0
2341,0
19709,6
5261,1
3150,1
15877,5
11279,4
18151,6
4130,1
17462,6
13190,4
17631,6
6269,2
5605,2
1938,0
18674,6
5044,1
18919,6
12570,4
2839,1
7671,2
16689,6
9304,3
462,0
18875,6
754,0
6661,2
12201,4
15433,5
15096,5
18254,6
4398,1
1051,0
16443,5
17009,6
7750,2
13067,4
19372,6
18691,6
9889,3
13398,4
17833,6
6287,2
910,0
18298,6
17451,6
17817,6
17358,6
1844,0
3513,1
19415,6
4390,1
11008,3
1203,0
18264,6
111,0
18211,6
1704,0
8846,3
9973,3
12174,4
980,0
6527,2
8518,3
7408,2
17216,6
15081,5
9839,3
19745,6
5360,1
6858,2
6344,2
17091,6
1410,0
11986,4
9006,3
12842,4
18219,6
17051,6
3511,1
15073,5
17917,6
9346,3
4980,1
16524,5
12582,4
1617,0
18689,6
18700,6
11033,3
6585,2
6390,2
14955,5
2371,0
10386,3
16508,5
12104,4
4238,1
15872,5
5302,1
3854,1
17563,6
11883,4
7154,2
15556,5
4375,1
14029,5
5928,2
216,0
15243,5
10441,3
13431,4
8095,2
5067,1
16237,5
16603,5
6500,2
16266,5
6285,2
3995,1
13804,4
9295,3
11341,4
5497,2
5940,2
13771,4
12827,4
17303,6
12181,4
12302,4
764,0
14741,5
15139,5
15227,5
14212,5
6779,2
6333,2
11230,4
14192,5
17982,6
12319,4
2968,1
3472,1
2395,0
14399,5
18743,6
8415,3
19125,6
14324,5
1624,0
1204,0
12921,4
15193,5
18320,6
6815,2
2482,0
19438,6
16423,5
17575,6
11357,4
10003,3
8081,2
18826,6
15810,5
14303,5
9370,3
3418,1
1128,0
18201,6
19476,6
13309,4
8821,3
10592,3
1672,0
10529,3
10883,3
18117,6
9693,3
1297,0
15995,5
4119,1
6992,2
18891,6
6388,2
3433,1
480,0
1598,0
13750,4
17380,6
15614,5
7111,2
18043,6
12297,4
2492,0
16826,6
9045,3
18344,6
10573,3
13206,4
15217,5
648,0
12720,4
3773,1
19031,6
13819,4
1459,0
19143,6
16022,5
13066,4
11189,3
14683,5
16448,5
885,0
544,0
9099,3
607,0
19411,6
12823,4
18195,6
7826,2
18723,6
3607,1
6401,2
17805,6
14173,5
742,0
13572,4
1981,0
16174,5
11236,4
2148,0
4772,1
17613,6
4744,1
14966,5
10363,3
2290,0
5903,2
715,0
17210,6
16720,6
4135,1
7843,2
12728,4
3529,1
511,0
8344,3
12414,4
7926,2
14395,5
17215,6
840,0
14166,5
16437,5
11529,4
5598,2
17776,6
5278,1
6334,2
10691,3
15665,5
5219,1
13407,4
1144,0
3600,1
15667,5
3910,1
9984,3
11881,4
5936,2
18600,6
1804,0
5116,1
14594,5
14859,5
531,0
1542,0
10074,3
14152,5
1923,0
2777,1
19127,6
15724,5
3557,1
14550,5
9562,3
1953,0
9374,3
17204,6
10481,3
2417,0
18737,6
10593,3
4391,1
19520,6
11593,4
14003,5
1334,0
18333,6
2931,1
5871,2
15488,5
15337,5
1079,0
9616,3
15584,5
16759,6
9802,3
17019,6
1185,0
14180,5
8340,3
10995,3
3136,1
4070,1
8528,3
17804,6
9237,3
19383,6
16424,5
3385,1
19205,6
10557,3
16658,5
4090,1
8747,3
2184,0
12787,4
8707,3
14943,5
8176,2
18838,6
10584,3
10885,3
12526,4
19306,6
15092,5
7099,2
16093,5
7124,2
10886,3
3869,1
7160,2
12291,4
18837,6
13932,5
6980,2
17101,6
16101,5
19036,6
4656,1
185,0
865,0
11936,4
18438,6
4323,1
6677,2
10636,3
15646,5
11886,4
1417,0
18972,6
6792,2
9743,3
7686,2
2167,0
10427,3
14315,5
12955,4
18400,6
15248,5
13612,4
10757,3
18562,6
16391,5
1596,0
15059,5
8090,2
11176,3
8593,3
5141,1
8067,2
10352,3
5818,2
923,0
9021,3
5394,1
5725,2
6843,2
2209,0
16262,5
10677,3
12407,4
16144,5
983,0
2461,0
7832,2
18528,6
3860,1
10147,3
19761,6
9955,3
7257,2
2335,0
15521,5
10738,3
15431,5
2953,1
16412,5
8159,2
9077,3
11655,4
2557,0
16978,6
16969,6
1668,0
9188,3
4038,1
2587,0
7044,2
16721,6
725,0
14995,5
11254,4
17243,6
13045,4
5035,1
3238,1
11327,4
19537,6
8526,3
16245,5
3672,1
1794,0
15747,5
4588,1
15291,5
9234,3
19446,6
13036,4
14810,5
11469,4
5461,1
2172,0
15470,5
3390,1
2337,0
1763,0
18920,6
8515,3
3008,1
18606,6
9870,3
10280,3
10684,3
13870,5
5731,2
16205,5
7886,2
7433,2
15884,5
12592,4
5379,1
116,0
17010,6
14344,5
10238,3
9157,3
8824,3
16446,5
13800,4
18859,6
16763,6
1629,0
14048,5
12079,4
5789,2
9206,3
14443,5
2284,0
13855,4
8420,3
5213,1
15888,5
981,0
4020,1
19371,6
17026,6
16409,5
9119,3
17866,6
1020,0
3018,1
12652,4
18776,6
3496,1
2405,0
16976,6
18832,6
3105,1
16797,6
7949,2
2079,0
5894,2
951,0
4819,1
15979,5
3060,1
10331,3
18207,6
7714,2
2071,0
6099,2
14923,5
17655,6
16697,6
13690,4
16125,5
10551,3
19124,6
14345,5
321,0
12474,4
7083,2
15583,5
9028,3
14373,5
8478,3
15367,5
8173,2
4969,1
5267,1
19089,6
4956,1
4659,1
11693,4
16982,6
6588,2
10705,3
3683,1
13100,4
5666,2
13860,4
12965,4
12667,4
12612,4
9367,3
3664,1
8543,3
252,0
19543,6
5596,2
3866,1
9402,3
13286,4
17834,6
6542,2
18992,6
2624,0
5545,2
9669,3
1842,0
7678,2
5686,2
17223,6
13498,4
14236,5
17516,6
14441,5
11995,4
13313,4
17541,6
763,0
13965,5
110,0
2447,0
8429,3
8331,3
2778,1
12659,4
15758,5
10893,3
4338,1
10539,3
15985,5
14919,5
9705,3
6491,2
9466,3
245,0
16999,6
18383,6
16445,5
8676,3
95,0
19671,6
12386,4
2616,0
17066,6
2853,1
15004,5
219,0
7865,2
15878,5
13470,4
2757,1
14073,5
8269,2
2462,0
6292,2
2538,0
6218,2
15745,5
8630,3
15555,5
19006,6
6870,2
18673,6
6694,2
10779,3
14774,5
5160,1
11953,4
6731,2
16416,5
319,0
18774,6
9423,3
2380,0
3458,1
6109,2
17946,6
5968,2
17676,6
14053,5
18102,6
330,0
1789,0
813,0
1982,0
3207,1
17191,6
17356,6
614,0
1284,0
13621,4
7571,2
7171,2
13765,4
7633,2
19147,6
14181,5
7621,2
13938,5
18316,6
8594,3
6866,2
17588,6
17135,6
10501,3
14708,5
3601,1
11429,4
4142,1
13251,4
17399,6
4637,1
514,0
14719,5
10605,3
16084,5
12244,4
8869,3
9633,3
3088,1
2707,1
5843,2
13389,4
14392,5
19511,6
7421,2
7208,2
11711,4
7805,2
11714,4
13426,4
2671,0
92,0
18256,6
12544,4
1734,0
4629,1
13204,4
13988,5
12416,4
2322,0
12253,4
13617,4
18610,6
16352,5
19150,6
12050,4
12049,4
1453,0
5804,2
3604,1
10377,3
10034,3
13922,5
14184,5
5815,2
2829,1
4080,1
7673,2
1947,0
14956,5
2598,0
15052,5
18398,6
16705,6
11207,4
10577,3
4856,1
12641,4
5760,2
10126,3
4850,1
16771,6
3061,1
11991,4
5577,2
1513,0
18518,6
6137,2
9715,3
10374,3
1515,0
18895,6
13429,4
18021,6
2601,0
19625,6
574,0
844,0
4886,1
7901,2
14317,5
11791,4
11151,3
5860,2
6776,2
15631,5
68,0
10438,3
15526,5
13285,4
8622,3
17689,6
7173,2
1362,0
19156,6
6199,2
12464,4
6991,2
16341,5
16767,6
17521,6
10429,3
17336,6
4641,1
3087,1
7537,2
7718,2
4336,1
17127,6
15408,5
5137,1
17045,6
2119,0
15046,5
15988,5
11748,4
6652,2
15597,5
7666,2
7034,2
11410,4
10432,3
8532,3
8782,3
18280,6
7144,2
8562,3
12818,4
7624,2
16813,6
6974,2
5559,2
14084,5
18800,6
9570,3
10648,3
11141,3
13813,4
17993,6
2040,0
3149,1
18106,6
11460,4
15178,5
13033,4
15185,5
7441,2
1043,0
6754,2
12994,4
18424,6
1415,0
114,0
18668,6
4534,1
230,0
4711,1
15250,5
15590,5
2770,1
12409,4
13850,4
6342,2
11753,4
18825,6
8657,3
9219,3
11976,4
2718,1
3855,1
11595,4
4837,1
3758,1
11095,3
12315,4
8520,3
7452,2
19570,6
17537,6
16807,6
15045,5
7661,2
14301,5
16060,5
19462,6
16634,5
8021,2
18435,6
15030,5
1783,0
17246,6
12974,4
19039,6
4023,1
3986,1
13645,4
6440,2
14379,5
8428,3
11665,4
8094,2
18897,6
3617,1
2059,0
5465,1
7093,2
4039,1
15639,5
8733,3
16461,5
13327,4
15610,5
9425,3
9892,3
16017,5
14374,5
14517,5
8139,2
15636,5
9604,3
11761,4
17132,6
10892,3
3047,1
8188,2
18302,6
2850,1
2050,0
12372,4
17510,6
5323,1
5205,1
11288,4
19310,6
2352,0
16560,5
11616,4
16487,5
13022,4
16791,6
14607,5
15257,5
1416,0
500,0
669,0
3109,1
11000,3
16738,6
12833,4
11935,4
6044,2
16869,6
3965,1
303,0
18796,6
1706,0
4035,1
9639,3
6450,2
11701,4
8314,3
1621,0
17446,6
13770,4
2987,1
3309,1
17140,6
4567,1
10469,3
5864,2
5634,2
13846,4
6238,2
19057,6
15524,5
10039,3
1954,0
7575,2
2760,1
7685,2
8407,3
1070,0
3827,1
10040,3
7458,2
2475,0
17167,6
19399,6
5106,1
4988,1
11405,4
1267,0
4470,1
2790,1
15017,5
3114,1
9680,3
18685,6
19458,6
583,0
12618,4
2951,1
18556,6
5453,1
14202,5
347,0
3010,1
2264,0
12045,4
7987,2
10680,3
14485,5
5576,2
17208,6
6434,2
5352,1
14781,5
1479,0
4536,1
180,0
9252,3
10953,3
13200,4
18625,6
19157,6
255,0
9008,3
16368,5
8379,3
10026,3
11624,4
4836,1
13383,4
2636,0
107,0
3899,1
4778,1
9325,3
416,0
9112,3
11152,3
16297,5
9846,3
19053,6
2269,0
16257,5
12711,4
8910,3
5500,2
14425,5
15370,5
4945,1
16005,5
14797,5
16564,5
11273,4
18999,6
2626,0
2034,0
17851,6
39,0
6564,2
17545,6
9432,3
8358,3
3653,1
8105,2
9300,3
14470,5
3043,1
3567,1
10630,3
8823,3
5863,2
18572,6
3696,1
13506,4
2912,1
4757,1
11740,4
15034,5
14685,5
15726,5
11231,4
14330,5
1881,0
5835,2
16536,5
15655,5
10717,3
17749,6
14406,5
3832,1
15658,5
2744,1
16849,6
16288,5
13926,5
15187,5
7850,2
14605,5
3160,1
6186,2
19633,6
15192,5
7113,2
6499,2
18046,6
5753,2
2742,1
19071,6
18354,6
4037,1
36,0
12082,4
4463,1
676,0
3800,1
1557,0
3674,1
4221,1
13896,5
17083,6
3890,1
10038,3
9141,3
13142,4
6296,2
7769,2
5848,2
17466,6
4021,1
14455,5
19529,6
14176,5
17577,6
1749,0
11039,3
19688,6
15464,5
9068,3
1054,0
4289,1
6363,2
3530,1
3887,1
19335,6
4186,1
5816,2
3500,1
3558,1
8997,3
2512,0
9170,3
5031,1
17898,6
210,0
18727,6
16227,5
8667,3
5107,1
13910,5
18419,6
15572,5
12856,4
7913,2
1673,0
2324,0
3632,1
12513,4
14577,5
15108,5
16987,6
16213,5
15915,5
18144,6
17904,6
17037,6
15221,5
485,0
18373,6
12305,4
6357,2
11989,4
5906,2
14093,5
18573,6
13249,4
13018,4
2647,0
1252,0
11628,4
11932,4
5542,2
18831,6
9240,3
7780,2
11941,4
5240,1
2307,0
2659,0
10880,3
14977,5
4528,1
719,0
11730,4
15541,5
19226,6
7409,2
12586,4
18332,6
10591,3
19461,6
739,0
14414,5
13377,4
15741,5
7109,2
13806,4
1977,0
2561,0
19542,6
5905,2
267,0
12489,4
2794,1
18282,6
2333,0
12343,4
12157,4
12384,4
7418,2
1277,0
7687,2
10796,3
17131,6
5198,1
17082,6
7635,2
12908,4
14090,5
2268,0
318,0
1538,0
8466,3
11234,4
11992,4
1371,0
741,0
17702,6
11926,4
1190,0
2069,0
9934,3
11514,4
14241,5
12368,4
2532,0
17879,6
6865,2
3624,1
6643,2
17427,6
9612,3
10774,3
10646,3
17272,6
6685,2
1235,0
8070,2
9218,3
9945,3
6784,2
7189,2
9463,3
18529,6
17205,6
13754,4
18453,6
11112,3
3625,1
1293,0
5319,1
12564,4
19043,6
7365,2
9259,3
7683,2
9508,3
9164,3
15537,5
19166,6
12444,4
18421,6
563,0
16115,5
8346,3
11696,4
6286,2
16839,6
3877,1
19181,6
2412,0
4684,1
3771,1
14537,5
12412,4
7682,2
10888,3
2965,1
14950,5
6255,2
9299,3
15122,5
6227,2
3262,1
15607,5
9823,3
18395,6
13644,4
8309,3
15739,5
2222,0
9768,3
1959,0
17847,6
1868,0
18199,6
19678,6
5155,1
1401,0
11564,4
15024,5
15833,5
15744,5
3152,1
11493,4
14249,5
2238,0
1114,0
12975,4
13936,5
5762,2
12755,4
8207,2
6993,2
4879,1
11802,4
17857,6
19566,6
16967,6
8819,3
8426,3
19301,6
4018,1
7333,2
15121,5
5783,2
6931,2
1436,0
19801,6
15112,5
16908,6
13428,4
8049,2
12031,4
341,0
15327,5
17992,6
9757,3
16255,5
8224,2
7014,2
17327,6
5948,2
3503,1
12849,4
5613,2
2801,1
12028,4
428,0
1439,0
18546,6
14240,5
10433,3
6890,2
8533,3
5042,1
19558,6
3615,1
6897,2
4827,1
12662,4
11858,4
18284,6
10891,3
65,0
13182,4
12294,4
14808,5
14760,5
18033,6
8149,2
5466,1
14252,5
13406,4
2910,1
5828,2
16150,5
10495,3
11567,4
5538,2
16034,5
18536,6
6614,2
13371,4
1694,0
7588,2
12953,4
1423,0
10747,3
8028,2
19197,6
820,0
17893,6
1663,0
18931,6
1846,0
16669,6
19368,6
13101,4
15903,5
14150,5
1287,0
9382,3
4596,1
8164,2
1945,0
18793,6
1093,0
13630,4
73,0
3522,1
13028,4
16859,6
4468,1
9456,3
17754,6
16740,6
11188,3
5485,2
4694,1
19407,6
8354,3
17161,6
8435,3
16939,6
15912,5
6827,2
783,0
6451,2
13701,4
4194,1
4168,1
17081,6
12153,4
15076,5
1112,0
4721,1
8343,3
12316,4
18981,6
15823,5
1828,0
3242,1
16961,6
17732,6
16498,5
144,0
13664,4
6834,2
19051,6
3659,1
13788,4
6679,2
10174,3
19725,6
14341,5
13230,4
16993,6
12497,4
11560,4
1833,0
13622,4
4457,1
7584,2
1221,0
9611,3
6534,2
17813,6
13098,4
12752,4
8072,2
18681,6
15751,5
1057,0
7979,2
595,0
9477,3
1527,0
15805,5
15365,5
6353,2
16876,6
5052,1
15765,5
19094,6
19695,6
14925,5
9576,3
14447,5
15966,5
9694,3
14542,5
19241,6
5846,2
19218,6
11280,4
9751,3
5384,1
81,0
7623,2
533,0
960,0
473,0
12596,4
2294,0
7318,2
15820,5
14668,5
16248,5
16542,5
14610,5
2954,1
15246,5
4185,1
4710,1
13816,4
17753,6
10954,3
15418,5
7675,2
18511,6
10179,3
5817,2
13943,5
4917,1
15147,5
16145,5
18267,6
11175,3
10131,3
10081,3
10154,3
19012,6
16133,5
10372,3
8157,2
3906,1
1266,0
5256,1
7456,2
4930,1
17881,6
11434,4
17662,6
5525,2
4678,1
12273,4
14346,5
4681,1
1274,0
4348,1
8424,3
13516,4
11806,4
6291,2
1901,0
17579,6
11276,4
7022,2
7350,2
19664,6
16597,5
1460,0
11528,4
14309,5
17920,6
19376,6
3952,1
3745,1
716,0
15759,5
18463,6
1120,0
8609,3
1289,0
6045,2
14916,5
12064,4
17730,6
2320,0
1419,0
10624,3
8461,3
15205,5
17153,6
16261,5
6876,2
996,0
10176,3
4585,1
7713,2
17190,6
2643,0
15863,5
296,0
1867,0
19302,6
9524,3
15412,5
1147,0
8130,2
16265,5
16626,5
18828,6
5208,1
14429,5
17415,6
9569,3
16688,6
14310,5
4944,1
18227,6
9053,3
13990,5
1838,0
14222,5
14162,5
16489,5
8612,3
12160,4
18513,6
6394,2
12878,4
19791,6
7960,2
7566,2
478,0
14043,5
14444,5
4466,1
18255,6
8345,3
13279,4
7680,2
643,0
550,0
4777,1
16432,5
15062,5
16911,6
1796,0
1695,0
17522,6
5899,2
11533,4
494,0
12886,4
4537,1
13627,4
13480,4
1465,0
9377,3
12423,4
16995,6
9672,3
14380,5
15472,5
15393,5
2291,0
18851,6
8766,3
9435,3
967,0
445,0
15455,5
7015,2
12248,4
18870,6
438,0
16492,5
15849,5
14887,5
9364,3
11895,4
8665,3
19475,6
9712,3
5708,2
468,0
17799,6
3942,1
17275,6
757,0
18612,6
2703,1
5624,2
11203,3
8863,3
4189,1
917,0
18266,6
4834,1
1376,0
18846,6
9271,3
14431,5
19252,6
11156,3
18619,6
16091,5
7272,2
13158,4
538,0
10005,3
8956,3
5653,2
10689,3
16335,5
17592,6
18948,6
10732,3
13948,5
2190,0
14585,5
17584,6
7970,2
16433,5
17430,6
1434,0
11586,4
16214,5
13632,4
2776,1
6920,2
332,0
3106,1
2106,0
1364,0
306,0
11808,4
4111,1
8908,3
11424,4
1999,0
3015,1
10829,3
9573,3
18695,6
5867,2
11647,4
7841,2
5748,2
16396,5
19208,6
15938,5
5325,1
11024,3
6886,2
8767,3
17345,6
2452,0
17351,6
11506,4
11502,4
17011,6
1117,0
13587,4
9353,3
18797,6
3603,1
5578,2
8395,3
18758,6
4639,1
14863,5
11760,4
16054,5
13695,4
5491,2
6354,2
10219,3
16983,6
16896,6
14715,5
7791,2
11411,4
5847,2
7492,2
134,0
12054,4
18968,6
14170,5
19755,6
15019,5
800,0
17296,6
19463,6
7580,2
427,0
17932,6
9511,3
5037,1
10708,3
13369,4
10598,3
2543,0
6581,2
1257,0
16152,5
12847,4
10123,3
5170,1
2739,1
10917,3
14673,5
3222,1
12837,4
1930,0
15974,5
18203,6
3113,1
10019,3
8347,3
13497,4
10945,3
8903,3
17464,6
17919,6
10017,3
17099,6
17244,6
8994,3
3937,1
19389,6
5833,2
6489,2
13399,4
9146,3
13009,4
15165,5
19067,6
3253,1
7631,2
6607,2
4365,1
9979,3
8847,3
18890,6
9714,3
18169,6
7462,2
18092,6
3648,1
19769,6
13899,5
17033,6
10223,3
8233,2
2318,0
19564,6
15716,5
9591,3
2022,0
13670,4
11702,4
17795,6
9803,3
16072,5
11662,4
11934,4
9438,3
5664,2
15156,5
4870,1
7851,2
17065,6
8477,3
6600,2
12901,4
18237,6
4395,1
3806,1
12967,4
9771,3
9902,3
11321,4
4341,1
9348,3
3578,1
10083,3
5362,1
19201,6
43,0
17,0
798,0
5942,2
1886,0
16161,5
14991,5
2377,0
1200,0
11349,4
17511,6
8304,2
13930,5
6798,2
4355,1
10008,3
481,0
7907,2
10597,3
14946,5
14226,5
14591,5
12169,4
7692,2
19139,6
1333,0
4161,1
15589,5
3426,1
4655,1
15489,5
444,0
13951,5
12486,4
19192,6
16986,6
1422,0
5643,2
17595,6
14584,5
14864,5
1712,0
1065,0
430,0
18963,6
15441,5
2332,0
227,0
18675,6
578,0
4517,1
9933,3
685,0
7558,2
5658,2
11393,4
3976,1
8522,3
6315,2
762,0
3748,1
9069,3
797,0
8332,3
8065,2
8647,3
11342,4
7732,2
14318,5
18300,6
18100,6
18811,6
10135,3
6636,2
7106,2
433,0
529,0
2782,1
6196,2
12123,4
16306,5
14065,5
1657,0
1294,0
13471,4
16842,6
592,0
14464,5
8729,3
8602,3
5570,2
16726,6
2397,0
7322,2
2225,0
16007,5
16533,5
10652,3
14735,5
1280,0
16871,6
15300,5
11084,3
12075,4
17846,6
19718,6
8459,3
6205,2
11053,3
7344,2
17211,6
16156,5
14839,5
16438,5
7277,2
2892,1
12602,4
8098,2
5502,2
9922,3
19785,6
18617,6
19497,6
23,0
17344,6
18795,6
4974,1
10604,3
8687,3
16768,6
3685,1
14959,5
9292,3
18991,6
2388,0
19056,6
6554,2
1162,0
17994,6
6532,2
19456,6
17740,6
11373,4
12406,4
6042,2
9380,3
2792,1
17498,6
14807,5
16723,6
1575,0
7411,2
16681,6
18742,6
15486,5
16001,5
11812,4
5840,2
18275,6
15991,5
1331,0
9243,3
4137,1
3963,1
5959,2
6689,2
17493,6
1052,0
3471,1
13941,5
1889,0
624,0
18368,6
14427,5
1341,0
19713,6
6366,2
12216,4
1078,0
3164,1
18345,6
7473,2
3985,1
1503,0
5405,1
18143,6
14405,5
2391,0
9092,3
14121,5
11994,4
6889,2
17185,6
11268,4
6224,2
2537,0
517,0
673,0
18146,6
15519,5
13081,4
12110,4
11106,3
18404,6
12006,4
5082,1
11838,4
15060,5
6733,2
4522,1
7110,2
11513,4
13221,4
7915,2
18374,6
11663,4
10974,3
13458,4
1474,0
10365,3
10472,3
19502,6
10889,3
15615,5
850,0
16058,5
18596,6
11110,3
17478,6
1040,0
2214,0
15816,5
3671,1
11081,3
3305,1
12825,4
984,0
18893,6
13310,4
1286,0
16199,5
3554,1
414,0
3753,1
12397,4
9761,3
15490,5
16857,6
12457,4
19074,6
5077,1
2098,0
1006,0
18056,6
9563,3
19452,6
15851,5
2344,0
12503,4
265,0
11281,4
8656,3
3394,1
19732,6
8433,3
3454,1
15054,5
8045,2
16922,6
11712,4
3694,1
8809,3
253,0
18601,6
19727,6
1150,0
2146,0
6700,2
7078,2
4062,1
1731,0
1084,0
1674,0
12008,4
3350,1
7167,2
14981,5
17373,6
18325,6
1505,0
18370,6
1975,0
16861,6
11159,3
15249,5
7794,2
3989,1
5242,1
7464,2
4719,1
13676,4
695,0
6244,2
16753,6
4066,1
6541,2
17527,6
16731,6
18476,6
17884,6
19429,6
18809,6
8481,3
1000,0
3178,1
7737,2
13677,4
8177,2
2118,0
19810,6
2277,0
11562,4
16502,5
3352,1
15845,5
6824,2
3191,1
16418,5
5196,1
10140,3
13474,4
3715,1
14187,5
19767,6
10518,3
4795,1
6818,2
16900,6
6971,2
19580,6
1799,0
10196,3
18574,6
13897,5
15964,5
17650,6
19144,6
13749,4
2640,0
17718,6
7393,2
13832,4
17497,6
9186,3
3339,1
19233,6
14990,5
17206,6
2489,0
5221,1
16733,6
13533,4
7993,2
4920,1
6544,2
16401,5
10132,3
5814,2
954,0
14868,5
17420,6
16717,6
6172,2
10544,3
7793,2
14882,5
3534,1
12413,4
5144,1
1721,0
5913,2
10825,3
18224,6
15262,5
9531,3
10242,3
11813,4
16096,5
7164,2
9787,3
16708,6
15154,5
16558,5
2569,0
6495,2
7370,2
17387,6
6134,2
5585,2
1148,0
11548,4
1941,0
18055,6
1033,0
4095,1
18415,6
9578,3
14211,5
8876,3
457,0
19327,6
3457,1
5861,2
12433,4
4069,1
12041,4
96,0
3652,1
3221,1
2479,0
18132,6
4162,1
7327,2
2632,0
3964,1
9781,3
2243,0
15534,5
9162,3
14786,5
4064,1
16440,5
3103,1
6268,2
5571,2
13092,4
2394,0
15160,5
10227,3
1594,0
2396,0
3166,1
9532,3
380,0
10267,3
11574,4
12492,4
16032,5
5589,2
3284,1
17289,6
9241,3
11023,3
1666,0
2956,1
4368,1
17798,6
9982,3
5513,2
18051,6
2545,0
15723,5
12997,4
18812,6
7082,2
7630,2
13751,4
9686,3
18484,6
2359,0
2138,0
8666,3
9555,3
2402,0
18101,6
17122,6
4460,1
893,0
2581,0
2378,0
19655,6
17255,6
15066,5
14027,5
9503,3
16319,5
15301,5
1283,0
10484,3
19626,6
11333,4
6142,2
15546,5
14494,5
10933,3
2520,0
9371,3
4546,1
13172,4
6133,2
1473,0
415,0
8972,3
7013,2
5423,1
7717,2
6299,2
7976,2
14049,5
3870,1
711,0
15005,5
17922,6
3673,1
4826,1
18947,6
2533,0
18163,6
9867,3
9557,3
2948,1
16410,5
1497,0
16454,5
19464,6
6891,2
9126,3
11394,4
10993,3
4352,1
14750,5
2943,1
17670,6
17976,6
13082,4
1525,0
12995,4
10037,3
8046,2
5644,2
18121,6
1408,0
3440,1
16028,5
16451,5
918,0
528,0
1814,0
10753,3
288,0
18598,6
17838,6
19514,6
8805,3
15854,5
16399,5
11396,4
15148,5
12770,4
16276,5
6914,2
17485,6
8549,3
15867,5
4511,1
8727,3
1488,0
2508,0
6728,2
14798,5
3082,1
12542,4
775,0
10488,3
7137,2
1634,0
9904,3
15561,5
16240,5
12322,4
13886,5
470,0
2774,1
12588,4
16802,6
11274,4
18648,6
6215,2
12678,4
18470,6
15237,5
17381,6
14834,5
6261,2
599,0
4892,1
11397,4
18641,6
4243,1
5009,1
1909,0
12959,4
11783,4
5034,1
16625,5
13805,4
19740,6
12255,4
6191,2
16942,6
9886,3
12306,4
14285,5
5501,2
7986,2
19232,6
6311,2
9238,3
18886,6
18547,6
13647,4
8779,3
1448,0
16004,5
1332,0
11844,4
1421,0
8530,3
11978,4
16927,6
16246,5
12973,4
6829,2
8114,2
7799,2
6589,2
13520,4
2882,1
16994,6
3948,1
3326,1
3725,1
3223,1
10824,3
3665,1
7294,2
17899,6
14535,5
6747,2
2593,0
12861,4
3459,1
5045,1
16897,6
16045,5
15927,5
9462,3
3474,1
4601,1
1761,0
18321,6
11145,3
17201,6
15528,5
7540,2
19374,6
854,0
1496,0
18253,6
12458,4
2469,0
18657,6
14500,5
17372,6
7051,2
4806,1
13797,4
7798,2
11660,4
16550,5
5657,2
19425,6
10916,3
2336,0
17889,6
8031,2
9015,3
4947,1
19505,6
15972,5
4904,1
17078,6
501,0
15538,5
10871,3
15693,5
1048,0
16539,5
13059,4
2638,0
11392,4
13900,5
14168,5
18401,6
14877,5
13772,4
11538,4
16181,5
16407,5
17245,6
6127,2
3235,1
18050,6
14105,5
17746,6
16851,6
778,0
18771,6
7125,2
17328,6
13325,4
4270,1
1196,0
15304,5
51,0
6154,2
9110,3
2308,0
11975,4
15670,5
17986,6
6691,2
1115,0
3045,1
657,0
17339,6
3369,1
17651,6
5321,1
6444,2
1189,0
14082,5
19754,6
16651,5
10878,3
7662,2
6594,2
566,0
4387,1
6453,2
17442,6
10663,3
6189,2
841,0
4108,1
1645,0
12924,4
8494,3
9215,3
13654,4
12888,4
2673,0
1976,0
18877,6
19494,6
12475,4
1151,0
5152,1
4353,1
7804,2
15471,5
12972,4
766,0
9051,3
10792,3
11898,4
1487,0
4083,1
6170,2
17068,6
18334,6
8977,3
5244,1
13423,4
2625,0
13968,5
12024,4
7425,2
14210,5
3102,1
13402,4
4371,1
1300,0
19332,6
5532,2
16715,6
6997,2
8492,3
2026,0
12795,4
14456,5
8185,2
8974,3
2700,1
18062,6
14194,5
14686,5
8670,3
1027,0
11680,4
913,0
12114,4
12768,4
18458,6
12547,4
6289,2
6684,2
6231,2
11484,4
17182,6
1347,0
1446,0
3635,1
12366,4
3636,1
17995,6
10580,3
18384,6
6848,2
18973,6
2427,0
9480,3
15384,5
2747,1
80,0
4501,1
4526,1
16503,5
11463,4
18803,6
17457,6
1361,0
5099,1
11136,3
9471,3
8927,3
1574,0
6481,2
2166,0
881,0
1580,0
12440,4
8417,3
1511,0
1900,0
19675,6
16845,6
15977,5
12991,4
4381,1
12859,4
19116,6
1848,0
4272,1
9884,3
14052,5
18111,6
8775,3
8731,3
4898,1
18127,6
16429,5
15953,5
9163,3
5102,1
5637,2
13317,4
8338,3
2610,0
19176,6
13851,4
18706,6
17723,6
5521,2
5726,2
12479,4
3623,1
12553,4
18389,6
16970,6
3774,1
9269,3
2112,0
15842,5
4602,1
9208,3
19784,6
15281,5
12403,4
12499,4
6090,2
5046,1
15881,5
6631,2
5779,2
16369,5
18139,6
12069,4
17568,6
13478,4
9966,3
8658,3
8044,2
18752,6
12791,4
637,0
792,0
4625,1
3327,1
14858,5
6932,2
14941,5
9433,3
12264,4
1195,0
45,0
15284,5
13469,4
978,0
15220,5
8606,3
12146,4
6182,2
7520,2
11605,4
3026,1
6051,2
16809,6
1586,0
15201,5
9216,3
4838,1
18663,6
6683,2
14624,5
1979,0
4133,1
9148,3
14762,5
15635,5
4718,1
18535,6
16878,6
3896,1
7636,2
14961,5
17292,6
10158,3
2885,1
14251,5
10922,3
15551,5
9830,3
16107,5
6854,2
13441,4
9411,3
10319,3
9558,3
432,0
9376,3
14996,5
8453,3
5014,1
9538,3
1835,0
14519,5
18095,6
1442,0
19027,6
8615,3
461,0
4828,1
10632,3
37,0
14958,5
9825,3
577,0
9403,3
18718,6
6845,2
4230,1
14458,5
14466,5
12473,4
714,0
560,0
14513,5
10078,3
5621,2
12490,4
2339,0
5288,1
9301,3
4727,1
14237,5
6038,2
13566,4
5490,2
16126,5
883,0
13476,4
12853,4
5289,1
11252,4
15438,5
568,0
11861,4
19199,6
2249,0
9408,3
9849,3
4434,1
12338,4
12113,4
15815,5
15116,5
13137,4
239,0
12326,4
13329,4
6195,2
17762,6
15588,5
1599,0
14575,5
16272,5
4813,1
6709,2
1905,0
9416,3
7637,2
6442,2
11340,4
1182,0
16372,5
17810,6
16339,5
8279,2
4595,1
3076,1
11642,4
16755,6
2816,1
16777,6
9871,3
14440,5
17690,6
626,0
8353,3
6359,2
10661,3
7734,2
1744,0
11246,4
5546,2
9905,3
11338,4
13425,4
2874,1
10378,3
17519,6
7807,2
16158,5
15997,5
6308,2
14231,5
9865,3
17867,6
12493,4
16554,5
8964,3
3538,1
16653,5
17936,6
12944,4
908,0
16904,6
761,0
3209,1
988,0
11940,4
18436,6
19077,6
13999,5
18927,6
13116,4
295,0
18925,6
1788,0
4689,1
14812,5
5774,2
6396,2
13864,5
16088,5
12245,4
6254,2
6290,2
19255,6
16895,6
3726,1
10786,3
8228,2
17806,6
17264,6
8118,2
2655,0
2591,0
7276,2
3256,1
3285,1
11784,4
2382,0
5172,1
13742,4
6200,2
11360,4
5856,2
18987,6
12595,4
13773,4
12889,4
11344,4
14745,5
5836,2
14645,5
1616,0
6358,2
11467,4
18520,6
2019,0
13287,4
19013,6
6277,2
604,0
5785,2
12219,4
7777,2
243,0
11356,4
18028,6
7536,2
19519,6
18783,6
19086,6
5209,1
11555,4
5808,2
5640,2
18852,6
18422,6
18060,6
12218,4
14328,5
4191,1
4084,1
179,0
17955,6
5162,1
8266,2
6535,2
16757,6
11851,4
19130,6
18291,6
16557,5
9198,3
19174,6
2836,1
10033,3
2985,1
17352,6
8618,3
18483,6
1247,0
15454,5
4867,1
4314,1
6498,2
3347,1
108,0
12848,4
11796,4
16698,6
10764,3
15937,5
6386,2
14650,5
4701,1
6415,2
18432,6
13162,4
11876,4
15102,5
4648,1
15795,5
11697,4
18213,6
9831,3
12099,4
5583,2
18714,6
10294,3
9696,3
975,0
4592,1
3820,1
6414,2
5217,1
8451,3
8190,2
17900,6
11657,4
3172,1
11261,4
7983,2
9882,3
8294,2
2860,1
6989,2
10,0
6410,2
1428,0
17850,6
17411,6
17646,6
5183,1
16730,6
14634,5
2819,1
19114,6
18352,6
1346,0
15847,5
372,0
911,0
3524,1
497,0
14142,5
15410,5
5758,2
19292,6
1246,0
4665,1
18986,6
1197,0
16918,6
5353,1
1425,0
18495,6
256,0
9182,3
16400,5
6937,2
15111,5
10325,3
13024,4
14497,5
19638,6
1234,0
13931,5
14628,5
17985,6
19588,6
16930,6
17685,6
5555,2
6466,2
16052,5
6748,2
11275,4
10251,3
8712,3
7198,2
12352,4
1381,0
8555,3
3863,1
13728,4
5119,1
14457,5
11047,3
3981,1
6320,2
653,0
18654,6
8765,3
18180,6
17424,6
5784,2
8007,2
17366,6
11478,4
12194,4
6783,2
11735,4
17609,6
19136,6
12454,4
16405,5
10816,3
2971,1
17186,6
1508,0
11355,4
16299,5
13741,4
1651,0
5279,1
731,0
7489,2
18937,6
11828,4
9171,3
18867,6
5659,2
2724,1
6456,2
11499,4
18631,6
13044,4
1545,0
15317,5
3217,1
1158,0
18914,6
6562,2
32,0
7975,2
17714,6
6959,2
1613,0
941,0
14219,5
4274,1
13581,4
746,0
4344,1
18525,6
6070,2
2932,1
5051,1
2658,0
14528,5
9688,3
6148,2
1824,0
13201,4
8234,2
17974,6
7927,2
959,0
2114,0
10148,3
17094,6
14223,5
8484,3
19427,6
19145,6
8828,3
9706,3
16139,5
19569,6
12625,4
3023,1
4979,1
2404,0
8115,2
8048,2
5962,2
18647,6
16786,6
14382,5
15409,5
2630,0
16175,5
3244,1
15195,5
13584,4
2918,1
14062,5
9298,3
15620,5
76,0
15681,5
13633,4
14146,5
17294,6
17664,6
7360,2
5347,1
13151,4
93,0
15328,5
15294,5
2746,1
7959,2
7525,2
5179,1
11793,4
2342,0
14915,5
8737,3
11874,4
1888,0
10444,3
6294,2
4623,1
9160,3
10406,3
19460,6
16632,5
10460,3
17673,6
2783,1
11852,4
9948,3
8742,3
16320,5
2470,0
15559,5
5857,2
5868,2
18188,6
17954,6
9824,3
10215,3
3781,1
2321,0
16425,5
2189,0
4800,1
1157,0
11651,4
329,0
10862,3
16596,5
16049,5
7212,2
3067,1
16212,5
12903,4
4699,1
12906,4
14218,5
2468,0
2891,1
8430,3
2195,0
11343,4
7377,2
16611,5
9133,3
19344,6
8446,3
6961,2
14524,5
6463,2
15288,5
19635,6
13761,4
11226,4
10379,3
8425,3
4298,1
14056,5
19309,6
5754,2
2326,0
4524,1
7468,2
2497,0
8465,3
7649,2
5681,2
3387,1
5720,2
2944,1
19236,6
789,0
3468,1
10861,3
15969,5
11470,4
19238,6
19731,6
17726,6
6838,2
8560,3
15671,5
3502,1
584,0
349,0
9844,3
8932,3
3470,1
15567,5
802,0
3676,1
15691,5
10107,3
5606,2
9835,3
12226,4
15368,5
19435,6
3175,1
12243,4
8586,3
7593,2
2780,1
7140,2
1619,0
7695,2
17745,6
13336,4
14999,5
5512,2
17748,6
9026,3
18427,6
13907,5
16098,5
2406,0
13448,4
17006,6
10465,3
13624,4
8029,2
4089,1
7665,2
19748,6
1705,0
12599,4
6143,2
11648,4
16146,5
4851,1
15591,5
3686,1
15814,5
8649,3
10769,3
13280,4
19604,6
2215,0
14671,5
12472,4
3229,1
18070,6
14676,5
13420,4
19792,6
6505,2
4620,1
13102,4
2111,0
18571,6
3110,1
14672,5
7827,2
5013,1
13973,5
17503,6
2372,0
11228,4
440,0
18386,6
18026,6
11652,4
833,0
16890,6
3148,1
8591,3
14806,5
1226,0
12977,4
2597,0
3361,1
7589,2
8960,3
19778,6
12658,4
10082,3
2706,1
17248,6
10502,3
19246,6
9926,3
16128,5
19619,6
15787,5
14263,5
3299,1
11687,4
487,0
14929,5
13321,4
784,0
7296,2
15757,5
10336,3
3346,1
17907,6
875,0
12677,4
2051,0
104,0
11894,4
13753,4
1919,0
7190,2
6192,2
7451,2
3799,1
109,0
2142,0
18874,6
10108,3
17092,6
10596,3
10937,3
15983,5
3445,1
19158,6
4803,1
14178,5
16501,5
13904,5
15622,5
16713,6
5180,1
10095,3
11430,4
6752,2
11364,4
16528,5
11179,3
18907,6
8145,2
11292,4
1837,0
18123,6
15611,5
10070,3
16846,6
13960,5
11438,4
10462,3
18712,6
3073,1
9192,3
16338,5
5853,2
13700,4
1311,0
3612,1
790,0
17600,6
18405,6
8617,3
3405,1
18531,6
2519,0
14538,5
16981,6
16803,6
13565,4
6869,2
17914,6
10022,3
9899,3
10373,3
5416,1
6856,2
14177,5
5704,2
17391,6
11799,4
10012,3
14329,5
3422,1
18499,6
7583,2
12649,4
8917,3
5870,2
713,0
15132,5
4716,1
15595,5
6487,2
14230,5
5875,2
16130,5
551,0
11872,4
3349,1
14359,5
15042,5
12943,4
9556,3
17980,6
3379,1
5482,1
9484,3
2102,0
7766,2
8097,2
3846,1
16132,5
10426,3
19547,6
4723,1
18007,6
11265,4
10895,3
17555,6
2997,1
11294,4
7297,2
10999,3
11044,3
5212,1
19496,6
19484,6
17234,6
18586,6
16460,5
13315,4
56,0
3537,1
2900,1
400,0
3049,1
7314,2
17790,6
18905,6
14336,5
7254,2
9888,3
8055,2
12705,4
6302,2
15643,5
11747,4
18659,6
8030,2
10761,3
520,0
1758,0
4831,1
15592,5
19362,6
5710,2
1071,0
9356,3
9459,3
13262,4
7320,2
15477,5
666,0
18754,6
717,0
14800,5
1702,0
1880,0
13110,4
18847,6
8125,2
17252,6
7534,2
16507,5
7831,2
7921,2
14506,5
19786,6
7608,2
9138,3
10494,3
13378,4
9098,3
7292,2
9765,3
15057,5
91,0
2582,0
12946,4
9413,3
10405,3
16693,6
19212,6
17278,6
4117,1
15796,5
1351,0
17602,6
10702,3
3968,1
16490,5
16829,6
13679,4
4301,1
15731,5
8582,3
14442,5
2786,1
3734,1
7878,2
7039,2
17572,6
17654,6
5483,2
3762,1
11887,4
7701,2
8641,3
10027,3
10865,3
17348,6
6606,2
10842,3
3019,1
14875,5
18091,6
8350,3
1105,0
10683,3
12128,4
15200,5
15662,5
1560,0
2493,0
19032,6
18505,6
3668,1
4872,1
13331,4
3525,1
17959,6
19539,6
13842,4
16188,5
2276,0
2379,0
18134,6
10826,3
14347,5
292,0
2915,1
12009,4
15318,5
10784,3
18750,6
5268,1
15593,5
19037,6
16411,5
4725,1
14224,5
356,0
687,0
4914,1
838,0
7778,2
16453,5
18653,6
10850,3
1729,0
18993,6
16185,5
2367,0
17865,6
18164,6
11979,4
17704,6
4507,1
12545,4
14059,5
8200,2
9061,3
7726,2
6797,2
7143,2
3145,1
891,0
968,0
15467,5
1967,0
13921,5
16109,5
19433,6
19605,6
11836,4
2880,1
8001,2
17770,6
14720,5
2272,0
3961,1
11436,4
12148,4
132,0
17312,6
18956,6
7579,2
393,0
7258,2
12013,4
4159,1
18709,6
9430,3
4287,1
19506,6
11985,4
9153,3
225,0
18068,6
19228,6
7511,2
4952,1
11423,4
14293,5
9679,3
10541,3
11465,4
15837,5
13037,4
5418,1
19211,6
3528,1
3660,1
4094,1
7478,2
13027,4
2963,1
4545,1
9020,3
2428,0
13288,4
5711,2
13180,4
15421,5
3700,1
12066,4
14006,5
16774,6
17184,6
16847,6
16920,6
17990,6
16772,6
7642,2
5976,2
8996,3
810,0
16389,5
2657,0
16873,6
19733,6
19773,6
3293,1
3780,1
3817,1
16086,5
12000,4
19759,6
4331,1
9291,3
1396,0
17266,6
3491,1
19293,6
15265,5
14640,5
14074,5
16566,5
15293,5
11210,4
9975,3
14855,5
8808,3
1739,0
1570,0
463,0
744,0
9454,3
18125,6
4236,1
9936,3
6934,2
12309,4
18323,6
17711,6
16591,5
5969,2
17873,6
15143,5
4635,1
14635,5
10822,3
18940,6
5539,2
7962,2
9673,3
14418,5
5650,2
15266,5
10201,3
18733,6
21,0
16015,5
2957,1
15006,5
6016,2
19504,6
780,0
11037,3
8241,2
13552,4
12482,4
7219,2
3561,1
19320,6
13451,4
17937,6
5085,1
1471,0
11365,4
19224,6
18567,6
10540,3
17492,6
15123,5
9464,3
368,0
18346,6
13915,5
64,0
4486,1
19556,6
18114,6
1724,0
15967,5
5780,2
4321,1
8085,2
1827,0
18813,6
17440,6
14208,5
3340,1
16794,6
1922,0
12405,4
1571,0
1834,0
9613,3
1244,0
19593,6
10780,3
10606,3
5006,1
11057,3
10152,3
17618,6
16775,6
9359,3
18252,6
11757,4
10023,3
5238,1
8320,3
18337,6
14205,5
1224,0
1780,0
14069,5
13605,4
11458,4
12763,4
11212,4
9794,3
17454,6
7075,2
15637,5
749,0
8068,2
5693,2
1261,0
7961,2
1891,0
10424,3
712,0
19045,6
17473,6
14041,5
8853,3
5177,1
3450,1
3414,1
12894,4
11260,4
4046,1
6039,2
14014,5
9297,3
11218,4
1797,0
15652,5
6484,2
5444,1
1661,0
212,0
15380,5
17346,6
4726,1
19322,6
5631,2
9589,3
2170,0
3201,1
793,0
233,0
12947,4
16609,5
209,0
14558,5
16124,5
4821,1
10621,3
2418,0
7298,2
14484,5
11930,4
835,0
10230,3
9023,3
11621,4
6634,2
1222,0
11287,4
7252,2
1389,0
2005,0
6104,2
4911,1
2528,0
15729,5
8056,2
18724,6
3162,1
8290,2
19122,6
5151,1
13646,4
4688,1
10727,3
19249,6
17359,6
8495,3
9016,3
7134,2
14445,5
2169,0
9928,3
19653,6
3994,1
10697,3
17948,6
12952,4
13823,4
15213,5
8490,3
13849,4
12073,4
1388,0
17279,6
14245,5
10830,3
12422,4
18065,6
3179,1
11736,4
3406,1
19509,6
11681,4
8740,3
1315,0
11512,4
9460,3
17016,6
16756,6
5493,2
11849,4
14765,5
17018,6
2273,0
18074,6
14413,5
14971,5
9684,3
19661,6
17648,6
14743,5
19779,6
12222,4
19367,6
12445,4
1543,0
15529,5
4946,1
15624,5
9474,3
7884,2
6020,2
4781,1
18747,6
10204,3
10486,3
11059,3
13001,4
14904,5
6744,2
9637,3
3962,1
1111,0
4994,1
14982,5
10423,3
9189,3
12702,4
17395,6
7868,2
10301,3
15415,5
10263,3
1740,0
15879,5
10923,3
562,0
14023,5
3466,1
10574,3
9315,3
14034,5
12149,4
58,0
13274,4
12455,4
9434,3
4455,1
17890,6
14461,5
17112,6
1652,0
4975,1
2515,0
940,0
395,0
19640,6
15914,5
18126,6
4081,1
19386,6
2962,1
14728,5
6582,2
15203,5
18958,6
4722,1
16985,6
15400,5
15128,5
14871,5
4180,1
19750,6
11945,4
2076,0
6351,2
12421,4
3658,1
14523,5
8880,3
18879,6
8312,3
17338,6
16599,5
767,0
19775,6
3973,1
16062,5
10546,3
19159,6
2905,1
1223,0
13415,4
5243,1
13250,4
13794,4
5324,1
4862,1
1675,0
13234,4
13463,4
4316,1
7705,2
16516,5
16300,5
14841,5
14078,5
18649,6
12945,4
15901,5
4610,1
19424,6
8206,2
6001,2
860,0
12042,4
4754,1
10200,3
17257,6
596,0
19623,6
8684,3
10371,3
1955,0
19117,6
14340,5
13271,4
13916,5
7697,2
8723,3
2518,0
7455,2
6047,2
19681,6
8753,3
16590,5
5050,1
2237,0
19469,6
8872,3
1178,0
11928,4
14821,5
11899,4
16142,5
10973,3
13939,5
14769,5
12491,4
4525,1
5893,2
8277,2
3526,1
8322,3
14962,5
1552,0
1011,0
13854,4
18707,6
5520,2
649,0
13373,4
5385,1
16854,6
14723,5
12107,4
9842,3
9139,3
12429,4
7607,2
16692,6
7792,2
12068,4
9792,3
211,0
12971,4
7010,2
1784,0
3695,1
1440,0
2913,1
2439,0
7570,2
5161,1
10650,3
14909,5
18755,6
7157,2
10755,3
14113,5
10996,3
13524,4
12278,4
12,0
10990,3
819,0
16383,5
9154,3
454,0
13609,4
19546,6
3588,1
17404,6
18634,6
11950,4
16497,5
942,0
2763,1
11972,4
15746,5
11216,4
14451,5
19410,6
4332,1
1402,0
8556,3
9199,3
17747,6
7030,2
6317,2
3852,1
17241,6
16834,6
12792,4
19223,6
12647,4
5626,2
13570,4
1110,0
16975,6
3337,1
11924,4
14367,5
12367,4
15061,5
6364,2
4626,1
18214,6
17174,6
2558,0
2701,1
1042,0
1565,0
16094,5
556,0
3155,1
4797,1
8359,3
14967,5
17525,6
13721,4
1418,0
16727,6
16913,6
18693,6
4931,1
10640,3
17784,6
8220,2
19352,6
16277,5
16356,5
10103,3
15798,5
18488,6
15414,5
18226,6
11551,4
10173,3
17482,6
28,0
355,0
16476,5
15818,5
16149,5
18078,6
9587,3
6145,2
7612,2
18532,6
12342,4
3850,1
4508,1
966,0
7472,2
120,0
7528,2
4512,1
6067,2
328,0
5070,1
3396,1
2375,0
6004,2
2549,0
12537,4
15299,5
2182,0
5287,1
5586,2
1211,0
11955,4
16641,5
11923,4
3214,1
17735,6
12450,4
3957,1
16030,5
14189,5
16758,6
601,0
15118,5
4880,1
945,0
18005,6
14766,5
16515,5
16968,6
10524,3
17239,6
1563,0
19353,6
6855,2
18698,6
4871,1
1785,0
11278,4
1097,0
6032,2
16543,5
19168,6
18469,6
678,0
16529,5
1394,0
753,0
3919,1
3039,1
7410,2
3323,1
13518,4
1773,0
19021,6
15258,5
3092,1
5865,2
8749,3
7622,2
5629,2
4958,1
16387,5
14927,5
9819,3
13843,4
12532,4
9116,3
8895,3
4548,1
12716,4
7565,2
9073,3
702,0
6801,2
16787,6
9129,3
7617,2
4737,1
7609,2
7745,2
5257,1
10739,3
4683,1
14407,5
10793,3
2989,1
14157,5
10728,3
17062,6
16769,6
19169,6
4650,1
13160,4
3872,1
2017,0
19483,6
13712,4
6185,2
11277,4
19693,6
2151,0
9896,3
2720,1
14729,5
10991,3
14569,5
17456,6
811,0
5773,2
12488,4
312,0
2077,0
11032,3
16940,6
17590,6
8611,3
887,0
10946,3
1793,0
12585,4
3584,1
10004,3
4116,1
17836,6
18454,6
11135,3
9236,3
18944,6
8949,3
14151,5
15654,5
18767,6
14060,5
8830,3
1470,0
10875,3
471,0
2737,1
5888,2
14507,5
18442,6
15369,5
6640,2
2768,1
4899,1
17408,6
11266,4
15782,5
19571,6
5024,1
8286,2
10440,3
13895,5
16555,5
18876,6
7046,2
12797,4
16719,6
4087,1
1077,0
10517,3
4167,1
18468,6
15962,5
7922,2
4483,1
7429,2
11049,3
10921,3
2153,0
9574,3
11854,4
10734,3
74,0
14544,5
8152,2
11804,4
13264,4
11477,4
13147,4
16275,5
13421,4
18142,6
2514,0
8086,2
10437,3
15402,5
4328,1
10925,3
17691,6
19152,6
3241,1
16513,5
13505,4
15504,5
8831,3
17321,6
17697,6
541,0
4519,1
5989,2
16289,5
13408,4
755,0
18210,6
2547,0
6681,2
11797,4
5656,2
13709,4
18545,6
237,0
4564,1
6417,2
7366,2
100,0
18147,6
16135,5
17822,6
11297,4
5826,2
5135,1
8333,3
19195,6
9901,3
14416,5
1310,0
1584,0
18084,6
2436,0
1046,0
17176,6
11051,3
5419,1
19599,6
1489,0
8486,3
6316,2
5966,2
15753,5
619,0
3990,1
18650,6
1602,0
15395,5
15669,5
11132,3
1755,0
16318,5
2044,0
2087,0
8881,3
13649,4
547,0
6841,2
16055,5
14453,5
16741,6
5580,2
16619,5
9997,3
18276,6
6603,2
7950,2
175,0
19400,6
2212,0
17363,6
3978,1
16593,5
10528,3
17741,6
19395,6
16311,5
2446,0
11442,4
1324,0
1605,0
8951,3
4326,1
1296,0
2004,0
15874,5
2067,0
1509,0
13179,4
1561,0
14659,5
6065,2
12060,4
16413,5
6106,2
12651,4
5791,2
10795,3
19492,6
4410,1
19266,6
3701,1
6605,2
7653,2
7436,2
1237,0
16886,6
12654,4
18839,6
2255,0
10410,3
17273,6
17021,6
14311,5
13500,4
18431,6
16732,6
13026,4
15275,5
18245,6
949,0
17224,6
12362,4
3033,1
19656,6
4096,1
19474,6
18964,6
12001,4
7413,2
15298,5
17728,6
7912,2
6657,2
1843,0
1566,0
3848,1
4604,1
5048,1
3441,1
5630,2
4783,1
5142,1
7275,2
15133,5
5069,1
848,0
11921,4
839,0
9840,3
8375,3
8644,3
4927,1
10876,3
6306,2
19256,6
605,0
13121,4
8022,2
2315,0
13583,4
12606,4
1986,0
9420,3
9770,3
6243,2
2858,1
4881,1
5792,2
4768,1
17376,6
3940,1
12557,4
8928,3
18024,6
15432,5
10246,3
525,0
15885,5
10314,3
9490,3
17542,6
18364,6
13993,5
122,0
4666,1
16946,6
12195,4
2306,0
18089,6
16714,6
6349,2
10382,3
11388,4
16661,6
10010,3
3131,1
3718,1
48,0
502,0
3288,1
15625,5
229,0
19648,6
2859,1
9880,3
13956,5
3077,1
4598,1
1076,0
13660,4
12126,4
8519,3
7998,2
3007,1
11640,4
16630,5
9724,3
4748,1
13665,4
4430,1
3208,1
17087,6
7625,2
16823,6
5778,2
15922,5
14965,5
2424,0
16457,5
19084,6
13790,4
13568,4
1019,0
18583,6
9614,3
8620,3
1932,0
18614,6
350,0
14826,5
223,0
6628,2
19250,6
19216,6
10364,3
19346,6
2505,0
19133,6
565,0
11088,3
15344,5
14912,5
13840,4
3510,1
4164,1
8875,3
2722,1
2825,1
3576,1
13966,5
3680,1
14572,5
19651,6
18131,6
8355,3
822,0
18479,6
9265,3
9260,3
14865,5
19177,6
10177,3
8498,3
18687,6
15362,5
2878,1
8227,2
13675,4
19007,6
9217,3
17428,6
17468,6
11334,4
14148,5
8653,3
16709,6
4356,1
2704,1
1191,0
10487,3
5224,1
5648,2
4232,1
9009,3
6184,2
19239,6
14930,5
14688,5
14545,5
13355,4
4091,1
16578,5
16581,5
16305,5
5334,1
13668,4
19095,6
8623,3
5682,2
4176,1
11501,4
2168,0
2941,1
11489,4
17637,6
17060,6
17282,6
19229,6
6174,2
172,0
640,0
11947,4
13574,4
18616,6
12017,4
5486,2
16915,6
18382,6
8265,2
14419,5
11391,4
14656,5
10049,3
18969,6
16134,5
10193,3
2491,0
10532,3
19691,6
13919,5
9244,3
15697,5
15268,5
2028,0
1875,0
354,0
5824,2
13170,4
14322,5
1166,0
17903,6
18704,6
3520,1
14087,5
3218,1
10986,3
18848,6
12911,4
10603,3
15889,5
4654,1
14944,5
12431,4
3747,1
11607,4
324,0
8783,3
5604,2
6150,2
7466,2
17684,6
3312,1
18198,6
13555,4
5112,1
10009,3
2384,0
15603,5
8958,3
15175,5
7367,2
18466,6
9147,3
17842,6
4728,1
1103,0
19574,6
9695,3
9010,3
3365,1
3709,1
710,0
118,0
4928,1
2046,0
8240,2
6751,2
11658,4
317,0
5771,2
16485,5
7315,2
18885,6
5413,1
7214,2
10831,3
4566,1
6260,2
18363,6
5945,2
6345,2
13385,4
87,0
8483,3
4432,1
3507,1
403,0
5300,1
10585,3
15792,5
7045,2
2245,0
13635,4
15955,5
14796,5
6969,2
10412,3
5999,2
2441,0
5039,1
15189,5
10709,3
12356,4
7596,2
14400,5
14593,5
7363,2
1427,0
5447,1
5728,2
13974,5
1504,0
11113,3
18539,6
679,0
7382,2
6393,2
7982,2
11475,4
17830,6
5474,1
1853,0
7213,2
1072,0
14848,5
7518,2
2796,1
3517,1
1101,0
17491,6
17188,6
418,0
14302,5
6348,2
13467,4
11531,4
17641,6
18030,6
19630,6
9429,3
12550,4
12453,4
5282,1
9820,3
10125,3
723,0
5609,2
11545,4
1863,0
18449,6
1690,0
9561,3
18998,6
1996,0
14681,5
14897,5
13446,4
19645,6
6738,2
3590,1
7267,2
18792,6
16746,6
10498,3
19670,6
17416,6
10091,3
5967,2
17967,6
15973,5
575,0
9489,3
16798,6
10425,3
17672,6
14493,5
3785,1
17558,6
18926,6
9788,3
17439,6
849,0
2252,0
6111,2
9638,3
18892,6
15883,5
9078,3
5759,2
4303,1
19597,6
18031,6
4337,1
999,0
4632,1
10588,3
552,0
17775,6
4679,1
3634,1
15251,5
11834,4
8969,3
1409,0
18367,6
18236,6
14486,5
694,0
5421,1
3573,1
10359,3
4451,1
4506,1
9270,3
16026,5
14369,5
19225,6
261,0
19190,6
5972,2
14739,5
4267,1
3793,1
13920,5
446,0
7475,2
5536,2
3707,1
8151,2
3488,1
14953,5
2531,0
17195,6
15331,5
1170,0
4413,1
8785,3
9263,3
3245,1
882,0
7470,2
15771,5
8416,3
19428,6
1469,0
9124,3
16312,5
7228,2
453,0
4406,1
3115,1
4419,1
14343,5
17054,6
18594,6
580,0
7271,2
8297,2
16397,5
13416,4
17429,6
4426,1
7016,2
19188,6
16314,5
402,0
4743,1
11688,4
3133,1
11591,4
7825,2
164,0
15079,5
11837,4
3438,1
8758,3
13419,4
7591,2
1850,0
19279,6
1336,0
9887,3
18763,6
15430,5
10087,3
18623,6
7762,2
707,0
3628,1
4903,1
15397,5
8583,3
7819,2
6068,2
3247,1
7326,2
5153,1
4273,1
13464,4
10468,3
15048,5
15547,5
10293,3
16322,5
2434,0
246,0
4015,1
14571,5
10256,3
2266,0
11896,4
836,0
9710,3
1175,0
18324,6
7112,2
13898,5
13129,4
14488,5
5745,2
9058,3
15100,5
250,0
12005,4
8868,3
19636,6
8147,2
2828,1
12229,4
8680,3
18489,6
3532,1
9711,3
17599,6
8243,2
10105,3
2001,0
15773,5
16059,5
6131,2
4244,1
13212,4
5113,1
18936,6
14816,5
4472,1
10902,3
3856,1
3089,1
4603,1
8278,2
12288,4
4227,1
13862,5
10398,3
16691,6
2574,0
16013,5
4570,1
3841,1
9452,3
19730,6
2451,0
7561,2
18069,6
7211,2
17034,6
10101,3
3275,1
1225,0
545,0
1206,0
12441,4
9699,3
10459,3
8039,2
2644,0
9869,3
12438,4
1390,0
18054,6
18672,6
879,0
9417,3
98,0
4686,1
19050,6
4129,1
8554,3
12951,4
7187,2
18585,6
9487,3
19448,6
9024,3
7723,2
7161,2
5071,1
12733,4
16704,6
18894,6
2689,1
13166,4
2513,0
12317,4
16444,5
4607,1
14268,5
18085,6
5820,2
7348,2
6549,2
10675,3
3916,1
13452,4
8672,3
18496,6
1879,0
14536,5
5709,2
9486,3
5592,2
18200,6
14024,5
760,0
5956,2
655,0
6341,2
5744,2
2947,1
6138,2
10879,3
3120,1
9583,3
15264,5
15702,5
8123,2
6790,2
13149,4
6611,2
5517,2
18732,6
14401,5
1133,0
3826,1
15836,5
10704,3
2670,0
19069,6
5842,2
11367,4
10812,3
6015,2
4,0
16353,5
1931,0
15618,5
14124,5
11826,4
2935,1
6368,2
3506,1
10743,3
13357,4
5357,1
16990,6
6235,2
18426,6
944,0
3343,1
3372,1
16816,6
16491,5
9384,3
9713,3
12142,4
308,0
1567,0
7450,2
2139,0
13413,4
18730,6
13117,4
18109,6
18072,6
19610,6
8214,2
2280,0
7845,2
16972,6
18805,6
2628,0
14530,5
9608,3
19064,6
231,0
9387,3
15071,5
738,0
2883,1
12883,4
9193,3
15135,5
15873,5
14667,5
6220,2
12890,4
10762,3
6502,2
11588,4
7186,2
756,0
12449,4
19280,6
9089,3
10146,3
16815,6
15333,5
6842,2
14426,5
69,0
5831,2
9044,3
6190,2
19092,6
17750,6
1683,0
15923,5
17659,6
10938,3
6538,2
2608,0
8761,3
19466,6
17212,6
13706,4
9762,3
19214,6
2287,0
3914,1
10212,3
14590,5
10085,3
19304,6
13198,4
19584,6
15742,5
7329,2
12835,4
5552,2
15663,5
15335,5
1547,0
740,0
17022,6
16465,5
7743,2
7529,2
3663,1
12027,4
5092,1
774,0
867,0
9584,3
5638,2
17507,6
642,0
15124,5
12999,4
3306,1
8093,2
5642,2
10224,3
19437,6
14402,5
7676,2
4041,1
15523,5
17668,6
16519,5
7374,2
15673,5
18711,6
3430,1
11795,4
363,0
3905,1
8536,3
5086,1
17370,6
3003,1
472,0
1644,0
18735,6
17844,6
16812,6
1174,0
14307,5
6693,2
10869,3
19151,6
13912,5
3485,1
17645,6
16048,5
1412,0
14463,5
7375,2
9720,3
816,0
7191,2
8127,2
2135,0
1800,0
8604,3
4905,1
5628,2
9137,3
3213,1
5829,2
4568,1
524,0
3173,1
13901,5
19798,6
14503,5
5700,2
17930,6
1534,0
12754,4
2876,1
9256,3
11029,3
8319,3
19179,6
16960,6
12860,4
1301,0
6923,2
5974,2
13989,5
15993,5
10496,3
17724,6
1482,0
1603,0
11543,4
5516,2
7840,2
16903,6
14007,5
13215,4
3828,1
16724,6
9847,3
5204,1
10575,3
6188,2
397,0
17228,6
2511,0
14823,5
15736,5
3080,1
17053,6
724,0
300,0
3295,1
13525,4
8141,2
12351,4
4461,1
2728,1
14021,5
18904,6
16660,5
4912,1
18990,6
8180,2
17692,6
13872,5
2516,0
8263,2
18099,6
10554,3
7724,2
1214,0
7820,2
17977,6
18124,6
10463,3
16271,5
17317,6
19104,6
5896,2
14267,5
16310,5
9976,3
8004,2
6583,2
9953,3
3958,1
4565,1
19528,6
14055,5
787,0
14259,5
15170,5
18309,6
8746,3
18781,6
19204,6
2960,1
4965,1
12834,4
998,0
18194,6
154,0
8043,2
6892,2
13852,4
9004,3
19404,6
6005,2
15436,5
8335,3
10068,3
156,0
14835,5
3169,1
15596,5
1554,0
16621,5
17368,6
496,0
2325,0
914,0
13743,4
9885,3
151,0
13337,4
15649,5
15352,5
1741,0
3071,1
10519,3
14031,5
7720,2
18934,6
2938,1
3902,1
7908,2
15445,5
11636,4
890,0
5946,2
3304,1
14618,5
11938,4
5202,1
5054,1
343,0
4405,1
16120,5
3291,1
4852,1
2227,0
14824,5
2125,0
7598,2
15549,5
14364,5
14583,5
13532,4
15106,5
11653,4
8179,2
18004,6
5094,1
18380,6
1467,0
4923,1
18680,6
3717,1
6369,2
283,0
19183,6
6817,2
15420,5
10041,3
4420,1
19523,6
19443,6
11737,4
8189,2
12978,4
19198,6
9980,3
13301,4
3257,1
2635,0
19319,6
3277,1
15043,5
17589,6
1205,0
7088,2
19247,6
617,0
11498,4
3205,1
12365,4
17888,6
17203,6
8311,3
18909,6
18183,6
2743,1
12817,4
17554,6
11742,4
18391,6
14876,5
1359,0
14450,5
8683,3
10151,3
17130,6
8661,3
1592,0
19567,6
3236,1
5802,2
17360,6
19486,6
13093,4
548,0
7899,2
17170,6
7690,2
26,0
1069,0
4139,1
7313,2
6011,2
7387,2
5862,2
17445,6
9041,3
10643,3
14502,5
12258,4
19355,6
437,0
13655,4
19025,6
5716,2
1864,0
12437,4
18830,6
9317,3
12176,4
10418,3
1,0
2721,1
18407,6
9581,3
5781,2
12202,4
10381,3
7716,2
17090,6
6543,2
14492,5
13861,5
4253,1
3599,1
535,0
19787,6
586,0
15869,5
13218,4
13523,4
15210,5
9776,3
11045,3
16965,6
10255,3
13000,4
7146,2
11540,4
17378,6
19221,6
1920,0
18863,6
10989,3
9067,3
9042,3
1914,0
13445,4
13209,4
1135,0
14725,5
12221,4
16070,5
1319,0
4668,1
9314,3
19493,6
12144,4
13128,4
8131,2
6688,2
13585,4
2606,0
7268,2
16488,5
2177,0
3765,1
7104,2
12851,4
8922,3
10317,3
3959,1
5498,2
9261,3
10866,3
4970,1
17699,6
240,0
13375,4
12296,4
17402,6
12476,4
8455,3
13019,4
1870,0
17465,6
19739,6
13268,4
2526,0
14846,5
1823,0
2415,0
9220,3
7346,2
5625,2
16436,5
4895,1
8858,3
18175,6
7059,2
2122,0
11417,4
3970,1
18605,6
5361,1
2844,1
499,0
920,0
15051,5
9703,3
4577,1
15280,5
15259,5
228,0
13292,4
14744,5
2765,1
10473,3
14361,5
12706,4
6590,2
6233,2
15319,5
6078,2
18387,6
8760,3
17306,6
1130,0
14617,5
16929,6
11847,4
15573,5
11710,4
1709,0
8280,2
3249,1
11801,4
14319,5
15949,5
513,0
6882,2
7877,2
12051,4
11149,3
14295,5
11971,4
19603,6
13175,4
2736,1
8275,2
8798,3
8339,3
16957,6
8979,3
13358,4
13881,5
14217,5
17159,6
15142,5
15510,5
15492,5
16202,5
14934,5
10220,3
15000,5
6653,2
15162,5
17951,6
2555,0
18821,6
8270,2
18676,6
7491,2
19686,6
2688,1
7131,2
15514,5
1047,0
2651,0
4750,1
4810,1
2065,0
4984,1
10279,3
12562,4
3966,1
18595,6
6091,2
18916,6
12259,4
10499,3
8062,2
14289,5
16898,6
4450,1
17781,6
10409,3
18281,6
13580,4
17074,6
11535,4
18903,6
9617,3
18787,6
985,0
15254,5
5955,2
19602,6
5166,1
14534,5
3829,1
19115,6
11967,4
7700,2
5007,1
7089,2
15897,5
3246,1
14215,5
13529,4
5182,1
10467,3
6546,2
3002,1
1342,0
1393,0
18414,6
8267,2
14019,5
9921,3
16251,5
16402,5
13707,4
6777,2
11089,3
1414,0
2260,0
16495,5
16038,5
6741,2
2216,0
6098,2
12346,4
10011,3
6593,2
5881,2
5338,1
3784,1
3254,1
4560,1
10333,3
464,0
1757,0
13981,5
16571,5
7047,2
4030,1
378,0
15029,5
1337,0
19549,6
2731,1
17841,6
16790,6
18441,6
18951,6
14626,5
11358,4
6981,2
13983,5
14751,5
1898,0
10629,3
5011,1
14608,5
8654,3
7863,2
6863,2
13885,5
10601,3
17335,6
14128,5
7802,2
15502,5
16840,6
16104,5
13197,4
13119,4
15468,5
16587,5
4234,1
7407,2
17036,6
1032,0
10348,3
2224,0
10737,3
17169,6
19112,6
11289,4
3984,1
16309,5
16435,5
4627,1
18501,6
9303,3
19364,6
17269,6
8552,3
6246,2
2972,1
6081,2
17736,6
6985,2
1517,0
19340,6
12917,4
2376,0
3562,1
2267,0
4802,1
4523,1
18461,6
1392,0
895,0
1492,0
18667,6
11409,4
15169,5
9579,3
10637,3
2996,1
12483,4
19102,6
1131,0
732,0
12703,4
3168,1
8102,2
4918,1
2830,1
10133,3
8454,3
799,0
6874,2
735,0
13174,4
2248,0
178,0
1176,0
18133,6
11390,4
11155,3
791,0
18159,6
17106,6
198,0
15345,5
8541,3
549,0
3460,1
13970,5
13935,5
8295,2
18340,6
13194,4
11987,4
16455,5
18191,6
8376,3
66,0
5072,1
5652,2
17715,6
5454,1
15247,5
2577,0
15347,5
16074,5
623,0
18216,6
6864,2
788,0
3453,1
19490,6
6597,2
15797,5
9350,3
18699,6
14169,5
15749,5
16113,5
13341,4
516,0
479,0
4799,1
11326,4
12371,4
18096,6
15910,5
7646,2
17393,6
1035,0
14111,5
2603,0
1516,0
6833,2
16221,5
8034,2
6274,2
15224,5
18558,6
9213,3
9610,3
6003,2
1464,0
8820,3
1874,0
15113,5
18006,6
7997,2
11191,3
12661,4
16439,5
8162,2
4962,1
14291,5
5197,1
220,0
11295,4
18274,6
13047,4
16470,5
2481,0
4532,1
19191,6
19070,6
12487,4
18341,6
7169,2
14239,5
11479,4
16216,5
14648,5
6152,2
19017,6
16140,5
9001,3
19101,6
2936,1
1680,0
13549,4
6659,2
903,0
18098,6
7945,2
2300,0
15064,5
9539,3
11005,3
17284,6
15978,5
9196,3
16486,5
7495,2
13104,4
17517,6
8054,2
2585,0
8893,3
2160,0
16540,5
10820,3
19692,6
12071,4
14726,5
17202,6
5701,2
682,0
4860,1
3255,1
16230,5
3050,1
5297,1
1885,0
14104,5
1944,0
3417,1
3679,1
6551,2
3911,1
491,0
6223,2
1183,0
1377,0
5424,1
627,0
5118,1
11716,4
15485,5
16991,6
16331,5
16346,5
4456,1
16806,6
13322,4
18471,6
2942,1
10006,3
4869,1
15976,5
7380,2
7135,2
10404,3
1368,0
2646,0
1193,0
6097,2
18957,6
6245,2
7992,2
5752,2
15503,5
19548,6
3001,1
15343,5
18615,6
10020,3
11563,4
6556,2
4864,1
15181,5
11432,4
8535,3
8460,3
17738,6
19705,6
14815,5
16674,6
11942,4
15930,5
13291,4
19579,6
7390,2
5897,2
16466,5
5713,2
15775,5
3655,1
1787,0
13032,4
7889,2
495,0
13798,4
11413,4
13319,4
12620,4
2042,0
4292,1
10483,3
2952,1
9632,3
10208,3
14753,5
14805,5
14952,5
14273,5
2660,0
15460,5
11035,3
13324,4
12769,4
9577,3
2035,0
5514,2
814,0
8032,2
18067,6
12529,4
6930,2
4482,1
1081,0
2230,0
17301,6
19052,6
12443,4
16636,5
13461,4
10576,3
3376,1
6151,2
12942,4
10919,3
4073,1
2999,1
16701,6
7853,2
4138,1
11001,3
17989,6
15947,5
305,0
4317,1
19390,6
3069,1
14415,5
11162,3
1233,0
10998,3
2317,0
10920,3
17423,6
15386,5
3633,1
4621,1
11154,3
10197,3
2066,0
7152,2
19751,6
8330,3
7159,2
4120,1
19613,6
3719,1
13122,4
5921,2
12918,4
8959,3
557,0
11248,4
17536,6
4563,1
9605,3
18472,6
4347,1
7372,2
14665,5
17962,6
14397,5
589,0
3486,1
2677,1
5997,2
19770,6
9197,3
2400,0
5988,2
11474,4
2174,0
926,0
9104,3
14123,5
10248,3
13191,4
19296,6
16926,6
3215,1
6181,2
2798,1
8473,3
7259,2
14129,5
10320,3
9507,3
11181,3
15407,5
19268,6
10894,3
6319,2
6559,2
6436,2
11096,3
13002,4
13112,4
14266,5
15680,5
16932,6
2185,0
16615,5
1475,0
6711,2
16837,6
13123,4
10249,3
13892,5
10631,3
13560,4
421,0
11305,4
11233,4
10570,3
2310,0
9516,3
171,0
4187,1
6101,2
6340,2
9513,3
13038,4
1728,0
10080,3
15312,5
11058,3
11329,4
10202,3
19257,6
18251,6
906,0
3631,1
9362,3
14664,5
8682,3
11041,3
8217,2
6697,2
2084,0
8844,3
16647,5
8849,3
14700,5
10526,3
14819,5
15921,5
11269,4
7999,2
5027,1
7224,2
5647,2
2653,0
11440,4
16992,6
12117,4
16324,5
15434,5
16825,6
18360,6
7032,2
17155,6
2159,0
16295,5
8183,2
1303,0
8730,3
3897,1
9071,3
16316,5
4706,1
3782,1
4839,1
12948,4
8167,2
9850,3
14020,5
12292,4
1438,0
508,0
5722,2
11428,4
6171,2
5866,2
6497,2
10089,3
2343,0
19217,6
4693,1
17259,6
11734,4
8546,3
17089,6
16799,6
9786,3
644,0
14477,5
1541,0
10296,3
1213,0
16430,5
2565,0
9983,3
6727,2
13252,4
6110,2
390,0
1466,0
1194,0
11431,4
3750,1
14619,5
7027,2
16530,5
9790,3
17978,6
7435,2
507,0
12398,4
16504,5
14010,5
14161,5
14510,5
1776,0
15315,5
272,0
18036,6
10143,3
3778,1
2386,0
12589,4
7773,2
10471,3
922,0
4972,1
9567,3
747,0
8584,3
3721,1
10136,3
12171,4
14713,5
13300,4
12280,4
9631,3
7130,2
6094,2
14787,5
11792,4
16366,5
16087,5
9658,3
15806,5
10733,3
1916,0
19747,6
600,0
4112,1
6022,2
1655,0
14801,5
9066,3
1897,0
16553,5
19273,6
13270,4
15376,5
7193,2
4662,1
262,0
375,0
1970,0
4188,1
1468,0
6204,2
1245,0
9065,3
17816,6
13879,5
943,0
15498,5
10940,3
3467,1
2664,0
12613,4
12451,4
19629,6
15762,5
5782,2
14755,5
7278,2
2834,1
4599,1
16193,5
17088,6
8041,2
298,0
10434,3
18035,6
4024,1
14928,5
8904,3
13127,4
2039,0
4290,1
11908,4
14757,5
11556,4
16066,5
11703,4
1501,0
3657,1
19746,6
9963,3
9378,3
7568,2
7911,2
16422,5
13945,5
4346,1
242,0
3240,1
1647,0
8184,2
17660,6
6089,2
12494,4
16703,6
15390,5
5669,2
2080,0
4372,1
8323,3
10210,3
6545,2
9321,3
17501,6
11709,4
4198,1
15545,5
19639,6
19278,6
19164,6
7477,2
14949,5
13844,4
18268,6
4339,1
8631,3
9951,3
10701,3
2802,1
4942,1
5332,1
1989,0
4072,1
8659,3
13368,4
11028,3
325,0
12011,4
8784,3
7069,2
16696,6
4315,1
2241,0
5667,2
4901,1
10130,3
8284,2
1270,0
866,0
5342,1
2257,0
6599,2
7664,2
14772,5
7763,2
371,0
16041,5
19510,6
8856,3
610,0
4990,1
18327,6
10002,3
18804,6
17311,6
6486,2
16739,6
2369,0
13063,4
8651,3
7929,2
10270,3
12130,4
3980,1
16313,5
6069,2
19046,6
13025,4
17597,6
5481,1
10882,3
4502,1
8981,3
9764,3
663,0
15999,5
16699,6
12788,4
10521,3
2800,1
4865,1
18726,6
14514,5
7977,2
18197,6
16817,6
6061,2
6756,2
4742,1
12034,4
5694,2
15558,5
4223,1
11285,4
8718,3
12666,4
2676,0
4219,1
15388,5
279,0
16535,5
15824,5
9818,3
8282,2
5635,2
11221,4
18843,6
13367,4
19219,6
4424,1
19161,6
5272,1
6336,2
4000,1
14922,5
11459,4
9813,3
13994,5
5033,1
15285,5
6031,2
16021,5
13601,4
6088,2
11848,4
16141,5
15130,5
7644,2
4893,1
9405,3
18487,6
14256,5
1271,0
2355,0
9845,3
10847,3
1386,0
17658,6
10203,3
6398,2
297,0
9721,3
18746,6
17180,6
14795,5
2081,0
14182,5
17671,6
2233,0
2887,1
2542,0
194,0
18244,6
8175,2
7345,2
8328,3
16820,6
18953,6
4293,1
7253,2
12295,4
18715,6
5987,2
7594,2
7484,2
5756,2
17143,6
320,0
7916,2
1373,0
19662,6
13747,4
2661,0
10266,3
19665,6
3523,1
11644,4
9606,3
14482,5
16742,6
15808,5
18356,6
928,0
244,0
8299,2
9184,3
143,0
6560,2
9121,3
2368,0
16358,5
129,0
1163,0
15566,5
4575,1
6530,2
287,0
11147,3
14188,5
5764,2
11435,4
12191,4
18728,6
15861,5
9774,3
1172,0
18645,6
11811,4
13944,5
7526,2
16364,5
18241,6
12852,4
1862,0
14332,5
15975,5
16838,6
7515,2
16112,5
14338,5
17229,6
15271,5
3212,1
9665,3
1313,0
1034,0
9355,3
15037,5
7049,2
8815,3
933,0
692,0
14891,5
7031,2
1913,0
10175,3
13386,4
11685,4
18842,6
19337,6
44,0
4170,1
14844,5
7881,2
14000,5
4612,1
3028,1
4210,1
10599,3
5326,1
14901,5
9527,3
8308,2
11667,4
6967,2
4428,1
3176,1
17329,6
8870,3
6043,2
4224,1
14920,5
7693,2
18242,6
1406,0
3298,1
14269,5
15381,5
14687,5
971,0
17935,6
7234,2
13671,4
10292,3
11443,4
2888,1
2896,1
5194,1
18473,6
6533,2
16471,5
12844,4
17666,6
4794,1
14705,5
17761,6
13534,4
1792,0
140,0
2063,0
7924,2
14767,5
1906,0
5036,1
17431,6
9050,3
5322,1
7519,2
6431,2
10797,3
75,0
2350,0
7129,2
9470,3
9708,3
4916,1
19489,6
17354,6
14131,5
18015,6
1555,0
6416,2
9472,3
10129,3
18270,6
12897,4
6839,2
10354,3
16657,5
6203,2
3004,1
14984,5
14164,5
15033,5
8202,2
17818,6
1623,0
6066,2
11762,4
11348,4
8810,3
11699,4
18517,6
14829,5
10798,3
17923,6
15767,5
7516,2
17125,6
18057,6
19729,6
17681,6
1612,0
3186,1
2420,0
15857,5
2021,0
3034,1
2994,1
3360,1
124,0
1108,0
1817,0
18670,6
224,0
13210,4
9898,3
2127,0
19289,6
15686,5
16924,6
16016,5
10124,3
2841,1
2201,0
4302,1
1218,0
8578,3
13231,4
17483,6
726,0
15416,5
10355,3
809,0
14595,5
18202,6
17137,6
15612,5
5295,1
15638,5
3280,1
4193,1
17192,6
2678,1
14398,5
10657,3
10647,3
1767,0
16012,5
608,0
14261,5
14632,5
15575,5
3325,1
6258,2
9530,3
2057,0
12766,4
3260,1
15715,5
17023,6
2546,0
1660,0
19107,6
9018,3
19098,6
9730,3
2725,1
6975,2
8393,3
4550,1
18643,6
7431,2
422,0
12530,4
5772,2
9968,3
19348,6
10950,3
2890,1
4327,1
18751,6
13259,4
5691,2
1003,0
4474,1
2423,0
17330,6
3727,1
7442,2
4058,1
963,0
11086,3
14520,5
11845,4
17820,6
5276,1
758,0
5769,2
2288,0
18357,6
16827,6
5206,1
9407,3
808,0
4128,1
7788,2
1960,0
12132,4
10553,3
14008,5
13062,4
19385,6
18017,6
2407,0
16095,5
1075,0
16343,5
7215,2
19540,6
11695,4
19808,6
9055,3
17038,6
16607,5
18348,6
11510,4
16652,5
17678,6
18243,6
1005,0
8524,3
19020,6
16349,5
8410,3
19329,6
14910,5
10969,3
19149,6
5832,2
17853,6
10870,3
6939,2
18836,6
10031,3
14422,5
17902,6
987,0
12907,4
18552,6
6800,2
17013,6
8205,2
15606,5
19047,6
14072,5
14662,5
12460,4
19270,6
10699,3
2467,0
15940,5
268,0
8878,3
3733,1
13404,4
71,0
10693,3
17958,6
17107,6
2856,1
4854,1
590,0
15659,5
14840,5
16463,5
12373,4
17688,6
17238,6
16159,5
3949,1
7585,2
2032,0
12391,4
9999,3
15427,5
18073,6
5923,2
14889,5
17285,6
14789,5
13118,4
15075,5
2437,0
16283,5
11153,3
4986,1
9520,3
14578,5
898,0
11128,3
18176,6
1589,0
7402,2
1722,0
6708,2
3997,1
9925,3
17055,6
4192,1
15036,5
7801,2
6686,2
892,0
14509,5
18930,6
4248,1
5339,1
17551,6
14639,5
6452,2
16750,6
17674,6
16793,6
12549,4
585,0
13124,4
4163,1
1262,0
16670,6
310,0
1719,0
13171,4
6598,2
2056,0
15580,5
5018,1
4591,1
7355,2
3974,1
1010,0
8160,2
18297,6
11824,4
8230,2
13531,4
18508,6
9412,3
11213,4
15177,5
4320,1
9821,3
90,0
1991,0
16179,5
17413,6
17341,6
8084,2
17764,6
11733,4
12722,4
16201,5
10360,3
7980,2
10766,3
18635,6
5464,1
2988,1
14993,5
9155,3
13064,4
6438,2
2346,0
13449,4
16862,6
15920,5
16762,6
628,0
15107,5
17868,6
8389,3
19178,6
5134,1
18002,6
3847,1
18399,6
128,0
17680,6
16582,5
18627,6
4458,1
8104,2
14207,5
7760,2
2403,0
6964,2
16040,5
14172,5
1188,0
15725,5
12214,4
3475,1
11561,4
5770,2
10413,3
4531,1
19426,6
12912,4
10274,3
10746,3
1098,0
12880,4
7362,2
12767,4
1275,0
6206,2
14478,5
9828,3
12546,4
7531,2
10848,3
7324,2
3479,1
8640,3
183,0
17578,6
18112,6
17520,6
15898,5
16808,6
7204,2
4897,1
7312,2
12197,4
12389,4
18248,6
16675,6
1965,0
5402,1
5280,1
8976,3
6411,2
10828,3
5761,2
6868,2
16743,6
12485,4
15866,5
1253,0
3279,1
3480,1
15447,5
14525,5
17181,6
18561,6
6979,2
13152,4
16211,5
8232,2
8382,3
14362,5
17463,6
19422,6
14004,5
1053,0
14040,5
15733,5
10414,3
9515,3
11635,4
5132,1
10229,3
1877,0
14874,5
10480,3
15480,5
8087,2
13070,4
10162,3
19128,6
16480,5
4622,1
19171,6
10687,3
6360,2
17931,6
16260,5
17249,6
9777,3
17271,6
14412,5
4808,1
16595,5
13366,4
9701,3
4145,1
11282,4
19358,6
18660,6
19453,6
14446,5
16477,5
8743,3
12395,4
14206,5
17863,6
3204,1
3424,1
10785,3
1693,0
14540,5
12736,4
5469,1
15149,5
3429,1
1506,0
1809,0
4082,1
14975,5
3982,1
2821,1
17171,6
15608,5
1720,0
2711,1
1851,0
4835,1
16561,5
12118,4
7331,2
3565,1
15225,5
142,0
15707,5
12783,4
7751,2
15168,5
14850,5
13284,4
1119,0
1759,0
498,0
7474,2
14079,5
872,0
3478,1
10271,3
8544,3
722,0
12555,4
12904,4
888,0
19465,6
16377,5
18818,6
9363,3
11004,3
9062,3
5265,1
12484,4
15329,5
15442,5
314,0
18311,6
18869,6
15297,5
16640,5
4480,1
6392,2
6750,2
5916,2
3220,1
2000,0
16541,5
4209,1
17513,6
11557,4
336,0
12502,4
17514,6
18335,6
15548,5
3048,1
15302,5
4959,1
7222,2
13365,4
14820,5
3710,1
12559,4
5199,1
16376,5
3541,1
307,0
8762,3
13878,5
16884,6
348,0
6485,2
18734,6
8040,2
19379,6
4805,1
12753,4
13611,4
17608,6
10651,3
11646,4
9250,3
15138,5
7595,2
17983,6
17447,6
18010,6
15115,5
1669,0
8423,3
6058,2
11291,4
52,0
14973,5
6913,2
1447,0
14804,5
18609,6
1698,0
12665,4
1576,0
16579,5
13053,4
4712,1
1633,0
269,0
1884,0
5495,2
5991,2
18768,6
15226,5
10207,3
15705,5
17309,6
19715,6
12650,4
186,0
13725,4
11389,4
6046,2
18049,6
7973,2
4412,1
17518,6
7287,2
1236,0
15678,5
4136,1
447,0
845,0
5639,2
7905,2
13757,4
17123,6
2445,0
3194,1
12669,4
8558,3
5143,1
11020,3
7733,2
6702,2
10735,3
2157,0
6000,2
17734,6
5488,2
13323,4
18397,6
17113,6
5646,2
15825,5
777,0
9457,3
6986,2
6983,2
11782,4
5320,1
19807,6
10367,3
2817,1
15812,5
3232,1
18377,6
5937,2
3286,1
18515,6
8352,3
16604,5
17615,6
3302,1
16848,6
1291,0
14557,5
15924,5
19392,6
11759,4
19419,6
17828,6
18978,6
8386,3
14097,5
13650,4
13937,5
1882,0
18459,6
14233,5
15026,5
5926,2
15916,5
18720,6
17217,6
13835,4
2152,0
4400,1
1038,0
9947,3
19403,6
17293,6
4403,1
650,0
10477,3
7427,2
863,0
10262,3
191,0
9302,3
6615,2
19187,6
1946,0
11707,4
4631,1
19038,6
9883,3
11633,4
8899,3
17173,6
16668,6
16537,5
14637,5
2799,1
4414,1
11996,4
10096,3
2622,0
2416,0
1096,0
6664,2
1548,0
4919,1
6633,2
15229,5
7712,2
3231,1
4067,1
19134,6
7094,2
3996,1
18665,6
12387,4
16567,5
8261,2
7508,2
18731,6
465,0
1259,0
11375,4
2263,0
16828,6
6132,2
3448,1
6873,2
8203,2
11841,4
15827,5
5468,1
1264,0
18921,6
8000,2
977,0
16025,5
6408,2
10308,3
7282,2
14701,5
2392,0
19586,6
5431,1
7910,2
14366,5
7963,2
13071,4
4093,1
6654,2
12708,4
9105,3
16421,5
15948,5
4086,1
2824,1
10311,3
18819,6
1860,0
18626,6
4377,1
5651,2
9268,3
3370,1
8129,2
2705,1
8210,2
4966,1
16608,5
1321,0
16801,6
19710,6
5595,2
16233,5
17727,6
13971,5
1137,0
4859,1
13363,4
3650,1
5109,1
12172,4
14160,5
7859,2
13789,4
11283,4
17438,6
17530,6
19701,6
6995,2
16315,5
7741,2
11433,4
919,0
2510,0
2959,1
571,0
1450,0
3539,1
17824,6
16100,5
16635,5
10492,3
17612,6
7577,2
3334,1
19596,6
13949,5
4690,1
10422,3
8738,3
3684,1
15832,5
18889,6
2862,1
6301,2
16546,5
5406,1
1340,0
3377,1
8769,3
16143,5
7578,2
6262,2
651,0
6638,2
12675,4
2262,0
5859,2
18686,6
7855,2
17247,6
3666,1
12468,4
16734,6
4801,1
6162,2
11102,3
67,0
12301,4
14409,5
13046,4
19274,6
17559,6
14983,5
8462,3
1260,0
18658,6
6646,2
993,0
3649,1
9306,3
921,0
12212,4
13374,4
165,0
14849,5
7353,2
14579,5
10316,3
4924,1
17918,6
13716,4
12209,4
2895,1
16263,5
19794,6
15617,5
17288,6
14421,5
17952,6
4775,1
16618,5
12208,4
7332,2
10516,3
18418,6
9541,3
11202,3
13216,4
2759,1
6177,2
13803,4
5398,1
1207,0
2383,0
15570,5
14297,5
4448,1
14171,5
14526,5
9052,3
14998,5
17703,6
2107,0
12734,4
3950,1
17299,6
1840,0
17760,6
18260,6
18032,6
6225,2
9907,3
4823,1
1095,0
17412,6
7434,2
16077,5
10102,3
14462,5
160,0
203,0
7165,2
4171,1
10813,3
5333,1
12719,4
17960,6
8513,3
19781,6
1232,0
10350,3
3122,1
8873,3
12735,4
2970,1
19005,6
16167,5
4535,1
6732,2
6846,2
18888,6
14005,5
2740,1
4583,1
4634,1
19308,6
13847,4
383,0
8315,3
14731,5
5275,1
859,0
370,0
7230,2
13105,4
2566,0
3992,1
12364,4
5924,2
15239,5
14465,5
12020,4
18149,6
7599,2
12531,4
15308,5
12120,4
956,0
8225,2
6511,2
616,0
13499,4
2580,0
53,0
15963,5
3461,1
16860,6
11232,4
18988,6
15151,5
15089,5
10977,3
6418,2
13453,4
15287,5
10149,3
14931,5
1815,0
17945,6
992,0
18077,6
18717,6
16180,5
13401,4
15553,5
18465,6
9440,3
3005,1
10729,3
3259,1
5028,1
2623,0
3772,1
9212,3
8764,3
17698,6
13307,4
3983,1
13468,4
13260,4
10987,3
17869,6
11412,4
3569,1
1896,0
7139,2
249,0
5702,2
18982,6
5600,2
14792,5
16006,5
7142,2
1507,0
15507,5
671,0
10710,3
18003,6
899,0
3427,1
8963,3
6881,2
12399,4
13043,4
2945,1
6592,2
8616,3
18682,6
18029,6
12345,4
15720,5
16200,5
9426,3
2,0
12047,4
17772,6
11303,4
635,0
14288,5
6687,2
532,0
18576,6
9151,3
2609,0
7158,2
4453,1
19275,6
19563,6
12645,4
10065,3
3531,1
12012,4
6580,2
6987,2
15674,5
17064,6
2570,0
2586,0
18044,6
13762,4
9414,3
2612,0
15685,5
12177,4
19356,6
10686,3
2108,0
19209,6
16496,5
15961,5
4518,1
5404,1
14499,5
18568,6
5478,1
659,0
4749,1
13372,4
718,0
4016,1
7507,2
12794,4
10837,3
17696,6
12167,4
11138,3
19323,6
8057,2
4125,1
18328,6
2686,1
10490,3
7545,2
16118,5
10579,3
12158,4
3875,1
16971,6
1791,0
9482,3
6973,2
14600,5
3812,1
1779,0
192,0
10166,3
15375,5
19146,6
18258,6
19439,6
5852,2
14138,5
17367,6
5351,1
2702,1
4697,1
12772,4
15688,5
5327,1
14312,5
6040,2
12324,4
17313,6
238,0
13986,5
19182,6
12777,4
15371,5
7648,2
18782,6
6113,2
10312,3
18989,6
9726,3
5522,2
16170,5
16617,5
15484,5
3704,1
19790,6
3481,1
9329,3
6130,2
12097,4
8628,3
6304,2
4830,1
18413,6
13953,5
146,0
16450,5
2298,0
11903,4
7966,2
13519,4
11270,4
14747,5
18403,6
9307,3
12898,4
17619,6
19361,6
7898,2
9783,3
7854,2
5093,1
10042,3
4691,1
14831,5
15391,5
12920,4
19087,6
18446,6
4875,1
597,0
19014,6
13181,4
15899,5
5597,2
6637,2
1650,0
15858,5
13537,4
7549,2
2715,1
13590,4
1703,0
13173,4
12207,4
2797,1
12727,4
7727,2
9113,3
6861,2
16046,5
86,0
11981,4
12410,4
18103,6
18066,6
18705,6
2599,0
15582,5
1031,0
136,0
7731,2
16646,5
7789,2
12668,4
2899,1
14384,5
1202,0
6742,2
14695,5
11077,3
13906,5
9866,3
17104,6
6946,2
4158,1
11485,4
13265,4
18773,6
9519,3
3766,1
18845,6
12032,4
2334,0
13403,4
2191,0
195,0
14136,5
5480,1
803,0
2675,0
241,0
2072,0
15458,5
2036,0
645,0
10283,3
5528,2
1640,0
8396,3
9313,3
12781,4
18544,6
3158,1
10168,3
8101,2
3393,1
8930,3
11751,4
16097,5
5380,1
16781,6
9327,3
17587,6
7668,2
15730,5
13715,4
15238,5
12269,4
8722,3
62,0
17529,6
17601,6
19210,6
17472,6
16194,5
15515,5
12162,4
680,0
2045,0
10075,3
5763,2
16549,5
3808,1
18204,6
17999,6
3373,1
14641,5
1876,0
5104,1
12313,4
11251,4
2967,1
12603,4
4278,1
5963,2
18593,6
8961,3
8671,3
17897,6
18009,6
8037,2
7611,2
490,0
9778,3
691,0
13776,4
603,0
11483,4
1016,0
871,0
1997,0
18550,6
13703,4
12043,4
8463,3
5730,2
4677,1
16702,6
17069,6
1363,0
15692,5
1528,0
18292,6
1632,0
17032,6
1553,0
16010,5
1186,0
1339,0
4122,1
12826,4
5462,1
9239,3
11900,4
16317,5
5460,1
2351,0
19203,6
5960,2
6767,2
12534,4
6202,2
5544,2
5599,2
1136,0
9358,3
12554,4
16796,6
11690,4
13697,4
11909,4
4268,1
11856,4
15774,5
2429,0
4407,1
13820,4
861,0
3025,1
9049,3
19689,6
17162,6
18521,6
14717,5
19753,6
14437,5
8099,2
1366,0
8540,3
1782,0
17874,6
19105,6
2105,0
1821,0
369,0
5337,1
12442,4
5732,2
9383,3
17909,6
7844,2
14691,5
2097,0
12990,4
13379,4
8710,3
1924,0
82,0
8144,2
8109,2
817,0
15104,5
17197,6
4703,1
16577,5
9526,3
6745,2
4389,1
17620,6
9920,3
12700,4
1816,0
1273,0
17996,6
9859,3
3064,1
16938,6
16901,6
7084,2
17199,6
2649,0
10482,3
15571,5
14483,5
2309,0
16281,5
19533,6
4471,1
14818,5
14633,5
19129,6
14552,5
14140,5
4060,1
19684,6
18350,6
15233,5
19445,6
12101,4
3706,1
14669,5
14473,5
2199,0
15023,5
2605,0
6794,2
1520,0
14742,5
14286,5
13235,4
16662,6
16371,5
6968,2
12357,4
6276,2
6135,2
9428,3
6883,2
14851,5
12121,4
7943,2
13573,4
16568,5
16780,6
16406,5
14495,5
13442,4
1992,0
14754,5
10782,3
15426,5
8614,3
518,0
12046,4
6791,2
16682,6
19008,6
17837,6
16178,5
10874,3
14642,5
4771,1
2785,1
7163,2
6465,2
18954,6
7238,2
5234,1
8497,3
18799,6
9320,3
13362,4
7025,2
11043,3
14282,5
2443,0
3956,1
18669,6
15240,5
7107,2
9729,3
8739,3
15945,5
14032,5
10942,3
9007,3
6999,2
5200,1
18,0
3712,1
4182,1
49,0
18460,6
3195,1
889,0
6911,2
8033,2
7748,2
6642,2
12340,4
9808,3
3264,1
3012,1
1426,0
139,0
11496,4
12055,4
3300,1
5556,2
112,0
9130,3
18636,6
4889,1
4925,1
17138,6
13106,4
5040,1
12893,4
8867,3
17623,6
14522,5
16628,5
3392,1
12276,4
16386,5
4329,1
4715,1
17856,6
18543,6
11031,3
13072,4
12170,4
452,0
8059,2
3913,1
8053,2
18881,6
5396,1
3830,1
2787,1
9969,3
18118,6
1858,0
14596,5
1001,0
389,0
13282,4
7101,2
1478,0
2244,0
12063,4
19055,6
9072,3
994,0
7797,2
5407,1
4143,1
3035,1
13261,4
7618,2
17742,6
16778,6
5138,1
1295,0
11371,4
12646,4
4449,1
2540,0
19049,6
1911,0
18238,6
5346,1
9634,3
6632,2
8472,3
1153,0
1569,0
3274,1
18228,6
10981,3
7879,2
18786,6
4429,1
4580,1
2234,0
16518,5
174,0
1907,0
10493,3
9860,3
17940,6
3533,1
1540,0
2296,0
10772,3
1365,0
4657,1
16427,5
5707,2
16627,5
16881,6
681,0
14836,5
17502,6
3831,1
1664,0
509,0
166,0
15479,5
18234,6
10383,3
18296,6
8178,2
1918,0
13382,4
8060,2
4065,1
4475,1
8174,2
16207,5
14968,5
12246,4
1106,0
13845,4
17374,6
11286,4
5766,2
16789,6
12701,4
12764,4
6275,2
152,0
17546,6
19172,6
6187,2
13877,5
2877,1
12262,4
19720,6
18428,6
3703,1
3904,1
16441,5
18504,6
14323,5
4868,1
16589,5
11369,4
14057,5
16761,6
9514,3
1995,0
18938,6
9564,3
17576,6
5574,2
12261,4
13507,4
13530,4
4002,1
18656,6
3580,1
4921,1
8165,2
205,0
15512,5
10537,3
7389,2
14942,5
2773,1
13521,4
9560,3
1852,0
16208,5
6626,2
11572,4
3348,1
12548,4
14490,5
15613,5
17570,6
3200,1
14917,5
14030,5
11571,4
6501,2
18080,6
6339,2
9661,3
6136,2
4600,1
13263,4
3252,1
7225,2
12465,4
19058,6
16023,5
1382,0
18584,6
10021,3
4033,1
825,0
5145,1
8924,3
4569,1
9485,3
15900,5
581,0
17128,6
278,0
7494,2
8236,2
3367,1
15990,5
12175,4
19627,6
289,0
15802,5
3159,1
17966,6
17450,6
16162,5
18579,6
14106,5
13223,4
10840,3
18240,6
17610,6
270,0
4900,1
17719,6
17864,6
12771,4
15925,5
18729,6
14179,5
13068,4
10841,3
7412,2
13946,5
4609,1
3283,1
17187,6
1424,0
9262,3
10232,3
12598,4
17488,6
4887,1
14475,5
8705,3
14625,5
6947,2
19687,6
19666,6
19550,6
1134,0
12145,4
13925,5
12002,4
12359,4
6884,2
16870,6
19083,6
2916,1
14724,5
8244,2
14782,5
17913,6
16270,5
11544,4
17379,6
18071,6
6002,2
10638,3
1917,0
16683,6
10458,3
3977,1
14385,5
16677,6
16570,5
15505,5
9361,3
2165,0
3078,1
1107,0
16456,5
693,0
17364,6
5356,1
9308,3
19313,6
4669,1
2789,1
4160,1
16962,6
13311,4
3871,1
8663,3
16155,5
629,0
2456,0
15980,5
18135,6
4025,1
4736,1
12385,4
19780,6
3934,1
2180,0
15601,5
7405,2
9977,3
3439,1
16224,5
10930,3
8262,2
2822,1
14076,5
1198,0
1679,0
4178,1
8471,3
4759,1
12721,4
12393,4
17622,6
6237,2
17756,6
12206,4
3805,1
2374,0
5377,1
2221,0
19721,6
9118,3
11857,4
3447,1
16538,5
3736,1
19628,6
19669,6
3779,1
6859,2
2473,0
14204,5
12961,4
9264,3
18425,6
6550,2
12551,4
13599,4
3842,1
14254,5
5591,2
8447,3
7735,2
19085,6
14566,5
11612,4
3553,1
12228,4
9169,3
2414,0
3320,1
18519,6
5830,2
16572,5
7293,2
2950,1
18701,6
14692,5
1298,0
13306,4
3809,1
16523,5
16434,5
18349,6
10715,3
15491,5
11594,4
18566,6
10228,3
19545,6
19378,6
15703,5
9622,3
19735,6
5920,2
7941,2
12196,4
8759,3
2767,1
10706,3
11462,4
14653,5
18671,6
11111,3
13460,4
15770,5
5358,1
18150,6
12057,4
7156,2
19196,6
8781,3
13088,4
9930,3
13169,4
493,0
13387,4
17686,6
1118,0
6139,2
5510,2
1760,0
13157,4
16510,5
18970,6
7020,2
7289,2
2652,0
19722,6
8401,3
12203,4
15660,5
17707,6
5688,2
3811,1
2818,1
13764,4
16415,5
12164,4
17669,6
1699,0
6193,2
2299,0
6506,2
8648,3
11645,4
11323,4
12601,4
3434,1
5150,1
9366,3
16592,5
11098,3
11257,4
8458,3
215,0
13023,4
7423,2
1074,0
9775,3
1998,0
3620,1
7771,2
5527,2
15166,5
13312,4
7299,2
3955,1
17566,6
7085,2
16850,6
15495,5
25,0
19396,6
12096,4
13126,4
8525,3
15188,5
6198,2
11046,3
232,0
277,0
7392,2
13841,4
13277,4
14504,5
10356,3
12388,4
11406,4
13653,4
18161,6
9670,3
17139,6
18630,6
9807,3
17042,6
7323,2
5690,2
1104,0
3391,1
5809,2
17233,6
2208,0
19634,6
13967,5
9415,3
14689,5
9954,3
15157,5
13148,4
12962,4
15557,5
13472,4
12846,4
14292,5
16231,5
19806,6
2211,0
4882,1
4709,1
8216,2
3900,1
974,0
4909,1
7207,2
720,0
15630,5
6786,2
19330,6
13866,5
2838,1
2571,0
4276,1
6840,2
9201,3
14738,5
18779,6
15839,5
4324,1
13343,4
15522,5
11224,4
2827,1
2226,0
6347,2
15785,5
13710,4
4077,1
16182,5
2769,1
13604,4
11779,4
18950,6
13704,4
18014,6
3335,1
4490,1
4144,1
13874,5
11939,4
16622,5
1403,0
10073,3
14238,5
14614,5
8580,3
5389,1
3368,1
19391,6
18589,6
2668,0
2162,0
9664,3
9048,3
675,0
16916,6
7776,2
19062,6
11598,4
4042,1
1818,0
18277,6
19679,6
13504,4
14631,5
17154,6
2104,0
8909,3
17567,6
7424,2
1676,0
11705,4
4489,1
16776,6
16258,5
1550,0
16166,5
13192,4
13512,4
9621,3
5622,2
1463,0
17476,6
19288,6
3328,1
18393,6
19076,6
15125,5
7958,2
15908,5
8260,2
10109,3
1754,0
4218,1
9369,3
1775,0
10608,3
11437,4
12401,4
19804,6
2020,0
2009,0
18642,6
4113,1
15560,5
3345,1
4738,1
14722,5
11682,4
15198,5
9674,3
12538,4
2261,0
16284,5
4333,1
6062,2
10250,3
5378,1
5819,2
9458,3
6701,2
8851,3
17901,6
1521,0
18058,6
1380,0
6180,2
10408,3
2592,0
19616,6
6123,2
17490,6
14986,5
12617,4
18185,6
15754,5
6371,2
7903,2
14604,5
6361,2
11146,3
5277,1
14501,5
13411,4
6458,2
523,0
8980,3
3767,1
10295,3
15199,5
234,0
17611,6
3987,1
14089,5
6977,2
14979,5
7867,2
13755,4
11603,4
18512,6
19281,6
1952,0
7028,2
19299,6
17407,6
13380,4
6699,2
12404,4
19408,6
2228,0
10500,3
18967,6
10164,3
6059,2
4853,1
6314,2
16027,5
18738,6
6259,2
2629,0
5088,1
8711,3
9978,3
19743,6
19035,6
10247,3
16574,5
2442,0
6655,2
18079,6
10163,3
18492,6
13289,4
7019,2
12014,4
13752,4
3263,1
1812,0
17895,6
7942,2
10695,3
5511,2
15542,5
17815,6
15819,5
7781,2
15173,5
14424,5
17291,6
5345,1
14016,5
6645,2
18439,6
10420,3
6080,2
7672,2
6085,2
8023,2
1230,0
17110,6
7586,2
16623,5
15119,5
9221,3
17168,6
7255,2
13924,5
159,0
9970,3
11093,3
1591,0
6063,2
19365,6
8038,2
6053,2
7403,2
7978,2
16748,6
12061,4
16160,5
17549,6
8310,3
13822,4
15150,5
8414,3
1558,0
2873,1
436,0
6310,2
18027,6
13848,4
1590,0
8219,2
2815,1
3876,1
10435,3
6194,2
4197,1
5087,1
10349,3
1240,0
3014,1
12015,4
16302,5
17151,6
16031,5
11787,4
16380,5
1499,0
14521,5
7147,2
8168,2
8716,3
8391,3
8818,3
14229,5
12109,4
18522,6
5623,2
6149,2
9623,3
5689,2
2134,0
13563,4
2096,0
5873,2
11608,4
13702,4
18477,6
187,0
16676,6
8854,3
3822,1
3556,1
17030,6
1383,0
17316,6
9691,3
8248,2
5458,1
5286,1
13205,4
13514,4
3278,1
18475,6
14620,5
17652,6
9488,3
13048,4
19726,6
17548,6
2239,0
9017,3
14721,5
11301,4
4520,1
16534,5
12758,4
17000,6
11078,3
24,0
3484,1
1090,0
14652,5
12432,4
9833,3
13273,4
13456,4
19072,6
2886,1
11984,4
8381,3
14085,5
13090,4
8300,2
8806,3
4421,1
10750,3
696,0
3917,1
13698,4
6996,2
1229,0
2003,0
276,0
17725,6
16907,6
6496,2
3016,1
3804,1
4127,1
5147,1
6387,2
19554,6
4386,1
16853,6
1139,0
2791,1
9152,3
18059,6
17562,6
8527,3
10309,3
15110,5
16562,5
2495,0
19541,6
8619,3
16278,5
14913,5
4166,1
19618,6
2389,0
8953,3
7857,2
115,0
1866,0
12268,4
3210,1
4542,1
364,0
10261,3
2854,1
13778,4
16950,6
16710,6
19011,6
5049,1
14149,5
3993,1
6675,2
15794,5
3681,1
4026,1
7351,2
18604,6
14777,5
14788,5
1950,0
18683,6
17934,6
15316,5
18289,6
13376,4
11127,3
8066,2
17308,6
8845,3
14768,5
7947,2
14655,5
14937,5
7722,2
6409,2
12400,4
5130,1
11833,4
884,0
15684,5
15091,5
558,0
17925,6
15117,5
1209,0
16856,6
8550,3
17254,6
10994,3
7229,2
13793,4
13669,4
11966,4
3319,1
3797,1
1711,0
11404,4
9509,3
15970,5
1142,0
3258,1
6849,2
18375,6
3912,1
11481,4
17148,6
2667,0
9967,3
1309,0
2572,0
10375,3
14232,5
2879,1
7652,2
13672,4
15865,5
10659,3
2155,0
17304,6
4036,1
3273,1
17639,6
18145,6
15069,5
11825,4
10536,3
5414,1
7335,2
10744,3
16064,5
1630,0
17716,6
11006,3
19658,6
358,0
138,0
9554,3
11050,3
15077,5
382,0
12789,4
16766,6
5236,1
8607,3
19487,6
1441,0
10827,3
15656,5
948,0
12067,4
5973,2
5306,1
9630,3
12459,4
1936,0
2357,0
3344,1
12986,4
14135,5
10742,3
18221,6
3998,1
11785,4
1940,0
6114,2
4423,1
14144,5
10142,3
2421,0
17003,6
6770,2
786,0
15811,5
7523,2
13004,4
8973,3
9316,3
19345,6
6176,2
2176,0
2173,0
7337,2
4251,1
14615,5
4640,1
912,0
6918,2
15931,5
2313,0
11400,4
13553,4
10688,3
7291,2
4773,1
16119,5
8450,3
10590,3
17073,6
8855,3
4991,1
6860,2
13569,4
443,0
3540,1
10849,3
18696,6
17024,6
10926,3
18303,6
6265,2
1056,0
14906,5
13138,4
10932,3
3874,1
13705,4
931,0
19079,6
7150,2
9875,3
1832,0
12713,4
14890,5
16526,5
14193,5
13443,4
15581,5
19016,6
17160,6
17984,6
2015,0
915,0
8464,3
18177,6
17105,6
19637,6
2611,0
13120,4
5328,1
11097,3
7264,2
17988,6
6,0
12780,4
8728,3
7283,2
3482,1
14752,5
11526,4
17298,6
15481,5
1638,0
1143,0
18679,6
359,0
2074,0
3230,1
5593,2
7749,2
3351,1
18217,6
2246,0
1476,0
1826,0
11461,4
13316,4
3374,1
17553,6
13634,4
11614,4
4271,1
18778,6
9640,3
3637,1
2665,0
18406,6
16707,6
1132,0
15539,5
11997,4
1822,0
8291,2
17390,6
17331,6
18037,6
7830,2
4611,1
10552,3
14116,5
5019,1
10658,3
5951,2
19676,6
8907,3
1859,0
2286,0
2471,0
14337,5
14064,5
4250,1
15179,5
7076,2
7114,2
19099,6
6629,2
386,0
15780,5
1631,0
13482,4
17979,6
12452,4
17004,6
18381,6
771,0
15642,5
8595,3
18719,6
13039,4
5008,1
14277,5
10268,3
15366,5
19325,6
11425,4
1845,0
2502,0
201,0
17763,6
4079,1
5475,1
6443,2
13977,5
16171,5
2717,1
8827,3
19231,6
331,0
3999,1
15211,5
18023,6
937,0
12154,4
1777,0
19704,6
17448,6
9697,3
12419,4
3935,1
991,0
5912,2
18287,6
15760,5
7752,2
1878,0
6335,2
3951,1
18655,6
7274,2
3128,1
18597,6
15444,5
9381,3
14932,5
4954,1
3442,1
16893,6
6888,2
13247,4
6647,2
3432,1
17262,6
17133,6
18271,6
6753,2
12820,4
18019,6
14657,5
13278,4
9187,3
13620,4
13095,4
14067,5
3795,1
18801,6
11803,4
1358,0
5412,1
17235,6
6352,2
4815,1
6178,2
3203,1
182,0
13561,4
2911,1
11359,4
857,0
18388,6
5301,1
15651,5
5938,2
1803,0
19173,6
12116,4
5957,2
16749,6
14388,5
704,0
1972,0
4029,1
18000,6
15911,5
5047,1
5397,1
14474,5
4989,1
1161,0
10635,3
17178,6
1327,0
11700,4
17432,6
5165,1
7530,2
6337,2
18351,6
15956,5
7639,2
1457,0
5874,2
9349,3
15525,5
14940,5
2835,1
11161,3
11756,4
14511,5
8469,3
14432,5
3581,1
15569,5
8708,3
4685,1
10063,3
14331,5
17604,6
7432,2
11508,4
13748,4
3918,1
2265,0
8250,2
4247,1
10512,3
19544,6
15462,5
12798,4
2399,0
1187,0
2011,0
193,0
15594,5
18834,6
9878,3
16206,5
6007,2
772,0
18749,6
12072,4
1480,0
1849,0
14199,5
14246,5
3922,1
14576,5
15892,5
17683,6
8913,3
16664,6
16363,5
405,0
7471,2
14893,5
11666,4
19565,6
11468,4
18510,6
16690,6
6976,2
13578,4
7281,2
12056,4
1449,0
342,0
8298,2
15105,5
12982,4
12230,4
728,0
4907,1
10353,3
10443,3
18959,6
16009,5
3661,1
8181,2
18173,6
7937,2
8744,3
11570,4
13911,5
10740,3
15405,5
1350,0
661,0
15871,5
1494,0
18087,6
14565,5
779,0
5587,2
11988,4
11220,4
19449,6
10479,3
2529,0
17098,6
18437,6
5838,2
3301,1
15734,5
18703,6
6232,2
16934,6
19023,6
16645,5
15880,5
18153,6
9246,3
17782,6
40,0
11931,4
12058,4
19078,6
18788,6
14894,5
15303,5
18293,6
16219,5
13328,4
7550,2
12044,4
17067,6
18025,6
12215,4
2738,1
15933,5
1462,0
935,0
10545,3
4816,1
7936,2
17058,6
14860,5
19142,6
14706,5
15476,5
15738,5
17414,6
8027,2
13744,4
11859,4
5496,2
12004,4
8773,3
5858,2
10918,3
3009,1
8674,3
4454,1
4349,1
1971,0
18911,6
18753,6
16745,6
4533,1
14339,5
7764,2
423,0
19185,6
11476,4
19382,6
18534,6
13887,5
6773,2
6169,2
15761,5
13526,4
16833,6
10198,3
4926,1
2666,0
141,0
2602,0
7417,2
1379,0
3849,1
10935,3
19723,6
7029,2
8239,2
5101,1
13763,4
1140,0
11907,4
8187,2
14918,5
1790,0
13909,5
17759,6
4985,1
8412,3
460,0
6736,2
9149,3
13248,4
950,0
13629,4
10777,3
7037,2
4967,1
8171,2
16274,5
6492,2
15919,5
6639,2
441,0
7368,2
11108,3
11888,4
9950,3
10213,3
4031,1
5484,2
6775,2
17845,6
18979,6
7011,2
18247,6
1962,0
10464,3
155,0
11968,4
17633,6
4908,1
1091,0
6648,2
16403,5
12725,4
10045,3
14358,5
10297,3
8866,3
12694,4
1677,0
7486,2
18338,6
7091,2
10254,3
13103,4
2330,0
7869,2
1100,0
18362,6
14408,5
15016,5
7132,2
14107,5
12310,4
1718,0
11225,4
10357,3
15518,5
9410,3
10672,3
4032,1
6958,2
3469,1
4340,1
10362,3
11368,4
19559,6
588,0
10556,3
15055,5
17638,6
12510,4
2509,0
11471,4
15465,5
3059,1
19200,6
15496,5
17500,6
16342,5
646,0
15535,5
13454,4
10845,3
264,0
13444,4
16832,6
17481,6
7522,2
19412,6
8726,3
15003,5
11511,4
4075,1
11893,4
12077,4
6924,2
18638,6
19652,6
3893,1
9478,3
11100,3
15838,5
1531,0
18120,6
925,0
17405,6
8142,2
4664,1
670,0
3764,1
5533,2
11482,4
9874,3
5695,2
7971,2
13929,5
18860,6
16011,5
15626,5
12434,4
2596,0
6460,2
11328,4
7200,2
12829,4
7914,2
2311,0
9923,3
3865,1
688,0
15996,5
17061,6
613,0
7948,2
17494,6
3303,1
11929,4
12776,4
7338,2
4404,1
1902,0
15728,5
282,0
258,0
12709,4
19326,6
5343,1
2857,1
16517,5
13208,4
3670,1
14539,5
7730,2
17766,6
15310,5
5661,2
2289,0
6662,2
9027,3
4993,1
5410,1
7426,2
19235,6
9769,3
11850,4
5880,2
476,0
2560,0
9047,3
7,0
13576,4
7086,2
2556,0
14852,5
14377,5
7592,2
6034,2
15278,5
2431,0
7467,2
11361,4
16810,6
5258,1
2278,0
10388,3
1579,0
8061,2
10461,3
11575,4
4211,1
15354,5
6433,2
18376,6
14518,5
19240,6
7981,2
4078,1
19315,6
7563,2
12879,4
8392,3
782,0
16735,6
12408,4
1752,0
18557,6
16344,5
12541,4
7210,2
6295,2
16345,5
14957,5
15982,5
10485,3
16514,5
10589,3
19073,6
2328,0
16522,5
11683,4
5476,1
12325,4
18941,6
11952,4
1730,0
611,0
5016,1
17911,6
5877,2
9063,3
9144,3
9609,3
18815,6
13003,4
3941,1
14710,5
14505,5
19381,6
13065,4
97,0
7744,2
3233,1
15155,5
16151,5
1539,0
13485,4
17265,6
16973,6
3815,1
12390,4
17406,6
1519,0
15039,5
1636,0
4963,1
14244,5
13588,4
7266,2
19591,6
2094,0
7870,2
6813,2
8351,3
573,0
11214,4
18624,6
19000,6
3146,1
598,0
16458,5
17150,6
7342,2
10253,3
8768,3
17785,6
8158,2
6963,2
17758,6
19336,6
19467,6
14454,5
14926,5
6553,2
9636,3
1942,0
12025,4
17117,6
9060,3
1756,0
3845,1
13571,4
15180,5
17767,6
2366,0
4544,1
5901,2
6935,2
14969,5
17452,6
19351,6
13674,4
17371,6
18516,6
10310,3
18748,6
6086,2
1173,0
8832,3
17797,6
18855,6
10881,3
16770,6
12987,4
19699,6
19430,6
17878,6
16327,5
19082,6
876,0
2301,0
19714,6
2650,0
18637,6
19186,6
5811,2
19170,6
10199,3
19757,6
582,0
204,0
8801,3
11158,3
2018,0
13109,4
13359,4
907,0
632,0
9512,3
18288,6
1978,0
162,0
5408,1
18192,6
10815,3
12156,4
5073,1
10234,3
1433,0
17059,6
7615,2
14621,5
15058,5
15766,5
19054,6
8587,3
8613,3
4576,1
8374,3
15932,5
17614,6
15282,5
12616,4
11420,4
12392,4
3509,1
2884,1
14714,5
17950,6
18286,6
8292,2
16874,6
14711,5
3452,1
19413,6
12080,4
7079,2
10025,3
17231,6
17050,6
2100,0
11596,4
6651,2
8926,3
15450,5
18168,6
5427,1
9838,3
1451,0
18261,6
7647,2
2615,0
1904,0
9156,3
4141,1
2781,1
16110,5
7072,2
11457,4
13625,4
15721,5
5489,2
15875,5
2101,0
9345,3
15675,5
19342,6
6126,2
10195,3
3608,1
14675,5
16268,5
9253,3
2175,0
19154,6
15661,5
1736,0
9676,3
2014,0
15144,5
15856,5
660,0
1285,0
14265,5
18490,6
14228,5
11395,4
19470,6
1021,0
18448,6
10767,3
12560,4
9760,3
2845,1
18590,6
1654,0
831,0
1171,0
12231,4
10628,3
6898,2
17786,6
5944,2
14813,5
9709,3
11659,4
869,0
12774,4
19317,6
5518,2
5902,2
542,0
15174,5
10534,3
19677,6
14476,5
7021,2
19245,6
3515,1
13858,4
12762,4
14127,5
13115,4
16290,5
16019,5
17777,6
19756,6
12300,4
12563,4
4190,1
12732,4
7352,2
15153,5
7581,2
18232,6
3746,1
14597,5
19397,6
2568,0
12354,4
18841,6
17634,6
17499,6
5457,1
1082,0
14255,5
6445,2
17075,6
11689,4
16333,5
12147,4
5366,1
2027,0
14895,5
18908,6
8814,3
18678,6
8126,2
226,0
1015,0
16667,6
1933,0
10428,3
5698,2
10863,3
2183,0
698,0
1126,0
8191,2
13865,5
18104,6
5535,2
8807,3
1781,0
17642,6
2639,0
17177,6
8388,3
8457,3
3626,1
15735,5
1039,0
16079,5
11906,4
18048,6
19763,6
9568,3
2656,0
11943,4
16729,6
3042,1
2552,0
15494,5
5557,2
2163,0
17070,6
12983,4
10281,3
15834,5
16362,5
7127,2
4208,1
1430,0
3165,1
2525,0
17693,6
8970,3
14947,5
11414,4
5807,2
15585,5
18034,6
6608,2
449,0
18450,6
10716,3
6584,2
17757,6
3909,1
8166,2
9627,3
6929,2
15209,5
18868,6
8100,2
10745,3
17524,6
6893,2
6493,2
15127,5
2465,0
22,0
2070,0
1656,0
10024,3
9805,3
12481,4
1378,0
1727,0
12163,4
3945,1
11998,4
9745,3
15141,5
4459,1
18949,6
4343,1
10970,3
13607,4
9525,3
7279,2
4888,1
14280,5
16672,6
14843,5
3682,1
13838,4
7768,2
12298,4
10818,3
19357,6
18158,6
9897,3
14325,5
16334,5
11293,4
16367,5
14736,5
647,0
7048,2
8357,3
19553,6
16008,5
18155,6
7946,2
13356,4
17653,6
8563,3
12790,4
1258,0
5264,1
12254,4
38,0
5805,2
11073,3
16253,5
14037,5
13959,5
7796,2
2164,0
686,0
17593,6
17640,6
13099,4
18420,6
16085,5
2466,0
14054,5
12597,4
13626,4
7909,2
6917,2
5341,1
6513,2
4913,1
6305,2
14011,5
11880,4
8413,3
18481,6
11993,4
14856,5
522,0
9814,3
15326,5
17025,6
13228,4
18861,6
4225,1
16482,5
6962,2
11250,4
781,0
12108,4
18141,6
6102,2
6555,2
9962,3
3938,1
2200,0
15882,5
9635,3
19712,6
4578,1
14186,5
9643,3
18329,6
11855,4
11157,3
11130,3
7738,2
17540,6
1830,0
13551,4
10329,3
12793,4
16594,5
19534,6
2381,0
14994,5
9625,3
4040,1
13656,4
1248,0
8334,3
13154,4
7202,2
15065,5
13623,4
19066,6
16269,5
5908,2
12277,4
13304,4
11630,4
7175,2
10106,3
15361,5
12192,4
13459,4
19575,6
16671,6
12256,4
5992,2
5786,2
17956,6
4861,1
11201,3
17385,6
365,0
17876,6
13867,5
14299,5
19796,6
147,0
1671,0
12919,4
18794,6
8516,3
9685,3
13394,4
8673,3
3587,1
16173,5
14154,5
13473,4
3386,1
5340,1
10416,3
17852,6
6872,2
16580,5
18835,6
15517,5
16712,6
16598,5
18129,6
10214,3
4147,1
7872,2
9029,3
78,0
7861,2
2251,0
7616,2
13997,5
776,0
12609,4
19096,6
18230,6
8281,2
10134,3
2283,0
9093,3
14066,5
4118,1
17803,6
7965,2
10522,3
6814,2
3798,1
18577,6
17287,6
6922,2
9702,3
392,0
3294,1
16,0
18569,6
4476,1
2679,1
19421,6
16685,6
6795,2
18119,6
3630,1
16029,5
10928,3
13759,4
18478,6
8215,2
5218,1
594,0
13799,4
5079,1
15666,5
9837,3
6356,2
12267,4
8877,3
14702,5
14250,5
6441,2
2360,0
6635,2
5167,1
12129,4
5164,1
4922,1
12858,4
9749,3
163,0
672,0
4561,1
16102,5
19632,6
8201,2
16624,5
19777,6
11602,4
7023,2
12915,4
16195,5
10259,3
6030,2
6596,2
8920,3
8491,3
7527,2
12446,4
8643,3
5216,1
2297,0
7239,2
8803,3
15676,5
4804,1
15283,5
14581,5
3898,1
12369,4
6771,2
11298,4
16586,5
1551,0
12845,4
11755,4
16286,5
16650,5
16614,5
2048,0
768,0
6201,2
8763,3
17787,6
10992,3
19736,6
8750,3
3423,1
4840,1
14191,5
19004,6
17849,6
3413,1
10165,3
1405,0
1384,0
11764,4
7681,2
6179,2
1641,0
15876,5
17417,6
9919,3
7654,2
9677,3
17237,6
7081,2
10241,3
13462,4
14257,5
1181,0
5917,2
14216,5
15197,5
13947,5
11746,4
5499,2
9734,3
18639,6
5608,2
11534,4
15353,5
690,0
4061,1
7216,2
19667,6
7170,2
16909,6
11537,4
18789,6
15619,5
7935,2
18371,6
7319,2
12448,4
5612,2
13051,4
4649,1
14109,5
1887,0
18599,6
19277,6
2499,0
6514,2
3112,1
6298,2
13511,4
846,0
9834,3
13661,4
14159,5
13608,4
14195,5
8894,3
19059,6
16061,5
8153,2
15682,5
17236,6
537,0
965,0
7918,2
3027,1
17550,6
2534,0
17274,6
6293,2
1050,0
7810,2
1964,0
2535,0
12731,4
19813,6
16512,5
9469,3
5317,1
16467,5
10535,3
16964,6
6455,2
9273,3
4543,1
15389,5
16953,6
16384,5
18527,6
18592,6
6158,2
14335,5
17927,6
6705,2
6461,2
8186,2
17987,6
3041,1
4509,1
7767,2
7437,2
8735,3
19175,6
14469,5
9251,3
8559,3
15021,5
17164,6
13889,5
3234,1
9326,3
19752,6
15772,5
14044,5
19153,6
13085,4
1829,0
6036,2
9893,3
12463,4
14108,5
561,0
17396,6
4376,1
14561,5
9475,3
17258,6
5904,2
4752,1
11829,4
9683,3
1444,0
9504,3
4713,1
17624,6
19409,6
1692,0
19703,6
11259,4
18915,6
14908,5
6539,2
2501,0
17102,6
16892,6
16092,5
18075,6
340,0
2413,0
11107,3
16880,6
6907,2
6303,2
4906,1
17963,6
3907,1
12266,4
2820,1
11007,3
17708,6
12210,4
19294,6
1014,0
5727,2
5284,1
11300,4
14527,5
7902,2
7240,2
4288,1
18457,6
148,0
285,0
17792,6
19516,6
9629,3
15348,5
13914,5
18358,6
11034,3
14703,5
17261,6
7493,2
4758,1
8276,2
236,0
17700,6
19459,6
12272,4
7904,2
18500,6
11503,4
15501,5
14730,5
3167,1
19451,6
11706,4
633,0
7547,2
2498,0
2672,0
18456,6
14381,5
18620,6
18372,6
12007,4
17635,6
11427,4
16584,5
13527,4
15543,5
13853,4
18433,6
17421,6
4487,1
15902,5
10978,3
12078,4
4085,1
10654,3
12394,4
2852,1
5747,2
19508,6
5696,2
17997,6
9607,3
8247,2
14125,5
18560,6
8906,3
12892,4
19120,6
11091,3
1738,0
8218,2
12583,4
16280,5
4539,1
18220,6
2480,0
12274,4
19797,6
3895,1
16959,6
7420,2
1807,0
708,0
12877,4
19110,6
5627,2
18652,6
5947,2
16779,6
72,0
16003,5
8736,3
14423,5
15844,5
14817,5
19518,6
5526,2
7487,2
10602,3
16419,5
12318,4
1127,0
1243,0
18184,6
13510,4
2354,0
18587,6
13220,4
15072,5
7302,2
17912,6
13979,5
18178,6
7514,2
17531,6
11083,3
13876,5
13666,4
17755,6
4658,1
15907,5
1345,0
19800,6
18640,6
8242,2
9718,3
7361,2
1102,0
12361,4
10335,3
9960,3
11040,3
8140,2
8475,3
989,0
12161,4
17814,6
2897,1
13391,4
9972,3
18137,6
16792,6
631,0
14746,5
1251,0
3282,1
483,0
11090,3
16818,6
14654,5
16373,5
10931,3
3116,1
18130,6
17835,6
5420,1
18688,6
7765,2
3388,1
17324,6
8024,2
3858,1
7383,2
7541,2
14117,5
19590,6
1318,0
3333,1
19572,6
11187,3
6273,2
12112,4
4955,1
19331,6
1302,0
17020,6
19366,6
15463,5
11235,4
5970,2
10867,3
1801,0
13928,5
10944,3
7116,2
9722,3
17398,6
3821,1
7817,2
17744,6
13029,4
17508,6
1288,0
2141,0
12360,4
13987,5
14068,5
11208,4
15255,5
7641,2
11219,4
3770,1
7932,2
6601,2
15435,5
15906,5
5271,1
14862,5
14394,5
13818,4
4415,1
10036,3
7233,2
4746,1
18312,6
406,0
18326,6
14964,5
17973,6
9211,3
12590,4
15843,5
13246,4
13233,4
18154,6
11,0
5120,1
1179,0
12204,4
2908,1
7153,2
10411,3
13812,4
3058,1
12831,4
7775,2
13207,4
16232,5
10069,3
14375,5
19600,6
2930,1
13957,5
10275,3
2194,0
18745,6
3908,1
10167,3
9159,3
1369,0
3894,1
5919,2
17436,6
1002,0
8646,3
3705,1
4383,1
1670,0
3276,1
17539,6
19298,6
489,0
18611,6
14761,5
8741,3
6219,2
9103,3
5530,2
18824,6
3412,1
9095,3
13602,4
15167,5
10768,3
15756,5
16081,5
15387,5
18942,6
4755,1
11422,4
19384,6
19160,6
19290,6
17302,6
17375,6
5685,2
16442,5
17350,6
14153,5
18997,6
15459,5
8349,3
11346,4
10399,3
10814,3
11626,4
4793,1
12543,4
1973,0
14378,5
6278,2
6944,2
13893,5
15394,5
8448,3
10277,3
3364,1
7270,2
7347,2
17196,6
14284,5
125,0
17970,6
5834,2
1241,0
2293,0
9518,3
1231,0
10385,3
7739,2
5611,2
12242,4
1060,0
6912,2
17158,6
281,0
16642,5
970,0
17801,6
1943,0
620,0
1745,0
15928,5
11182,3
3720,1
17361,6
6737,2
3281,1
10748,3
6707,2
12033,4
15786,5
18756,6
17433,6
6926,2
10711,3
14935,5
12664,4
6239,2
12363,4
630,0
13724,4
7105,2
3499,1
14371,5
15550,5
11639,4
2117,0
3324,1
14911,5
4014,1
9322,3
3251,1
16090,5
2282,0
4929,1
13,0
1649,0
2370,0
4987,1
13976,5
374,0
18480,6
526,0
10306,3
13244,4
15701,5
14549,5
530,0
17394,6
10700,3
14253,5
13980,5
14365,5
12779,4
19697,6
13766,4
7263,2
5053,1
17080,6
17720,6
19607,6
957,0
7384,2
3583,1
14587,5
16936,6
9681,3
2075,0
958,0
18343,6
15828,5
7770,2
352,0
15307,5
18110,6
6878,2
14516,5
10088,3
15817,5
18884,6
2976,1
17509,6
4983,1
662,0
17882,6
7822,2
11573,4
5159,1
2361,0
13631,4
19517,6
15401,5
1562,0
13503,4
11750,4
7967,2
17147,6
17111,6
15044,5
4378,1
515,0
896,0
9687,3
18206,6
19764,6
901,0
207,0
18906,6
459,0
2435,0
15419,5
3514,1
4132,1
553,0
7670,2
1929,0
6690,2
19189,6
18548,6
105,0
3117,1
18170,6
11798,4
89,0
17323,6
11891,4
16247,5
14015,5
15848,5
7035,2
18186,6
10302,3
10035,3
2735,1
17819,6
15411,5
9891,3
17621,6
19660,6
19354,6
12143,4
11082,3
15186,5
3953,1
213,0
10062,3
6785,2
9373,3
4436,1
19799,6
18301,6
5534,2
19621,6
18887,6
9812,3
1766,0
15336,5
13213,4
16865,6
3332,1
527,0
17049,6
13869,5
6157,2
10014,3
6658,2
7009,2
15789,5
9890,3
9811,3
3505,1
3851,1
6297,2
7273,2
1610,0
19811,6
17682,6
10138,3
17320,6
1984,0
13089,4
13934,5
14643,5
8245,2
6128,2
1685,0
17933,6
18136,6
7128,2
990,0
16879,6
13334,4
13418,4
3177,1
15047,5
15790,5
11843,4
2889,1
10245,3
3463,1
18223,6
7231,2
16082,5
3477,1
14811,5
13450,4
13517,4
16209,5
8706,3
19585,6
2433,0
13693,4
5168,1
2358,0
18179,6
13041,4
10244,3
9022,3
16655,5
19398,6
8321,3
14555,5
7824,2
15296,5
18462,6
5505,2
2387,0
572,0
1437,0
15067,5
10678,3
13414,4
16545,5
12217,4
5914,2
1009,0
4873,1
14773,5
7774,2
2068,0
1138,0
11217,4
11569,4
294,0
17877,6
4240,1
11080,3
3932,1
13396,4
2734,1
19121,6
14496,5
16666,6
18171,6
2843,1
10171,3
17906,6
2474,0
3920,1
15269,5
362,0
7677,2
16484,5
2143,0
8119,2
1314,0
6825,2
12957,4
1593,0
2401,0
18502,6
16355,5
10765,3
5680,2
18833,6
10141,3
3090,1
11245,4
9205,3
10272,3
15704,5
5751,2
4213,1
16459,5
4402,1
976,0
8096,2
17383,6
11054,3
15565,5
5426,1
12415,4
15025,5
13610,4
1937,0
5025,1
11623,4
894,0
8092,2
8811,3
16347,5
8523,3
11486,4
13020,4
15623,5
727,0
8002,2
9222,3
17675,6
15992,5
12263,4
8071,2
13276,4
1391,0
3716,1
10243,3
5898,2
19708,6
18020,6
16695,6
17310,6
16357,5
1871,0
9172,3
807,0
5174,1
18772,6
14039,5
19065,6
19776,6
11884,4
10330,3
16948,6
4817,1
2637,0
16080,5
8725,3
16063,5
145,0
2037,0
1167,0
13388,4
2054,0
12348,4
14459,5
3560,1
7842,2
4661,1
12111,4
271,0
14770,5
9476,3
14095,5
19620,6
10159,3
19524,6
4001,1
15710,5
17574,6
11351,4
4646,1
546,0
9565,3
13409,4
17027,6
10533,3
15527,5
17318,6
8408,3
17115,6
13484,4
7349,2
9207,3
14434,5
3046,1
18315,6
15196,5
2674,0
10594,3
615,0
4820,1
3415,1
7460,2
1502,0
10172,3
19034,6
16819,6
12715,4
4516,1
9939,3
4745,1
13817,4
18575,6
13961,5
9678,3
5175,1
18882,6
15640,5
13663,4
17695,6
5775,2
7900,2
2426,0
1753,0
12998,4
14033,5
19573,6
338,0
13582,4
1343,0
3807,1
18514,6
3074,1
7719,2
4351,1
18115,6
10927,3
9379,3
19222,6
14198,5
15136,5
18917,6
10305,3
60,0
1242,0
5569,2
2348,0
16844,6
2124,0
1526,0
8470,3
153,0
16332,5
482,0
6743,2
14435,5
13890,5
17649,6
1765,0
17625,6
17305,6
10084,3
8592,3
5232,1
2726,1
12614,4
7559,2
14867,5
13232,4
6508,2
3151,1
3796,1
3104,1
3032,1
13360,4
9732,3
16952,6
19028,6
4547,1
17444,6
8919,3
18526,6
8978,3
17788,6
1625,0
14661,5
7972,2
5950,2
18259,6
10150,3
13030,4
9719,3
1306,0
9468,3
4284,1
2604,0
14592,5
2578,0
3289,1
5210,1
17886,6
2110,0
17315,6
14666,5
19535,6
7856,2
14978,5
1281,0
15007,5
805,0
16392,5
13040,4
4896,1
19531,6
17156,6
5220,1
11492,4
9804,3
15650,5
10273,3
3582,1
2202,0
17832,6
4740,1
6781,2
16083,5
823,0
16866,6
9372,3
13954,5
16945,6
10752,3
19393,6
18932,6
15364,5
3130,1
8006,2
7438,2
3421,1
9582,3
18181,6
12193,4
16089,5
12556,4
14383,5
12910,4
19644,6
8496,3
18239,6
16217,5
11473,4
1483,0
5262,1
14873,5
17802,6
8975,3
14122,5
6318,2
13156,4
5670,2
7354,2
17332,6
5965,2
769,0
8116,2
19760,6
2732,1
2083,0
953,0
2487,0
10366,3
1762,0
11339,4
11258,4
4527,1
18873,6
15182,5
5344,1
6083,2
18042,6
11842,4
5117,1
4687,1
15260,5
14783,5
5755,2
1994,0
14091,5
14737,5
15279,5
5381,1
19583,6
15012,5
7517,2
3760,1
19793,6
9019,3
9663,3
8900,3
11738,4
1628,0
18721,6
8897,3
15010,5
4488,1
7138,2
10773,3
13390,4
2723,1
7205,2
5012,1
1857,0
3156,1
16551,5
1648,0
3542,1
3613,1
12621,4
1795,0
15508,5
16910,6
3988,1
3489,1
13236,4
7984,2
13330,4
9903,3
126,0
6536,2
15425,5
17141,6
4766,1
7928,2
828,0
19500,6
13144,4
8668,3
11827,4
19450,6
2448,0
12022,4
18530,6
815,0
14785,5
13055,4
19003,6
19631,6
15946,5
14077,5
6300,2
2120,0
794,0
11539,4
7645,2
2681,1
18279,6
17569,6
3947,1
2946,1
16177,5
3336,1
8756,3
7026,2
19118,6
15216,5
12697,4
15737,5
4951,1
2247,0
5837,2
2340,0
12899,4
1122,0
12314,4
419,0
924,0
10685,3
5872,2
6309,2
17172,6
9418,3
1974,0
12956,4
4269,1
3862,1
14574,5
12885,4
1250,0
2196,0
10369,3
5020,1
6561,2
7265,2
8689,3
13708,4
7696,2
10759,3
12016,4
15853,5
18785,6
8421,3
77,0
17322,6
10231,3
8943,3
6528,2
12765,4
3516,1
5879,2
9132,3
5703,2
3675,1
9641,3
1912,0
19180,6
235,0
13998,5
8911,3
10520,3
3627,1
16024,5
12053,4
1344,0
9575,3
1622,0
5743,2
7806,2
2223,0
11200,3
18445,6
19272,6
14763,5
16390,5
7747,2
1921,0
1831,0
11079,3
14390,5
14727,5
6875,2
19244,6
6933,2
4484,1
14603,5
18409,6
10543,3
7151,2
15536,5
17183,6
15493,5
12500,4
847,0
6048,2
15020,5
16103,5
15708,5
117,0
9956,3
15835,5
9752,3
18190,6
5806,2
10278,3
12312,4
4624,1
2595,0
14832,5
15709,5
12074,4
13302,4
7490,2
6124,2
1607,0
4012,1
16071,5
19061,6
12035,4
11559,4
1764,0
17477,6
2477,0
17712,6
7461,2
17526,6
13978,5
8859,3
14696,5
16163,5
7038,2
18417,6
9245,3
8405,3
11109,3
6799,2
13146,4
3756,1
6938,2
4971,1
16943,6
18310,6
6871,2
19363,6
11679,4
14556,5
6271,2
9122,3
15292,5
3170,1
1910,0
7629,2
8539,3
9142,3
19321,6
6412,2
19103,6
5547,2
5551,2
15413,5
16830,6
4960,1
7543,2
18549,6
17544,6
13150,4
2129,0
9120,3
9817,3
14799,5
55,0
18823,6
302,0
15971,5
15357,5
4747,1
14174,5
11948,4
11922,4
5687,2
11969,4
18083,6
15917,5
11552,4
18708,6
7043,2
7740,2
15506,5
4121,1
19503,6
14677,5
12968,4
11553,4
18856,6
4464,1
667,0
3381,1
9523,3
11253,4
14430,5
13326,4
6698,2
6880,2
16979,6
8163,2
18945,6
6896,2
14013,5
13787,4
4019,1
6919,2
4593,1
6057,2
16183,5
8857,3
4433,1
18322,6
7808,2
5281,1
11744,4
5233,1
4976,1
10799,3
11610,4
7694,2
8954,3
10770,3
7702,2
7628,2
14837,5
17580,6
5023,1
13952,5
7761,2
1254,0
13141,4
17052,6
11407,4
5237,1
9666,3
9467,3
11568,4
4663,1
18955,6
11794,4
18434,6
16285,5
8036,2
16225,5
3544,1
11370,4
19468,6
5386,1
4874,1
18901,6
14118,5
2052,0
6586,2
17242,6
15244,5
5178,1
12462,4
3803,1
16902,6
6578,2
11195,3
14547,5
16954,6
9145,3
404,0
384,0
9801,3
8063,2
11781,4
15562,5
7691,2
7729,2
4427,1
19377,6
15339,5
9455,3
2197,0
1017,0
5549,2
9,0
11527,4
5173,1
18440,6
6228,2
14460,5
1583,0
19109,6
2803,1
15002,5
5776,2
8117,2
16633,5
6641,2
5214,1
5364,1
540,0
8313,3
3901,1
15449,5
10547,3
668,0
12591,4
12533,4
1355,0
15109,5
7887,2
9755,3
3451,1
9002,3
13556,4
10846,3
6147,2
6832,2
17560,6
13400,4
15634,5
12561,4
5299,1
1855,0
14758,5
19690,6
2109,0
18318,6
15215,5
5449,1
19113,6
824,0
1533,0
1216,0
505,0
16479,5
11589,4
7221,2
11542,4
10834,3
14902,5
3891,1
19455,6
5108,1
13410,4
17283,6
5757,2
7288,2
1813,0
3237,1
1326,0
4605,1
8324,3
9784,3
10838,3
15598,5
6972,2
15755,5
1544,0
13164,4
13193,4
7821,2
2544,0
19138,6
17166,6
7454,2
5225,1
7535,2
4630,1
10066,3
5790,2
10558,3
5089,1
12782,4
1064,0
1169,0
8517,3
12723,4
4814,1
9351,3
5961,2
18902,6
2507,0
4660,1
4447,1
19612,6
18580,6
15714,5
16308,5
7974,2
699,0
19402,6
15984,5
9895,3
16192,5
13923,5
15373,5
2969,1
16348,5
11999,4
6146,2
3570,1
13815,4
8170,2
2147,0
5529,2
5494,2
19307,6
17848,6
16323,5
3030,1
6565,2
13353,4
729,0
8431,3
8387,3
412,0
12992,4
6266,2
19010,6
3382,1
9927,3
417,0
12900,4
11142,3
17103,6
18082,6
2086,0
13940,5
3498,1
6241,2
12131,4
19251,6
4134,1
15267,5
6018,2
8929,3
5851,2
2762,1
5473,1
4242,1
2432,0
13692,4
7573,2
853,0
18148,6
6432,2
4950,1
18165,6
10789,3
10400,3
11148,3
2494,0
13667,4
8211,2
2894,1
15862,5
6435,2
4767,1
2484,0
11927,4
12759,4
15031,5
15082,5
12964,4
10674,3
8050,2
15070,5
3651,1
1682,0
9100,3
16921,6
18765,6
10939,3
15289,5
3464,1
14970,5
18045,6
14559,5
18744,6
5684,2
8698,3
15194,5
18697,6
1083,0
10389,3
1935,0
1152,0
6526,2
9309,3
16056,5
5610,2
15891,5
19015,6
9312,3
19762,6
18820,6
4780,1
7533,2
8914,3
7852,2
7725,2
16998,6
4411,1
878,0
18189,6
17779,6
3127,1
16395,5
17126,6
2496,0
17136,6
5146,1
11249,4
19334,6
18759,6
855,0
12512,4
14907,5
15190,5
12439,4
4818,1
9143,3
7364,2
13811,4
2373,0
5149,1
14102,5
9816,3
12150,4
6563,2
18722,6
6330,2
7994,2
8156,2
14313,5
8404,3
9056,3
785,0
14028,5
1411,0
12247,4
18339,6
3079,1
12674,4
4265,1
8285,2
14699,5
4074,1
1899,0
5911,2
570,0
1819,0
19795,6
6710,2
3038,1
19165,6
11973,4
190,0
700,0
18791,6
14248,5
301,0
3550,1
1062,0
16229,5
12275,4
3574,1
19254,6
12227,4
9185,3
8545,3
12966,4
4981,1
14732,5
10161,3
8923,3
6095,2
10326,3
7787,2
17434,6
18410,6
6449,2
12180,4
9862,3
3566,1
16361,5
16168,5
7640,2
19230,6
14541,5
8999,3
10321,3
4885,1
12950,4
5095,1
1220,0
15234,5
4229,1
6214,2
15784,5
19141,6
2914,1
13723,4
16000,5
3024,1
15965,5
2204,0
18283,6
6087,2
2562,0
17384,6
10904,3
6021,2
14660,5
13962,5
6945,2
4822,1
1156,0
16947,6
11209,4
8221,2
11649,4
7939,2
16385,5
5892,2
2053,0
14954,5
13562,4
18172,6
10401,3
15868,5
18447,6
16282,5
16050,5
7325,2
9090,3
9125,3
1805,0
5096,1
12704,4
2390,0
6280,2
9773,3
1737,0
2966,1
13069,4
9354,3
1990,0
7237,2
16036,5
2846,1
18844,6
17506,6
13272,4
10549,3
16883,6
13479,4
1934,0
197,0
8662,3
8931,3
2331,0
4696,1
14471,5
13111,4
202,0
5331,1
6312,2
15740,5
8213,2
6397,2
856,0
15668,5
16351,5
5097,1
18883,6
1639,0
13338,4
19478,6
7285,2
15599,5
3425,1
8921,3
2002,0
664,0
15334,5
3939,1
6012,2
8356,3
10713,3
7510,2
1308,0
13165,4
17505,6
11631,4
11565,4
17957,6
3794,1
15722,5
2708,1
12891,4
18113,6
11103,3
12467,4
12349,4
11256,4
17998,6
1061,0
1681,0
7041,2
8418,3
16616,5
14163,5
9863,3
19048,6
17733,6
19673,6
206,0
14468,5
7663,2
503,0
19213,6
15563,5
9070,3
16744,6
5477,1
11076,3
12511,4
15831,5
13564,4
2459,0
17063,6
14853,5
9421,3
6826,2
3713,1
6446,2
14449,5
15777,5
391,0
7459,2
5705,2
17220,6
2710,1
2031,0
2573,0
8942,3
18016,6
18249,6
5723,2
7996,2
9657,3
6990,2
13964,5
10470,3
19063,6
9592,3
1018,0
8482,3
13211,4
997,0
4590,1
161,0
6183,2
7620,2
14776,5
10984,3
8916,3
15204,5
12337,4
13342,4
1023,0
4174,1
1587,0
3248,1
16337,5
9203,3
13985,5
18960,6
17586,6
2617,0
12584,4
11634,4
9473,3
11654,4
12036,4
9900,3
12122,4
16298,5
9957,3
4110,1
3708,1
13052,4
19717,6
1269,0
1903,0
3075,1
189,0
2771,1
9759,3
7071,2
19370,6
7095,2
5472,1
5767,2
2438,0
770,0
1688,0
9323,3
17823,6
13021,4
16218,5
4741,1
18651,6
6915,2
12923,4
13718,4
5854,2
862,0
17594,6
